{
  "english-1k": {
    "sfb": 0.01305575158786168,
    "unknown": 0.0,
    "outoneh": 0.016231474947071278,
    "red-sfs": 0.008821453775582216,
    "alt-sfs": 0.024700070571630206,
    "sft": 0.0,
    "inroll": 0.2978122794636556,
    "bad-red-sfs": 0.0007057163020465773,
    "red": 0.04728299223712068,
    "sfr": 0.10832745236414962,
    "outroll": 0.2455892731122089,
    "inoneh": 0.001058574453069866,
    "bad-red": 0.0,
    "alt": 0.2364149611856034
  },
  "shai": {
    "sfb": 0.01714295788406918,
    "unknown": 0.014532703870687474,
    "outoneh": 0.010556644516575103,
    "red-sfs": 0.010025961154100172,
    "alt-sfs": 0.03443420661109173,
    "sft": 0.00004696741084822951,
    "inroll": 0.27603286503451013,
    "bad-red-sfs": 0.0007017476908366988,
    "red": 0.044361065947740815,
    "sfr": 0.09823378925716947,
    "outroll": 0.22929640535008158,
    "inoneh": 0.00528402917607047,
    "bad-red": 0.0013900302294409302,
    "alt": 0.25796062586677804
  },
  "chained-bigrams": {
    "sfb": 0.01856037462283514,
    "unknown": 0.015535913367170764,
    "outoneh": 0.009631136497481672,
    "red-sfs": 0.016076134870973417,
    "alt-sfs": 0.0436585981901281,
    "sft": 0.00011038179765198437,
    "inroll": 0.24067127716285017,
    "bad-red-sfs": 0.002030375772104442,
    "red": 0.05431238957762081,
    "sfr": 0.11914286586209158,
    "outroll": 0.1904579481062704,
    "inoneh": 0.00926233143238563,
    "bad-red": 0.002986801583524283,
    "alt": 0.2775634711569116
  },
  "english-200": {
    "sfb": 0.008908685968819599,
    "unknown": 0.0,
    "outoneh": 0.013363028953229399,
    "red-sfs": 0.0066815144766146995,
    "alt-sfs": 0.024498886414253896,
    "sft": 0.0,
    "inroll": 0.2984409799554566,
    "bad-red-sfs": 0.0,
    "red": 0.042316258351893093,
    "sfr": 0.10690423162583519,
    "outroll": 0.22271714922049,
    "inoneh": 0.0022271714922048997,
    "bad-red": 0.0,
    "alt": 0.2739420935412027
  },
  "english-450k": {
    "sfb": 0.02451352130414471,
    "unknown": 0.0,
    "outoneh": 0.010018119617541005,
    "red-sfs": 0.013890245050432643,
    "alt-sfs": 0.03646434165681947,
    "sft": 0.00019236380029012437,
    "inroll": 0.2435963026391261,
    "bad-red-sfs": 0.0013330986767826247,
    "red": 0.0501347423640634,
    "sfr": 0.11369548401129392,
    "outroll": 0.23731378277858692,
    "inoneh": 0.005828506210310349,
    "bad-red": 0.0017073018141251159,
    "alt": 0.2613121900764836
  },
  "english-5k": {
    "sfb": 0.01568009291906915,
    "unknown": 0.0,
    "outoneh": 0.010826730825071556,
    "red-sfs": 0.012859335462728667,
    "alt-sfs": 0.03252167420251379,
    "sft": 0.0,
    "inroll": 0.2744016260837101,
    "bad-red-sfs": 0.000622225909486871,
    "red": 0.043763222300576596,
    "sfr": 0.10644211224955408,
    "outroll": 0.23955697515244534,
    "inoneh": 0.002074086364956237,
    "bad-red": 0.0016592690919649893,
    "alt": 0.2595926494379226
  },
  "monkeyracer": {
    "sfb": 0.021142882837793454,
    "unknown": 0.008601240283403975,
    "outoneh": 0.011644274833038773,
    "red-sfs": 0.010567042557517557,
    "alt-sfs": 0.03304815677932965,
    "sft": 0.000029325742527800803,
    "inroll": 0.2737411436257566,
    "bad-red-sfs": 0.0006725370286375652,
    "red": 0.042971010525986515,
    "sfr": 0.09690789370786869,
    "outroll": 0.22566061122667627,
    "inoneh": 0.00449074870575723,
    "bad-red": 0.001154456730844425,
    "alt": 0.2693686754148615
  },
  "tr-quotes": {
    "sfb": 0.021348327592982132,
    "unknown": 0.008952636323709576,
    "outoneh": 0.011561221423452995,
    "red-sfs": 0.010493284944869513,
    "alt-sfs": 0.03318231201312961,
    "sft": 0.000026582834423614803,
    "inroll": 0.27387254108781584,
    "bad-red-sfs": 0.0006749728392778715,
    "red": 0.0427243937957976,
    "sfr": 0.09677191928064538,
    "outroll": 0.22516123066965626,
    "inoneh": 0.004490187466771457,
    "bad-red": 0.0011627100621807171,
    "alt": 0.26957767966528745
  },
  "movie": {
    "sfb": 0.030653874128509763,
    "unknown": 0.02427914322963994,
    "outoneh": 0.01038780698650293,
    "red-sfs": 0.012322163615855908,
    "alt-sfs": 0.034969493647048544,
    "sft": 0.00010225152058012539,
    "inroll": 0.25380222345076114,
    "bad-red-sfs": 0.0006303536468195631,
    "red": 0.03842735845369381,
    "sfr": 0.11567713207251198,
    "outroll": 0.20216507395995925,
    "inoneh": 0.003813573764339065,
    "bad-red": 0.0006845719563163607,
    "alt": 0.2720849795674616
  },
  "gutenberg": {
    "sfb": 0.01557302920395256,
    "unknown": 0.022577832941767514,
    "outoneh": 0.011905912056627957,
    "red-sfs": 0.009370490220705213,
    "alt-sfs": 0.03114605840790512,
    "sft": 0.00005417891849027981,
    "inroll": 0.2847835286994824,
    "bad-red-sfs": 0.0011301798171783543,
    "red": 0.04200211184120045,
    "sfr": 0.09863878308844841,
    "outroll": 0.22829689138036138,
    "inoneh": 0.004022500542736369,
    "bad-red": 0.0012258453900370653,
    "alt": 0.24927265749110689
  },
  "keymash": {
    "sfb": 0.021111352842418097,
    "unknown": 0.007947030741380796,
    "outoneh": 0.011789190232048372,
    "red-sfs": 0.010048724821745967,
    "alt-sfs": 0.032941591786973604,
    "sft": 0.00006978281126212477,
    "inroll": 0.27540402195285146,
    "bad-red-sfs": 0.0006444647863619757,
    "red": 0.043039575063728124,
    "sfr": 0.099723742164827,
    "outroll": 0.2255955141966972,
    "inoneh": 0.004732916552072345,
    "bad-red": 0.001075476267686864,
    "alt": 0.26587661577994604
  },
  "english-10k": {
    "sfb": 0.015109704559927443,
    "unknown": 0.0,
    "outoneh": 0.00997665039269794,
    "red-sfs": 0.012099341965612397,
    "alt-sfs": 0.033982362362748694,
    "sft": 0.00003859439223480828,
    "inroll": 0.2671503830493429,
    "bad-red-sfs": 0.0003280523339958704,
    "red": 0.04316782771463307,
    "sfr": 0.10567144593890508,
    "outroll": 0.24723567665618185,
    "inoneh": 0.006387371914860771,
    "bad-red": 0.001524478493274927,
    "alt": 0.2573281102255842
  },
  "mt-quotes": {
    "sfb": 0.020792244893080406,
    "unknown": 0.004693046939434145,
    "outoneh": 0.011691528908332437,
    "red-sfs": 0.010414051947741481,
    "alt-sfs": 0.03307395321595487,
    "sft": 0.000023906001601702106,
    "inroll": 0.27508636043078616,
    "bad-red-sfs": 0.0006125912910436165,
    "red": 0.04254222397532901,
    "sfr": 0.0964592223377679,
    "outroll": 0.22601032739269195,
    "inoneh": 0.00456305805572489,
    "bad-red": 0.0010085344425718077,
    "alt": 0.27302895016793965
  }
}