{
  "dutch": {
    "dsfb": 0.0,
    "sfb": 0.044073999814021804,
    "roll-out": 0.19288395631068744,
    "sfR": 0.18880787437283908,
    "roll-in": 0.16816562129538584,
    "alternate": 0.1815431592962077,
    "dsfb-alt": 0.03038213499026304,
    "sft": 0.0,
    "sfT": 0.00028172863901793186,
    "dsfb-red": 0.02923874203428949,
    "oneh-in": 0.015879260343262105,
    "oneh-out": 0.019098232385890486,
    "redirect": 0.04681664030780145,
    "bad-redirect": 0.009568822135809342,
    "unknown": 0.07325982807452426
  },
  "english-1k": {
    "dsfb": 0.0,
    "sfb": 0.03881439661256175,
    "roll-out": 0.24382498235709246,
    "sfR": 0.10832745236414962,
    "roll-in": 0.2360621030345801,
    "alternate": 0.2021877205363444,
    "dsfb-alt": 0.03705010585744531,
    "sft": 0.0,
    "sfT": 0.0,
    "dsfb-red": 0.027875793930839804,
    "oneh-in": 0.019054340155257588,
    "oneh-out": 0.02399435426958363,
    "redirect": 0.053987297106563165,
    "bad-redirect": 0.008821453775582216,
    "unknown": 0.0
  },
  "shai": {
    "dsfb": 0.0,
    "sfb": 0.03686276815353323,
    "roll-out": 0.1971340590401448,
    "sfR": 0.09823378925716947,
    "roll-in": 0.2559131873497701,
    "alternate": 0.21356426179073598,
    "dsfb-alt": 0.04055604382912857,
    "sft": 0.0,
    "sfT": 0.00022747166628530238,
    "dsfb-red": 0.03445463075835552,
    "oneh-in": 0.020273437415334807,
    "oneh-out": 0.015134525346997631,
    "redirect": 0.05470476831268444,
    "bad-redirect": 0.009319150968546581,
    "unknown": 0.023621906111313578
  },
  "akl": {
    "dsfb": 0.0,
    "sfb": 0.04191130852214202,
    "roll-out": 0.17292342665006788,
    "sfR": 0.11790358951788564,
    "roll-in": 0.23712618507643482,
    "alternate": 0.20962147066757317,
    "dsfb-alt": 0.0398704115286456,
    "sft": 0.0,
    "sfT": 0.0006009562515000673,
    "dsfb-red": 0.032173277123478915,
    "oneh-in": 0.01562603966980366,
    "oneh-out": 0.012034551638931607,
    "redirect": 0.04474237005498192,
    "bad-redirect": 0.008544296857023586,
    "unknown": 0.06692211644153111
  },
  "monkeyracer": {
    "dsfb": 0.0,
    "sfb": 0.032725573611523846,
    "roll-out": 0.1866984297042401,
    "sfR": 0.09690789370786869,
    "roll-in": 0.2768486948089526,
    "alternate": 0.22757949231274535,
    "dsfb-alt": 0.03935905657131238,
    "sft": 0.0,
    "sfT": 0.0002091902966983124,
    "dsfb-red": 0.032314035691383705,
    "oneh-in": 0.021399971847287175,
    "oneh-out": 0.01435006334360386,
    "redirect": 0.04738648982592239,
    "bad-redirect": 0.009869089885355897,
    "unknown": 0.014352018393105714
  },
  "tr-quotes": {
    "dsfb": 0.0,
    "sfb": 0.03274889623448372,
    "roll-out": 0.18650632209149118,
    "sfR": 0.09677191928064538,
    "roll-in": 0.2769492152284968,
    "alternate": 0.22710293335798987,
    "dsfb-alt": 0.039340283396130465,
    "sft": 0.0,
    "sfT": 0.0002091953491597513,
    "dsfb-red": 0.032287741846004483,
    "oneh-in": 0.0214396338503502,
    "oneh-out": 0.014313122674001987,
    "redirect": 0.047683826078916344,
    "bad-redirect": 0.009877256651487483,
    "unknown": 0.01476965396084233
  },
  "reddit": {
    "dsfb": 0.0,
    "sfb": 0.0355899364666085,
    "roll-out": 0.18779158021027467,
    "sfR": 0.10397777127267367,
    "roll-in": 0.2567597427200113,
    "alternate": 0.21257265567628705,
    "dsfb-alt": 0.039773892070584,
    "sft": 0.0,
    "sfT": 0.0005792039812735409,
    "dsfb-red": 0.03139238382161881,
    "oneh-in": 0.018301879406981726,
    "oneh-out": 0.013810773014256103,
    "redirect": 0.0491631171085424,
    "bad-redirect": 0.009069338728699139,
    "unknown": 0.041217725522189115
  },
  "keymash": {
    "dsfb": 0.0,
    "sfb": 0.03351627376207345,
    "roll-out": 0.18721086313127788,
    "sfR": 0.099723742164827,
    "roll-in": 0.27654517616054974,
    "alternate": 0.22458571586902176,
    "dsfb-alt": 0.03950528091686404,
    "sft": 0.0,
    "sfT": 0.0001888240775328082,
    "dsfb-red": 0.032165771120588806,
    "oneh-in": 0.021094933357415243,
    "oneh-out": 0.01441220296125412,
    "redirect": 0.047866903654566875,
    "bad-redirect": 0.009790117932951033,
    "unknown": 0.013394194891077241
  },
  "english-10k": {
    "dsfb": 0.0,
    "sfb": 0.042087184732058434,
    "roll-out": 0.22703151232125973,
    "sfR": 0.10567144593890508,
    "roll-in": 0.22340363945118774,
    "alternate": 0.20011192373748093,
    "dsfb-alt": 0.04673780899635283,
    "sft": 0.0,
    "sfT": 0.0000964859805870207,
    "dsfb-red": 0.04011887072808321,
    "oneh-in": 0.01850601107659057,
    "oneh-out": 0.019123521352347503,
    "redirect": 0.06418247428648617,
    "bad-redirect": 0.012929121398660775,
    "unknown": 0.0
  },
  "wordle": {
    "dsfb": 0.0,
    "sfb": 0.051026590373611576,
    "roll-out": 0.22838550431953328,
    "sfR": 0.13138112868843263,
    "roll-in": 0.21656008078088185,
    "alternate": 0.18754628071356447,
    "dsfb-alt": 0.038819701559519804,
    "sft": 0.0,
    "sfT": 0.0003141478738920678,
    "dsfb-red": 0.036867496914619095,
    "oneh-in": 0.018534724559632,
    "oneh-out": 0.0191405811735667,
    "redirect": 0.05616515202513183,
    "bad-redirect": 0.01525861101761472,
    "unknown": 0.0
  },
  "chained-bigrams": {
    "dsfb": 0.0,
    "sfb": 0.03425991277240767,
    "roll-out": 0.2056873896587839,
    "sfR": 0.11914286586209158,
    "roll-in": 0.22703522932467768,
    "alternate": 0.21064677889681835,
    "dsfb-alt": 0.04899133762610309,
    "sft": 0.0,
    "sfT": 0.00020453097800220634,
    "dsfb-red": 0.03362943791640721,
    "oneh-in": 0.019563550372084054,
    "oneh-out": 0.011929675107411228,
    "redirect": 0.049616618044566976,
    "bad-redirect": 0.015640451422594116,
    "unknown": 0.02365222201805197
  },
  "english-450k": {
    "dsfb": 0.0,
    "sfb": 0.04391390755194553,
    "roll-out": 0.23930202929191996,
    "sfR": 0.11369548401129392,
    "roll-in": 0.19663936348046337,
    "alternate": 0.2021755234897249,
    "dsfb-alt": 0.047453343008043616,
    "sft": 0.0,
    "sfT": 0.00012044663483211435,
    "dsfb-red": 0.03890835589758762,
    "oneh-in": 0.019705010989293698,
    "oneh-out": 0.019613798974566464,
    "redirect": 0.062122105991869264,
    "bad-redirect": 0.016196856576707844,
    "unknown": 0.00015377410175167997
  },
  "english-200": {
    "dsfb": 0.0,
    "sfb": 0.0400890868596882,
    "roll-out": 0.2071269487750557,
    "sfR": 0.10690423162583519,
    "roll-in": 0.2583518930957684,
    "alternate": 0.2383073496659243,
    "dsfb-alt": 0.035634743875278395,
    "sft": 0.0,
    "sfT": 0.0,
    "dsfb-red": 0.0400890868596882,
    "oneh-in": 0.015590200445434299,
    "oneh-out": 0.008908685968819599,
    "redirect": 0.044543429844097995,
    "bad-redirect": 0.004454342984409799,
    "unknown": 0.0
  },
  "english-5k": {
    "dsfb": 0.0,
    "sfb": 0.03949060438876675,
    "roll-out": 0.2337495333305679,
    "sfR": 0.10644211224955408,
    "roll-in": 0.22292280250549634,
    "alternate": 0.1910233542124694,
    "dsfb-alt": 0.04450989339196084,
    "sft": 0.0,
    "sfT": 0.0,
    "dsfb-red": 0.04185506284481686,
    "oneh-in": 0.01767121582942714,
    "oneh-out": 0.020409009831169368,
    "redirect": 0.06666113576969344,
    "bad-redirect": 0.013108225826523417,
    "unknown": 0.002157049819554486
  },
  "movie": {
    "dsfb": 0.0,
    "sfb": 0.03226318409655912,
    "roll-out": 0.16899754951664772,
    "sfR": 0.11567713207251198,
    "roll-in": 0.2783931219600077,
    "alternate": 0.21958718021231732,
    "dsfb-alt": 0.03986151169858726,
    "sft": 0.0,
    "sfT": 0.0003257046504965384,
    "dsfb-red": 0.027525267114002813,
    "oneh-in": 0.020551108060380772,
    "oneh-out": 0.01259338676117848,
    "redirect": 0.045620891104236144,
    "bad-redirect": 0.008152486100307294,
    "unknown": 0.030451476652766863
  },
  "gutenberg": {
    "dsfb": 0.0,
    "sfb": 0.03548719161113328,
    "roll-out": 0.18286635273203827,
    "sfR": 0.09863878308844841,
    "roll-in": 0.27116605535418425,
    "alternate": 0.22013046132023037,