{
  "dutch": {
    "dsfb": 0.0,
    "sfb": 0.043481530510913954,
    "roll-out": 0.23517809169657553,
    "sfR": 0.18880787437283908,
    "roll-in": 0.17500813789096348,
    "alternate": 0.1311700535366896,
    "dsfb-alt": 0.029048550099840455,
    "sft": 0.0,
    "sfT": 0.0002468891058196222,
    "dsfb-red": 0.03288548903497864,
    "oneh-in": 0.009527222693184494,
    "oneh-out": 0.02159556168374318,
    "redirect": 0.0464841675210989,
    "bad-redirect": 0.013306603778828818,
    "unknown": 0.07325982807452426
  },
  "english-1k": {
    "dsfb": 0.0,
    "sfb": 0.05434015525758645,
    "roll-out": 0.2978122794636556,
    "sfR": 0.10832745236414962,
    "roll-in": 0.1958362738179252,
    "alternate": 0.15949188426252647,
    "dsfb-alt": 0.028228652081863093,
    "sft": 0.0,
    "sfT": 0.0,
    "dsfb-red": 0.03352152434721242,
    "oneh-in": 0.0187014820042343,
    "oneh-out": 0.03140437544107269,
    "redirect": 0.048694424841213835,
    "bad-redirect": 0.02364149611856034,
    "unknown": 0.0
  },
  "shai": {
    "dsfb": 0.0,
    "sfb": 0.049143977814197465,
    "roll-out": 0.28909359825094677,
    "sfR": 0.09823378925716947,
    "roll-in": 0.2008912390355189,
    "alternate": 0.16846414515209623,
    "dsfb-alt": 0.04263360960827438,
    "sft": 0.0,
    "sfT": 0.0004587053699290291,
    "dsfb-red": 0.031110965239703706,
    "oneh-in": 0.01639769518703828,
    "oneh-out": 0.02395919675703091,
    "redirect": 0.04102930193616426,
    "bad-redirect": 0.014961870280617023,
    "unknown": 0.023621906111313578
  },
  "akl": {
    "dsfb": 0.0,
    "sfb": 0.04192208856211738,
    "roll-out": 0.27854755936797243,
    "sfR": 0.11790358951788564,
    "roll-in": 0.19236411356908414,
    "alternate": 0.1601568855151081,
    "dsfb-alt": 0.030802601236036904,
    "sft": 0.0,
    "sfT": 0.000346819906793544,
    "dsfb-red": 0.024553399671468988,
    "oneh-in": 0.014870879283253728,
    "oneh-out": 0.020176393670208344,
    "redirect": 0.03775535529462903,
    "bad-redirect": 0.013678197963910656,
    "unknown": 0.06692211644153111
  },
  "monkeyracer": {
    "dsfb": 0.0,
    "sfb": 0.04355361527753883,
    "roll-out": 0.3025429328870607,
    "sfR": 0.09690789370786869,
    "roll-in": 0.22260584638003034,
    "alternate": 0.16182140231790668,
    "dsfb-alt": 0.0356610804385567,
    "sft": 0.0,
    "sfT": 0.0004222906924003316,
    "dsfb-red": 0.0258467319392527,
    "oneh-in": 0.016972762250340178,
    "oneh-out": 0.02246840640005005,
    "redirect": 0.039849773996277586,
    "bad-redirect": 0.016995245319611493,
    "unknown": 0.014352018393105714
  },
  "tr-quotes": {
    "dsfb": 0.0,
    "sfb": 0.04363976792029773,
    "roll-out": 0.3017544670719586,
    "sfR": 0.09677191928064538,
    "roll-in": 0.22206259679619056,
    "alternate": 0.1621552899840503,
    "dsfb-alt": 0.03598969048334528,
    "sft": 0.0,
    "sfT": 0.0004380388802847831,
    "dsfb-red": 0.026089318323663346,
    "oneh-in": 0.01705924504750237,
    "oneh-out": 0.022432444927301728,
    "redirect": 0.04001178890917917,
    "bad-redirect": 0.016825778414738448,
    "unknown": 0.01476965396084233
  },
  "reddit": {
    "dsfb": 0.0,
    "sfb": 0.04439913346020159,
    "roll-out": 0.28460352358140817,
    "sfR": 0.10397777127267367,
    "roll-in": 0.20596067308724186,
    "alternate": 0.1620416687502353,
    "dsfb-alt": 0.038415311691563675,
    "sft": 0.0,
    "sfT": 0.0004631609149872167,
    "dsfb-red": 0.026018780772435537,
    "oneh-in": 0.017113805173130974,
    "oneh-out": 0.020607046076551342,
    "redirect": 0.03980550612737731,
    "bad-redirect": 0.015375893570004254,
    "unknown": 0.041217725522189115
  },
  "keymash": {
    "dsfb": 0.0,
    "sfb": 0.044804669701534815,
    "roll-out": 0.30325967826019135,
    "sfR": 0.099723742164827,
    "roll-in": 0.2202509718282686,
    "alternate": 0.15954403090147076,
    "dsfb-alt": 0.03612697187752706,
    "sft": 0.0,
    "sfT": 0.0005336332625927188,
    "dsfb-red": 0.02633685394457603,
    "oneh-in": 0.017236354381744815,
    "oneh-out": 0.02261784059142985,
    "redirect": 0.03984188035942253,
    "bad-redirect": 0.016329177835337196,
    "unknown": 0.013394194891077241
  },
  "english-10k": {
    "dsfb": 0.0,
    "sfb": 0.05800737152891685,
    "roll-out": 0.2643522896123193,
    "sfR": 0.10567144593890508,
    "roll-in": 0.19285617799733698,
    "alternate": 0.18675826402423729,
    "dsfb-alt": 0.0461202987205959,
    "sft": 0.0,
    "sfT": 0.00044383551070029527,
    "dsfb-red": 0.04268539781169796,
    "oneh-in": 0.015958781189093225,
    "oneh-out": 0.02589683718955636,
    "redirect": 0.04855174543138882,
    "bad-redirect": 0.012697555045251925,
    "unknown": 0.0
  },
  "wordle": {
    "dsfb": 0.0,
    "sfb": 0.05847638281162347,
    "roll-out": 0.24211825423538652,
    "sfR": 0.13138112868843263,
    "roll-in": 0.21445080219903512,
    "alternate": 0.14091776057444183,
    "dsfb-alt": 0.037675305733198695,
    "sft": 0.0,
    "sfT": 0.00011219566924716706,
    "dsfb-red": 0.04519241557275889,
    "oneh-in": 0.02250645125098171,
    "oneh-out": 0.029574778413553236,
    "redirect": 0.06195444855828565,
    "bad-redirect": 0.015640076293055086,
    "unknown": 0.0
  },
  "chained-bigrams": {
    "dsfb": 0.0,
    "sfb": 0.04616881012967264,
    "roll-out": 0.2766505487598605,
    "sfR": 0.11914286586209158,
    "roll-in": 0.18202997320319536,
    "alternate": 0.16435265296157608,
    "dsfb-alt": 0.038166779104595844,
    "sft": 0.0,
    "sfT": 0.0003032252911969218,
    "dsfb-red": 0.03784797050078923,
    "oneh-in": 0.018253902808177864,
    "oneh-out": 0.03239770691554948,
    "redirect": 0.04582273072879907,
    "bad-redirect": 0.015210611716443447,
    "unknown": 0.02365222201805197
  },
  "english-450k": {
    "dsfb": 0.0,
    "sfb": 0.06223553631787621,
    "roll-out": 0.2602252469009841,
    "sfR": 0.11369548401129392,
    "roll-in": 0.18610993035728798,
    "alternate": 0.17775058308449798,
    "dsfb-alt": 0.04243726689044794,
    "sft": 0.0,
    "sfT": 0.00014120321510658064,
    "dsfb-red": 0.04367652243669389,
    "oneh-in": 0.014949707683033572,
    "oneh-out": 0.02950357860984704,
    "redirect": 0.05608457224780901,
    "bad-redirect": 0.013036594143370085,
    "unknown": 0.00015377410175167997
  },
  "english-200": {
    "dsfb": 0.0,
    "sfb": 0.044543429844097995,
    "roll-out": 0.311804008908686,
    "sfR": 0.10690423162583519,
    "roll-in": 0.22717149220489977,
    "alternate": 0.15367483296213807,
    "dsfb-alt": 0.028953229398663696,
    "sft": 0.0,
    "sfT": 0.0,
    "dsfb-red": 0.0200445434298441,
    "oneh-in": 0.008908685968819599,
    "oneh-out": 0.031180400890868598,
    "redirect": 0.044543429844097995,
    "bad-redirect": 0.022271714922048998,
    "unknown": 0.0
  },
  "english-5k": {
    "dsfb": 0.0,
    "sfb": 0.055129215580536774,
    "roll-out": 0.2802505496328867,
    "sfR": 0.10644211224955408,
    "roll-in": 0.16907952047123243,
    "alternate": 0.19824117476251712,
    "dsfb-alt": 0.042933587754594105,
    "sft": 0.0,
    "sfT": 0.0004977807275894969,
    "dsfb-red": 0.04222839839050898,
    "oneh-in": 0.015804538100966523,
    "oneh-out": 0.02671423238063633,
    "redirect": 0.048035840212386445,
    "bad-redirect": 0.012485999917036545,
    "unknown": 0.002157049819554486
  },
  "movie": {
    "dsfb": 0.0,
    "sfb": 0.03869581804440611,
    "roll-out": 0.29463032127375127,
    "sfR": 0.11567713207251198,
    "roll-in": 0.21642883208629027,
    "alternate": 0.15359783884765563,
    "dsfb-alt": 0.03261573470612689,
    "sft": 0.0,
    "sfT": 0.0002581949593027104,
    "dsfb-red": 0.023196224615928417,
    "oneh-in": 0.017211418112784347,
    "oneh-out": 0.019793894097165792,
    "redirect": 0.04288641961628965,
    "bad-redirect": 0.014556694915020037,
    "unknown": 0.030451476652766863
  },
  "gutenberg": {
    "dsfb": 0.0,
    "sfb": 0.049981188927950754,
    "roll-out": 0.29995855123298715,
    "sfR": 0.09863878308844841,
    "roll-in": 0.20995581197717816,