{
  "english-1k": {
    "sfb": 0.08645024700070572,
    "unknown": 0.0,
    "outoneh": 0.11785462244177841,
    "red-sfs": 0.12597035991531405,
    "alt-sfs": 0.01305575158786168,
    "sft": 0.0007057163020465773,
    "inroll": 0.10127028934368384,
    "bad-red-sfs": 0.026817219477769938,
    "red": 0.24735356386732535,
    "sfr": 0.10832745236414962,
    "outroll": 0.09985885673959069,
    "inoneh": 0.0,
    "bad-red": 0.027522935779816515,
    "alt": 0.04481298517995766
  },
  "shai": {
    "sfb": 0.08573710619751532,
    "unknown": 0.023621906111313578,
    "outoneh": 0.10818483477844076,
    "red-sfs": 0.10800991552290926,
    "alt-sfs": 0.014677468771219516,
    "sft": 0.001321005358813215,
    "inroll": 0.10289173336413146,
    "bad-red-sfs": 0.02451923329988268,
    "red": 0.24201058216212182,
    "sfr": 0.09823378925716947,
    "outroll": 0.11463380668949072,
    "inoneh": 0.00010193495669631813,
    "bad-red": 0.02301277730317965,
    "alt": 0.05304390622711621
  },
  "chained-bigrams": {
    "sfb": 0.08096374996834639,
    "unknown": 0.02365222201805197,
    "outoneh": 0.10929226437869008,
    "red-sfs": 0.1320568868826817,
    "alt-sfs": 0.017867566516395917,
    "sft": 0.0017096192542216167,
    "inroll": 0.09019296686143644,
    "bad-red-sfs": 0.025490403601303543,
    "red": 0.2247327948865957,
    "sfr": 0.11914286586209158,
    "outroll": 0.09735284970089779,
    "inoneh": 0.0002954336348920758,
    "bad-red": 0.017907823407304287,
    "alt": 0.05934255302709094
  },
  "english-200": {
    "sfb": 0.07349665924276169,
    "unknown": 0.0,
    "outoneh": 0.12249443207126949,
    "red-sfs": 0.13808463251670378,
    "alt-sfs": 0.013363028953229399,
    "sft": 0.0,
    "inroll": 0.12249443207126949,
    "bad-red-sfs": 0.008908685968819599,
    "red": 0.23608017817371937,
    "sfr": 0.10690423162583519,
    "outroll": 0.10244988864142539,
    "inoneh": 0.0,
    "bad-red": 0.026726057906458798,
    "alt": 0.04899777282850779
  },
  "english-450k": {
    "sfb": 0.10818563516012679,
    "unknown": 0.00015377410175167997,
    "outoneh": 0.12413575154314942,
    "red-sfs": 0.12452837249115799,
    "alt-sfs": 0.021273156011719575,
    "sft": 0.002394315386589846,
    "inroll": 0.08770444500704846,
    "bad-red-sfs": 0.029078799579723102,
    "red": 0.21056030488200614,
    "sfr": 0.11369548401129392,
    "outroll": 0.09565889279138584,
    "inoneh": 2.9234620104882125e-6,
    "bad-red": 0.022054012714720975,
    "alt": 0.060574132857315756
  },
  "english-5k": {
    "sfb": 0.08781681669224707,
    "unknown": 0.002157049819554486,
    "outoneh": 0.13070892271954204,
    "red-sfs": 0.1132036337993114,
    "alt-sfs": 0.017837142738623635,
    "sft": 0.0012029700916746174,
    "inroll": 0.09059609242128842,
    "bad-red-sfs": 0.03231426556601817,
    "red": 0.23262952669349152,
    "sfr": 0.10644211224955408,
    "outroll": 0.10291616542912847,
    "inoneh": 0.0,
    "bad-red": 0.02961795329157506,
    "alt": 0.05255734848799104
  },
  "monkeyracer": {
    "sfb": 0.0751853386927757,
    "unknown": 0.014352018393105714,
    "outoneh": 0.09562635875940378,
    "red-sfs": 0.10512203418990569,
    "alt-sfs": 0.01460715235309758,
    "sft": 0.0010703896022647293,
    "inroll": 0.12174875267841782,
    "bad-red-sfs": 0.016840796408965075,
    "red": 0.24538706070037694,
    "sfr": 0.09690789370786869,
    "outroll": 0.13310172513568044,
    "inoneh": 0.00036363920734472995,
    "bad-red": 0.020920984719333093,
    "alt": 0.05876585545146003
  },
  "tr-quotes": {
    "sfb": 0.07507339173851738,
    "unknown": 0.01476965396084233,
    "outoneh": 0.09613046392824946,
    "red-sfs": 0.10526802431751463,
    "alt-sfs": 0.014617091606758975,
    "sft": 0.0010667807031737593,
    "inroll": 0.1216049097339405,
    "bad-red-sfs": 0.016969094565544022,
    "red": 0.24556760130371466,
    "sfr": 0.09677191928064538,
    "outroll": 0.13215598344929613,
    "inoneh": 0.00037678278356949676,
    "bad-red": 0.020886017429093177,
    "alt": 0.058742285199140105
  },
  "movie": {
    "sfb": 0.06383192639890806,
    "unknown": 0.030451476652766863,
    "outoneh": 0.07945995931784418,
    "red-sfs": 0.09203821232758545,
    "alt-sfs": 0.013337177744857848,
    "sft": 0.0010388333377857268,
    "inroll": 0.1356453933058022,
    "bad-red-sfs": 0.013338362125405108,
    "red": 0.21160998243300452,
    "sfr": 0.11567713207251198,
    "outroll": 0.15350716793687094,
    "inoneh": 0.0003987414509109137,
    "bad-red": 0.020717316130512947,
    "alt": 0.06894831876523327
  },
  "gutenberg": {
    "sfb": 0.07967540386973873,
    "unknown": 0.03802431837805746,
    "outoneh": 0.09151387643342074,
    "red-sfs": 0.1167286693240858,
    "alt-sfs": 0.01194531490643907,
    "sft": 0.0012686581018510625,
    "inroll": 0.1080460240440736,
    "bad-red-sfs": 0.014958496296321554,
    "red": 0.2571621309818925,
    "sfr": 0.09863878308844841,
    "outroll": 0.11507299188490731,
    "inoneh": 0.00013317405489044303,
    "bad-red": 0.01962849174605015,
    "alt": 0.04720366688982319
  },
  "keymash": {
    "sfb": 0.0770607479896393,
    "unknown": 0.013394194891077241,
    "outoneh": 0.0974578532344333,
    "red-sfs": 0.10643520665974311,
    "alt-sfs": 0.013718479719883585,
    "sft": 0.001054951911433298,
    "inroll": 0.11702577448658323,
    "bad-red-sfs": 0.01767557560557113,
    "red": 0.24516343544884714,
    "sfr": 0.099723742164827,
    "outroll": 0.13241083193425637,
    "inoneh": 0.00036943841256418993,
    "bad-red": 0.021197555138683075,
    "alt": 0.057312212402458
  },
  "english-10k": {
    "sfb": 0.10420485903398236,
    "unknown": 0.0,
    "outoneh": 0.13120163640223076,
    "red-sfs": 0.11539723278207677,
    "alt-sfs": 0.016711371837671987,
    "sft": 0.0016595588660967562,
    "inroll": 0.08587252272244843,
    "bad-red-sfs": 0.03280523339958704,
    "red": 0.2284402076378302,
    "sfr": 0.10567144593890508,
    "outroll": 0.09741224600065611,
    "inoneh": 0.0,
    "bad-red": 0.027440612878948688,
    "alt": 0.05318307249956581
  },
  "mt-quotes": {
    "sfb": 0.07370668531334791,
    "unknown": 0.008869126594231481,
    "outoneh": 0.09480223760174993,
    "red-sfs": 0.10587669284373842,
    "alt-sfs": 0.014401871839925414,
    "sft": 0.0009995696919711694,
    "inroll": 0.12329669738587873,
    "bad-red-sfs": 0.016049891825342753,
    "red": 0.2501135535076081,
    "sfr": 0.0964592223377679,
    "outroll": 0.13481640190769892,
    "inoneh": 0.00037353127502659544,
    "bad-red": 0.021020846033396684,
    "alt": 0.05921367184231601
  }
}