{
  "shai": {
    "dsfb-alt": 0.014677468771219516,
    "redirect": 0.24201058216212182,
    "dsfb": 0.0,
    "unknown": 0.023621906111313578,
    "sfb": 0.08573710619751532,
    "sft": 0.0,
    "bad-redirect": 0.02301277730317965,
    "roll-out": 0.10289173336413146,
    "oneh-in": 0.060498255529343424,
    "alternate": 0.05304390622711621,
    "oneh-out": 0.047788514205793664,
    "dsfb-red": 0.13252914882279193,
    "roll-in": 0.11463380668949072,
    "sfR": 0.09823378925716947,
    "sfT": 0.001321005358813215
  },
  "english-5k": {
    "dsfb-alt": 0.017837142738623635,
    "redirect": 0.23262952669349152,
    "dsfb": 0.0,
    "unknown": 0.002157049819554486,
    "sfb": 0.08781681669224707,
    "sft": 0.0,
    "bad-redirect": 0.02961795329157506,
    "roll-out": 0.09059609242128842,
    "oneh-in": 0.0737959928651429,
    "alternate": 0.05255734848799104,
    "oneh-out": 0.056912929854399136,
    "dsfb-red": 0.14551789936532958,
    "roll-in": 0.10291616542912847,
    "sfR": 0.10644211224955408,
    "sfT": 0.0012029700916746174
  },
  "reddit": {
    "dsfb-alt": 0.015772043172665378,
    "redirect": 0.2325406782825851,
    "dsfb": 0.0,
    "unknown": 0.041217725522189115,
    "sfb": 0.07761550602062368,
    "sft": 0.0,
    "bad-redirect": 0.02193483646187013,
    "roll-out": 0.11402265087237379,
    "oneh-in": 0.050873197853615305,
    "alternate": 0.060624336418513176,
    "oneh-out": 0.041365607389748316,
    "dsfb-red": 0.11553634239971293,
    "roll-in": 0.12343360121002428,
    "sfR": 0.10397777127267367,
    "sfT": 0.0010857031234051335
  },
  "french": {
    "dsfb-alt": 0.016283864966114153,
    "redirect": 0.17106961171854226,
    "dsfb": 0.0,
    "unknown": 0.15822391385155302,
    "sfb": 0.11008734216989126,
    "sft": 0.0,
    "bad-redirect": 0.02500259073439518,
    "roll-out": 0.0568032355617065,
    "oneh-in": 0.0627425156990564,
    "alternate": 0.04278994310542017,
    "oneh-out": 0.02639318998740372,
    "dsfb-red": 0.12472834368900472,
    "roll-in": 0.0953830873293005,
    "sfR": 0.10898279115633469,
    "sfT": 0.001509570031277434
  },
  "akl": {
    "dsfb-alt": 0.019187046208331584,
    "redirect": 0.21692222176376075,
    "dsfb": 0.0,
    "unknown": 0.06692211644153111,
    "sfb": 0.07613589095357631,
    "sft": 0.0,
    "bad-redirect": 0.022208926839585943,
    "roll-out": 0.10238925336575772,
    "oneh-in": 0.04600313909807743,
    "alternate": 0.06077359053765263,
    "oneh-out": 0.038705547668779185,
    "dsfb-red": 0.11220547103136855,
    "roll-in": 0.11932866123922631,
    "sfR": 0.11790358951788564,
    "sfT": 0.0013145453344668484
  },
  "english-450k": {
    "dsfb-alt": 0.021273156011719575,
    "redirect": 0.21056030488200614,
    "dsfb": 0.0,
    "unknown": 0.00015377410175167997,
    "sfb": 0.10818563516012679,
    "sft": 0.0,
    "bad-redirect": 0.022054012714720975,
    "roll-out": 0.08770444500704846,
    "oneh-in": 0.0660176191208448,
    "alternate": 0.060574132857315756,
    "oneh-out": 0.0581210558843151,
    "dsfb-red": 0.1536071720708811,
    "roll-in": 0.09565889279138584,
    "sfR": 0.11369548401129392,
    "sfT": 0.002394315386589846
  },
  "wordle": {
    "dsfb-alt": 0.028520139122629868,
    "redirect": 0.15606417592280938,
    "dsfb": 0.0,
    "unknown": 0.0,
    "sfb": 0.10856052956355884,
    "sft": 0.0,
    "bad-redirect": 0.01570739369460339,
    "roll-out": 0.11695276562324694,
    "oneh-in": 0.04945585100415124,
    "alternate": 0.08396723886457982,
    "oneh-out": 0.04236508470773028,
    "dsfb-red": 0.1314260069561315,
    "roll-in": 0.13133625042073377,
    "sfR": 0.13138112868843263,
    "sfT": 0.004263435431392348
  },
  "english-200": {
    "dsfb-alt": 0.013363028953229399,
    "redirect": 0.23608017817371937,
    "dsfb": 0.0,
    "unknown": 0.0,
    "sfb": 0.07349665924276169,
    "sft": 0.0,
    "bad-redirect": 0.026726057906458798,
    "roll-out": 0.12249443207126949,
    "oneh-in": 0.07126948775055679,
    "alternate": 0.04899777282850779,
    "oneh-out": 0.051224944320712694,
    "dsfb-red": 0.14699331848552338,
    "roll-in": 0.10244988864142539,
    "sfR": 0.10690423162583519,
    "sfT": 0.0
  },
  "monkeyracer": {
    "dsfb-alt": 0.01460715235309758,
    "redirect": 0.24538706070037694,
    "dsfb": 0.0,
    "unknown": 0.014352018393105714,
    "sfb": 0.0751853386927757,
    "sft": 0.0,
    "bad-redirect": 0.020920984719333093,
    "roll-out": 0.12174875267841782,
    "oneh-in": 0.054247736052676854,
    "alternate": 0.05876585545146003,
    "oneh-out": 0.04174226191407166,
    "dsfb-red": 0.12196283059887077,
    "roll-in": 0.13310172513568044,
    "sfR": 0.09690789370786869,
    "sfT": 0.0010703896022647293
  },
  "tr-quotes": {
    "dsfb-alt": 0.014617091606758975,
    "redirect": 0.24556760130371466,
    "dsfb": 0.0,
    "unknown": 0.01476965396084233,
    "sfb": 0.07507339173851738,
    "sft": 0.0,
    "bad-redirect": 0.020886017429093177,
    "roll-out": 0.1216049097339405,
    "oneh-in": 0.05438847923071589,
    "alternate": 0.058742285199140105,
    "oneh-out": 0.042118767481103075,
    "dsfb-red": 0.12223711888305865,
    "roll-in": 0.13215598344929613,
    "sfR": 0.09677191928064538,
    "sfT": 0.0010667807031737593
  },
  "movie": {
    "dsfb-alt": 0.013337177744857848,
    "redirect": 0.21160998243300452,
    "dsfb": 0.0,
    "unknown": 0.030451476652766863,
    "sfb": 0.06383192639890806,
    "sft": 0.0,
    "bad-redirect": 0.020717316130512947,
    "roll-out": 0.1356453933058022,
    "oneh-in": 0.04416344504191325,
    "alternate": 0.06894831876523327,
    "oneh-out": 0.03569525572684184,
    "dsfb-red": 0.10537657445299055,
    "roll-in": 0.15350716793687094,
    "sfR": 0.11567713207251198,
    "sfT": 0.0010388333377857268
  },
  "chained-bigrams": {
    "dsfb-alt": 0.017867566516395917,
    "redirect": 0.2247327948865957,
    "dsfb": 0.0,
    "unknown": 0.02365222201805197,
    "sfb": 0.08096374996834639,
    "sft": 0.0,
    "bad-redirect": 0.017907823407304287,
    "roll-out": 0.09019296686143644,
    "oneh-in": 0.05623238355207326,
    "alternate": 0.05934255302709094,
    "oneh-out": 0.053355314461508895,
    "dsfb-red": 0.15754729048398522,
    "roll-in": 0.09735284970089779,
    "sfR": 0.11914286586209158,
    "sfT": 0.0017096192542216167
  },
  "mt-quotes": {
    "dsfb-alt": 0.014401871839925414,
    "redirect": 0.2501135535076081,
    "dsfb": 0.0,
    "unknown": 0.008869126594231481,
    "sfb": 0.07370668531334791,
    "sft": 0.0,
    "bad-redirect": 0.021020846033396684,
    "roll-out": 0.12329669738587873,
    "oneh-in": 0.053994692867644425,
    "alternate": 0.05921367184231601,
    "oneh-out": 0.041181076009132095,
    "dsfb-red": 0.12192658466908117,
    "roll-in": 0.13481640190769892,
    "sfR": 0.0964592223377679,
    "sfT": 0.0009995696919711694
  },
  "dutch": {
    "dsfb-alt": 0.010983221115848388,
    "redirect": 0.14738363353846043,
    "dsfb": 0.0,
    "unknown": 0.07325982807452426,
    "sfb": 0.11464584045559423,
    "sft": 0.0,
    "bad-redirect": 0.013399467362171095,
    "roll-out": 0.06149954012892026,
    "oneh-in": 0.060669451940612205,
    "alternate": 0.06138394029848819,
    "oneh-out": 0.03482075965674578,
    "dsfb-red": 0.09494131412424082,
    "roll-in": 0.13672131984703312,
    "sfR": 0.18880787437283908,
    "sfT": 0.001483809084522142
  },
  "english-1k": {
    "dsfb-alt": 0.01305575158786168,
    "redirect": 0.24735356386732535,
    "dsfb": 0.0,
    "unknown": 0.0,
    "sfb": 0.08645024700070572,
    "sft": 0.0,
    "bad-redirect": 0.027522935779816515,
    "roll-out": 0.10127028934368384,
    "oneh-in": 0.06704304869442484,
    "alternate": 0.04481298517995766,
    "oneh-out": 0.05081157374735357,
    "dsfb-red": 0.152787579393084,
    "roll-in": 0.09985885673959069,
    "sfR": 0.10832745236414962,
    "sfT": 0.0007057163020465773
  },
  "gutenberg": {
    "dsfb-alt": 0.01194531490643907,
    "redirect": 0.2571621309818925,
    "dsfb": 0.0,
    "unknown": 0.03802431837805746,
    "sfb": 0.07967540386973873,
    "sft": 0.0,