{
  "keymash": {
    "bad-redirect": 0.0020319112691030445,
    "dsfb-red": 0.08061967136400766,
    "sfb": 0.04902858221851872,
    "oneh-in": 0.016887440325434194,
    "roll-in": 0.2215234819159897,
    "unknown": 0.013394194891077241,
    "dsfb-alt": 0.06888794932946928,
    "alternate": 0.15633812645466375,
    "sfR": 0.099723742164827,
    "sfT": 0.00040227738256989567,
    "roll-out": 0.23287345092421177,
    "oneh-out": 0.005603149257223547,
    "redirect": 0.052686022502904196,
    "sft": 0.0,
    "dsfb": 0.0
  },
  "chained-bigrams": {
    "bad-redirect": 0.0029426488644634895,
    "dsfb-red": 0.0710118569529819,
    "sfb": 0.053472838610773656,
    "oneh-in": 0.013260100421463675,
    "roll-in": 0.20534715400013895,
    "unknown": 0.02365222201805197,
    "dsfb-alt": 0.058722467046163615,
    "alternate": 0.17421104610128244,
    "sfR": 0.11914286586209158,
    "sfT": 0.0005674923008696138,
    "roll-out": 0.21066495942819632,
    "oneh-out": 0.008327332675804116,
    "redirect": 0.05867701571771868,
    "sft": 0.0,
    "dsfb": 0.0
  },
  "english-450k": {
    "bad-redirect": 0.006149209992860906,
    "dsfb-red": 0.06097113899834006,
    "sfb": 0.06827190067713228,
    "oneh-in": 0.014783070348435743,
    "roll-in": 0.20529865795552946,
    "unknown": 0.00015377410175167997,
    "dsfb-alt": 0.06426734241516552,
    "alternate": 0.17653413054193384,
    "sfR": 0.11369548401129392,
    "sfT": 0.00027334369798064784,
    "roll-out": 0.20775348900573642,
    "oneh-out": 0.014660869636397336,
    "redirect": 0.06718758861744219,
    "sft": 0.0,
    "dsfb": 0.0
  },
  "akl": {
    "bad-redirect": 0.0015461922854316682,
    "dsfb-red": 0.07425477397787564,
    "sfb": 0.04596187756575793,
    "oneh-in": 0.017685027305097807,
    "roll-in": 0.20593655562358132,
    "unknown": 0.06692211644153111,
    "dsfb-alt": 0.055998156737072716,
    "alternate": 0.15066933516024034,
    "sfR": 0.11790358951788564,
    "sfT": 0.00042302363765386186,
    "roll-out": 0.20671067401146723,
    "oneh-out": 0.006553273036976405,
    "redirect": 0.04943540469942832,
    "sft": 0.0,
    "dsfb": 0.0
  },
  "reddit": {
    "bad-redirect": 0.0020063688839769733,
    "dsfb-red": 0.07645028080886287,
    "sfb": 0.04870175414939178,
    "oneh-in": 0.0177399058358088,
    "roll-in": 0.21274166352492613,
    "unknown": 0.041217725522189115,
    "dsfb-alt": 0.060942387314522596,
    "alternate": 0.15654220879249098,
    "sfR": 0.10397777127267367,
    "sfT": 0.00042180793074573776,
    "roll-out": 0.21758393316698496,
    "oneh-out": 0.006742184557544607,
    "redirect": 0.05493200823988177,
    "sft": 0.0,
    "dsfb": 0.0
  },
  "english-200": {
    "bad-redirect": 0.0,
    "dsfb-red": 0.10244988864142539,
    "sfb": 0.0334075723830735,
    "oneh-in": 0.0200445434298441,
    "roll-in": 0.22494432071269488,
    "unknown": 0.0,
    "dsfb-alt": 0.06904231625835189,
    "alternate": 0.16258351893095768,
    "sfR": 0.10690423162583519,
    "sfT": 0.0,
    "roll-out": 0.23162583518930957,
    "oneh-out": 0.0,
    "redirect": 0.04899777282850779,
    "sft": 0.0,
    "dsfb": 0.0
  },
  "french": {
    "bad-redirect": 0.0014624970952088186,
    "dsfb-red": 0.0475756516541605,
    "sfb": 0.058977744524089395,
    "oneh-in": 0.01380071515206049,
    "roll-in": 0.18809263564290507,
    "unknown": 0.15822391385155302,
    "dsfb-alt": 0.04884864347618921,
    "alternate": 0.15092747392437256,
    "sfR": 0.10898279115633469,
    "sfT": 0.00012079856254654577,
    "roll-out": 0.1599805643607565,
    "oneh-out": 0.008285106421166474,
    "redirect": 0.05472146417865675,
    "sft": 0.0,
    "dsfb": 0.0
  },
  "gutenberg": {
    "bad-redirect": 0.001660034485071056,
    "dsfb-red": 0.07895364974579479,
    "sfb": 0.05330031071420317,
    "oneh-in": 0.015576628502733383,
    "roll-in": 0.21205211936184054,
    "unknown": 0.03802431837805746,
    "dsfb-alt": 0.05929920516116713,
    "alternate": 0.14962720736469573,
    "sfR": 0.09863878308844841,
    "sfT": 0.000628361792420483,
    "roll-out": 0.23527801552093408,
    "oneh-out": 0.006574971688673537,
    "redirect": 0.05038639419596022,
    "sft": 0.0,
    "dsfb": 0.0
  },
  "tr-quotes": {
    "bad-redirect": 0.0017949192112988604,
    "dsfb-red": 0.08086267076581678,
    "sfb": 0.04860151175423592,
    "oneh-in": 0.017043064191766256,
    "roll-in": 0.22210304893553084,
    "unknown": 0.01476965396084233,
    "dsfb-alt": 0.06987355817017638,
    "alternate": 0.1556228473682994,
    "sfR": 0.09677191928064538,
    "sfT": 0.0004380388802847831,
    "roll-out": 0.23245070617877533,
    "oneh-out": 0.005967268440396662,
    "redirect": 0.05370079286193107,
    "sft": 0.0,
    "dsfb": 0.0
  },
  "dutch": {
    "bad-redirect": 0.003384293965473682,
    "dsfb-red": 0.05721316583628561,
    "sfb": 0.07244926652113795,
    "oneh-in": 0.009392365189744203,
    "roll-in": 0.20374960520873794,
    "unknown": 0.07325982807452426,
    "dsfb-alt": 0.03849854486225546,
    "alternate": 0.14820775077228826,
    "sfR": 0.18880787437283908,
    "sfT": 0.0006847053086519059,
    "roll-out": 0.15867677050186393,
    "oneh-out": 0.008794642163925545,
    "redirect": 0.03688118722227217,
    "sft": 0.0,
    "dsfb": 0.0
  },
  "movie": {
    "bad-redirect": 0.0014209934610349985,
    "dsfb-red": 0.07966064602168549,
    "sfb": 0.045998576900973545,
    "oneh-in": 0.018833098277660647,
    "roll-in": 0.19977683638532848,
    "unknown": 0.030451476652766863,
    "dsfb-alt": 0.07713304633599376,
    "alternate": 0.15252900120267265,
    "sfR": 0.11567713207251198,
    "sfT": 0.0007924821839556178,
    "roll-out": 0.22571674433790428,
    "oneh-out": 0.005386299533261946,
    "redirect": 0.04662366663424973,
    "sft": 0.0,
    "dsfb": 0.0
  },
  "wordle": {
    "bad-redirect": 0.007315157634915292,
    "dsfb-red": 0.05537978234040166,
    "sfb": 0.07418377650622686,
    "oneh-in": 0.0193425333782116,
    "roll-in": 0.2155727588915068,
    "unknown": 0.0,
    "dsfb-alt": 0.05890272635476271,
    "alternate": 0.17729159654437338,
    "sfR": 0.13138112868843263,
    "sfT": 0.0008302479524290362,
    "roll-out": 0.19813755189049703,
    "oneh-out": 0.012408841018736677,
    "redirect": 0.04925389879950634,
    "sft": 0.0,
    "dsfb": 0.0
  },
  "english-10k": {
    "bad-redirect": 0.003048956986549854,
    "dsfb-red": 0.060516007024179384,
    "sfb": 0.06339128924567261,
    "oneh-in": 0.014685166245344551,
    "roll-in": 0.233920611335173,
    "unknown": 0.0,
    "dsfb-alt": 0.06412458269813397,
    "alternate": 0.16877327724281663,
    "sfR": 0.10567144593890508,
    "sfT": 0.0003280523339958704,
    "roll-out": 0.20624843210281546,
    "oneh-out": 0.01126956253256402,
    "redirect": 0.0680226163138496,
    "sft": 0.0,
    "dsfb": 0.0
  },
  "english-1k": {
    "bad-redirect": 0.0024700070571630206,
    "dsfb-red": 0.06633733239237827,
    "sfb": 0.058927311220889206,
    "oneh-in": 0.021524347212420608,
    "roll-in": 0.23288637967537051,
    "unknown": 0.0,
    "dsfb-alt": 0.06563161609033169,
    "alternate": 0.15137614678899083,
    "sfR": 0.10832745236414962,
    "sfT": 0.00035285815102328866,
    "roll-out": 0.22265349329569514,
    "oneh-out": 0.010938602681721948,
    "redirect": 0.05857445306986592,
    "sft": 0.0,
    "dsfb": 0.0
  },
  "monkeyracer": {
    "bad-redirect": 0.0018133084129690164,
    "dsfb-red": 0.08127043026729437,
    "sfb": 0.048455901903436197,
    "oneh-in": 0.01713209878474123,
    "roll-in": 0.22223634202418005,
    "unknown": 0.014352018393105714,
    "dsfb-alt": 0.07008168196818744,
    "alternate": 0.15562389539703145,
    "sfR": 0.09690789370786869,
    "sfT": 0.0004046952468836511,
    "roll-out": 0.23222566745389994,
    "oneh-out": 0.006017642366704725,
    "redirect": 0.053478424073697545,
    "sft": 0.0,
    "dsfb": 0.0
  },
  "shai": {
    "bad-redirect": 0.002107913654585521,
    "dsfb-red": 0.06889140732089373,
    "sfb": 0.055016084644911666,
    "oneh-in": 0.016166558243614678,
    "roll-in": 0.22330314698295442,