{
  "english-1k": {
    "sfb": 0.012350035285815103,
    "unknown": 0.0,
    "outoneh": 0.001058574453069866,
    "red-sfs": 0.0028228652081863093,
    "alt-sfs": 0.05786873676781934,
    "sft": 0.0,
    "inroll": 0.2148906139731828,
    "bad-red-sfs": 0.0038814396612561752,
    "red": 0.02611150317572336,
    "sfr": 0.10832745236414962,
    "outroll": 0.22477064220183487,
    "inoneh": 0.007057163020465773,
    "bad-red": 0.0056457304163726185,
    "alt": 0.3352152434721242
  },
  "shai": {
    "sfb": 0.018347100119425336,
    "unknown": 0.02085404518098496,
    "outoneh": 0.0008391007585072359,
    "red-sfs": 0.002969664045419402,
    "alt-sfs": 0.061423852183823985,
    "sft": 0.000036443769307534326,
    "inroll": 0.2084428826742853,
    "bad-red-sfs": 0.004273264175836697,
    "red": 0.02701294930414694,
    "sfr": 0.09823378925716947,
    "outroll": 0.2130610583307763,
    "inoneh": 0.007158603624622365,
    "bad-red": 0.005023899000288887,
    "alt": 0.3323233475754056
  },
  "chained-bigrams": {
    "sfb": 0.01810845855715407,
    "unknown": 0.021095260140678355,
    "outoneh": 0.004975621855336213,
    "red-sfs": 0.0109245514440861,
    "alt-sfs": 0.07158908882423257,
    "sft": 0.0000701249067436136,
    "inroll": 0.18444408804831347,
    "bad-red-sfs": 0.00418541804508642,
    "red": 0.025360542662889445,
    "sfr": 0.11914286586209158,
    "outroll": 0.19881709671198597,
    "inoneh": 0.006734588266155188,
    "bad-red": 0.007334545801628327,
    "alt": 0.3272177488736187
  },
  "english-200": {
    "sfb": 0.011135857461024499,
    "unknown": 0.0,
    "outoneh": 0.0,
    "red-sfs": 0.0,
    "alt-sfs": 0.06904231625835189,
    "sft": 0.0,
    "inroll": 0.20935412026726058,
    "bad-red-sfs": 0.008908685968819599,
    "red": 0.0200445434298441,
    "sfr": 0.10690423162583519,
    "outroll": 0.22271714922049,
    "inoneh": 0.0066815144766146995,
    "bad-red": 0.0,
    "alt": 0.34521158129175944
  },
  "english-450k": {
    "sfb": 0.02241009038759844,
    "unknown": 0.00015377410175167997,
    "outoneh": 0.0014067699194469279,
    "red-sfs": 0.0039025294378007146,
    "alt-sfs": 0.060340548242677754,
    "sft": 9.939770835659921e-6,
    "inroll": 0.19320751142635126,
    "bad-red-sfs": 0.0025896026488904586,
    "red": 0.020429152529291627,
    "sfr": 0.11369548401129392,
    "outroll": 0.19227872754561917,
    "inoneh": 0.007634328694188917,
    "bad-red": 0.008235100137344246,
    "alt": 0.3737064411469092
  },
  "english-5k": {
    "sfb": 0.017380843738333263,
    "unknown": 0.002157049819554486,
    "outoneh": 0.0012029700916746174,
    "red-sfs": 0.0026963122744431078,
    "alt-sfs": 0.06010702285643174,
    "sft": 0.0,
    "inroll": 0.20176712158294272,
    "bad-red-sfs": 0.003442983365827353,
    "red": 0.022026797195835234,
    "sfr": 0.10644211224955408,
    "outroll": 0.20691085576803417,
    "inoneh": 0.006968930186252956,
    "bad-red": 0.004936325548595843,
    "alt": 0.3639606753225204
  },
  "monkeyracer": {
    "sfb": 0.021429297589814975,
    "unknown": 0.011536747110436837,
    "outoneh": 0.0006138855435819635,
    "red-sfs": 0.00387588563742434,
    "alt-sfs": 0.06490177831302689,
    "sft": 9.775247509266934e-6,
    "inroll": 0.20731735927553685,
    "bad-red-sfs": 0.004648130190656428,
    "red": 0.033914243708650704,
    "sfr": 0.09690789370786869,
    "outroll": 0.21851588282215306,
    "inoneh": 0.0077527487995996056,
    "bad-red": 0.004238547320018143,
    "alt": 0.32433782473372225
  },
  "tr-quotes": {
    "sfb": 0.02149742262083632,
    "unknown": 0.011968054367675273,
    "outoneh": 0.0006241187212500867,
    "red-sfs": 0.0038753149487991494,
    "alt-sfs": 0.06484824668870345,
    "sft": 9.246203277779062e-6,
    "inroll": 0.20684912507801484,
    "bad-red-sfs": 0.004682046184785372,
    "red": 0.0334862809458866,
    "sfr": 0.09677191928064538,
    "outroll": 0.21875707912438455,
    "inoneh": 0.007729825940223296,
    "bad-red": 0.004213957143847808,
    "alt": 0.3246873627516701
  },
  "movie": {
    "sfb": 0.02938263900778388,
    "unknown": 0.016870316515173428,
    "outoneh": 0.0004308513235255219,
    "red-sfs": 0.006548308447962727,
    "alt-sfs": 0.06974619646057086,
    "sft": 0.00004250610186278056,
    "inroll": 0.1871105444215742,
    "bad-red-sfs": 0.005125209421510377,
    "red": 0.04436729009388058,
    "sfr": 0.11567713207251198,
    "outroll": 0.20065696272978134,
    "inoneh": 0.008447396856575069,
    "bad-red": 0.0039347753736753525,
    "alt": 0.3116598711736119
  },
  "gutenberg": {
    "sfb": 0.01513978729280826,
    "unknown": 0.03543926410631495,
    "outoneh": 0.0005671737131464957,
    "red-sfs": 0.003721485502592821,
    "alt-sfs": 0.0618397417900942,
    "sft": 0.00001913311457174217,
    "inroll": 0.22123089956327247,
    "bad-red-sfs": 0.003694585480125619,
    "red": 0.028827352245943495,
    "sfr": 0.09863878308844841,
    "outroll": 0.2199444344042952,
    "inoneh": 0.007293505387392527,
    "bad-red": 0.0044116036846211055,
    "alt": 0.2992322506263727
  },
  "keymash": {
    "sfb": 0.02156288867999655,
    "unknown": 0.010976425724407154,
    "outoneh": 0.000537738133843432,
    "red-sfs": 0.004207493031981052,
    "alt-sfs": 0.06449163221995542,
    "sft": 0.00003694384125641899,
    "inroll": 0.21131877198671664,
    "bad-red-sfs": 0.004453785307023846,
    "red": 0.03350806401957203,
    "sfr": 0.099723742164827,
    "outroll": 0.21504599508236424,
    "inoneh": 0.007676109238833724,
    "bad-red": 0.004125395606966787,
    "alt": 0.3223350149622557
  },
  "english-10k": {
    "sfb": 0.01669207464155458,
    "unknown": 0.0,
    "outoneh": 0.0011385345709268443,
    "red-sfs": 0.002431446710792922,
    "alt-sfs": 0.06067038459311862,
    "sft": 0.0,
    "inroll": 0.2060168657494066,
    "bad-red-sfs": 0.0032226317516064916,
    "red": 0.01970243723586963,
    "sfr": 0.10567144593890508,
    "outroll": 0.2012890527006426,
    "inoneh": 0.006483857895447791,
    "bad-red": 0.006425966307095579,
    "alt": 0.37025530190463324
  },
  "mt-quotes": {
    "sfb": 0.021421271560225195,
    "unknown": 0.006620468318571378,
    "outoneh": 0.0005483439117390421,
    "red-sfs": 0.003957937390181805,
    "alt-sfs": 0.06521557236944335,
    "sft": 7.470625500531909e-6,
    "inroll": 0.20970045779993068,
    "bad-red-sfs": 0.00480660044704223,
    "red": 0.03468760832406976,
    "sfr": 0.0964592223377679,
    "outroll": 0.2204043700170928,
    "inoneh": 0.007661873513345525,
    "bad-red": 0.004029655394986911,
    "alt": 0.3244791479901029
  }
}