{
  "english-450k": {
    "dsfb-alt": 0.09645816730505333,
    "redirect": 0.027251051130765872,
    "dsfb": 0.0,
    "unknown": 0.0001543587941537776,
    "sfb": 0.24383982702459978,
    "sft": 0.0,
    "bad-redirect": 0.0012418866620553925,
    "roll-out": 0.157498884699243,
    "oneh-in": 0.005739925311392556,
    "alternate": 0.16385156764803388,
    "oneh-out": 0.005728523809551652,
    "dsfb-red": 0.03233641329801012,
    "roll-in": 0.1252115855630091,
    "sfR": 0.11369548401129392,
    "sfT": 0.026992324742837664
  },
  "english-5k": {
    "dsfb-alt": 0.10503173352138383,
    "redirect": 0.02372754801509935,
    "dsfb": 0.0,
    "unknown": 0.0022400132741527356,
    "sfb": 0.2641556394408263,
    "sft": 0.0,
    "bad-redirect": 0.0007466710913842452,
    "roll-out": 0.15422906209814577,
    "oneh-in": 0.0048118803666984695,
    "alternate": 0.14580827145642344,
    "oneh-out": 0.003899282366117725,
    "dsfb-red": 0.03318538183929979,
    "roll-in": 0.12469407226116895,
    "sfR": 0.10644211224955408,
    "sfT": 0.0310283320197453
  },
  "english-10k": {
    "dsfb-alt": 0.10644333378360124,
    "redirect": 0.022211072731132167,
    "dsfb": 0.0,
    "unknown": 0.0,
    "sfb": 0.2648926111036066,
    "sft": 0.0,
    "bad-redirect": 0.0009262654136353987,
    "roll-out": 0.15069180448080893,
    "oneh-in": 0.005036568186642481,
    "alternate": 0.15121282877597886,
    "oneh-out": 0.0037436560467764032,
    "dsfb-red": 0.034541981050153416,
    "roll-in": 0.12533528878253988,
    "sfR": 0.10567144593890508,
    "sfT": 0.029293143706219486
  },
  "reddit": {
    "dsfb-alt": 0.12379978488207563,
    "redirect": 0.018014131558301432,
    "dsfb": 0.0,
    "unknown": 0.1039671333673072,
    "sfb": 0.23531256432140182,
    "sft": 0.0,
    "bad-redirect": 0.0007607226059422066,
    "roll-out": 0.11950353195314002,
    "oneh-in": 0.0034020321021268883,
    "alternate": 0.13958722305159177,
    "oneh-out": 0.002006443798803498,
    "dsfb-red": 0.020805158335295164,
    "roll-in": 0.101423887379043,
    "sfR": 0.10397777127267367,
    "sfT": 0.02743961537229766
  },
  "english-1k": {
    "dsfb-alt": 0.11326746647847566,
    "redirect": 0.016231474947071278,
    "dsfb": 0.0,
    "unknown": 0.0,
    "sfb": 0.2639378969654199,
    "sft": 0.0,
    "bad-redirect": 0.00035285815102328866,
    "roll-out": 0.14820042342978124,
    "oneh-in": 0.002117148906139732,
    "alternate": 0.16055045871559634,
    "oneh-out": 0.003175723359209598,
    "dsfb-red": 0.03387438249823571,
    "roll-in": 0.11679604798870855,
    "sfR": 0.10832745236414962,
    "sfT": 0.033168666196189134
  },
  "french": {
    "dsfb-alt": 0.08799289105777966,
    "redirect": 0.010686710089128006,
    "dsfb": 0.0,
    "unknown": 0.21023218208842423,
    "sfb": 0.19949718553432194,
    "sft": 0.0,
    "bad-redirect": 0.00026989781771995805,
    "roll-out": 0.08859961056509053,
    "oneh-in": 0.0037854760755547893,
    "alternate": 0.12948004346471012,
    "oneh-out": 0.0016634484928817466,
    "dsfb-red": 0.02184702605190371,
    "roll-in": 0.10741994570791531,
    "sfR": 0.10898279115633469,
    "sfT": 0.029542791898235325
  },
  "keymash": {
    "dsfb-alt": 0.14370743761621918,
    "redirect": 0.01690796468168776,
    "dsfb": 0.0,
    "unknown": 0.0849421007910087,
    "sfb": 0.24228592070209717,
    "sft": 0.0,
    "bad-redirect": 0.0008579180913990633,
    "roll-out": 0.1190658954981877,
    "oneh-in": 0.003246953159314158,
    "alternate": 0.1347095598346558,
    "oneh-out": 0.002372615582912242,
    "dsfb-red": 0.020979996962395275,
    "roll-in": 0.10095930841129168,
    "sfR": 0.099723742164827,
    "sfT": 0.030240586504004303
  },
  "english-200": {
    "dsfb-alt": 0.111358574610245,
    "redirect": 0.022271714922048998,
    "dsfb": 0.0,
    "unknown": 0.0,
    "sfb": 0.3051224944320713,
    "sft": 0.0,
    "bad-redirect": 0.0022271714922048997,
    "roll-out": 0.12472160356347439,
    "oneh-in": 0.0022271714922048997,
    "alternate": 0.15812917594654788,
    "oneh-out": 0.0066815144766146995,
    "dsfb-red": 0.0200445434298441,
    "roll-in": 0.09131403118040089,
    "sfR": 0.10690423162583519,
    "sfT": 0.04899777282850779
  },
  "mt-quotes": {
    "dsfb-alt": 0.14544261961965552,
    "redirect": 0.01711968539701892,
    "dsfb": 0.0,
    "unknown": 0.0857358864943044,
    "sfb": 0.24375754533175553,
    "sft": 0.0,
    "bad-redirect": 0.0007605096759541483,
    "roll-out": 0.11566321224943522,
    "oneh-in": 0.00335729909993904,
    "alternate": 0.13730710844957628,
    "oneh-out": 0.0022426817752596788,
    "dsfb-red": 0.019843475454512854,
    "roll-in": 0.10137190566691769,
    "sfR": 0.0964592223377679,
    "sfT": 0.030938848447902845
  },
  "akl": {
    "dsfb-alt": 0.11809546183859654,
    "redirect": 0.016818906851904927,
    "dsfb": 0.0,
    "unknown": 0.10992691752439232,
    "sfb": 0.22200786050776963,
    "sft": 0.0,
    "bad-redirect": 0.000597982447368933,
    "roll-out": 0.1175062149408628,
    "oneh-in": 0.003913897962089201,
    "alternate": 0.14246262702635323,
    "oneh-out": 0.0018791963938659837,
    "dsfb-red": 0.019114993412404305,
    "roll-in": 0.10460238318184899,
    "sfR": 0.11790358951788564,
    "sfT": 0.025169968394657512
  },
  "movie": {
    "dsfb-alt": 0.12476396282676895,
    "redirect": 0.01374447305527675,
    "dsfb": 0.0,
    "unknown": 0.15450046842250645,
    "sfb": 0.21651121233324416,
    "sft": 0.0,
    "bad-redirect": 0.0011030530830149433,
    "roll-out": 0.10750148475261383,
    "oneh-in": 0.002579317636255415,
    "alternate": 0.12526442940690566,
    "oneh-out": 0.0013383500184039577,
    "dsfb-red": 0.01666910341997779,
    "roll-in": 0.09087909856533352,
    "sfR": 0.11567713207251198,
    "sfT": 0.029467914407186612
  },
  "dutch": {
    "dsfb-alt": 0.07880180623345413,
    "redirect": 0.012799592641044254,
    "dsfb": 0.0,
    "unknown": 0.10091671544141545,
    "sfb": 0.22989673763184917,
    "sft": 0.0,
    "bad-redirect": 0.00025420486986744013,
    "roll-out": 0.10142519690432727,
    "oneh-in": 0.0018465131903046474,
    "alternate": 0.12965574417117395,
    "oneh-out": 0.0013171602829034647,
    "dsfb-red": 0.016344367214919827,
    "roll-in": 0.11098611155987904,
    "sfR": 0.18880787437283908,
    "sfT": 0.026947975486022246
  },
  "shai": {
    "dsfb-alt": 0.13345902227900197,
    "redirect": 0.017195285811112283,
    "dsfb": 0.0,
    "unknown": 0.06456276146546681,
    "sfb": 0.25254486732703063,
    "sft": 0.0,
    "bad-redirect": 0.0008160292516208498,
    "roll-out": 0.12605637002718265,
    "oneh-in": 0.0035106581769507555,
    "alternate": 0.13898928686324422,
    "oneh-out": 0.0028123319274976446,
    "dsfb-red": 0.02564525907432826,
    "roll-in": 0.10701571974276954,
    "sfR": 0.09823378925716947,
    "sfT": 0.02915861879662488
  },
  "tr-quotes": {
    "dsfb-alt": 0.1419141952335822,
    "redirect": 0.01733200804419685,
    "dsfb": 0.0,
    "unknown": 0.09006264302720696,
    "sfb": 0.24075841982385981,
    "sft": 0.0,
    "bad-redirect": 0.0007512540163195488,
    "roll-out": 0.11719678232125934,
    "oneh-in": 0.003291648366889346,
    "alternate": 0.1366415478144287,
    "oneh-out": 0.0023566260604239385,
    "dsfb-red": 0.020851344166801507,
    "roll-in": 0.1017036129539308,
    "sfR": 0.09677191928064538,
    "sfT": 0.030367998890455605
  },
  "wordle": {
    "dsfb-alt": 0.08035453831482105,
    "redirect": 0.02946258274430607,
    "dsfb": 0.0,
    "unknown": 0.0,
    "sfb": 0.2327835745540222,
    "sft": 0.0,
    "bad-redirect": 0.0012341523617188377,
    "roll-out": 0.14944463143722653,
    "oneh-in": 0.006619544485582857,
    "alternate": 0.1702457085156513,
    "oneh-out": 0.004442948502187815,
    "dsfb-red": 0.03260406148322675,
    "roll-in": 0.13730506002468304,
    "sfR": 0.13138112868843263,
    "sfT": 0.02412206888814092
  },
  "gutenberg": {
    "dsfb-alt": 0.15867319238479308,
    "redirect": 0.013159794089799852,
    "dsfb": 0.0,
    "unknown": 0.09436925698728084,