{
  "english-1k": {
    "sfb": 0.2639378969654199,
    "unknown": 0.0,
    "outoneh": 0.001058574453069866,
    "red-sfs": 0.03352152434721242,
    "alt-sfs": 0.11326746647847566,
    "sft": 0.033168666196189134,
    "inroll": 0.11679604798870855,
    "bad-red-sfs": 0.00035285815102328866,
    "red": 0.016231474947071278,
    "sfr": 0.10832745236414962,
    "outroll": 0.14820042342978124,
    "inoneh": 0.004234297812279464,
    "bad-red": 0.00035285815102328866,
    "alt": 0.16055045871559634
  },
  "shai": {
    "sfb": 0.25254486732703063,
    "unknown": 0.06456276146546681,
    "outoneh": 0.002543206921653327,
    "red-sfs": 0.02533789829989971,
    "alt-sfs": 0.13345902227900197,
    "sft": 0.02915861879662488,
    "inroll": 0.10701571974276954,
    "bad-red-sfs": 0.0003073607744285496,
    "red": 0.017195285811112283,
    "sfr": 0.09823378925716947,
    "outroll": 0.12605637002718265,
    "inoneh": 0.003779783182795073,
    "bad-red": 0.0008160292516208498,
    "alt": 0.13898928686324422
  },
  "chained-bigrams": {
    "sfb": 0.22301213745260887,
    "unknown": 0.05987563217928082,
    "outoneh": 0.002748506761534411,
    "red-sfs": 0.023042524912197774,
    "alt-sfs": 0.1180442423231083,
    "sft": 0.024709939361434806,
    "inroll": 0.11250437469036283,
    "bad-red-sfs": 0.0002597218768281985,
    "red": 0.01946550536358141,
    "sfr": 0.11914286586209158,
    "outroll": 0.1276286288827609,
    "inoneh": 0.00384648099582562,
    "bad-red": 0.0004993153082022116,
    "alt": 0.16522012403018227
  },
  "english-200": {
    "sfb": 0.3051224944320713,
    "unknown": 0.0,
    "outoneh": 0.0022271714922048997,
    "red-sfs": 0.0200445434298441,
    "alt-sfs": 0.111358574610245,
    "sft": 0.04899777282850779,
    "inroll": 0.09131403118040089,
    "bad-red-sfs": 0.0,
    "red": 0.022271714922048998,
    "sfr": 0.10690423162583519,
    "outroll": 0.12472160356347439,
    "inoneh": 0.0066815144766146995,
    "bad-red": 0.0022271714922048997,
    "alt": 0.15812917594654788
  },
  "english-450k": {
    "sfb": 0.24383982702459978,
    "unknown": 0.0001543587941537776,
    "outoneh": 0.005527389623230063,
    "red-sfs": 0.031692666963300614,
    "alt-sfs": 0.09645816730505333,
    "sft": 0.026992324742837664,
    "inroll": 0.1252115855630091,
    "bad-red-sfs": 0.0006437463347095043,
    "red": 0.027251051130765872,
    "sfr": 0.11369548401129392,
    "outroll": 0.157498884699243,
    "inoneh": 0.005941059497714145,
    "bad-red": 0.0012418866620553925,
    "alt": 0.16385156764803388
  },
  "english-5k": {
    "sfb": 0.2641556394408263,
    "unknown": 0.0022400132741527356,
    "outoneh": 0.0030281660928361057,
    "red-sfs": 0.032770564566308544,
    "alt-sfs": 0.10503173352138383,
    "sft": 0.0310283320197453,
    "inroll": 0.12469407226116895,
    "bad-red-sfs": 0.00041481727299124733,
    "red": 0.02372754801509935,
    "sfr": 0.10644211224955408,
    "outroll": 0.15422906209814577,
    "inoneh": 0.005682996639980089,
    "bad-red": 0.0007466710913842452,
    "alt": 0.14580827145642344
  },
  "monkeyracer": {
    "sfb": 0.2416402083300749,
    "unknown": 0.0900202543128392,
    "outoneh": 0.0027693276193753225,
    "red-sfs": 0.020474255908159593,
    "alt-sfs": 0.14150257284514445,
    "sft": 0.030589682030749018,
    "inroll": 0.10151594538373712,
    "bad-red-sfs": 0.0002697968312557674,
    "red": 0.017212255814317217,
    "sfr": 0.09690789370786869,
    "outroll": 0.11672134288440184,
    "inoneh": 0.0028465520746985312,
    "bad-red": 0.0007644243552246743,
    "alt": 0.13676548790215368
  },
  "tr-quotes": {
    "sfb": 0.24075841982385981,
    "unknown": 0.09006264302720696,
    "outoneh": 0.0027969764915281663,
    "red-sfs": 0.020573958068468134,
    "alt-sfs": 0.1419141952335822,
    "sft": 0.030367998890455605,
    "inroll": 0.1017036129539308,
    "bad-red-sfs": 0.00027738609833337184,
    "red": 0.01733200804419685,
    "sfr": 0.09677191928064538,
    "outroll": 0.11719678232125934,
    "inoneh": 0.0028512979357851183,
    "bad-red": 0.0007512540163195488,
    "alt": 0.1366415478144287
  },
  "movie": {
    "sfb": 0.21651121233324416,
    "unknown": 0.15450046842250645,
    "outoneh": 0.002033055008291322,
    "red-sfs": 0.0163218167239534,
    "alt-sfs": 0.12476396282676895,
    "sft": 0.029467914407186612,
    "inroll": 0.09087909856533352,
    "bad-red-sfs": 0.0003472866960243898,
    "red": 0.01374447305527675,
    "sfr": 0.11567713207251198,
    "outroll": 0.10750148475261383,
    "inoneh": 0.001884612646368051,
    "bad-red": 0.0011030530830149433,
    "alt": 0.12526442940690566
  },
  "gutenberg": {
    "sfb": 0.23367632756346796,
    "unknown": 0.09436925698728084,
    "outoneh": 0.0020216692941547767,
    "red-sfs": 0.02239729969239256,
    "alt-sfs": 0.15867319238479308,
    "sft": 0.02962469164428471,
    "inroll": 0.09762624351036958,
    "bad-red-sfs": 0.00017125084725598934,
    "red": 0.013159794089799852,
    "sfr": 0.09863878308844841,
    "outroll": 0.10786056543847226,
    "inoneh": 0.002428390056387751,
    "bad-red": 0.0004557848877189273,
    "alt": 0.1388967505151733
  },
  "keymash": {
    "sfb": 0.24228592070209717,
    "unknown": 0.0849421007910087,
    "outoneh": 0.002783102707983564,
    "red-sfs": 0.020684446232343924,
    "alt-sfs": 0.14370743761621918,
    "sft": 0.030240586504004303,
    "inroll": 0.10095930841129168,
    "bad-red-sfs": 0.00029555073005135195,
    "red": 0.01690796468168776,
    "sfr": 0.099723742164827,
    "outroll": 0.1190658954981877,
    "inoneh": 0.002836466034242836,
    "bad-red": 0.0008579180913990633,
    "alt": 0.1347095598346558
  },
  "english-10k": {
    "sfb": 0.2648926111036066,
    "unknown": 0.0,
    "outoneh": 0.003126145771019471,
    "red-sfs": 0.03419463152004014,
    "alt-sfs": 0.10644333378360124,
    "sft": 0.029293143706219486,
    "inroll": 0.12533528878253988,
    "bad-red-sfs": 0.00034734953011327456,
    "red": 0.022211072731132167,
    "sfr": 0.10567144593890508,
    "outroll": 0.15069180448080893,
    "inoneh": 0.005654078462399414,
    "bad-red": 0.0009262654136353987,
    "alt": 0.15121282877597886
  },
  "mt-quotes": {
    "sfb": 0.24375754533175553,
    "unknown": 0.0857358864943044,
    "outoneh": 0.0028552730663032955,
    "red-sfs": 0.01959843893809541,
    "alt-sfs": 0.14544261961965552,
    "sft": 0.030938848447902845,
    "inroll": 0.10137190566691769,
    "bad-red-sfs": 0.0002450365164174466,
    "red": 0.01711968539701892,
    "sfr": 0.0964592223377679,
    "outroll": 0.11566321224943522,
    "inoneh": 0.002744707808895423,
    "bad-red": 0.0007605096759541483,
    "alt": 0.13730710844957628
  }
}