{
  "chained-bigrams": {
    "bad-redirect": 0.06765949682782192,
    "dsfb-red": 0.2188942470954978,
    "sfb": 0.09905532660350663,
    "oneh-in": 0.08205652976510104,
    "roll-in": 0.0,
    "unknown": 0.022916559801936097,
    "dsfb-alt": 0.0,
    "alternate": 0.0,
    "sfR": 0.11914286586209158,
    "sfT": 0.0025582604867577553,
    "roll-out": 0.0,
    "oneh-out": 0.09866184796011192,
    "redirect": 0.28905486559717525,
    "sft": 0.0,
    "dsfb": 0.0
  },
  "shai": {
    "bad-redirect": 0.05697811098041171,
    "dsfb-red": 0.18502796215545234,
    "sfb": 0.10776975278615249,
    "oneh-in": 0.1045844914886614,
    "roll-in": 0.0,
    "unknown": 0.023260762136131256,
    "dsfb-alt": 0.0,
    "alternate": 0.0,
    "sfR": 0.09823378925716947,
    "sfT": 0.0014568838007290611,
    "roll-out": 0.0,
    "oneh-out": 0.1109124705500594,
    "redirect": 0.3117757768452329,
    "sft": 0.0,
    "dsfb": 0.0
  },
  "gutenberg": {
    "bad-redirect": 0.05536933920284246,
    "dsfb-red": 0.1762300035273128,
    "sfb": 0.10060059036077476,
    "oneh-in": 0.11257981445046475,
    "roll-in": 0.0,
    "unknown": 0.032975828246008664,
    "dsfb-alt": 0.0,
    "alternate": 0.0,
    "sfR": 0.09863878308844841,
    "sfT": 0.0011591636442028746,
    "roll-out": 0.0,
    "oneh-out": 0.1254412456150122,
    "redirect": 0.2970052318649331,
    "sft": 0.0,
    "dsfb": 0.0
  },
  "akl": {
    "bad-redirect": 0.0506687899628163,
    "dsfb-red": 0.17717485138104083,
    "sfb": 0.1051949136549775,
    "oneh-in": 0.09666294569424759,
    "roll-in": 0.0,
    "unknown": 0.06665478384099267,
    "dsfb-alt": 0.0,
    "alternate": 0.0,
    "sfR": 0.11790358951788564,
    "sfT": 0.0034115109266856917,
    "roll-out": 0.0,
    "oneh-out": 0.09238357959529252,
    "redirect": 0.28994503542606126,
    "sft": 0.0,
    "dsfb": 0.0
  },
  "english-5k": {
    "bad-redirect": 0.06201518231219148,
    "dsfb-red": 0.19882191894470486,
    "sfb": 0.10926286970589455,
    "oneh-in": 0.10237690297423985,
    "roll-in": 0.0,
    "unknown": 0.002157049819554486,
    "dsfb-alt": 0.0,
    "alternate": 0.0,
    "sfR": 0.10644211224955408,
    "sfT": 0.0013274152735719916,
    "roll-out": 0.0,
    "oneh-out": 0.08644791969137595,
    "redirect": 0.3311486290289128,
    "sft": 0.0,
    "dsfb": 0.0
  },
  "french": {
    "bad-redirect": 0.05290783773824101,
    "dsfb-red": 0.1502869853534402,
    "sfb": 0.12787719650791926,
    "oneh-in": 0.10561376524115523,
    "roll-in": 0.0,
    "unknown": 0.15807962376648718,
    "dsfb-alt": 0.0,
    "alternate": 0.0,
    "sfR": 0.10898279115633469,
    "sfT": 0.001941091921024198,
    "roll-out": 0.0,
    "oneh-out": 0.06068663293266055,
    "redirect": 0.23362407538273766,
    "sft": 0.0,
    "dsfb": 0.0
  },
  "reddit": {
    "bad-redirect": 0.056906013918800194,
    "dsfb-red": 0.17723795402364723,
    "sfb": 0.10620536363937726,
    "oneh-in": 0.09904361859588265,
    "roll-in": 0.0,
    "unknown": 0.039285447401644795,
    "dsfb-alt": 0.0,
    "alternate": 0.0,
    "sfR": 0.10397777127267367,
    "sfT": 0.0019302554202281644,
    "roll-out": 0.0,
    "oneh-out": 0.11080846769775689,
    "redirect": 0.30460510802998914,
    "sft": 0.0,
    "dsfb": 0.0
  },
  "english-200": {
    "bad-redirect": 0.053452115812917596,
    "dsfb-red": 0.17371937639198218,
    "sfb": 0.08685968819599109,
    "oneh-in": 0.12026726057906459,
    "roll-in": 0.0,
    "unknown": 0.0,
    "dsfb-alt": 0.0,
    "alternate": 0.0,
    "sfR": 0.10690423162583519,
    "sfT": 0.0,
    "roll-out": 0.0,
    "oneh-out": 0.10690423162583519,
    "redirect": 0.3518930957683742,
    "sft": 0.0,
    "dsfb": 0.0
  },
  "tr-quotes": {
    "bad-redirect": 0.059602182103973556,
    "dsfb-red": 0.1850616028293382,
    "sfb": 0.09384434016781859,
    "oneh-in": 0.10597073576662583,
    "roll-in": 0.0,
    "unknown": 0.013835787429786644,
    "dsfb-alt": 0.0,
    "alternate": 0.0,
    "sfR": 0.09677191928064538,
    "sfT": 0.0009500473867917987,
    "roll-out": 0.0,
    "oneh-out": 0.1247705785811701,
    "redirect": 0.3191928064538499,
    "sft": 0.0,
    "dsfb": 0.0
  },
  "english-10k": {
    "bad-redirect": 0.059068717315374074,
    "dsfb-red": 0.1971787499276355,
    "sfb": 0.12745798035545436,
    "oneh-in": 0.09932266841627911,
    "roll-in": 0.0,
    "unknown": 0.0,
    "dsfb-alt": 0.0,
    "alternate": 0.0,
    "sfR": 0.10567144593890508,
    "sfT": 0.0016209644738619479,
    "roll-out": 0.0,
    "oneh-out": 0.08133768163485845,
    "redirect": 0.32834179193763147,
    "sft": 0.0,
    "dsfb": 0.0
  },
  "dutch": {
    "bad-redirect": 0.031838025828161524,
    "dsfb-red": 0.14132612711448442,
    "sfb": 0.14805842311790046,
    "oneh-in": 0.08688032833722832,
    "roll-in": 0.0,
    "unknown": 0.072903632847049,
    "dsfb-alt": 0.0,
    "alternate": 0.0,
    "sfR": 0.18880787437283908,
    "sfT": 0.0027272200107376766,
    "roll-out": 0.0,
    "oneh-out": 0.0361803441988089,
    "redirect": 0.2912780241727906,
    "sft": 0.0,
    "dsfb": 0.0
  },
  "monkeyracer": {
    "bad-redirect": 0.05963487495503386,
    "dsfb-red": 0.18517740119179818,
    "sfb": 0.09378274707915604,
    "oneh-in": 0.10627551339599918,
    "roll-in": 0.0,
    "unknown": 0.013436077701487402,
    "dsfb-alt": 0.0,
    "alternate": 0.0,
    "sfR": 0.09690789370786869,
    "sfT": 0.0009609068301609396,
    "roll-out": 0.0,
    "oneh-out": 0.12471554029748033,
    "redirect": 0.3191090448410154,
    "sft": 0.0,
    "dsfb": 0.0
  },
  "mt-quotes": {
    "bad-redirect": 0.059440778857532184,
    "dsfb-red": 0.1858960567050358,
    "sfb": 0.09111473685468736,
    "oneh-in": 0.10872300115944107,
    "roll-in": 0.0,
    "unknown": 0.007977133909467972,
    "dsfb-alt": 0.0,
    "alternate": 0.0,
    "sfR": 0.0964592223377679,
    "sfT": 0.0008740631835622333,
    "roll-out": 0.0,
    "oneh-out": 0.1277656255602969,
    "redirect": 0.32174938143220855,
    "sft": 0.0,
    "dsfb": 0.0
  },
  "english-450k": {
    "bad-redirect": 0.062254246474743334,
    "dsfb-red": 0.20589124370505543,
    "sfb": 0.1215248076215824,
    "oneh-in": 0.08850722767512853,
    "roll-in": 0.0,
    "unknown": 0.00015377410175167997,
    "dsfb-alt": 0.0,
    "alternate": 0.0,
    "sfR": 0.11369548401129392,
    "sfT": 0.002441675471159755,
    "roll-out": 0.0,
    "oneh-out": 0.0794009358586588,
    "redirect": 0.32613060508062613,
    "sft": 0.0,
    "dsfb": 0.0
  },
  "keymash": {
    "bad-redirect": 0.05913067036652395,
    "dsfb-red": 0.18378740050818307,
    "sfb": 0.09561066117161235,
    "oneh-in": 0.10748194882867498,
    "roll-in": 0.0,
    "unknown": 0.01232282349464109,
    "dsfb-alt": 0.0,
    "alternate": 0.0,
    "sfR": 0.099723742164827,
    "sfT": 0.0008825473189033426,
    "roll-out": 0.0,
    "oneh-out": 0.1222020171337326,
    "redirect": 0.3188581890129016,
    "sft": 0.0,
    "dsfb": 0.0
  },
  "english-1k": {
    "bad-redirect": 0.06069160197600565,
    "dsfb-red": 0.187014820042343,
    "sfb": 0.10691601976005646,
    "oneh-in": 0.11432604093154553,
    "roll-in": 0.0,
    "unknown": 0.0,
    "dsfb-alt": 0.0,
    "alternate": 0.0,
    "sfR": 0.10832745236414962,
    "sfT": 0.00035285815102328866,
    "roll-out": 0.0,
    "oneh-out": 0.09809456598447425,
    "redirect": 0.32427664079040225,
    "sft": 0.0,
    "dsfb": 0.0
  },
  "wordle": {
    "bad-redirect": 0.05398855604173679,
    "dsfb-red": 0.20399416582519914,
    "sfb": 0.13259284191630202,
    "oneh-in": 0.08089307752720745,
    "roll-in": 0.0,
    "unknown": 0.0,
    "dsfb-alt": 0.0,
    "alternate": 0.0,
    "sfR": 0.13138112868843263,
    "sfT": 0.003769774486704813,
    "roll-out": 0.0,
    "oneh-out": 0.06924716705935151,
    "redirect": 0.3241332884550656,
    "sft": 0.0,
    "dsfb": 0.0
  },
  "movie": {
    "bad-redirect": 0.06278611837567735,
    "dsfb-red": 0.1921306071700556,
    "sfb": 0.0874097847467314,
    "oneh-in": 0.09293110366238101,
    "roll-in": 0.0,
    "unknown": 0.030236445784519856,
    "dsfb-alt": 0.0,
    "alternate": 0.0,