{
  "dutch": {
    "dsfb": 0.0,
    "sfb": 0.1905970448831807,
    "roll-out": 0.07716449161948746,
    "sfR": 0.18880787437283908,
    "roll-in": 0.12272113501640614,
    "alternate": 0.22039388288802983,
    "dsfb-alt": 0.0904647299663629,
    "sft": 0.0,
    "sfT": 0.01525399561749872,
    "dsfb-red": 0.0051219851655670365,
    "oneh-in": 0.006591754438203293,
    "oneh-out": 0.00048639072441448696,
    "redirect": 0.008596811711132466,
    "bad-redirect": 0.00019720287499485833,
    "unknown": 0.07360270072188302
  },
  "english-1k": {
    "dsfb": 0.0,
    "sfb": 0.14255469301340862,
    "roll-out": 0.16055045871559634,
    "sfR": 0.10832745236414962,
    "roll-in": 0.14502470007057164,
    "alternate": 0.2727593507410021,
    "dsfb-alt": 0.1400846859562456,
    "sft": 0.0,
    "sfT": 0.008115737473535639,
    "dsfb-red": 0.010232886379675371,
    "oneh-in": 0.0007057163020465773,
    "oneh-out": 0.001058574453069866,
    "redirect": 0.010232886379675371,
    "bad-redirect": 0.00035285815102328866,
    "unknown": 0.0
  },
  "shai": {
    "dsfb": 0.0,
    "sfb": 0.14055967814299644,
    "roll-out": 0.16312966132684426,
    "sfR": 0.09823378925716947,
    "roll-in": 0.1344370552319722,
    "alternate": 0.28275585027772504,
    "dsfb-alt": 0.12465974075072926,
    "sft": 0.0,
    "sfT": 0.0062044820572492295,
    "dsfb-red": 0.008590523288559412,
    "oneh-in": 0.0013934632820509327,
    "oneh-out": 0.001268596153185207,
    "redirect": 0.013846987413120933,
    "bad-redirect": 0.0008224231669666491,
    "unknown": 0.024097749651430984
  },
  "akl": {
    "dsfb": 0.0,
    "sfb": 0.1197941854942543,
    "roll-out": 0.16138909364769416,
    "sfR": 0.11790358951788564,
    "roll-in": 0.11355068372093773,
    "alternate": 0.2569729201678564,
    "dsfb-alt": 0.11481925899987745,
    "sft": 0.0,
    "sfT": 0.006208807391786675,
    "dsfb-red": 0.009445421463010027,
    "oneh-in": 0.0020480217325605904,
    "oneh-out": 0.0015763640065121355,
    "redirect": 0.0225672082831349,
    "bad-redirect": 0.00041317291146947927,
    "unknown": 0.07331127266302054
  },
  "monkeyracer": {
    "dsfb": 0.0,
    "sfb": 0.1279658100943116,
    "roll-out": 0.18736998920812675,
    "sfR": 0.09690789370786869,
    "roll-in": 0.12784655207469853,
    "alternate": 0.28230230539437257,
    "dsfb-alt": 0.12506256158405932,
    "sft": 0.0,
    "sfT": 0.005775216228474905,
    "dsfb-red": 0.008698992758496645,
    "oneh-in": 0.0013480066315279104,
    "oneh-out": 0.002209205937094327,
    "redirect": 0.020316874423260398,
    "bad-redirect": 0.0007047953454181459,
    "unknown": 0.013491796612290222
  },
  "tr-quotes": {
    "dsfb": 0.0,
    "sfb": 0.12828413582672615,
    "roll-out": 0.18717204872749127,
    "sfR": 0.09677191928064538,
    "roll-in": 0.12789810683987887,
    "alternate": 0.2827107556459629,
    "dsfb-alt": 0.12468505120085065,
    "sft": 0.0,
    "sfT": 0.005721088278125795,
    "dsfb-red": 0.008641732738494256,
    "oneh-in": 0.0013279859457710178,
    "oneh-out": 0.002214465685028085,
    "redirect": 0.019944060470169438,
    "bad-redirect": 0.0007339173851737131,
    "unknown": 0.013894731975682485
  },
  "reddit": {
    "dsfb": 0.0,
    "sfb": 0.12729178969085836,
    "roll-out": 0.17189390487352785,
    "sfR": 0.10397777127267367,
    "roll-in": 0.12455983325457912,
    "alternate": 0.27281436461832675,
    "dsfb-alt": 0.11861039739131592,
    "sft": 0.0,
    "sfT": 0.005883922847467607,
    "dsfb-red": 0.00838858770007175,
    "oneh-in": 0.0014280638806217255,
    "oneh-out": 0.001995169117411573,
    "redirect": 0.017437699425609295,
    "bad-redirect": 0.000519084832987695,
    "unknown": 0.04519941109454869
  },
  "keymash": {
    "dsfb": 0.0,
    "sfb": 0.12661475372824932,
    "roll-out": 0.18586446536104395,
    "sfR": 0.099723742164827,
    "roll-in": 0.13065805191020183,
    "alternate": 0.28142586807764775,
    "dsfb-alt": 0.12351557593396083,
    "sft": 0.0,
    "sfT": 0.006025950996047009,
    "dsfb-red": 0.009260589541609028,
    "oneh-in": 0.0014572292940031935,
    "oneh-out": 0.0022371548316387057,
    "redirect": 0.020027666832229805,
    "bad-redirect": 0.0008127645076412178,
    "unknown": 0.012376186820900362
  },
  "english-10k": {
    "dsfb": 0.0,
    "sfb": 0.17176434264101426,
    "roll-out": 0.1215916327357635,
    "sfR": 0.10567144593890508,
    "roll-in": 0.14237471295420775,
    "alternate": 0.28629320159780786,
    "dsfb-alt": 0.14237471295420775,
    "sft": 0.0,
    "sfT": 0.007718878446961656,
    "dsfb-red": 0.009629300862584667,
    "oneh-in": 0.002006908396210031,
    "oneh-out": 0.0008876710214005905,
    "redirect": 0.00912757376353216,
    "bad-redirect": 0.0005596186874047201,
    "unknown": 0.0
  },
  "wordle": {
    "dsfb": 0.0,
    "sfb": 0.15431392348255357,
    "roll-out": 0.1343206552227084,
    "sfR": 0.13138112868843263,
    "roll-in": 0.14251093907775159,
    "alternate": 0.2760462246157298,
    "dsfb-alt": 0.12054302703915629,
    "sft": 0.0,
    "sfT": 0.009357118815213733,
    "dsfb-red": 0.015236171883765286,
    "oneh-in": 0.00381465275440368,
    "oneh-out": 0.0014585437002131718,
    "redirect": 0.010299562436889936,
    "bad-redirect": 0.0007180522831818692,
    "unknown": 0.0
  },
  "chained-bigrams": {
    "dsfb": 0.0,
    "sfb": 0.12620600230243445,
    "roll-out": 0.15812517165992795,
    "sfR": 0.11914286586209158,
    "roll-in": 0.1184162939116647,
    "alternate": 0.28986909368103164,
    "dsfb-alt": 0.12849025620913845,
    "sft": 0.0,
    "sfT": 0.006840424930962679,
    "dsfb-red": 0.012747799019420055,
    "oneh-in": 0.0022823059926277947,
    "oneh-out": 0.0014505466820854888,
    "redirect": 0.01241535501707996,
    "bad-redirect": 0.0008544849747647731,
    "unknown": 0.023159399756770463
  },
  "english-450k": {
    "dsfb": 0.0,
    "sfb": 0.15961137834802178,
    "roll-out": 0.13620994199266678,
    "sfR": 0.11369548401129392,
    "roll-in": 0.12368524604733319,
    "alternate": 0.29276133265431054,
    "dsfb-alt": 0.14027881641886428,
    "sft": 0.0,
    "sfT": 0.009135526436574615,
    "dsfb-red": 0.011437168077431984,
    "oneh-in": 0.0024375826243450715,
    "oneh-out": 0.0010542004009820494,
    "redirect": 0.009120616780321125,
    "bad-redirect": 0.00041893210610296084,
    "unknown": 0.00015377410175167997
  },
  "english-200": {
    "dsfb": 0.0,
    "sfb": 0.1403118040089087,
    "roll-out": 0.20044543429844097,
    "sfR": 0.10690423162583519,
    "roll-in": 0.12026726057906459,
    "alternate": 0.2739420935412027,
    "dsfb-alt": 0.133630289532294,
    "sft": 0.0,
    "sfT": 0.0066815144766146995,
    "dsfb-red": 0.008908685968819599,
    "oneh-in": 0.0,
    "oneh-out": 0.0,
    "redirect": 0.008908685968819599,
    "bad-redirect": 0.0,
    "unknown": 0.0
  },
  "english-5k": {
    "dsfb": 0.0,
    "sfb": 0.16696395237897707,
    "roll-out": 0.12801261044509893,
    "sfR": 0.10644211224955408,
    "roll-in": 0.1390467499066661,
    "alternate": 0.28904467582030113,
    "dsfb-alt": 0.1407060189986311,
    "sft": 0.0,
    "sfT": 0.007259302277346829,
    "dsfb-red": 0.009001534823910067,
    "oneh-in": 0.0008711162732816195,
    "oneh-out": 0.00078815281868337,
    "redirect": 0.009208943460405692,
    "bad-redirect": 0.0004977807275894969,
    "unknown": 0.002157049819554486
  },
  "movie": {
    "dsfb": 0.0,
    "sfb": 0.11418797093109025,
    "roll-out": 0.1860242042640595,
    "sfR": 0.11567713207251198,
    "roll-in": 0.11180565525919577,
    "alternate": 0.28177400203108105,
    "dsfb-alt": 0.10965074065237523,
    "sft": 0.0,
    "sfT": 0.005233119649149635,
    "dsfb-red": 0.007707422210214651,
    "oneh-in": 0.0011904340478350248,
    "oneh-out": 0.003826470352520342,
    "redirect": 0.031859310329943415,
    "bad-redirect": 0.0007811647698373543,
    "unknown": 0.030282373430185833
  },
  "gutenberg": {
    "dsfb": 0.0,
    "sfb": 0.12082978612966644,
    "roll-out": 0.19715575832868265,
    "sfR": 0.09863878308844841,
    "roll-in": 0.1375276909210151,