{
  "english-1k": {
    "sfb": 0.16090331686661963,
    "unknown": 0.0,
    "outoneh": 0.014820042342978124,
    "red-sfs": 0.05257586450247001,
    "alt-sfs": 0.05786873676781934,
    "sft": 0.006351446718419196,
    "inroll": 0.17889908256880735,
    "bad-red-sfs": 0.00529287226534933,
    "red": 0.04199011997177135,
    "sfr": 0.10832745236414962,
    "outroll": 0.19654199011997178,
    "inoneh": 0.007410021171489062,
    "bad-red": 0.00529287226534933,
    "alt": 0.16372618207480594
  },
  "shai": {
    "sfb": 0.1681599194087997,
    "unknown": 0.023260762136131256,
    "outoneh": 0.01111475746625081,
    "red-sfs": 0.048713727689802526,
    "alt-sfs": 0.05651024048243252,
    "sft": 0.007666238702663739,
    "inroll": 0.16455732354109584,
    "bad-red-sfs": 0.004167408495020951,
    "red": 0.03710779986456666,
    "sfr": 0.09823378925716947,
    "outroll": 0.21913364459676998,
    "inoneh": 0.008850781187831558,
    "bad-red": 0.00438264192866496,
    "alt": 0.14814096524280004
  },
  "chained-bigrams": {
    "sfb": 0.15504292228666933,
    "unknown": 0.022916559801936097,
    "outoneh": 0.016518960670965498,
    "red-sfs": 0.03910502438463771,
    "alt-sfs": 0.053107929373830035,
    "sft": 0.006181380668511125,
    "inroll": 0.1487621980002714,
    "bad-red-sfs": 0.004501629430124751,
    "red": 0.04628568497424533,
    "sfr": 0.11914286586209158,
    "outroll": 0.22771634994665962,
    "inoneh": 0.011113499109478614,
    "bad-red": 0.0037224637996401554,
    "alt": 0.14588253169093876
  },
  "english-200": {
    "sfb": 0.17817371937639198,
    "unknown": 0.0,
    "outoneh": 0.008908685968819599,
    "red-sfs": 0.0400890868596882,
    "alt-sfs": 0.05790645879732739,
    "sft": 0.004454342984409799,
    "inroll": 0.1492204899777283,
    "bad-red-sfs": 0.0066815144766146995,
    "red": 0.026726057906458798,
    "sfr": 0.10690423162583519,
    "outroll": 0.24053452115812918,
    "inoneh": 0.0066815144766146995,
    "bad-red": 0.011135857461024499,
    "alt": 0.16258351893095768
  },
  "english-450k": {
    "sfb": 0.1868747080192317,
    "unknown": 0.00015377410175167997,
    "outoneh": 0.012458333357695518,
    "red-sfs": 0.05709696714204108,
    "alt-sfs": 0.06110035601920364,
    "sft": 0.008616904275914005,
    "inroll": 0.16272691181259907,
    "bad-red-sfs": 0.0038829422423304434,
    "red": 0.04140002256912672,
    "sfr": 0.11369548401129392,
    "outroll": 0.19112162128186794,
    "inoneh": 0.005838738327347058,
    "bad-red": 0.00457814150842454,
    "alt": 0.1504550953311727
  },
  "english-5k": {
    "sfb": 0.17617289583938275,
    "unknown": 0.002157049819554486,
    "outoneh": 0.014974903554984029,
    "red-sfs": 0.05172771394200854,
    "alt-sfs": 0.061683328493798484,
    "sft": 0.006637076367859957,
    "inroll": 0.1789521715684241,
    "bad-red-sfs": 0.00472891691210022,
    "red": 0.03878541502468163,
    "sfr": 0.10644211224955408,
    "outroll": 0.18156552038826898,
    "inoneh": 0.004977807275894968,
    "bad-red": 0.005102252457792342,
    "alt": 0.16609283610569545
  },
  "monkeyracer": {
    "sfb": 0.16213812033720693,
    "unknown": 0.013436077701487402,
    "outoneh": 0.011701948793343447,
    "red-sfs": 0.045618147551496006,
    "alt-sfs": 0.05508547476422103,
    "sft": 0.007279626820151086,
    "inroll": 0.16501204310493142,
    "bad-red-sfs": 0.00439299623066456,
    "red": 0.037204592020269954,
    "sfr": 0.09690789370786869,
    "outroll": 0.23602432863600106,
    "inoneh": 0.011129119289300405,
    "bad-red": 0.005325554843048626,
    "alt": 0.14874407620000937
  },
  "tr-quotes": {
    "sfb": 0.16247890709877258,
    "unknown": 0.013835787429786644,
    "outoneh": 0.011751924366057188,
    "red-sfs": 0.04564850558239523,
    "alt-sfs": 0.055042648112618754,
    "sft": 0.007224752086174614,
    "inroll": 0.16483206583296733,
    "bad-red-sfs": 0.004329534684820046,
    "red": 0.037188229583227386,
    "sfr": 0.09677191928064538,
    "outroll": 0.2355516516030605,
    "inoneh": 0.011138207623494602,
    "bad-red": 0.005226416402764614,
    "alt": 0.14897945031321513
  },
  "movie": {
    "sfb": 0.14812547432795944,
    "unknown": 0.030236445784519856,
    "outoneh": 0.009255670781160822,
    "red-sfs": 0.04486328234750541,
    "alt-sfs": 0.056126346558433585,
    "sft": 0.005824915129263951,
    "inroll": 0.16613569132095146,
    "bad-red-sfs": 0.004144673926217566,
    "red": 0.03736536389631722,
    "sfr": 0.11567713207251198,
    "outroll": 0.21513733089842238,
    "inoneh": 0.011207398325206947,
    "bad-red": 0.004251399773309563,
    "alt": 0.1516488748582198
  },
  "gutenberg": {
    "sfb": 0.156264124879755,
    "unknown": 0.032975828246008664,
    "outoneh": 0.009571672078875413,
    "red-sfs": 0.03886750147665968,
    "alt-sfs": 0.05020946024536609,
    "sft": 0.007182305998742897,
    "inroll": 0.15424700206827074,
    "bad-red-sfs": 0.0039071335449721014,
    "red": 0.0380015859647049,
    "sfr": 0.09863878308844841,
    "outroll": 0.24421355889949356,
    "inoneh": 0.014287890102420889,
    "bad-red": 0.00480487443562048,
    "alt": 0.14682827897066117
  },
  "keymash": {
    "sfb": 0.16494193659615866,
    "unknown": 0.01232282349464109,
    "outoneh": 0.01116114493068925,
    "red-sfs": 0.04607717978925591,
    "alt-sfs": 0.05376149877059106,
    "sft": 0.007372348766280946,
    "inroll": 0.16453555434233805,
    "bad-red-sfs": 0.0039776202419411115,
    "red": 0.03716139943270679,
    "sfr": 0.099723742164827,
    "outroll": 0.23455234326575347,
    "inoneh": 0.01063982628184867,
    "bad-red": 0.005159823162146519,
    "alt": 0.14861275876082147
  },
  "english-10k": {
    "sfb": 0.1877810154184597,
    "unknown": 0.0,
    "outoneh": 0.01379749522394396,
    "red-sfs": 0.057679319194920975,
    "alt-sfs": 0.061538758418401805,
    "sft": 0.00764168966249204,
    "inroll": 0.1715327762876054,
    "bad-red-sfs": 0.004187491557476698,
    "red": 0.03890314737268675,
    "sfr": 0.10567144593890508,
    "outroll": 0.186410914494124,
    "inoneh": 0.005190945755581714,
    "bad-red": 0.0044769494992377605,
    "alt": 0.1551880511761641
  },
  "mt-quotes": {
    "sfb": 0.16167628883231136,
    "unknown": 0.007977133909467972,
    "outoneh": 0.011854388544244032,
    "red-sfs": 0.04565299243375049,
    "alt-sfs": 0.05452510727818219,
    "sft": 0.0071538709793093555,
    "inroll": 0.16539964858177644,
    "bad-red-sfs": 0.004575011056525741,
    "red": 0.03725750349625274,
    "sfr": 0.0964592223377679,
    "outroll": 0.24111144977946714,
    "inoneh": 0.01169003478323233,
    "bad-red": 0.005490909742890953,
    "alt": 0.14917643824482135
  }
}