{
  "english-1k": {
    "sfb": 0.012350035285815103,
    "unknown": 0.0,
    "outoneh": 0.013408609738884969,
    "red-sfs": 0.019760056457304165,
    "alt-sfs": 0.043401552575864505,
    "sft": 0.0,
    "inroll": 0.18736767819336628,
    "bad-red-sfs": 0.007057163020465773,
    "red": 0.04763585038814397,
    "sfr": 0.10832745236414962,
    "outroll": 0.2025405786873677,
    "inoneh": 0.02364149611856034,
    "bad-red": 0.0024700070571630206,
    "alt": 0.3320395201129146
  },
  "shai": {
    "sfb": 0.019801557173833684,
    "unknown": 0.016772683614515952,
    "outoneh": 0.009608553046120101,
    "red-sfs": 0.022606214080671084,
    "alt-sfs": 0.04088212577094673,
    "sft": 0.00006104408767188098,
    "inroll": 0.20791627098187318,
    "bad-red-sfs": 0.005585197296411078,
    "red": 0.04536980672416959,
    "sfr": 0.09823378925716947,
    "outroll": 0.181666407607304,
    "inoneh": 0.020655094557183434,
    "bad-red": 0.0025989485492624084,
    "alt": 0.3282423072528674
  },
  "chained-bigrams": {
    "sfb": 0.022681511503406578,
    "unknown": 0.017076064096761982,
    "outoneh": 0.008717564795738483,
    "red-sfs": 0.021484842955920652,
    "alt-sfs": 0.05136844210377318,
    "sft": 0.00010259014134713841,
    "inroll": 0.20315964649255344,
    "bad-red-sfs": 0.0070514489558855895,
    "red": 0.04281774861389681,
    "sfr": 0.11914286586209158,
    "outroll": 0.18652121375824698,
    "inoneh": 0.01931032154217656,
    "bad-red": 0.002030375772104442,
    "alt": 0.2985353634060966
  },
  "english-200": {
    "sfb": 0.011135857461024499,
    "unknown": 0.0,
    "outoneh": 0.013363028953229399,
    "red-sfs": 0.015590200445434299,
    "alt-sfs": 0.0467706013363029,
    "sft": 0.0,
    "inroll": 0.17371937639198218,
    "bad-red-sfs": 0.004454342984409799,
    "red": 0.044543429844097995,
    "sfr": 0.10690423162583519,
    "outroll": 0.20044543429844097,
    "inoneh": 0.031180400890868598,
    "bad-red": 0.0022271714922048997,
    "alt": 0.34966592427616927
  },
  "english-450k": {
    "sfb": 0.028792007956494208,
    "unknown": 0.0,
    "outoneh": 0.005661868875712521,
    "red-sfs": 0.022493993747299452,
    "alt-sfs": 0.03581884124490368,
    "sft": 0.00002601881189334509,
    "inroll": 0.2501983568974116,
    "bad-red-sfs": 0.005855694407007889,
    "red": 0.05069546237767504,
    "sfr": 0.11369548401129392,
    "outroll": 0.18296253115679637,
    "inoneh": 0.025593448170819055,
    "bad-red": 0.003358765503849907,
    "alt": 0.274847526838843
  },
  "english-5k": {
    "sfb": 0.022026797195835234,
    "unknown": 0.0,
    "outoneh": 0.006678558095159082,
    "red-sfs": 0.022980876923715105,
    "alt-sfs": 0.04127431866262911,
    "sft": 0.00008296345459824948,
    "inroll": 0.2317584104202099,
    "bad-red-sfs": 0.006429667731364334,
    "red": 0.04687435184801095,
    "sfr": 0.10644211224955408,
    "outroll": 0.1852988758451902,
    "inoneh": 0.02136308955904924,
    "bad-red": 0.0029866843655369808,
    "alt": 0.30580329364914755
  },
  "monkeyracer": {
    "sfb": 0.01622788839013404,
    "unknown": 0.01033830176580071,
    "outoneh": 0.011858352753491718,
    "red-sfs": 0.020398986502338238,
    "alt-sfs": 0.04092896132130065,
    "sft": 0.00001661792076575379,
    "inroll": 0.2159244647074464,
    "bad-red-sfs": 0.009832921469571609,
    "red": 0.04258684329887233,
    "sfr": 0.09690789370786869,
    "outroll": 0.1850278399049064,
    "inoneh": 0.01895322739571766,
    "bad-red": 0.0033822356382063592,
    "alt": 0.3276154652235795
  },
  "tr-quotes": {
    "sfb": 0.016332262314786992,
    "unknown": 0.010735997780911213,
    "outoneh": 0.011734587734911352,
    "red-sfs": 0.02043064191766256,
    "alt-sfs": 0.04106932340907515,
    "sft": 0.00001733663114583574,
    "inroll": 0.21555558123945354,
    "bad-red-sfs": 0.009760523335105522,
    "red": 0.04255333903515869,
    "sfr": 0.09677191928064538,
    "outroll": 0.1848963269457479,
    "inoneh": 0.018924666558794295,
    "bad-red": 0.0032685328586948984,
    "alt": 0.32794896095790665
  },
  "movie": {
    "sfb": 0.015365626828798712,
    "unknown": 0.024744473186874588,
    "outoneh": 0.01249100364275977,
    "red-sfs": 0.022606929494747206,
    "alt-sfs": 0.04110182132724579,
    "sft": 0.00002079245849634467,
    "inroll": 0.20336616743271962,
    "bad-red-sfs": 0.011624431875681102,
    "red": 0.04287549699568714,
    "sfr": 0.11567713207251198,
    "outroll": 0.19157855423719378,
    "inoneh": 0.015087955389385503,
    "bad-red": 0.0037238240384244634,
    "alt": 0.299735791019474
  },
  "gutenberg": {
    "sfb": 0.01673958088249502,
    "unknown": 0.030721151714990094,
    "outoneh": 0.01057095108249858,
    "red-sfs": 0.019974971612898827,
    "alt-sfs": 0.04407720230673376,
    "sft": 0.000010987333120406395,
    "inroll": 0.19456767306849315,
    "bad-red-sfs": 0.008238605472525416,
    "red": 0.044391667358110905,
    "sfr": 0.09863878308844841,
    "outroll": 0.17092009064170952,
    "inoneh": 0.019444738071450248,
    "bad-red": 0.003000299688982698,
    "alt": 0.338703297677543
  },
  "keymash": {
    "sfb": 0.016608309080385693,
    "unknown": 0.009691601022933916,
    "outoneh": 0.011637309995771982,
    "red-sfs": 0.02032321756228116,
    "alt-sfs": 0.04180400881726345,
    "sft": 0.000016419485002852885,
    "inroll": 0.21181956627930365,
    "bad-red-sfs": 0.01000357123798812,
    "red": 0.04363067652383083,
    "sfr": 0.099723742164827,
    "outroll": 0.18499423265589274,
    "inoneh": 0.018660744705742305,
    "bad-red": 0.003370099296835555,
    "alt": 0.32771650117194073
  },
  "english-10k": {
    "sfb": 0.0242179811273422,
    "unknown": 0.0,
    "outoneh": 0.006194399953686729,
    "red-sfs": 0.025163543737095,
    "alt-sfs": 0.04044692306207908,
    "sft": 0.0,
    "inroll": 0.24160089538989984,
    "bad-red-sfs": 0.005326026128403543,
    "red": 0.045406302464251945,
    "sfr": 0.10567144593890508,
    "outroll": 0.1794060323035063,
    "inoneh": 0.02250053067289323,
    "bad-red": 0.002740201848671388,
    "alt": 0.3013257173732657
  },
  "mt-quotes": {
    "sfb": 0.015260993772486582,
    "unknown": 0.006137865911237016,
    "outoneh": 0.01225630819617265,
    "red-sfs": 0.020248383356641683,
    "alt-sfs": 0.040614802596191775,
    "sft": 0.000010458875700744673,
    "inroll": 0.2180376758585243,
    "bad-red-sfs": 0.010621735336656267,
    "red": 0.042076056944095816,
    "sfr": 0.0964592223377679,
    "outroll": 0.18448112023523505,
    "inoneh": 0.01877517600793679,
    "bad-red": 0.0035873943653554224,
    "alt": 0.331432806205998
  }
}