{
  "english-450k": {
    "dsfb-alt": 0.04242703477341123,
    "redirect": 0.05576269908045426,
    "dsfb": 0.0,
    "unknown": 0.0001543587941537776,
    "sfb": 0.04342656643479715,
    "sft": 0.0,
    "bad-redirect": 0.015997768813793594,
    "roll-out": 0.17546823629290983,
    "oneh-in": 0.015546093933173166,
    "alternate": 0.2616960406384607,
    "oneh-out": 0.010763894776416549,
    "dsfb-red": 0.022703605973451457,
    "roll-in": 0.24228279115781373,
    "sfR": 0.11369548401129392,
    "sfT": 0.00007542531987059588
  },
  "wordle": {
    "dsfb-alt": 0.05167732525524515,
    "redirect": 0.049164142264108604,
    "dsfb": 0.0,
    "unknown": 0.0,
    "sfb": 0.039537753842701674,
    "sft": 0.0,
    "bad-redirect": 0.016088858970043755,
    "roll-out": 0.16616178615505442,
    "oneh-in": 0.01631325030853809,
    "alternate": 0.25686076517446427,
    "oneh-out": 0.0096712666891058,
    "dsfb-red": 0.024166947155839783,
    "roll-in": 0.23886457982721868,
    "sfR": 0.13138112868843263,
    "sfT": 0.00011219566924716706
  },
  "english-5k": {
    "dsfb-alt": 0.04268469739079935,
    "redirect": 0.05546106939892977,
    "dsfb": 0.0,
    "unknown": 0.0022400132741527356,
    "sfb": 0.0273364582901232,
    "sft": 0.0,
    "bad-redirect": 0.015099348736881403,
    "roll-out": 0.19948562658149085,
    "oneh-in": 0.013688970008711162,
    "alternate": 0.24868295515825278,
    "oneh-out": 0.011407475007259303,
    "dsfb-red": 0.027875720745011823,
    "roll-in": 0.2495540714315344,
    "sfR": 0.10644211224955408,
    "sfT": 0.00004148172729912474
  },
  "shai": {
    "dsfb-alt": 0.04317050884729008,
    "redirect": 0.04846669884782574,
    "dsfb": 0.0,
    "unknown": 0.06456276146546681,
    "sfb": 0.021331494940756427,
    "sft": 0.0,
    "bad-redirect": 0.01762523017321163,
    "roll-out": 0.1902712901125298,
    "oneh-in": 0.022420159659007694,
    "alternate": 0.22297177032189106,
    "oneh-out": 0.01121861214571439,
    "dsfb-red": 0.0243247646094773,
    "roll-in": 0.2353571520355409,
    "sfR": 0.09823378925716947,
    "sfT": 0.000045767584118690886
  },
  "chained-bigrams": {
    "dsfb-alt": 0.04487799240183649,
    "redirect": 0.055988894292546824,
    "dsfb": 0.0,
    "unknown": 0.05987563217928082,
    "sfb": 0.02417880812332114,
    "sft": 0.0,
    "bad-redirect": 0.012688712292441638,
    "roll-out": 0.17817634985575695,
    "oneh-in": 0.01817144111228491,
    "alternate": 0.2205486754508934,
    "oneh-out": 0.011781633637619155,
    "dsfb-red": 0.029651797372783353,
    "roll-in": 0.2248451245983239,
    "sfR": 0.11914286586209158,
    "sfT": 0.00007207282081982508
  },
  "english-200": {
    "dsfb-alt": 0.0400890868596882,
    "redirect": 0.035634743875278395,
    "dsfb": 0.0,
    "unknown": 0.0,
    "sfb": 0.013363028953229399,
    "sft": 0.0,
    "bad-redirect": 0.017817371937639197,
    "roll-out": 0.19376391982182628,
    "oneh-in": 0.017817371937639197,
    "alternate": 0.26948775055679286,
    "oneh-out": 0.0066815144766146995,
    "dsfb-red": 0.035634743875278395,
    "roll-in": 0.26280623608017817,
    "sfR": 0.10690423162583519,
    "sfT": 0.0
  },
  "dutch": {
    "dsfb-alt": 0.030643906655297586,
    "redirect": 0.037956030751885896,
    "dsfb": 0.0,
    "unknown": 0.10091671544141545,
    "sfb": 0.04305328935220308,
    "sft": 0.0,
    "bad-redirect": 0.00952672063094592,
    "roll-out": 0.10881784819782428,
    "oneh-in": 0.016444403115956043,
    "alternate": 0.22046164335944332,
    "oneh-out": 0.0072119268184039804,
    "dsfb-red": 0.01558824355283052,
    "roll-in": 0.22038190511748096,
    "sfR": 0.18880787437283908,
    "sfT": 0.0001894926334738737
  },
  "monkeyracer": {
    "dsfb-alt": 0.04324960508000063,
    "redirect": 0.04823791388397954,
    "dsfb": 0.0,
    "unknown": 0.0900202543128392,
    "sfb": 0.01786817492218903,
    "sft": 0.0,
    "bad-redirect": 0.02332471808186183,
    "roll-out": 0.1802927100114175,
    "oneh-in": 0.024105760357852262,
    "alternate": 0.21790883995182758,
    "oneh-out": 0.012014756713639989,
    "dsfb-red": 0.021635555312260506,
    "roll-in": 0.22441524469399565,
    "sfR": 0.09690789370786869,
    "sfT": 0.000018572970267607176
  },
  "keymash": {
    "dsfb-alt": 0.04367583010758867,
    "redirect": 0.04782995981331046,
    "dsfb": 0.0,
    "unknown": 0.0849421007910087,
    "sfb": 0.017868504554354653,
    "sft": 0.0,
    "bad-redirect": 0.022433121385147754,
    "roll-out": 0.18058970580387745,
    "oneh-in": 0.02430083780422227,
    "alternate": 0.21951619987439094,
    "oneh-out": 0.01162089051076913,
    "dsfb-red": 0.021796866341287205,
    "roll-in": 0.22566940187921006,
    "sfR": 0.099723742164827,
    "sfT": 0.00003283897000570577
  },
  "movie": {
    "dsfb-alt": 0.040500550802753395,
    "redirect": 0.044758004076637846,
    "dsfb": 0.0,
    "unknown": 0.15450046842250645,
    "sfb": 0.014907139959170455,
    "sft": 0.0,
    "bad-redirect": 0.031757190407201874,
    "roll-out": 0.15382695068463118,
    "oneh-in": 0.018954299886996935,
    "alternate": 0.1936023973967842,
    "oneh-out": 0.010548619545253142,
    "dsfb-red": 0.021240154343209007,
    "roll-in": 0.199713011433615,
    "sfR": 0.11567713207251198,
    "sfT": 0.000014080968728537216
  },
  "tr-quotes": {
    "dsfb-alt": 0.043168211553131,
    "redirect": 0.048353020041145604,
    "dsfb": 0.0,
    "unknown": 0.09006264302720696,
    "sfb": 0.018084417835926122,
    "sft": 0.0,
    "bad-redirect": 0.023057719423961537,
    "roll-out": 0.18058644044289313,
    "oneh-in": 0.0241557060631978,
    "alternate": 0.21790527264741916,
    "oneh-out": 0.012046647095536395,
    "dsfb-red": 0.02176440674048219,
    "roll-in": 0.22402510344189916,
    "sfR": 0.09677191928064538,
    "sfT": 0.000018492406555558125
  },
  "akl": {
    "dsfb-alt": 0.043207701260558395,
    "redirect": 0.04561505765896439,
    "dsfb": 0.0,
    "unknown": 0.10992691752439232,
    "sfb": 0.024375590966128246,
    "sft": 0.0,
    "bad-redirect": 0.019321982570781805,
    "roll-out": 0.16733645409295195,
    "oneh-in": 0.018517134873540838,
    "alternate": 0.2011207896044729,
    "oneh-out": 0.01183896206305679,
    "dsfb-red": 0.0244712483323464,
    "roll-in": 0.21624425637611486,
    "sfR": 0.11790358951788564,
    "sfT": 0.0001203151588054774
  },
  "french": {
    "dsfb-alt": 0.030277171650053083,
    "redirect": 0.04181255793570523,
    "dsfb": 0.0,
    "unknown": 0.21023218208842423,
    "sfb": 0.0414079134639429,
    "sft": 0.0,
    "bad-redirect": 0.01443207978344292,
    "roll-out": 0.1452999059155534,
    "oneh-in": 0.017460703349667882,
    "alternate": 0.15734406044944046,
    "oneh-out": 0.008162420146988914,
    "dsfb-red": 0.015867684478828963,
    "roll-in": 0.208703180612818,
    "sfR": 0.10898279115633469,
    "sfT": 0.000017348968799317872
  },
  "gutenberg": {
    "dsfb-alt": 0.04316203323251508,
    "redirect": 0.047732763810604144,
    "dsfb": 0.0,
    "unknown": 0.09436925698728084,
    "sfb": 0.01812531091311179,
    "sft": 0.0,
    "bad-redirect": 0.018469896412181087,
    "roll-out": 0.19053759505463924,
    "oneh-in": 0.03253197787529983,
    "alternate": 0.20909254858011453,
    "oneh-out": 0.01082441749137968,
    "dsfb-red": 0.020832741343402277,
    "roll-in": 0.21565388082077652,
    "sfR": 0.09863878308844841,
    "sfT": 0.000028794390246582278
  },
  "english-1k": {
    "dsfb-alt": 0.040931545518701484,
    "redirect": 0.05187014820042343,
    "dsfb": 0.0,
    "unknown": 0.0,
    "sfb": 0.015172900494001412,
    "sft": 0.0,
    "bad-redirect": 0.019407198306280876,
    "roll-out": 0.19442484121383205,
    "oneh-in": 0.02081863091037403,
    "alternate": 0.25299929428369794,
    "oneh-out": 0.008821453775582216,
    "dsfb-red": 0.030345800988002825,
    "roll-in": 0.25688073394495414,
    "sfR": 0.10832745236414962,
    "sfT": 0.0
  },
  "reddit": {
    "dsfb-alt": 0.04336167548507818,
    "redirect": 0.04739201823726537,
    "dsfb": 0.0,
    "unknown": 0.1039671333673072,
    "sfb": 0.019323118322162595,