{
  "dutch": {
    "dsfb": 0.0,
    "sfb": 0.057040940557659896,
    "roll-out": 0.14018675065641947,
    "sfR": 0.18880787437283908,
    "roll-in": 0.23400330191989677,
    "alternate": 0.15166608098715764,
    "dsfb-alt": 0.03438036141954368,
    "sft": 0.0,
    "sfT": 0.0006883093982931103,
    "dsfb-red": 0.022709763306702397,
    "oneh-in": 0.02705939744139759,
    "oneh-out": 0.011595575669762681,
    "redirect": 0.050777212069188914,
    "bad-redirect": 0.008180799354089758,
    "unknown": 0.072903632847049
  },
  "english-1k": {
    "dsfb": 0.0,
    "sfb": 0.02081863091037403,
    "roll-out": 0.2519407198306281,
    "sfR": 0.10832745236414962,
    "roll-in": 0.239590684544813,
    "alternate": 0.2057163020465773,
    "dsfb-alt": 0.05081157374735357,
    "sft": 0.0,
    "sfT": 0.0,
    "dsfb-red": 0.02646436132674665,
    "oneh-in": 0.019760056457304165,
    "oneh-out": 0.014820042342978124,
    "redirect": 0.04904728299223712,
    "bad-redirect": 0.012702893436838392,
    "unknown": 0.0
  },
  "shai": {
    "dsfb": 0.0,
    "sfb": 0.031560296479507116,
    "roll-out": 0.23606997296596857,
    "sfR": 0.09823378925716947,
    "roll-in": 0.24115073601242,
    "alternate": 0.1914819307642695,
    "dsfb-alt": 0.04778720213720878,
    "sft": 0.0,
    "sfT": 0.0003074923683279184,
    "dsfb-red": 0.02316728015226498,
    "oneh-in": 0.027295969077601078,
    "oneh-out": 0.01474564215191014,
    "redirect": 0.048063328712581274,
    "bad-redirect": 0.016875597784639925,
    "unknown": 0.023260762136131256
  },
  "akl": {
    "dsfb": 0.0,
    "sfb": 0.041182912372772294,
    "roll-out": 0.21815350058255584,
    "sfR": 0.11790358951788564,
    "roll-in": 0.2010438424225798,
    "alternate": 0.19432577107333637,
    "dsfb-alt": 0.04390673109413317,
    "sft": 0.0,
    "sfT": 0.0004780390140798474,
    "dsfb-red": 0.02289222029296679,
    "oneh-in": 0.020435300492375227,
    "oneh-out": 0.011404848614163908,
    "redirect": 0.0421581962192789,
    "bad-redirect": 0.019460264462879552,
    "unknown": 0.06665478384099267
  },
  "monkeyracer": {
    "dsfb": 0.0,
    "sfb": 0.038803822512786024,
    "roll-out": 0.24042123496566933,
    "sfR": 0.09690789370786869,
    "roll-in": 0.21908773480144517,
    "alternate": 0.20131437978009603,
    "dsfb-alt": 0.045632810422759906,
    "sft": 0.0,
    "sfT": 0.0003323584153150758,
    "dsfb-red": 0.024190805011182884,
    "oneh-in": 0.028494846489513115,
    "oneh-out": 0.01784178175391401,
    "redirect": 0.04859568794281871,
    "bad-redirect": 0.024940566495143656,
    "unknown": 0.013436077701487402
  },
  "tr-quotes": {
    "dsfb": 0.0,
    "sfb": 0.03876586301749844,
    "roll-out": 0.24041399875176256,
    "sfR": 0.09677191928064538,
    "roll-in": 0.2189917015325582,
    "alternate": 0.20171632648343774,
    "dsfb-alt": 0.04576177157254802,
    "sft": 0.0,
    "sfT": 0.00033864219504865816,
    "dsfb-red": 0.024100228843531125,
    "oneh-in": 0.028408959570976167,
    "oneh-out": 0.017885624465453873,
    "redirect": 0.04844894940015256,
    "bad-redirect": 0.024560227456600633,
    "unknown": 0.013835787429786644
  },
  "reddit": {
    "dsfb": 0.0,
    "sfb": 0.03928728281489464,
    "roll-out": 0.22909886640757374,
    "sfR": 0.10397777127267367,
    "roll-in": 0.21542380160156663,
    "alternate": 0.1997547663153723,
    "dsfb-alt": 0.04501500824905884,
    "sft": 0.0,
    "sfT": 0.00023223596222569703,
    "dsfb-red": 0.02235630727589651,
    "oneh-in": 0.023882022632892814,
    "oneh-out": 0.015218085487930567,
    "redirect": 0.04776026206704615,
    "bad-redirect": 0.018708142511223647,
    "unknown": 0.039285447401644795
  },
  "keymash": {
    "dsfb": 0.0,
    "sfb": 0.037231182243968916,
    "roll-out": 0.24208888688206295,
    "sfR": 0.099723742164827,
    "roll-in": 0.21971733856567588,
    "alternate": 0.20062147750735798,
    "dsfb-alt": 0.045990977492990935,
    "sft": 0.0,
    "sfT": 0.0003448091850599106,
    "dsfb-red": 0.02519159486562704,
    "oneh-in": 0.027646307873553547,
    "oneh-out": 0.01758526843805544,
    "redirect": 0.048109091058358956,
    "bad-redirect": 0.023426500227820356,
    "unknown": 0.01232282349464109
  },
  "english-10k": {
    "dsfb": 0.0,
    "sfb": 0.027691476428474943,
    "roll-out": 0.22199494413461723,
    "sfR": 0.10567144593890508,
    "roll-in": 0.2843634819860674,
    "alternate": 0.19849095926361898,
    "dsfb-alt": 0.048628934215858434,
    "sft": 0.0,
    "sfT": 0.00017367476505663728,
    "dsfb-red": 0.02111113255244013,
    "oneh-in": 0.021072538160205323,
    "oneh-out": 0.010304702726693812,
    "redirect": 0.04561857162154339,
    "bad-redirect": 0.014878138206518593,
    "unknown": 0.0
  },
  "wordle": {
    "dsfb": 0.0,
    "sfb": 0.05358465163244699,
    "roll-out": 0.21864692022887916,
    "sfR": 0.13138112868843263,
    "roll-in": 0.21992595085829686,
    "alternate": 0.19842926063053967,
    "dsfb-alt": 0.05190171659373948,
    "sft": 0.0,
    "sfT": 0.0001570739369460339,
    "dsfb-red": 0.027443060697857062,
    "oneh-in": 0.021496690227757208,
    "oneh-out": 0.013059575900370246,
    "redirect": 0.05122854257825648,
    "bad-redirect": 0.012745428026478179,
    "unknown": 0.0
  },
  "chained-bigrams": {
    "dsfb": 0.0,
    "sfb": 0.029954373359288206,
    "roll-out": 0.23241212147971346,
    "sfR": 0.11914286586209158,
    "roll-in": 0.22137978545674364,
    "alternate": 0.19758276849235995,
    "dsfb-alt": 0.04849072370851674,
    "sft": 0.0,
    "sfT": 0.00020388167331013583,
    "dsfb-red": 0.034094340075929694,
    "oneh-in": 0.01992845960902767,
    "oneh-out": 0.011414127181907254,
    "redirect": 0.04912119856451719,
    "bad-redirect": 0.013358794734658392,
    "unknown": 0.022916559801936097
  },
  "english-450k": {
    "dsfb": 0.0,
    "sfb": 0.03922993671874132,
    "roll-out": 0.2353272903424602,
    "sfR": 0.11369548401129392,
    "roll-in": 0.24091051809009056,
    "alternate": 0.21130988054149533,
    "dsfb-alt": 0.04956729838782764,
    "sft": 0.0,
    "sfT": 0.00012249305823945609,
    "dsfb-red": 0.024070032117153646,
    "oneh-in": 0.017316542526724828,
    "oneh-out": 0.009833941510880248,
    "redirect": 0.04558875893775423,
    "bad-redirect": 0.012874049655586941,
    "unknown": 0.00015377410175167997
  },
  "english-200": {
    "dsfb": 0.0,
    "sfb": 0.028953229398663696,
    "roll-out": 0.2650334075723831,
    "sfR": 0.10690423162583519,
    "roll-in": 0.22048997772828507,
    "alternate": 0.19821826280623608,
    "dsfb-alt": 0.0467706013363029,
    "sft": 0.0,
    "sfT": 0.0,
    "dsfb-red": 0.0378619153674833,
    "oneh-in": 0.024498886414253896,
    "oneh-out": 0.022271714922048998,
    "redirect": 0.0334075723830735,
    "bad-redirect": 0.015590200445434299,
    "unknown": 0.0
  },
  "english-5k": {
    "dsfb": 0.0,
    "sfb": 0.021694943377442235,
    "roll-out": 0.23300286223918365,
    "sfR": 0.10644211224955408,
    "roll-in": 0.27668312108516196,
    "alternate": 0.19496411830588625,
    "dsfb-alt": 0.04948770066785581,
    "sft": 0.0,
    "sfT": 0.00012444518189737422,
    "dsfb-red": 0.021860870286638735,
    "oneh-in": 0.01742232546563239,
    "oneh-out": 0.01165636537105405,
    "redirect": 0.04799435848508732,
    "bad-redirect": 0.016509727465051645,
    "unknown": 0.002157049819554486
  },
  "movie": {
    "dsfb": 0.0,
    "sfb": 0.044175288847385856,
    "roll-out": 0.2215698332484308,
    "sfR": 0.11567713207251198,
    "roll-in": 0.19584666693600358,
    "alternate": 0.20640844626511518,
    "dsfb-alt": 0.041753757019593205,
    "sft": 0.0,
    "sfT": 0.0005806096638346373,
    "dsfb-red": 0.024933842476597627,
    "oneh-in": 0.02086325813350311,
    "oneh-out": 0.01715180429190559,
    "redirect": 0.04743299334154416,
    "bad-redirect": 0.033369921919054434,
    "unknown": 0.030236445784519856
  },
  "gutenberg": {
    "dsfb": 0.0,
    "sfb": 0.030697093244191963,
    "roll-out": 0.24602855266891793,
    "sfR": 0.09863878308844841,
    "roll-in": 0.2137604602252858,