{
  "dutch": {
    "dsfb": 0.0,
    "sfb": 0.04105237409274216,
    "roll-out": 0.11074773958132098,
    "sfR": 0.18880787437283908,
    "roll-in": 0.28327655069184354,
    "alternate": 0.16891007201042826,
    "dsfb-alt": 0.023808616169796588,
    "sft": 0.0,
    "sfT": 0.0003821590175273155,
    "dsfb-red": 0.02709689073214266,
    "oneh-in": 0.007285227905236039,
    "oneh-out": 0.0034822857559671265,
    "redirect": 0.041178678607332424,
    "bad-redirect": 0.00305481562140835,
    "unknown": 0.10091671544141545
  },
  "english-1k": {
    "dsfb": 0.0,
    "sfb": 0.016231474947071278,
    "roll-out": 0.17642907551164433,
    "sfR": 0.10832745236414962,
    "roll-in": 0.30592801693719124,
    "alternate": 0.24770642201834864,
    "dsfb-alt": 0.035638673253352154,
    "sft": 0.0,
    "sfT": 0.0,
    "dsfb-red": 0.034227240649259,
    "oneh-in": 0.016584333098094567,
    "oneh-out": 0.008821453775582216,
    "redirect": 0.043754410726887794,
    "bad-redirect": 0.006351446718419196,
    "unknown": 0.0
  },
  "shai": {
    "dsfb": 0.0,
    "sfb": 0.017921204204935978,
    "roll-out": 0.14032449275196285,
    "sfR": 0.09823378925716947,
    "roll-in": 0.3116963328341022,
    "alternate": 0.23596711298156786,
    "dsfb-alt": 0.035657894410912945,
    "sft": 0.0,
    "sfT": 0.00002464676327000622,
    "dsfb-red": 0.023834109014863297,
    "oneh-in": 0.021795626623830014,
    "oneh-out": 0.005699382096975105,
    "redirect": 0.03984966325895233,
    "bad-redirect": 0.004432984335991117,
    "unknown": 0.06456276146546681
  },
  "akl": {
    "dsfb": 0.0,
    "sfb": 0.02547496918085698,
    "roll-out": 0.1337589218770503,
    "sfR": 0.11790358951788564,
    "roll-in": 0.28247682198473917,
    "alternate": 0.19963122350603824,
    "dsfb-alt": 0.035133823044528625,
    "sft": 0.0,
    "sfT": 0.00012043906731094133,
    "dsfb-red": 0.02215620377051104,
    "oneh-in": 0.02114548209144175,
    "oneh-out": 0.008408121409518726,
    "redirect": 0.0393312236671193,
    "bad-redirect": 0.004532263358606951,
    "unknown": 0.10992691752439232
  },
  "monkeyracer": {
    "dsfb": 0.0,
    "sfb": 0.014771376511253265,
    "roll-out": 0.14142534838982124,
    "sfR": 0.09690789370786869,
    "roll-in": 0.31449024039288676,
    "alternate": 0.2127973630292319,
    "dsfb-alt": 0.032435248760498615,
    "sft": 0.0,
    "sfT": 8.797722758340242e-6,
    "dsfb-red": 0.021138972738789747,
    "oneh-in": 0.02664243708650703,
    "oneh-out": 0.005243442763970783,
    "redirect": 0.0405975804307365,
    "bad-redirect": 0.00352104415283795,
    "unknown": 0.0900202543128392
  },
  "tr-quotes": {
    "dsfb": 0.0,
    "sfb": 0.014811261875592336,
    "roll-out": 0.14137213656642242,
    "sfR": 0.09677191928064538,
    "roll-in": 0.3142900071658075,
    "alternate": 0.2131631261413282,
    "dsfb-alt": 0.0324587966066434,
    "sft": 0.0,
    "sfT": 8.09042786805668e-6,
    "dsfb-red": 0.021453503155266868,
    "oneh-in": 0.0262985136728231,
    "oneh-out": 0.005258778114236842,
    "redirect": 0.040528420517325074,
    "bad-redirect": 0.0035228034488338227,
    "unknown": 0.09006264302720696
  },
  "reddit": {
    "dsfb": 0.0,
    "sfb": 0.017870744580333695,
    "roll-out": 0.13523410976932415,
    "sfR": 0.10397777127267367,
    "roll-in": 0.3002815486467854,
    "alternate": 0.2125316398087649,
    "dsfb-alt": 0.033488350838118984,
    "sft": 0.0,
    "sfT": 0.00003064016404848712,
    "dsfb-red": 0.01936926585530164,
    "oneh-in": 0.022287610379973618,
    "oneh-out": 0.00609709298634284,
    "redirect": 0.041172439509555105,
    "bad-redirect": 0.0036916528214702895,
    "unknown": 0.1039671333673072
  },
  "keymash": {
    "dsfb": 0.0,
    "sfb": 0.015545147426450969,
    "roll-out": 0.14066983289069138,
    "sfR": 0.099723742164827,
    "roll-in": 0.3158411086436274,
    "alternate": 0.2128909376757398,
    "dsfb-alt": 0.033056528181993575,
    "sft": 0.0,
    "sfT": 0.000012314613752139664,
    "dsfb-red": 0.022868237737723358,
    "oneh-in": 0.025622606346951928,
    "oneh-out": 0.005672932068485672,
    "redirect": 0.039509385788114755,
    "bad-redirect": 0.0036451256706333405,
    "unknown": 0.0849421007910087
  },
  "english-10k": {
    "dsfb": 0.0,
    "sfb": 0.024526736265220662,
    "roll-out": 0.15462843248875938,
    "sfR": 0.10567144593890508,
    "roll-in": 0.3023677659636055,
    "alternate": 0.26495050269195886,
    "dsfb-alt": 0.039134713726095595,
    "sft": 0.0,
    "sfT": 0.00003859439223480828,
    "dsfb-red": 0.030277300708207097,
    "oneh-in": 0.022442639084541017,
    "oneh-out": 0.005441809305107968,
    "redirect": 0.0451940333069605,
    "bad-redirect": 0.005326026128403543,
    "unknown": 0.0
  },
  "wordle": {
    "dsfb": 0.0,
    "sfb": 0.03709188825311343,
    "roll-out": 0.189386289689218,
    "sfR": 0.13138112868843263,
    "roll-in": 0.2491641422641086,
    "alternate": 0.2366655447099742,
    "dsfb-alt": 0.043352406597105354,
    "sft": 0.0,
    "sfT": 0.0002019522046449007,
    "dsfb-red": 0.033075283294064846,
    "oneh-in": 0.008998092673622797,
    "oneh-out": 0.008639066532031864,
    "redirect": 0.05623246942668013,
    "bad-redirect": 0.005811735667003254,
    "unknown": 0.0
  },
  "chained-bigrams": {
    "dsfb": 0.0,
    "sfb": 0.018651277279725008,
    "roll-out": 0.11618333507563426,
    "sfR": 0.11914286586209158,
    "roll-in": 0.2995326954131169,
    "alternate": 0.2379370551045413,
    "dsfb-alt": 0.04063543554384787,
    "sft": 0.0,
    "sfT": 0.000039607586216300277,
    "dsfb-red": 0.028068143228823415,
    "oneh-in": 0.017944833774752308,
    "oneh-out": 0.005087951567064409,
    "redirect": 0.05252160723689037,
    "bad-redirect": 0.004379560148015498,
    "unknown": 0.05987563217928082
  },
  "english-450k": {
    "dsfb": 0.0,
    "sfb": 0.032672611429216264,
    "roll-out": 0.16238048156435622,
    "sfR": 0.11369548401129392,
    "roll-in": 0.2780072045797786,
    "alternate": 0.25867347326581697,
    "dsfb-alt": 0.03667366153677043,
    "sft": 0.0,
    "sfT": 0.00005379170099298311,
    "dsfb-red": 0.032760899981933,
    "oneh-in": 0.016702030812120204,
    "oneh-out": 0.004522303384024215,
    "redirect": 0.0588522137331382,
    "bad-redirect": 0.004851485206405188,
    "unknown": 0.0001543587941537776
  },
  "english-200": {
    "dsfb": 0.0,
    "sfb": 0.008908685968819599,
    "roll-out": 0.16258351893095768,
    "sfR": 0.10690423162583519,
    "roll-in": 0.34966592427616927,
    "alternate": 0.25389755011135856,
    "dsfb-alt": 0.024498886414253896,
    "sft": 0.0,
    "sfT": 0.0,
    "dsfb-red": 0.024498886414253896,
    "oneh-in": 0.015590200445434299,
    "oneh-out": 0.011135857461024499,
    "redirect": 0.0400890868596882,
    "bad-redirect": 0.0022271714922048997,
    "unknown": 0.0
  },
  "english-5k": {
    "dsfb": 0.0,
    "sfb": 0.022483096196125606,
    "roll-out": 0.15099348736881404,
    "sfR": 0.10644211224955408,
    "roll-in": 0.29223876882233374,
    "alternate": 0.2728253204463434,
    "dsfb-alt": 0.04152320902642386,
    "sft": 0.0,
    "sfT": 0.0,
    "dsfb-red": 0.030323142655660183,
    "oneh-in": 0.024930518106773967,
    "oneh-out": 0.00543410627618534,
    "redirect": 0.045588418301738085,
    "bad-redirect": 0.004977807275894968,
    "unknown": 0.0022400132741527356
  },
  "movie": {
    "dsfb": 0.0,
    "sfb": 0.012209647463866194,
    "roll-out": 0.12440864866259091,
    "sfR": 0.11567713207251198,
    "roll-in": 0.2823113160060214,
    "alternate": 0.18450438082624757,
    "dsfb-alt": 0.03002562604710755,
    "sft": 0.0,
    "sfT": 0.000012501794665523695,
    "dsfb-red": 0.01869005142711934,
    "oneh-in": 0.033092118881802635,
    "oneh-out": 0.005635940633056667,
    "redirect": 0.03562340330697473,
    "bad-redirect": 0.0033087644555290768,
    "unknown": 0.15450046842250645
  },
  "gutenberg": {
    "dsfb": 0.0,
    "sfb": 0.015695215925722598,
    "roll-out": 0.14157936472755392,
    "sfR": 0.09863878308844841,
    "roll-in": 0.33008259822391656,
    "alternate": 0.207837529926275,