{
  "dutch": {
    "dsfb": 0.0,
    "sfb": 0.038726212156655324,
    "roll-out": 0.11345493089489833,
    "sfR": 0.18880787437283908,
    "roll-in": 0.28051719869783703,
    "alternate": 0.17238455787090323,
    "dsfb-alt": 0.03206736068642523,
    "sft": 0.0,
    "sfT": 0.00024649462834645553,
    "dsfb-red": 0.041619883730275094,
    "oneh-in": 0.007666436590668908,
    "oneh-out": 0.0034113515339740676,
    "redirect": 0.04564617185253327,
    "bad-redirect": 0.002547894137594962,
    "unknown": 0.072903632847049
  },
  "english-1k": {
    "dsfb": 0.0,
    "sfb": 0.017642907551164433,
    "roll-out": 0.17854622441778406,
    "sfR": 0.10832745236414962,
    "roll-in": 0.3175723359209598,
    "alternate": 0.24453069865913904,
    "dsfb-alt": 0.04269583627381793,
    "sft": 0.0,
    "sfT": 0.0,
    "dsfb-red": 0.019407198306280876,
    "oneh-in": 0.016231474947071278,
    "oneh-out": 0.007057163020465773,
    "redirect": 0.04410726887791108,
    "bad-redirect": 0.0038814396612561752,
    "unknown": 0.0
  },
  "shai": {
    "dsfb": 0.0,
    "sfb": 0.022216912881432658,
    "roll-out": 0.14691963839234984,
    "sfR": 0.09823378925716947,
    "roll-in": 0.31952188143358706,
    "alternate": 0.24915551550284507,
    "dsfb-alt": 0.04432032215425096,
    "sft": 0.0,
    "sfT": 0.0000866932868223727,
    "dsfb-red": 0.02043886642847655,
    "oneh-in": 0.02178230467672333,
    "oneh-out": 0.0052549391834923655,
    "redirect": 0.04486817077977591,
    "bad-redirect": 0.003940203886943191,
    "unknown": 0.023260762136131256
  },
  "akl": {
    "dsfb": 0.0,
    "sfb": 0.025062539720420284,
    "roll-out": 0.1415084076257755,
    "sfR": 0.11790358951788564,
    "roll-in": 0.2905965463477906,
    "alternate": 0.2243307113054492,
    "dsfb-alt": 0.04070214737157224,
    "sft": 0.0,
    "sfT": 0.00035567936493421514,
    "dsfb-red": 0.01824558938381663,
    "oneh-in": 0.020987994380997094,
    "oneh-out": 0.006802700858475299,
    "redirect": 0.042822655579829234,
    "bad-redirect": 0.004026654702061379,
    "unknown": 0.06665478384099267
  },
  "monkeyracer": {
    "dsfb": 0.0,
    "sfb": 0.02173819541110781,
    "roll-out": 0.15549290708040728,
    "sfR": 0.09690789370786869,
    "roll-in": 0.3258725385926772,
    "alternate": 0.23765288487104494,
    "dsfb-alt": 0.04445684814739509,
    "sft": 0.0,
    "sfT": 0.00007820198007413547,
    "dsfb-red": 0.022229890360823935,
    "oneh-in": 0.026928851838528552,
    "oneh-out": 0.005135915041368847,
    "redirect": 0.046550706163880066,
    "bad-redirect": 0.0035190891033360966,
    "unknown": 0.013436077701487402
  },
  "tr-quotes": {
    "dsfb": 0.0,
    "sfb": 0.02186611497653776,
    "roll-out": 0.15534661704537575,
    "sfR": 0.09677191928064538,
    "roll-in": 0.32577841473844804,
    "alternate": 0.2380042070224914,
    "dsfb-alt": 0.04465800605626315,
    "sft": 0.0,
    "sfT": 0.00007512540163195488,
    "dsfb-red": 0.022060285245371118,
    "oneh-in": 0.026555095813781467,
    "oneh-out": 0.005128175492938212,
    "redirect": 0.046384734518388385,
    "bad-redirect": 0.003535516978340769,
    "unknown": 0.013835787429786644
  },
  "reddit": {
    "dsfb": 0.0,
    "sfb": 0.023617798039741192,
    "roll-out": 0.1471414843286611,
    "sfR": 0.10397777127267367,
    "roll-in": 0.30874995809451894,
    "alternate": 0.23598597369702984,
    "dsfb-alt": 0.04507119436895215,
    "sft": 0.0,
    "sfT": 0.0001816309969084524,
    "dsfb-red": 0.017967984025162392,
    "oneh-in": 0.02257198706146031,
    "oneh-out": 0.005512195478253443,
    "redirect": 0.04649731046408424,
    "bad-redirect": 0.003439264770909524,
    "unknown": 0.039285447401644795
  },
  "keymash": {
    "dsfb": 0.0,
    "sfb": 0.021538259452492273,
    "roll-out": 0.15421590801804502,
    "sfR": 0.099723742164827,
    "roll-in": 0.32821729546452777,
    "alternate": 0.23752427005126983,
    "dsfb-alt": 0.04442702154646919,
    "sft": 0.0,
    "sfT": 0.0000779925537635512,
    "dsfb-red": 0.021883068637552183,
    "oneh-in": 0.025975625274513265,
    "oneh-out": 0.005471793377200724,
    "redirect": 0.044964759680312626,
    "bad-redirect": 0.00365744028438548,
    "unknown": 0.01232282349464109
  },
  "english-10k": {
    "dsfb": 0.0,
    "sfb": 0.025819648405086743,
    "roll-out": 0.15731074274907855,
    "sfR": 0.10567144593890508,
    "roll-in": 0.302773007082071,
    "alternate": 0.26392775129773643,
    "dsfb-alt": 0.044422145462264334,
    "sft": 0.0,
    "sfT": 0.00001929719611740414,
    "dsfb-red": 0.022616313849597655,
    "oneh-in": 0.021998803573840722,
    "oneh-out": 0.004920785009938056,
    "redirect": 0.04627467628953513,
    "bad-redirect": 0.004245383145828911,
    "unknown": 0.0
  },
  "wordle": {
    "dsfb": 0.0,
    "sfb": 0.03276113542017278,
    "roll-out": 0.1853696847301694,
    "sfR": 0.13138112868843263,
    "roll-in": 0.2519690339952878,
    "alternate": 0.24891731179176485,
    "dsfb-alt": 0.047256815886906764,
    "sft": 0.0,
    "sfT": 0.0,
    "dsfb-red": 0.026545495343879726,
    "oneh-in": 0.008347357791989229,
    "oneh-out": 0.007158083697969259,
    "redirect": 0.05645686076517446,
    "bad-redirect": 0.0038370918882531134,
    "unknown": 0.0
  },
  "chained-bigrams": {
    "dsfb": 0.0,
    "sfb": 0.023488597235650204,
    "roll-out": 0.11810657557354706,
    "sfR": 0.11914286586209158,
    "roll-in": 0.3090216341830351,
    "alternate": 0.2503433198559323,
    "dsfb-alt": 0.048397223832858584,
    "sft": 0.0,
    "sfT": 0.00008440960996916452,
    "dsfb-red": 0.024975504980491642,
    "oneh-in": 0.01754421277974481,
    "oneh-out": 0.00510158696559789,
    "redirect": 0.05678688975910147,
    "bad-redirect": 0.004090619560044127,
    "unknown": 0.022916559801936097
  },
  "english-450k": {
    "dsfb": 0.0,
    "sfb": 0.03667366153677043,
    "roll-out": 0.16167124968061178,
    "sfR": 0.11369548401129392,
    "roll-in": 0.27571140986294224,
    "alternate": 0.2656783805891478,
    "dsfb-alt": 0.04446205667891207,
    "sft": 0.0,
    "sfT": 0.00002368004228495452,
    "dsfb-red": 0.02451790649716044,
    "oneh-in": 0.014917257254717152,
    "oneh-out": 0.004058057616758688,
    "redirect": 0.05554168535246135,
    "bad-redirect": 0.0028953967751875254,
    "unknown": 0.00015377410175167997
  },
  "english-200": {
    "dsfb": 0.0,
    "sfb": 0.008908685968819599,
    "roll-out": 0.155902004454343,
    "sfR": 0.10690423162583519,
    "roll-in": 0.35634743875278396,
    "alternate": 0.24944320712694878,
    "dsfb-alt": 0.035634743875278395,
    "sft": 0.0,
    "sfT": 0.0,
    "dsfb-red": 0.0200445434298441,
    "oneh-in": 0.015590200445434299,
    "oneh-out": 0.0066815144766146995,
    "redirect": 0.042316258351893093,
    "bad-redirect": 0.0022271714922048997,
    "unknown": 0.0
  },
  "english-5k": {
    "dsfb": 0.0,
    "sfb": 0.02372754801509935,
    "roll-out": 0.15240386609698428,
    "sfR": 0.10644211224955408,
    "roll-in": 0.2953498983697681,
    "alternate": 0.26958974571701166,
    "dsfb-alt": 0.04782843157589082,
    "sft": 0.0,
    "sfT": 0.0,
    "dsfb-red": 0.020989754013357117,
    "oneh-in": 0.024764591197577467,
    "oneh-out": 0.004770398639399345,
    "redirect": 0.04816028539428382,
    "bad-redirect": 0.0038163189115194758,
    "unknown": 0.002157049819554486
  },
  "movie": {
    "dsfb": 0.0,
    "sfb": 0.02069178614982756,
    "roll-out": 0.15357665159564354,
    "sfR": 0.11567713207251198,
    "roll-in": 0.3039404735600861,
    "alternate": 0.2182265901591926,
    "dsfb-alt": 0.04642653307205021,
    "sft": 0.0,
    "sfT": 0.00005316552678812182,
    "dsfb-red": 0.02121909868903549,
    "oneh-in": 0.03350073017060739,
    "oneh-out": 0.0056651553532224164,
    "redirect": 0.046742104688975744,
    "bad-redirect": 0.004044133177539039,
    "unknown": 0.030236445784519856
  },
  "gutenberg": {
    "dsfb": 0.0,
    "sfb": 0.023633942978772093,
    "roll-out": 0.14792113974258572,
    "sfR": 0.09863878308844841,
    "roll-in": 0.3349694987843842,
    "alternate": 0.23279393105183255,