{
  "dutch": {
    "dsfb": 0.0,
    "sfb": 0.03537467775224871,
    "roll-out": 0.11856284038699101,
    "sfR": 0.18880787437283908,
    "roll-in": 0.2934859325208986,
    "alternate": 0.1769925209581399,
    "dsfb-alt": 0.020729378806640376,
    "sft": 0.0,
    "sfT": 0.00021499022287582758,
    "dsfb-red": 0.032131588791374455,
    "oneh-in": 0.008467100345637576,
    "oneh-out": 0.0036736073304529547,
    "redirect": 0.046034714232808194,
    "bad-redirect": 0.0022649462045690604,
    "unknown": 0.07325982807452426
  },
  "english-1k": {
    "dsfb": 0.0,
    "sfb": 0.01834862385321101,
    "roll-out": 0.17889908256880735,
    "sfR": 0.10832745236414962,
    "roll-in": 0.3066337332392378,
    "alternate": 0.2399435426958363,
    "dsfb-alt": 0.033168666196189134,
    "sft": 0.0,
    "sfT": 0.0,
    "dsfb-red": 0.043754410726887794,
    "oneh-in": 0.015172900494001412,
    "oneh-out": 0.008115737473535639,
    "redirect": 0.043754410726887794,
    "bad-redirect": 0.0038814396612561752,
    "unknown": 0.0
  },
  "shai": {
    "dsfb": 0.0,
    "sfb": 0.02278506567154844,
    "roll-out": 0.1552109248945623,
    "sfR": 0.09823378925716947,
    "roll-in": 0.3192485067188749,
    "alternate": 0.24519227494269472,
    "dsfb-alt": 0.03639755275599426,
    "sft": 0.0,
    "sfT": 0.00008572955502993684,
    "dsfb-red": 0.03213386784194985,
    "oneh-in": 0.01635033686490075,
    "oneh-out": 0.00647643246152117,
    "redirect": 0.04195573459894669,
    "bad-redirect": 0.0023078783254939493,
    "unknown": 0.023621906111313578
  },
  "akl": {
    "dsfb": 0.0,
    "sfb": 0.02928552744938926,
    "roll-out": 0.15067515885999713,
    "sfR": 0.11790358951788564,
    "roll-in": 0.29489604757888355,
    "alternate": 0.21092443055677915,
    "dsfb-alt": 0.03830135812395584,
    "sft": 0.0,
    "sfT": 0.0002645446591654936,
    "dsfb-red": 0.029517731988628667,
    "oneh-in": 0.012350208556600972,
    "oneh-out": 0.006286931704481684,
    "redirect": 0.0410617918086813,
    "bad-redirect": 0.0016105627540201806,
    "unknown": 0.06692211644153111
  },
  "monkeyracer": {
    "dsfb": 0.0,
    "sfb": 0.020753827986924628,
    "roll-out": 0.162030592614605,
    "sfR": 0.09690789370786869,
    "roll-in": 0.3289888874986315,
    "alternate": 0.234304862599121,
    "dsfb-alt": 0.033809648560301546,
    "sft": 0.0,
    "sfT": 0.000015640396014827094,
    "dsfb-red": 0.03624857281386365,
    "oneh-in": 0.014401872155402975,
    "oneh-out": 0.00920046295572204,
    "redirect": 0.0461088649764612,
    "bad-redirect": 0.002876855341977259,
    "unknown": 0.014352018393105714
  },
  "tr-quotes": {
    "dsfb": 0.0,
    "sfb": 0.020727676197961214,
    "roll-out": 0.16184438639883497,
    "sfR": 0.09677191928064538,
    "roll-in": 0.3282494625644345,
    "alternate": 0.2347264279605187,
    "dsfb-alt": 0.03393472180485888,
    "sft": 0.0,
    "sfT": 0.00001271352950694621,
    "dsfb-red": 0.0364970758882134,
    "oneh-in": 0.01442523288874506,
    "oneh-out": 0.00921153001548739,
    "redirect": 0.04602875569219389,
    "bad-redirect": 0.0028004438177573333,
    "unknown": 0.01476965396084233
  },
  "reddit": {
    "dsfb": 0.0,
    "sfb": 0.02210770242407523,
    "roll-out": 0.15335383377561174,
    "sfR": 0.10397777127267367,
    "roll-in": 0.3120966655972575,
    "alternate": 0.229819884155458,
    "dsfb-alt": 0.03841261475780879,
    "sft": 0.0,
    "sfT": 0.00014642102844197576,
    "dsfb-red": 0.030179700067254785,
    "oneh-in": 0.01433918474314609,
    "oneh-out": 0.007510361188725992,
    "redirect": 0.045209449681302964,
    "bad-redirect": 0.001628685786054118,
    "unknown": 0.041217725522189115
  },
  "keymash": {
    "dsfb": 0.0,
    "sfb": 0.0207706485286089,
    "roll-out": 0.16057024871414907,
    "sfR": 0.099723742164827,
    "roll-in": 0.3294898055522488,
    "alternate": 0.23405154897316646,
    "dsfb-alt": 0.03306063305324428,
    "sft": 0.0,
    "sfT": 4.104871250713221e-6,
    "dsfb-red": 0.037177818917709646,
    "oneh-in": 0.01441220296125412,
    "oneh-out": 0.009030716751569088,
    "redirect": 0.04525620553911327,
    "bad-redirect": 0.00305812908178135,
    "unknown": 0.013394194891077241
  },
  "english-10k": {
    "dsfb": 0.0,
    "sfb": 0.027787962409061964,
    "roll-out": 0.1584106829277706,
    "sfR": 0.10567144593890508,
    "roll-in": 0.3031203566121842,
    "alternate": 0.26217170645105264,
    "dsfb-alt": 0.03722429131047259,
    "sft": 0.0,
    "sfT": 0.00011578317670442484,
    "dsfb-red": 0.03241928947723896,
    "oneh-in": 0.022211072731132167,
    "oneh-out": 0.005055865382759885,
    "redirect": 0.04220296790876286,
    "bad-redirect": 0.0036085756739545746,
    "unknown": 0.0
  },
  "wordle": {
    "dsfb": 0.0,
    "sfb": 0.04214069336923595,
    "roll-out": 0.19706047346572422,
    "sfR": 0.13138112868843263,
    "roll-in": 0.24676315494221923,
    "alternate": 0.22993380455514417,
    "dsfb-alt": 0.042993380455514416,
    "sft": 0.0,
    "sfT": 0.000022439133849433412,
    "dsfb-red": 0.03823628407943453,
    "oneh-in": 0.007517109839560193,
    "oneh-out": 0.007023448894872658,
    "redirect": 0.05504319533266016,
    "bad-redirect": 0.0018848872433524066,
    "unknown": 0.0
  },
  "chained-bigrams": {
    "dsfb": 0.0,
    "sfb": 0.022939934770850635,
    "roll-out": 0.12820586075401158,
    "sfR": 0.11914286586209158,
    "roll-in": 0.3011962140342015,
    "alternate": 0.24491188610676257,
    "dsfb-alt": 0.0429346234584695,
    "sft": 0.0,
    "sfT": 0.00009220126627401047,
    "dsfb-red": 0.03518257473983984,
    "oneh-in": 0.01697996700233555,
    "oneh-out": 0.005935943494908477,
    "redirect": 0.05540581867906752,
    "bad-redirect": 0.0034198878131353042,
    "unknown": 0.02365222201805197
  },
  "english-450k": {
    "dsfb": 0.0,
    "sfb": 0.04201950416914917,
    "roll-out": 0.1699732970979962,
    "sfR": 0.11369548401129392,
    "roll-in": 0.2707500024849427,
    "alternate": 0.2570082693046429,
    "dsfb-alt": 0.034980099994094606,
    "sft": 0.0,
    "sfT": 0.00006256208702444775,
    "dsfb-red": 0.03468746144684474,
    "oneh-in": 0.015405183064267634,
    "oneh-out": 0.004745071189223417,
    "redirect": 0.05360489177051291,
    "bad-redirect": 0.0029143992782556987,
    "unknown": 0.00015377410175167997
  },
  "english-200": {
    "dsfb": 0.0,
    "sfb": 0.011135857461024499,
    "roll-out": 0.15812917594654788,
    "sfR": 0.10690423162583519,
    "roll-in": 0.34966592427616927,
    "alternate": 0.24498886414253898,
    "dsfb-alt": 0.026726057906458798,
    "sft": 0.0,
    "sfT": 0.0,
    "dsfb-red": 0.042316258351893093,
    "oneh-in": 0.013363028953229399,
    "oneh-out": 0.0066815144766146995,
    "redirect": 0.0400890868596882,
    "bad-redirect": 0.0,
    "unknown": 0.0
  },
  "english-5k": {
    "dsfb": 0.0,
    "sfb": 0.02725349483552495,
    "roll-out": 0.152984610279172,
    "sfR": 0.10644211224955408,
    "roll-in": 0.2955987887335629,
    "alternate": 0.2699215995354047,
    "dsfb-alt": 0.03861948811548513,
    "sft": 0.0,
    "sfT": 0.00004148172729912474,
    "dsfb-red": 0.03189944829302692,
    "oneh-in": 0.024432737379184468,
    "oneh-out": 0.005102252457792342,
    "redirect": 0.04214543493591073,
    "bad-redirect": 0.0034015016385282285,
    "unknown": 0.002157049819554486
  },
  "movie": {
    "dsfb": 0.0,
    "sfb": 0.017291166402966532,
    "roll-out": 0.15550298075684285,
    "sfR": 0.11567713207251198,
    "roll-in": 0.30371333569068926,
    "alternate": 0.2237783081755552,
    "dsfb-alt": 0.038817414447258156,
    "sft": 0.0,
    "sfT": 8.553859507989896e-6,
    "dsfb-red": 0.04091850553809764,
    "oneh-in": 0.014136634614258441,
    "oneh-out": 0.012025147294170781,
    "redirect": 0.04460811413849015,
    "bad-redirect": 0.0030712303568841263,
    "unknown": 0.030451476652766863
  },
  "gutenberg": {
    "dsfb": 0.0,
    "sfb": 0.01976848552494636,
    "roll-out": 0.1582833314957966,
    "sfR": 0.09863878308844841,
    "roll-in": 0.3344364236912665,
    "alternate": 0.2231169321244236,