{
  "english-1k": {
    "sfb": 0.016231474947071278,
    "unknown": 0.0,
    "outoneh": 0.02328863796753705,
    "red-sfs": 0.030698659139026113,
    "alt-sfs": 0.03458009880028229,
    "sft": 0.0,
    "inroll": 0.1806633733239238,
    "bad-red-sfs": 0.0007057163020465773,
    "red": 0.04410726887791108,
    "sfr": 0.10832745236414962,
    "outroll": 0.30522230063514466,
    "inoneh": 0.0017642907551164433,
    "bad-red": 0.0038814396612561752,
    "alt": 0.25052928722653495
  },
  "shai": {
    "sfb": 0.021127419895697126,
    "unknown": 0.023621906111313578,
    "outoneh": 0.02576077916593,
    "red-sfs": 0.024547630489284697,
    "alt-sfs": 0.04053965651824836,
    "sft": 0.00007287979779745872,
    "inroll": 0.14968234393815025,
    "bad-red-sfs": 0.0012812910940654867,
    "red": 0.043596083517848626,
    "sfr": 0.09823378925716947,
    "outroll": 0.31801811924141227,
    "inoneh": 0.0026496779974690622,
    "bad-red": 0.00401521240958338,
    "alt": 0.24685321056603027
  },
  "chained-bigrams": {
    "sfb": 0.022465942345639173,
    "unknown": 0.02365222201805197,
    "outoneh": 0.014091859732005982,
    "red-sfs": 0.027126651425321193,
    "alt-sfs": 0.04284566871565584,
    "sft": 0.00008116308650881204,
    "inroll": 0.1228133852863661,
    "bad-red-sfs": 0.002991996021060847,
    "red": 0.0575212533658332,
    "sfr": 0.11914286586209158,
    "outroll": 0.3047738828875099,
    "inoneh": 0.008807168843244211,
    "bad-red": 0.0038705052694322285,
    "alt": 0.24981543514127896
  },
  "english-200": {
    "sfb": 0.008908685968819599,
    "unknown": 0.0,
    "outoneh": 0.024498886414253896,
    "red-sfs": 0.024498886414253896,
    "alt-sfs": 0.028953229398663696,
    "sft": 0.0,
    "inroll": 0.16258351893095768,
    "bad-red-sfs": 0.0,
    "red": 0.0400890868596882,
    "sfr": 0.10690423162583519,
    "outroll": 0.34966592427616927,
    "inoneh": 0.0022271714922048997,
    "bad-red": 0.0022271714922048997,
    "alt": 0.24944320712694878
  },
  "english-450k": {
    "sfb": 0.03705926617595382,
    "unknown": 0.00015377410175167997,
    "outoneh": 0.017565036797616326,
    "red-sfs": 0.03292344446971615,
    "alt-sfs": 0.035253736038276307,
    "sft": 0.000019587195470271023,
    "inroll": 0.16716326541351492,
    "bad-red-sfs": 0.0012766758599802024,
    "red": 0.058608104655262436,
    "sfr": 0.11369548401129392,
    "outroll": 0.2693701284159923,
    "inoneh": 0.0028036000680581956,
    "bad-red": 0.0030488785307381566,
    "alt": 0.26105901826637534
  },
  "english-5k": {
    "sfb": 0.020450491558468495,
    "unknown": 0.002157049819554486,
    "outoneh": 0.027917202472310946,
    "red-sfs": 0.02907869083668644,
    "alt-sfs": 0.03978097647986062,
    "sft": 0.0,
    "inroll": 0.15402165346165014,
    "bad-red-sfs": 0.0007051893640851205,
    "red": 0.045754345210934584,
    "sfr": 0.10644211224955408,
    "outroll": 0.29120172563985564,
    "inoneh": 0.0024059401833492347,
    "bad-red": 0.0038163189115194758,
    "alt": 0.2762683038121707
  },
  "monkeyracer": {
    "sfb": 0.02185354333171716,
    "unknown": 0.014352018393105714,
    "outoneh": 0.03175684658335549,
    "red-sfs": 0.022952281151758763,
    "alt-sfs": 0.03816745389993274,
    "sft": 0.00007722445532320879,
    "inroll": 0.15815861707618437,
    "bad-red-sfs": 0.0019697123731172873,
    "red": 0.04752725339005583,
    "sfr": 0.09690789370786869,
    "outroll": 0.3276164427483304,
    "inoneh": 0.0021329590065220453,
    "bad-red": 0.003788885934591864,
    "alt": 0.23273886794813645
  },
  "tr-quotes": {
    "sfb": 0.02196897898800305,
    "unknown": 0.01476965396084233,
    "outoneh": 0.03141281986084464,
    "red-sfs": 0.023211437553454613,
    "alt-sfs": 0.038258477612630314,
    "sft": 0.0000739696262222325,
    "inroll": 0.1580707796860914,
    "bad-red-sfs": 0.0019601950948891613,
    "red": 0.047450359446152425,
    "sfr": 0.09677191928064538,
    "outroll": 0.3272370033055177,
    "inoneh": 0.0021300940801183515,
    "bad-red": 0.0037909433438894154,
    "alt": 0.232893368160699
  },
  "movie": {
    "sfb": 0.021837871726059624,
    "unknown": 0.030451476652766863,
    "outoneh": 0.04035039766892853,
    "red-sfs": 0.02181800045243337,
    "alt-sfs": 0.04055832225389197,
    "sft": 0.00005184954840227722,
    "inroll": 0.1532483149883753,
    "bad-red-sfs": 0.0034303608583811174,
    "red": 0.04742944019990238,
    "sfr": 0.11567713207251198,
    "outroll": 0.3053881813823537,
    "inoneh": 0.001621416969199131,
    "bad-red": 0.004067952386322826,
    "alt": 0.21406928284047091
  },
  "gutenberg": {
    "sfb": 0.022907642372157644,
    "unknown": 0.03802431837805746,
    "outoneh": 0.020684980656610605,
    "red-sfs": 0.02298739525566956,
    "alt-sfs": 0.03711540071751074,
    "sft": 0.00012161841143622251,
    "inroll": 0.15005741828739302,
    "bad-red-sfs": 0.0015566020043168852,
    "red": 0.04048491268669468,
    "sfr": 0.09863878308844841,
    "outroll": 0.3381726852625385,
    "inoneh": 0.002697579717837708,
    "bad-red": 0.0038050271216634973,
    "alt": 0.22274563603966502
  },
  "keymash": {
    "sfb": 0.021620356877506536,
    "unknown": 0.013394194891077241,
    "outoneh": 0.030704436955334896,
    "red-sfs": 0.024382935229236534,
    "alt-sfs": 0.03765398398279238,
    "sft": 0.00008209742501426443,
    "inroll": 0.1560713098233674,
    "bad-red-sfs": 0.0020688551103594634,
    "red": 0.046130543115515184,
    "sfr": 0.099723742164827,
    "outroll": 0.32845537799706914,
    "inoneh": 0.0022740986728951246,
    "bad-red": 0.0039037325594282737,
    "alt": 0.2335343351955766
  },
  "english-10k": {
    "sfb": 0.023098743752532756,
    "unknown": 0.0,
    "outoneh": 0.02526002971768202,
    "red-sfs": 0.02908087454892804,
    "alt-sfs": 0.03926979409891743,
    "sft": 0.0,
    "inroll": 0.15752301190637,
    "bad-red-sfs": 0.001099940178692036,
    "red": 0.044460739854499144,
    "sfr": 0.10567144593890508,
    "outroll": 0.3010169622353872,
    "inoneh": 0.00247004110302773,
    "bad-red": 0.004399760714768144,
    "alt": 0.2666486559502904
  },
  "mt-quotes": {
    "sfb": 0.02130771805261711,
    "unknown": 0.008869126594231481,
    "outoneh": 0.032969364458947416,
    "red-sfs": 0.022299817119087746,
    "alt-sfs": 0.03772217640238582,
    "sft": 0.00007620038010542547,
    "inroll": 0.1595068191869569,
    "bad-red-sfs": 0.002032010136144679,
    "red": 0.04787176820740847,
    "sfr": 0.0964592223377679,
    "outroll": 0.3332511564528275,
    "inoneh": 0.0020932692652490406,
    "bad-red": 0.0038055366299709543,
    "alt": 0.2317358147762996
  }
}