{
  "english-10k": {
    "bad-redirect": 0.0036664672623067866,
    "dsfb-red": 0.030296597904324502,
    "sfb": 0.027247640917774648,
    "oneh-in": 0.021998803573840722,
    "roll-in": 0.3061114220103819,
    "unknown": 0.0,
    "dsfb-alt": 0.03851720345033867,
    "alternate": 0.26479612512301964,
    "sfR": 0.10567144593890508,
    "sfT": 0.00001929719611740414,
    "roll-out": 0.15385654464406323,
    "oneh-out": 0.006040022384747496,
    "redirect": 0.04177842959417997,
    "sft": 0.0,
    "dsfb": 0.0
  },
  "akl": {
    "bad-redirect": 0.001875045458932942,
    "dsfb-red": 0.023180059751159506,
    "sfb": 0.028132187080530988,
    "oneh-in": 0.011983067654911342,
    "roll-in": 0.3031108097656258,
    "unknown": 0.06692211644153111,
    "dsfb-alt": 0.042243135499774424,
    "alternate": 0.21847584855952026,
    "sfR": 0.11790358951788564,
    "sfT": 0.00017371972466043183,
    "roll-out": 0.14092932122548982,
    "oneh-out": 0.0057796502831123486,
    "redirect": 0.039291449036865385,
    "sft": 0.0,
    "dsfb": 0.0
  },
  "english-200": {
    "bad-redirect": 0.0,
    "dsfb-red": 0.026726057906458798,
    "sfb": 0.008908685968819599,
    "oneh-in": 0.013363028953229399,
    "roll-in": 0.36080178173719374,
    "unknown": 0.0,
    "dsfb-alt": 0.0334075723830735,
    "alternate": 0.25389755011135856,
    "sfR": 0.10690423162583519,
    "sfT": 0.0,
    "roll-out": 0.15367483296213807,
    "oneh-out": 0.0066815144766146995,
    "redirect": 0.035634743875278395,
    "sft": 0.0,
    "dsfb": 0.0
  },
  "monkeyracer": {
    "bad-redirect": 0.002901293460750426,
    "dsfb-red": 0.02662484164099035,
    "sfb": 0.0182259489810282,
    "oneh-in": 0.014370591363373321,
    "roll-in": 0.3404308147082284,
    "unknown": 0.014352018393105714,
    "dsfb-alt": 0.03849883479049689,
    "alternate": 0.24186210644853529,
    "sfR": 0.09690789370786869,
    "sfT": 9.775247509266934e-6,
    "roll-out": 0.15351341945978073,
    "oneh-out": 0.008764486916808733,
    "redirect": 0.043537974881524,
    "sft": 0.0,
    "dsfb": 0.0
  },
  "mt-quotes": {
    "bad-redirect": 0.0029389440719092526,
    "dsfb-red": 0.02645796727268381,
    "sfb": 0.0169508492607069,
    "oneh-in": 0.013985010936995734,
    "roll-in": 0.3474901686568413,
    "unknown": 0.008869126594231481,
    "dsfb-alt": 0.038614169087149326,
    "alternate": 0.24146555742819234,
    "sfR": 0.0964592223377679,
    "sfT": 8.96475060063829e-6,
    "roll-out": 0.15442529972149507,
    "oneh-out": 0.008713737583820418,
    "redirect": 0.04362098229760581,
    "sft": 0.0,
    "dsfb": 0.0
  },
  "movie": {
    "bad-redirect": 0.0030733359223014778,
    "dsfb-red": 0.02838328502157349,
    "sfb": 0.015460508870418109,
    "oneh-in": 0.014122290449852736,
    "roll-in": 0.31749241897751374,
    "unknown": 0.030451476652766863,
    "dsfb-alt": 0.042077750898188146,
    "alternate": 0.229816411803326,
    "sfR": 0.11567713207251198,
    "sfT": 5.658707059131778e-6,
    "roll-out": 0.15068360471220277,
    "oneh-out": 0.010629683813821168,
    "redirect": 0.042126442098464396,
    "sft": 0.0,
    "dsfb": 0.0
  },
  "french": {
    "bad-redirect": 0.0028945660767462945,
    "dsfb-red": 0.030979010848993363,
    "sfb": 0.049630710419447575,
    "oneh-in": 0.018105192071437362,
    "roll-in": 0.23706302153745631,
    "unknown": 0.15822391385155302,
    "dsfb-alt": 0.02427185156929438,
    "alternate": 0.17536469502527907,
    "sfR": 0.10898279115633469,
    "sfT": 0.00002665269040931476,
    "roll-out": 0.13661653728575804,
    "oneh-out": 0.014950721063144807,
    "redirect": 0.04289033640414576,
    "sft": 0.0,
    "dsfb": 0.0
  },
  "tr-quotes": {
    "bad-redirect": 0.0028304939784101154,
    "dsfb-red": 0.026868310949816232,
    "sfb": 0.01830170361295393,
    "oneh-in": 0.014398650054321444,
    "roll-in": 0.33958646355840133,
    "unknown": 0.01476965396084233,
    "dsfb-alt": 0.038520838630637294,
    "alternate": 0.24226670673354753,
    "sfR": 0.09677191928064538,
    "sfT": 6.934652458334297e-6,
    "roll-out": 0.1534026028062227,
    "oneh-out": 0.008805852846674834,
    "redirect": 0.04346986893506854,
    "sft": 0.0,
    "dsfb": 0.0
  },
  "english-5k": {
    "bad-redirect": 0.003442983365827353,
    "dsfb-red": 0.030074252291865434,
    "sfb": 0.02663126892603808,
    "oneh-in": 0.024391255651885345,
    "roll-in": 0.29970547973617623,
    "unknown": 0.002157049819554486,
    "dsfb-alt": 0.04002986684365537,
    "alternate": 0.27062678889948977,
    "sfR": 0.10644211224955408,
    "sfT": 0.0,
    "roll-out": 0.1484216202762683,
    "oneh-out": 0.005848923549176588,
    "redirect": 0.04222839839050898,
    "sft": 0.0,
    "dsfb": 0.0
  },
  "english-450k": {
    "bad-redirect": 0.002992748060136783,
    "dsfb-red": 0.03478890557860868,
    "sfb": 0.04167365861330842,
    "oneh-in": 0.0154756384987204,
    "roll-in": 0.2719342969453915,
    "unknown": 0.00015377410175167997,
    "dsfb-alt": 0.0358381360941729,
    "alternate": 0.25606223699804886,
    "sfR": 0.11369548401129392,
    "sfT": 0.000035958582729005014,
    "roll-out": 0.16638913267313765,
    "oneh-out": 0.005996605275913421,
    "redirect": 0.05496342456678678,
    "sft": 0.0,
    "dsfb": 0.0
  },
  "dutch": {
    "bad-redirect": 0.002312785563587635,
    "dsfb-red": 0.032492069478671844,
    "sfb": 0.035959114059539346,
    "oneh-in": 0.007622775106707053,
    "roll-in": 0.2927491382549945,
    "unknown": 0.07325982807452426,
    "dsfb-alt": 0.02554004952270198,
    "alternate": 0.17652294931871768,
    "sfR": 0.18880787437283908,
    "sfT": 0.00017934380393694972,
    "roll-out": 0.11221413786464109,
    "oneh-out": 0.004053058798050808,
    "redirect": 0.04828687578108781,
    "sft": 0.0,
    "dsfb": 0.0
  },
  "gutenberg": {
    "bad-redirect": 0.00257747680062499,
    "dsfb-red": 0.02475787138227849,
    "sfb": 0.01759261469355002,
    "oneh-in": 0.012763871223909345,
    "roll-in": 0.34460576880453647,
    "unknown": 0.03802431837805746,
    "dsfb-alt": 0.03626672395234831,
    "alternate": 0.23207179805433273,
    "sfR": 0.09863878308844841,
    "sfT": 0.00001458663190122918,
    "roll-out": 0.14660455413591633,
    "oneh-out": 0.008252434357314892,
    "redirect": 0.03782919849678128,
    "sft": 0.0,
    "dsfb": 0.0
  },
  "english-1k": {
    "bad-redirect": 0.0038814396612561752,
    "dsfb-red": 0.032462949894142556,
    "sfb": 0.01834862385321101,
    "oneh-in": 0.014820042342978124,
    "roll-in": 0.31333803810868033,
    "unknown": 0.0,
    "dsfb-alt": 0.03881439661256175,
    "alternate": 0.24417784050811575,
    "sfR": 0.10832745236414962,
    "sfT": 0.0,
    "roll-out": 0.17290049400141144,
    "oneh-out": 0.010232886379675371,
    "redirect": 0.04269583627381793,
    "sft": 0.0,
    "dsfb": 0.0
  },
  "keymash": {
    "bad-redirect": 0.003078653438034916,
    "dsfb-red": 0.027695566328562106,
    "sfb": 0.018398032945696658,
    "oneh-in": 0.014387573733749841,
    "roll-in": 0.3407330479079524,
    "unknown": 0.013394194891077241,
    "dsfb-alt": 0.03784280806032519,
    "alternate": 0.24212583072331936,
    "sfR": 0.099723742164827,
    "sfT": 8.209742501426442e-6,
    "roll-out": 0.15091559153247158,
    "oneh-out": 0.008833682931534852,
    "redirect": 0.04286306559994746,
    "sft": 0.0,
    "dsfb": 0.0
  },
  "reddit": {
    "bad-redirect": 0.0017375744864073603,
    "dsfb-red": 0.02341923629203822,
    "sfb": 0.020581200461400415,
    "oneh-in": 0.014199880623223934,
    "roll-in": 0.32069786157500557,
    "unknown": 0.041217725522189115,
    "dsfb-alt": 0.041555816134293815,
    "alternate": 0.23835669083980832,
    "sfR": 0.10397777127267367,
    "sfT": 0.00008652662463570325,
    "roll-out": 0.14408915463675018,
    "oneh-out": 0.007397576917393481,
    "redirect": 0.042682984614180214,
    "sft": 0.0,
    "dsfb": 0.0
  },
  "chained-bigrams": {
    "bad-redirect": 0.003615977830140594,
    "dsfb-red": 0.0290544370560785,
    "sfb": 0.021695866980843564,
    "oneh-in": 0.017097491151600308,