{
  "english-1k": {
    "sfb": 0.020112914608327453,
    "unknown": 0.0,
    "outoneh": 0.02117148906139732,
    "red-sfs": 0.03387438249823571,
    "alt-sfs": 0.04551870148200424,
    "sft": 0.0,
    "inroll": 0.30345800988002825,
    "bad-red-sfs": 0.0014114326040931546,
    "red": 0.04022582921665491,
    "sfr": 0.10832745236414962,
    "outroll": 0.18242766407904024,
    "inoneh": 0.0017642907551164433,
    "bad-red": 0.004234297812279464,
    "alt": 0.23747353563867327
  },
  "shai": {
    "sfb": 0.02255010089381673,
    "unknown": 0.023621906111313578,
    "outoneh": 0.01731061625268258,
    "red-sfs": 0.02725049177414276,
    "alt-sfs": 0.043111210313989234,
    "sft": 0.00003285590034533335,
    "inroll": 0.3078390060108997,
    "bad-red-sfs": 0.0021073292228559718,
    "red": 0.03929749912760985,
    "sfr": 0.09823378925716947,
    "outroll": 0.16475588712401687,
    "inoneh": 0.002801916657403488,
    "bad-red": 0.0025276594894837897,
    "alt": 0.24855973186427063
  },
  "chained-bigrams": {
    "sfb": 0.022484772181709217,
    "unknown": 0.02365222201805197,
    "outoneh": 0.011618658159909461,
    "red-sfs": 0.02605854520686523,
    "alt-sfs": 0.04871278591320485,
    "sft": 0.00007402073489603658,
    "inroll": 0.2951985865935463,
    "bad-red-sfs": 0.0030744577169538,
    "red": 0.053556598916050746,
    "sfr": 0.11914286586209158,
    "outroll": 0.13473202221401212,
    "inoneh": 0.009682431568155242,
    "bad-red": 0.0031900339521423486,
    "alt": 0.2488219989624111
  },
  "english-200": {
    "sfb": 0.013363028953229399,
    "unknown": 0.0,
    "outoneh": 0.013363028953229399,
    "red-sfs": 0.035634743875278395,
    "alt-sfs": 0.0467706013363029,
    "sft": 0.0,
    "inroll": 0.32516703786191536,
    "bad-red-sfs": 0.0022271714922048997,
    "red": 0.028953229398663696,
    "sfr": 0.10690423162583519,
    "outroll": 0.18485523385300667,
    "inoneh": 0.0022271714922048997,
    "bad-red": 0.0,
    "alt": 0.24053452115812918
  },
  "english-450k": {
    "sfb": 0.04398173187058886,
    "unknown": 0.00015377410175167997,
    "outoneh": 0.015616841713826981,
    "red-sfs": 0.03309592872833495,
    "alt-sfs": 0.03909691919726411,
    "sft": 0.000035958582729005014,
    "inroll": 0.25789407829382077,
    "bad-red-sfs": 0.0025223630226492294,
    "red": 0.05419601578903362,
    "sfr": 0.11369548401129392,
    "outroll": 0.1799040052014236,
    "inoneh": 0.0039478430989632815,
    "bad-red": 0.0030556024933622796,
    "alt": 0.2528034538949577
  },
  "english-5k": {
    "sfb": 0.026340896834944207,
    "unknown": 0.002157049819554486,
    "outoneh": 0.025718670925457335,
    "red-sfs": 0.029452026382378562,
    "alt-sfs": 0.04272617911809848,
    "sft": 0.0,
    "inroll": 0.2901232007300784,
    "bad-red-sfs": 0.0022400132741527356,
    "red": 0.04239432529970548,
    "sfr": 0.10644211224955408,
    "outroll": 0.15808686273696437,
    "inoneh": 0.002820757456340482,
    "bad-red": 0.003567428547724727,
    "alt": 0.26793047662504665
  },
  "monkeyracer": {
    "sfb": 0.022117475014467366,
    "unknown": 0.014352018393105714,
    "outoneh": 0.017762602249088946,
    "red-sfs": 0.02968156153713812,
    "alt-sfs": 0.04330923408980716,
    "sft": 0.000010752772260193629,
    "inroll": 0.31012852495425186,
    "bad-red-sfs": 0.0018778250465301782,
    "red": 0.04095535448957568,
    "sfr": 0.09690789370786869,
    "outroll": 0.18110796565369036,
    "inoneh": 0.0023959131645213258,
    "bad-red": 0.002341171778469431,
    "alt": 0.23705170714922502
  },
  "tr-quotes": {
    "sfb": 0.022106516261760016,
    "unknown": 0.01476965396084233,
    "outoneh": 0.01776195649661358,
    "red-sfs": 0.029871015464274984,
    "alt-sfs": 0.04325720625967962,
    "sft": 8.09042786805668e-6,
    "inroll": 0.3097663022121541,
    "bad-red-sfs": 0.0019093409768613763,
    "red": 0.04089480132220707,
    "sfr": 0.09677191928064538,
    "outroll": 0.18063382723469176,
    "inoneh": 0.002409791729271168,
    "bad-red": 0.0023092392686253206,
    "alt": 0.23753033910450522
  },
  "movie": {
    "sfb": 0.018624384105665696,
    "unknown": 0.030451476652766863,
    "outoneh": 0.019325142596127946,
    "red-sfs": 0.02789874177990551,
    "alt-sfs": 0.04361060252201994,
    "sft": 9.211848700912197e-6,
    "inroll": 0.2761475364424025,
    "bad-red-sfs": 0.0016103627507580364,
    "red": 0.044439932100779206,
    "sfr": 0.11567713207251198,
    "outroll": 0.19050116273270282,
    "inoneh": 0.001811970639469429,
    "bad-red": 0.001608783576695023,
    "alt": 0.2282835601794942
  },
  "gutenberg": {
    "sfb": 0.019556316333655753,
    "unknown": 0.03802431837805746,
    "outoneh": 0.01639897355576242,
    "red-sfs": 0.027350881998694402,
    "alt-sfs": 0.04222981484828198,
    "sft": 0.00001723874679236176,
    "inroll": 0.3278301949342332,
    "bad-red-sfs": 0.001500528718047225,
    "red": 0.03532939077511089,
    "sfr": 0.09863878308844841,
    "outroll": 0.16197280218291787,
    "inoneh": 0.0028013910721477546,
    "bad-red": 0.0022406582094511526,
    "alt": 0.22610870715839906
  },
  "keymash": {
    "sfb": 0.021156506426175944,
    "unknown": 0.013394194891077241,
    "outoneh": 0.01793007762311535,
    "red-sfs": 0.030293949830263574,
    "alt-sfs": 0.043523949871312285,
    "sft": 0.00002052435625356611,
    "inroll": 0.3120441027367177,
    "bad-red-sfs": 0.0018512969340716628,
    "red": 0.04066695948081588,
    "sfr": 0.099723742164827,
    "outroll": 0.1779584833321703,
    "inoneh": 0.002450608136675793,
    "bad-red": 0.002540915304191484,
    "alt": 0.23644468891233225
  },
  "english-10k": {
    "sfb": 0.02678450821095695,
    "unknown": 0.0,
    "outoneh": 0.023195229733119778,
    "red-sfs": 0.029601898844097953,
    "alt-sfs": 0.04119951371065784,
    "sft": 0.00001929719611740414,
    "inroll": 0.297234711796376,
    "bad-red-sfs": 0.0021419887690318595,
    "red": 0.04222226510488026,
    "sfr": 0.10567144593890508,
    "outroll": 0.1630806043881824,
    "inoneh": 0.0029910653981976417,
    "bad-red": 0.0037436560467764032,
    "alt": 0.26211381486270047
  },
  "mt-quotes": {
    "sfb": 0.021161293792806683,
    "unknown": 0.008869126594231481,
    "outoneh": 0.01783088894466956,
    "red-sfs": 0.029861584250726145,
    "alt-sfs": 0.04388245419012443,
    "sft": 8.96475060063829e-6,
    "inroll": 0.3152514313718459,
    "bad-red-sfs": 0.0017645617432256368,
    "red": 0.04044596645987975,
    "sfr": 0.0964592223377679,
    "outroll": 0.18359360992577187,
    "inoneh": 0.0023457764071670192,
    "bad-red": 0.0023278469059657427,
    "alt": 0.23619727232521726
  }
}