{
  "wordle": {
    "dsfb-alt": 0.04171434982609671,
    "redirect": 0.054751486592617526,
    "dsfb": 0.0,
    "unknown": 0.0,
    "sfb": 0.03971726691349714,
    "sft": 0.0,
    "bad-redirect": 0.0019970829125995735,
    "roll-out": 0.199326825984517,
    "oneh-in": 0.00789857511500056,
    "alternate": 0.22804891731179178,
    "oneh-out": 0.007988331650398294,
    "dsfb-red": 0.04104117581061371,
    "roll-in": 0.24611242006058567,
    "sfR": 0.13138112868843263,
    "sfT": 0.000022439133849433412
  },
  "french": {
    "dsfb-alt": 0.0296085322048773,
    "redirect": 0.04332046498292677,
    "dsfb": 0.0,
    "unknown": 0.15822391385155302,
    "sfb": 0.03270545797210061,
    "sft": 0.0,
    "bad-redirect": 0.0035504260138168806,
    "roll-out": 0.15006086446735378,
    "oneh-in": 0.025186897309670837,
    "alternate": 0.17647138844171847,
    "oneh-out": 0.0068090507622587055,
    "dsfb-red": 0.028141076121177482,
    "roll-in": 0.23688478260670892,
    "sfR": 0.10898279115633469,
    "sfT": 0.00005435410950252611
  },
  "english-10k": {
    "dsfb-alt": 0.04229945388934988,
    "redirect": 0.04202929314370622,
    "dsfb": 0.0,
    "unknown": 0.0,
    "sfb": 0.028173906331410047,
    "sft": 0.0,
    "bad-redirect": 0.0036857644584241908,
    "roll-out": 0.16705582678836764,
    "oneh-in": 0.02016556994268733,
    "alternate": 0.2559194149090137,
    "oneh-out": 0.005750564442986434,
    "dsfb-red": 0.03575770440554987,
    "roll-in": 0.29337527257289514,
    "sfR": 0.10567144593890508,
    "sfT": 0.00011578317670442484
  },
  "keymash": {
    "dsfb-alt": 0.04360604729632655,
    "redirect": 0.039763887805658975,
    "dsfb": 0.0,
    "unknown": 0.013394194891077241,
    "sfb": 0.02852885519245689,
    "sft": 0.0,
    "bad-redirect": 0.0023849301966643818,
    "roll-out": 0.18158718951780078,
    "oneh-in": 0.010073354049250246,
    "alternate": 0.22427374565396757,
    "oneh-out": 0.009547930529158952,
    "dsfb-red": 0.045038647362825465,
    "roll-in": 0.30204053149872956,
    "sfR": 0.099723742164827,
    "sfT": 0.00003694384125641899
  },
  "english-5k": {
    "dsfb-alt": 0.044924710664952086,
    "redirect": 0.04160617248102211,
    "dsfb": 0.0,
    "unknown": 0.002157049819554486,
    "sfb": 0.028083129381507446,
    "sft": 0.0,
    "bad-redirect": 0.0035259468204256023,
    "roll-out": 0.1611979922843987,
    "oneh-in": 0.022731986559920356,
    "alternate": 0.26270377898535696,
    "oneh-out": 0.005600033185381839,
    "dsfb-red": 0.03530094993155515,
    "roll-in": 0.28568465590907205,
    "sfR": 0.10644211224955408,
    "sfT": 0.00004148172729912474
  },
  "movie": {
    "dsfb-alt": 0.043485452977526116,
    "redirect": 0.04478498163354766,
    "dsfb": 0.0,
    "unknown": 0.030451476652766863,
    "sfb": 0.02523757028805056,
    "sft": 0.0,
    "bad-redirect": 0.001334402083246424,
    "roll-out": 0.1883451953431736,
    "oneh-in": 0.007061934811957875,
    "alternate": 0.22177604706149265,
    "oneh-out": 0.013343099647594147,
    "dsfb-red": 0.04449901953030363,
    "roll-in": 0.2639721044165682,
    "sfR": 0.11567713207251198,
    "sfT": 0.00003158348126027039
  },
  "shai": {
    "dsfb-alt": 0.04284990353393094,
    "redirect": 0.03881953460346733,
    "dsfb": 0.0,
    "unknown": 0.023621906111313578,
    "sfb": 0.02699785858021639,
    "sft": 0.0,
    "bad-redirect": 0.002387264280492551,
    "roll-out": 0.16895099226444615,
    "oneh-in": 0.013373179708034937,
    "alternate": 0.23941101434745063,
    "oneh-out": 0.006700614280322253,
    "dsfb-red": 0.037984420366029205,
    "roll-in": 0.30057077692728557,
    "sfR": 0.09823378925716947,
    "sfT": 0.00009874573984102837
  },
  "tr-quotes": {
    "dsfb-alt": 0.0430341416056032,
    "redirect": 0.04027068260095698,
    "dsfb": 0.0,
    "unknown": 0.01476965396084233,
    "sfb": 0.02959709669217078,
    "sft": 0.0,
    "bad-redirect": 0.0021451191604447426,
    "roll-out": 0.18279628302628234,
    "oneh-in": 0.010014793925244446,
    "alternate": 0.2265678093432884,
    "oneh-out": 0.009599870553154111,
    "dsfb-red": 0.04488222648574929,
    "roll-in": 0.29952844363283326,
    "sfR": 0.09677191928064538,
    "sfT": 0.00002195973278472527
  },
  "akl": {
    "dsfb-alt": 0.035546314459218055,
    "redirect": 0.03820198350257376,
    "dsfb": 0.0,
    "unknown": 0.06692211644153111,
    "sfb": 0.03022723209091514,
    "sft": 0.0,
    "bad-redirect": 0.0016948205377356538,
    "roll-out": 0.16932245961852785,
    "oneh-in": 0.007861808808928252,
    "alternate": 0.2158495458319595,
    "oneh-out": 0.007397151913438509,
    "dsfb-red": 0.03688087101731733,
    "roll-in": 0.27199911876270916,
    "sfR": 0.11790358951788564,
    "sfT": 0.00019298749726007317
  },
  "chained-bigrams": {
    "dsfb-alt": 0.045951293057829024,
    "redirect": 0.05605317545706181,
    "dsfb": 0.0,
    "unknown": 0.02365222201805197,
    "sfb": 0.02620398945788902,
    "sft": 0.0,
    "bad-redirect": 0.002937454426926925,
    "roll-out": 0.1380532157139527,
    "oneh-in": 0.014688570744018768,
    "alternate": 0.24223804938481627,
    "oneh-out": 0.006712511906624791,
    "dsfb-red": 0.035405935553912096,
    "roll-in": 0.2888626714083224,
    "sfR": 0.11914286586209158,
    "sfT": 0.00009804500850264495
  },
  "english-1k": {
    "dsfb-alt": 0.04269583627381793,
    "redirect": 0.03916725476358504,
    "dsfb": 0.0,
    "unknown": 0.0,
    "sfb": 0.021524347212420608,
    "sft": 0.0,
    "bad-redirect": 0.004234297812279464,
    "roll-out": 0.18489767113620326,
    "oneh-in": 0.013408609738884969,
    "alternate": 0.23147494707127736,
    "oneh-out": 0.009527170077628794,
    "dsfb-red": 0.04728299223712068,
    "roll-in": 0.2974594213126323,
    "sfR": 0.10832745236414962,
    "sfT": 0.0
  },
  "reddit": {
    "dsfb-alt": 0.0413710761720846,
    "redirect": 0.04171403624791339,
    "dsfb": 0.0,
    "unknown": 0.041217725522189115,
    "sfb": 0.028778380779702278,
    "sft": 0.0,
    "bad-redirect": 0.0015155269405889842,
    "roll-out": 0.168531877288765,
    "oneh-in": 0.009497327132633142,
    "alternate": 0.22888959183967778,
    "oneh-out": 0.008617340122864062,
    "dsfb-red": 0.03700084485195613,
    "roll-in": 0.2887421557153364,
    "sfR": 0.10397777127267367,
    "sfT": 0.00014634611361545133
  },
  "gutenberg": {
    "dsfb-alt": 0.04246301152192371,
    "redirect": 0.033984579088528734,
    "dsfb": 0.0,
    "unknown": 0.03802431837805746,
    "sfb": 0.028223048924321145,
    "sft": 0.0,
    "bad-redirect": 0.0021107045797856563,
    "roll-out": 0.16672577094138333,
    "oneh-in": 0.010597661668187843,
    "alternate": 0.21373242358215097,
    "oneh-out": 0.006881101521821412,
    "dsfb-red": 0.04011911026849632,
    "roll-in": 0.3184650089433103,
    "sfR": 0.09863878308844841,
    "sfT": 0.00003447749358472352
  },
  "english-450k": {
    "dsfb-alt": 0.0398052740424054,
    "redirect": 0.05472867056734458,
    "dsfb": 0.0,
    "unknown": 0.00015377410175167997,
    "sfb": 0.04532623204921239,
    "sft": 0.0,
    "bad-redirect": 0.002977838403883293,
    "roll-out": 0.18166334463933542,
    "oneh-in": 0.011558491750867246,
    "alternate": 0.24628237953436266,
    "oneh-out": 0.007527622330806098,
    "dsfb-red": 0.03856864961196889,
    "roll-in": 0.257649676869744,
    "sfR": 0.11369548401129392,
    "sfT": 0.00006256208702444775
  },
  "monkeyracer": {
    "dsfb-alt": 0.043140122307896836,
    "redirect": 0.04043042369832804,
    "dsfb": 0.0,
    "unknown": 0.014352018393105714,
    "sfb": 0.029714797378669628,
    "sft": 0.0,
    "bad-redirect": 0.002168149897555406,
    "roll-out": 0.18330250871952078,
    "oneh-in": 0.009954134538686519,
    "alternate": 0.22593920578069038,
    "oneh-out": 0.009666742261914071,
    "dsfb-red": 0.04463866775106746,
    "roll-in": 0.2997599199211724,
    "sfR": 0.09690789370786869,
    "sfT": 0.00002541564352409403
  },
  "english-200": {
    "dsfb-alt": 0.044543429844097995,
    "redirect": 0.028953229398663696,
    "dsfb": 0.0,
    "unknown": 0.0,