{
  "english-1k": {
    "sfb": 0.01834862385321101,
    "unknown": 0.0,
    "outoneh": 0.02328863796753705,
    "red-sfs": 0.030345800988002825,
    "alt-sfs": 0.03881439661256175,
    "sft": 0.0,
    "inroll": 0.31333803810868033,
    "bad-red-sfs": 0.002117148906139732,
    "red": 0.04269583627381793,
    "sfr": 0.10832745236414962,
    "outroll": 0.17290049400141144,
    "inoneh": 0.0017642907551164433,
    "bad-red": 0.0038814396612561752,
    "alt": 0.24417784050811575
  },
  "shai": {
    "sfb": 0.02143633270405647,
    "unknown": 0.023621906111313578,
    "outoneh": 0.02033634704005068,
    "red-sfs": 0.023437663040970908,
    "alt-sfs": 0.03935184740804915,
    "sft": 0.000032197930848489594,
    "inroll": 0.3270144626339897,
    "bad-red-sfs": 0.0022546098891112394,
    "red": 0.040154125097185966,
    "sfr": 0.09823378925716947,
    "outroll": 0.14660981603792134,
    "inoneh": 0.002801916657403488,
    "bad-red": 0.0023958914217188146,
    "alt": 0.25231909477021075
  },
  "chained-bigrams": {
    "sfb": 0.021695866980843564,
    "unknown": 0.02365222201805197,
    "outoneh": 0.012815326707395385,
    "red-sfs": 0.02630917681800444,
    "alt-sfs": 0.04534289456135897,
    "sft": 0.00005519089882599218,
    "inroll": 0.3077379588068117,
    "bad-red-sfs": 0.0027452602380740585,
    "red": 0.0524527809395309,
    "sfr": 0.11914286586209158,
    "outroll": 0.1225601564564586,
    "inoneh": 0.009682431568155242,
    "bad-red": 0.003615977830140594,
    "alt": 0.252191890314257
  },
  "english-200": {
    "sfb": 0.008908685968819599,
    "unknown": 0.0,
    "outoneh": 0.017817371937639197,
    "red-sfs": 0.024498886414253896,
    "alt-sfs": 0.0334075723830735,
    "sft": 0.0,
    "inroll": 0.36080178173719374,
    "bad-red-sfs": 0.0022271714922048997,
    "red": 0.035634743875278395,
    "sfr": 0.10690423162583519,
    "outroll": 0.15367483296213807,
    "inoneh": 0.0022271714922048997,
    "bad-red": 0.0,
    "alt": 0.25389755011135856
  },
  "english-450k": {
    "sfb": 0.04167365861330842,
    "unknown": 0.00015377410175167997,
    "outoneh": 0.01752440067567054,
    "red-sfs": 0.03236886372632654,
    "alt-sfs": 0.0358381360941729,
    "sft": 0.000035958582729005014,
    "inroll": 0.2719342969453915,
    "bad-red-sfs": 0.002420041852282142,
    "red": 0.05496342456678678,
    "sfr": 0.11369548401129392,
    "outroll": 0.16638913267313765,
    "inoneh": 0.0039478430989632815,
    "bad-red": 0.002992748060136783,
    "alt": 0.25606223699804886
  },
  "english-5k": {
    "sfb": 0.02663126892603808,
    "unknown": 0.002157049819554486,
    "outoneh": 0.02741942174472145,
    "red-sfs": 0.028580910109096944,
    "alt-sfs": 0.04002986684365537,
    "sft": 0.0,
    "inroll": 0.29970547973617623,
    "bad-red-sfs": 0.0014933421827684904,
    "red": 0.04222839839050898,
    "sfr": 0.10644211224955408,
    "outroll": 0.1484216202762683,
    "inoneh": 0.002820757456340482,
    "bad-red": 0.003442983365827353,
    "alt": 0.27062678889948977
  },
  "monkeyracer": {
    "sfb": 0.0182259489810282,
    "unknown": 0.014352018393105714,
    "outoneh": 0.020739165115660728,
    "red-sfs": 0.02343126827971284,
    "alt-sfs": 0.03849883479049689,
    "sft": 9.775247509266934e-6,
    "inroll": 0.3404308147082284,
    "bad-red-sfs": 0.0031935733612775074,
    "red": 0.043537974881524,
    "sfr": 0.09690789370786869,
    "outroll": 0.15351341945978073,
    "inoneh": 0.0023959131645213258,
    "bad-red": 0.002901293460750426,
    "alt": 0.24186210644853529
  },
  "tr-quotes": {
    "sfb": 0.01830170361295393,
    "unknown": 0.01476965396084233,
    "outoneh": 0.02079471117172511,
    "red-sfs": 0.02365063220914912,
    "alt-sfs": 0.038520838630637294,
    "sft": 6.934652458334297e-6,
    "inroll": 0.33958646355840133,
    "bad-red-sfs": 0.0032176787406671134,
    "red": 0.04346986893506854,
    "sfr": 0.09677191928064538,
    "outroll": 0.1534026028062227,
    "inoneh": 0.002409791729271168,
    "bad-red": 0.0028304939784101154,
    "alt": 0.24226670673354753
  },
  "movie": {
    "sfb": 0.015460508870418109,
    "unknown": 0.030451476652766863,
    "outoneh": 0.022940003624204473,
    "red-sfs": 0.023963308417037234,
    "alt-sfs": 0.042077750898188146,
    "sft": 5.658707059131778e-6,
    "inroll": 0.31749241897751374,
    "bad-red-sfs": 0.004419976604536256,
    "red": 0.042126442098464396,
    "sfr": 0.11567713207251198,
    "outroll": 0.15068360471220277,
    "inoneh": 0.001811970639469429,
    "bad-red": 0.0030733359223014778,
    "alt": 0.229816411803326
  },
  "gutenberg": {
    "sfb": 0.01759261469355002,
    "unknown": 0.03802431837805746,
    "outoneh": 0.018214914509076485,
    "red-sfs": 0.023478983694418774,
    "alt-sfs": 0.03626672395234831,
    "sft": 0.00001458663190122918,
    "inroll": 0.34460576880453647,
    "bad-red-sfs": 0.0012788876878597167,
    "red": 0.03782919849678128,
    "sfr": 0.09863878308844841,
    "outroll": 0.14660455413591633,
    "inoneh": 0.0028013910721477546,
    "bad-red": 0.00257747680062499,
    "alt": 0.23207179805433273
  },
  "keymash": {
    "sfb": 0.018398032945696658,
    "unknown": 0.013394194891077241,
    "outoneh": 0.0207706485286089,
    "red-sfs": 0.024501976495507217,
    "alt-sfs": 0.03784280806032519,
    "sft": 8.209742501426442e-6,
    "inroll": 0.3407330479079524,
    "bad-red-sfs": 0.003193589833054886,
    "red": 0.04286306559994746,
    "sfr": 0.099723742164827,
    "outroll": 0.15091559153247158,
    "inoneh": 0.002450608136675793,
    "bad-red": 0.003078653438034916,
    "alt": 0.24212583072331936
  },
  "english-10k": {
    "sfb": 0.027247640917774648,
    "unknown": 0.0,
    "outoneh": 0.025047760560390576,
    "red-sfs": 0.028386175488701492,
    "alt-sfs": 0.03851720345033867,
    "sft": 0.00001929719611740414,
    "inroll": 0.3061114220103819,
    "bad-red-sfs": 0.00191042241562301,
    "red": 0.04177842959417997,
    "sfr": 0.10567144593890508,
    "outroll": 0.15385654464406323,
    "inoneh": 0.0029910653981976417,
    "bad-red": 0.0036664672623067866,
    "alt": 0.26479612512301964
  },
  "mt-quotes": {
    "sfb": 0.0169508492607069,
    "unknown": 0.008869126594231481,
    "outoneh": 0.020352972113649132,
    "red-sfs": 0.02315744492654881,
    "alt-sfs": 0.038614169087149326,
    "sft": 8.96475060063829e-6,
    "inroll": 0.3474901686568413,
    "bad-red-sfs": 0.003300522346134997,
    "red": 0.04362098229760581,
    "sfr": 0.0964592223377679,
    "outroll": 0.15442529972149507,
    "inoneh": 0.0023457764071670192,
    "bad-red": 0.0029389440719092526,
    "alt": 0.24146555742819234
  }
}