{
  "english-1k": {
    "sfb": 0.0187014820042343,
    "unknown": 0.0,
    "outoneh": 0.027170077628793227,
    "red-sfs": 0.022935779816513763,
    "alt-sfs": 0.03634438955539873,
    "sft": 0.0,
    "inroll": 0.30875088214537755,
    "bad-red-sfs": 0.0,
    "red": 0.062103034580098804,
    "sfr": 0.10832745236414962,
    "outroll": 0.18242766407904024,
    "inoneh": 0.0024700070571630206,
    "bad-red": 0.0038814396612561752,
    "alt": 0.2268877911079746
  },
  "shai": {
    "sfb": 0.018791457883914363,
    "unknown": 0.015933861525442673,
    "outoneh": 0.024353332096866735,
    "red-sfs": 0.018489538904265593,
    "alt-sfs": 0.042526883085477515,
    "sft": 0.00012057484550102133,
    "inroll": 0.30062796221737886,
    "bad-red-sfs": 0.001287584378782357,
    "red": 0.05680633449682983,
    "sfr": 0.09823378925716947,
    "outroll": 0.16467306811640828,
    "inoneh": 0.0027860441108943338,
    "bad-red": 0.0025450724586973195,
    "alt": 0.25282449662237166
  },
  "chained-bigrams": {
    "sfb": 0.019956379710786704,
    "unknown": 0.016831276227851404,
    "outoneh": 0.016452731592374308,
    "red-sfs": 0.02069983358320742,
    "alt-sfs": 0.04600128951911845,
    "sft": 0.00011038179765198437,
    "inroll": 0.2908865541335061,
    "bad-red-sfs": 0.002910832934552035,
    "red": 0.06764001768705981,
    "sfr": 0.11914286586209158,
    "outroll": 0.13553066698525884,
    "inoneh": 0.009372063925345543,
    "bad-red": 0.002873822567104017,
    "alt": 0.25159128347409176
  },
  "english-200": {
    "sfb": 0.011135857461024499,
    "unknown": 0.0,
    "outoneh": 0.028953229398663696,
    "red-sfs": 0.026726057906458798,
    "alt-sfs": 0.053452115812917596,
    "sft": 0.0,
    "inroll": 0.30734966592427615,
    "bad-red-sfs": 0.0,
    "red": 0.0645879732739421,
    "sfr": 0.10690423162583519,
    "outroll": 0.1714922048997773,
    "inoneh": 0.0022271714922048997,
    "bad-red": 0.0,
    "alt": 0.22717149220489977
  },
  "english-450k": {
    "sfb": 0.031208249308162715,
    "unknown": 0.0,
    "outoneh": 0.021459672887988723,
    "red-sfs": 0.016920705770504724,
    "alt-sfs": 0.037468258511221125,
    "sft": 0.00045225957302252645,
    "inroll": 0.26688196989886576,
    "bad-red-sfs": 0.0014827799317196212,
    "red": 0.07495844298752091,
    "sfr": 0.11369548401129392,
    "outroll": 0.169912196741977,
    "inoneh": 0.002863238693072155,
    "bad-red": 0.0026355010024551235,
    "alt": 0.2600612406821957
  },
  "english-5k": {
    "sfb": 0.01953789355788775,
    "unknown": 0.0,
    "outoneh": 0.03214833865682167,
    "red-sfs": 0.015804538100966523,
    "alt-sfs": 0.03878541502468163,
    "sft": 0.00008296345459824948,
    "inroll": 0.29389803791429875,
    "bad-red-sfs": 0.0013688970008711163,
    "red": 0.05965072385614137,
    "sfr": 0.10644211224955408,
    "outroll": 0.1500808893682333,
    "inoneh": 0.0029452026382378563,
    "bad-red": 0.003442983365827353,
    "alt": 0.27581200481188034
  },
  "monkeyracer": {
    "sfb": 0.0185152963073025,
    "unknown": 0.010282582854997889,
    "outoneh": 0.025295407979730046,
    "red-sfs": 0.023726480754492702,
    "alt-sfs": 0.04483515022600372,
    "sft": 0.00005083128704818806,
    "inroll": 0.2956220576504997,
    "bad-red-sfs": 0.0010606143547554625,
    "red": 0.055349406446971235,
    "sfr": 0.09690789370786869,
    "outroll": 0.1847648857469071,
    "inoneh": 0.002439901778313027,
    "bad-red": 0.002318688709198117,
    "alt": 0.2388308021959116
  },
  "tr-quotes": {
    "sfb": 0.018678486396523426,
    "unknown": 0.010677053235015372,
    "outoneh": 0.02522710986801045,
    "red-sfs": 0.023717667182913016,
    "alt-sfs": 0.04487991493492984,
    "sft": 0.00005200989343750722,
    "inroll": 0.29559649568895774,
    "bad-red-sfs": 0.001059846050715425,
    "red": 0.055264556991285456,
    "sfr": 0.09677191928064538,
    "outroll": 0.1838064307343797,
    "inoneh": 0.002452555419430896,
    "bad-red": 0.0022965257391183744,
    "alt": 0.23951942858463743
  },
  "movie": {
    "sfb": 0.0178596690656514,
    "unknown": 0.024698413943370027,
    "outoneh": 0.02539456650948182,
    "red-sfs": 0.026378786744255,
    "alt-sfs": 0.04676316034314926,
    "sft": 0.00004342728673287178,
    "inroll": 0.2580098011438221,
    "bad-red-sfs": 0.0008349882858183984,
    "red": 0.0568214463418367,
    "sfr": 0.11567713207251198,
    "outroll": 0.19379939936114512,
    "inoneh": 0.002072271164189491,
    "bad-red": 0.0017124826734995773,
    "alt": 0.22993445506453625
  },
  "gutenberg": {
    "sfb": 0.018499448549539423,
    "unknown": 0.03071490030131814,
    "outoneh": 0.021797353416662783,
    "red-sfs": 0.019289589350318992,
    "alt-sfs": 0.04036121047070114,
    "sft": 0.0000522845507108994,
    "inroll": 0.3150845096410059,
    "bad-red-sfs": 0.001220162286698924,
    "red": 0.04980671765546982,
    "sfr": 0.09863878308844841,
    "outroll": 0.16788095641324952,
    "inoneh": 0.0029211151158045966,
    "bad-red": 0.002508142939899667,
    "alt": 0.23122482622017176
  },
  "keymash": {
    "sfb": 0.01745801742928333,
    "unknown": 0.009638237696674644,
    "outoneh": 0.0249001490068264,
    "red-sfs": 0.023689211987866,
    "alt-sfs": 0.044591216396497727,
    "sft": 0.000045153583757845434,
    "inroll": 0.29726656623415004,
    "bad-red-sfs": 0.0011452590789489887,
    "red": 0.05528030113335495,
    "sfr": 0.099723742164827,
    "outroll": 0.18372172256817165,
    "inoneh": 0.0025327055616900574,
    "bad-red": 0.002442398394174367,
    "alt": 0.23756531876377698
  },
  "english-10k": {
    "sfb": 0.020319947511626562,
    "unknown": 0.0,
    "outoneh": 0.029235252117867275,
    "red-sfs": 0.016421913895910925,
    "alt-sfs": 0.03747515485999884,
    "sft": 0.00003859439223480828,
    "inroll": 0.29818027440612876,
    "bad-red-sfs": 0.0013122093359834816,
    "red": 0.06163524439898883,
    "sfr": 0.10567144593890508,
    "outroll": 0.1551687539800467,
    "inoneh": 0.0026437158680843675,
    "bad-red": 0.0037629532428938074,
    "alt": 0.2681345400513305
  },
  "mt-quotes": {
    "sfb": 0.017499193172445943,
    "unknown": 0.006119936410035739,
    "outoneh": 0.025769175601534765,
    "red-sfs": 0.024154026368319766,
    "alt-sfs": 0.04621179522119028,
    "sft": 0.00003137662710223402,
    "inroll": 0.298721925389369,
    "bad-red-sfs": 0.0009368164377667013,
    "red": 0.054662566787391974,
    "sfr": 0.0964592223377679,
    "outroll": 0.1872034161676289,
    "inoneh": 0.0023696824087687213,
    "bad-red": 0.002344282282066913,
    "alt": 0.23751658478861118
  }
}