{
  "english-450k": {
    "dsfb-alt": 0.036925079269672416,
    "redirect": 0.0360854609802602,
    "dsfb": 0.0,
    "unknown": 0.13573312533875617,
    "sfb": 0.029482822029572572,
    "sft": 0.0,
    "bad-redirect": 0.0026355010024551235,
    "roll-out": 0.13307423664021714,
    "oneh-in": 0.01010377705444831,
    "alternate": 0.24812065244655765,
    "oneh-out": 0.004891536635948877,
    "dsfb-red": 0.016793242826847438,
    "roll-in": 0.23200682219094768,
    "sfR": 0.11369548401129392,
    "sfT": 0.00045225957302252645
  },
  "shai": {
    "dsfb-alt": 0.04220562754343914,
    "redirect": 0.024254671506019416,
    "dsfb": 0.0,
    "unknown": 0.12428479489774845,
    "sfb": 0.018134548879083164,
    "sft": 0.0,
    "bad-redirect": 0.0025450724586973195,
    "roll-out": 0.14011547906526842,
    "oneh-in": 0.012328951153273452,
    "alternate": 0.24295449359106747,
    "oneh-out": 0.006214661232406282,
    "dsfb-red": 0.0186310797542631,
    "roll-in": 0.2699762558160633,
    "sfR": 0.09823378925716947,
    "sfT": 0.00012057484550102133
  },
  "wordle": {
    "dsfb-alt": 0.03940311903960507,
    "redirect": 0.03585773589139459,
    "dsfb": 0.0,
    "unknown": 0.1380006731740155,
    "sfb": 0.03215527880623808,
    "sft": 0.0,
    "bad-redirect": 0.0021990351172444743,
    "roll-out": 0.15568271064736902,
    "oneh-in": 0.006193200942443622,
    "alternate": 0.22748793896555594,
    "oneh-out": 0.0059688096039492875,
    "dsfb-red": 0.02367328621115225,
    "roll-in": 0.20170537417255693,
    "sfR": 0.13138112868843263,
    "sfT": 0.00029170874004263433
  },
  "english-1k": {
    "dsfb-alt": 0.03634438955539873,
    "redirect": 0.025405786873676783,
    "dsfb": 0.0,
    "unknown": 0.12702893436838392,
    "sfb": 0.01834862385321101,
    "sft": 0.0,
    "bad-redirect": 0.0038814396612561752,
    "roll-out": 0.1520818630910374,
    "oneh-in": 0.012702893436838392,
    "alternate": 0.2205363443895554,
    "oneh-out": 0.0077628793225123505,
    "dsfb-red": 0.02117148906139732,
    "roll-in": 0.2664079040225829,
    "sfR": 0.10832745236414962,
    "sfT": 0.0
  },
  "monkeyracer": {
    "dsfb-alt": 0.04456535339474795,
    "redirect": 0.025478205108153337,
    "dsfb": 0.0,
    "unknown": 0.11318465833554905,
    "sfb": 0.018028488981341007,
    "sft": 0.0,
    "bad-redirect": 0.002318688709198117,
    "roll-out": 0.16116450568528395,
    "oneh-in": 0.009328518698093436,
    "alternate": 0.22863130894474248,
    "oneh-out": 0.009757652063750254,
    "dsfb-red": 0.023655121447675054,
    "roll-in": 0.2669287736365485,
    "sfR": 0.09690789370786869,
    "sfT": 0.00005083128704818806
  },
  "akl": {
    "dsfb-alt": 0.04105627788018816,
    "redirect": 0.021313254207839916,
    "dsfb": 0.0,
    "unknown": 0.1549454176838006,
    "sfb": 0.023394917099633962,
    "sft": 0.0,
    "bad-redirect": 0.0016857752168367868,
    "roll-out": 0.1446292291986428,
    "oneh-in": 0.008177527680850349,
    "alternate": 0.22119675543100273,
    "oneh-out": 0.007724704047632412,
    "dsfb-red": 0.020451780323601933,
    "roll-in": 0.23714408985547436,
    "sfR": 0.11790358951788564,
    "sfT": 0.00037668185661035147
  },
  "movie": {
    "dsfb-alt": 0.04659971582762736,
    "redirect": 0.030135247046648408,
    "dsfb": 0.0,
    "unknown": 0.11317479917182849,
    "sfb": 0.017387759216487525,
    "sft": 0.0,
    "bad-redirect": 0.0017124826734995773,
    "roll-out": 0.17416276468108777,
    "oneh-in": 0.006530279544076656,
    "alternate": 0.22196515315553852,
    "oneh-out": 0.013941080226121933,
    "dsfb-red": 0.026098614945908684,
    "roll-in": 0.23257154415193024,
    "sfR": 0.11567713207251198,
    "sfT": 0.00004342728673287178
  },
  "english-5k": {
    "dsfb-alt": 0.03795578047869913,
    "redirect": 0.023934956651594973,
    "dsfb": 0.0,
    "unknown": 0.12427925498817771,
    "sfb": 0.018874185921101756,
    "sft": 0.0,
    "bad-redirect": 0.003442983365827353,
    "roll-out": 0.11984071016717136,
    "oneh-in": 0.02144605301364749,
    "alternate": 0.2656904633508939,
    "oneh-out": 0.004604471730202846,
    "dsfb-red": 0.016219355373957772,
    "roll-in": 0.2571867092545734,
    "sfR": 0.10644211224955408,
    "sfT": 0.00008296345459824948
  },
  "tr-quotes": {
    "dsfb-alt": 0.04460830771364509,
    "redirect": 0.025498717089295207,
    "dsfb": 0.0,
    "unknown": 0.11328794988557823,
    "sfb": 0.01818034719493308,
    "sft": 0.0,
    "bad-redirect": 0.0022965257391183744,
    "roll-out": 0.16014192922031392,
    "oneh-in": 0.009418413813827697,
    "alternate": 0.22937403203809437,
    "oneh-out": 0.009692332585931902,
    "dsfb-red": 0.023639074455051895,
    "roll-in": 0.26703844109012737,
    "sfR": 0.09677191928064538,
    "sfT": 0.00005200989343750722
  },
  "dutch": {
    "dsfb-alt": 0.027372218077618752,
    "redirect": 0.03146893835963141,
    "dsfb": 0.0,
    "unknown": 0.16356000714219396,
    "sfb": 0.05126503725714218,
    "sft": 0.0,
    "bad-redirect": 0.002183486606360146,
    "roll-out": 0.0962648577698919,
    "oneh-in": 0.004970559608253745,
    "alternate": 0.16951735214957409,
    "oneh-out": 0.0025655201083278176,
    "dsfb-red": 0.019151917183829623,
    "roll-in": 0.24272412300395743,
    "sfR": 0.18880787437283908,
    "sfT": 0.00014810836037984452
  },
  "french": {
    "dsfb-alt": 0.02769815305245293,
    "redirect": 0.024842659610100952,
    "dsfb": 0.0,
    "unknown": 0.24078509447315039,
    "sfb": 0.022494705905239904,
    "sft": 0.0,
    "bad-redirect": 0.004020016754789091,
    "roll-out": 0.11790961465917749,
    "oneh-in": 0.019910968028562216,
    "alternate": 0.18482656492080757,
    "oneh-out": 0.010522434231714775,
    "dsfb-red": 0.010265840286441962,
    "roll-in": 0.22748848821760065,
    "sfR": 0.10898279115633469,
    "sfT": 0.0002526687036273712
  },
  "english-200": {
    "dsfb-alt": 0.053452115812917596,
    "redirect": 0.0200445434298441,
    "dsfb": 0.0,
    "unknown": 0.1403118040089087,
    "sfb": 0.011135857461024499,
    "sft": 0.0,
    "bad-redirect": 0.0,
    "roll-out": 0.14699331848552338,
    "oneh-in": 0.008908685968819599,
    "alternate": 0.21603563474387527,
    "oneh-out": 0.0066815144766146995,
    "dsfb-red": 0.024498886414253896,
    "roll-in": 0.2650334075723831,
    "sfR": 0.10690423162583519,
    "sfT": 0.0
  },
  "chained-bigrams": {
    "dsfb-alt": 0.045718192673375714,
    "redirect": 0.037815505266185705,
    "dsfb": 0.0,
    "unknown": 0.11639241118648096,
    "sfb": 0.019173967556841757,
    "sft": 0.0,
    "bad-redirect": 0.002873822567104017,
    "roll-out": 0.11485745489442631,
    "oneh-in": 0.013882134316467211,
    "alternate": 0.240181701425029,
    "oneh-out": 0.006137227949450331,
    "dsfb-red": 0.021514710971755894,
    "roll-in": 0.2621996235331395,
    "sfR": 0.11914286586209158,
    "sfT": 0.00011038179765198437
  },
  "gutenberg": {
    "dsfb-alt": 0.039987641144607323,
    "redirect": 0.02313023058623484,
    "dsfb": 0.0,
    "unknown": 0.1317695706188104,
    "sfb": 0.018053135500717396,
    "sft": 0.0,
    "bad-redirect": 0.002508142939899667,
    "roll-out": 0.14519703887583668,
    "oneh-in": 0.009136156926395855,
    "alternate": 0.2213661574227202,
    "oneh-out": 0.007241410273459567,
    "dsfb-red": 0.019532826173191437,
    "roll-in": 0.2833866218989673,
    "sfR": 0.09863878308844841,
    "sfT": 0.0000522845507108994
  },
  "reddit": {
    "dsfb-alt": 0.045417637984214325,
    "redirect": 0.02488228539664685,
    "dsfb": 0.0,
    "unknown": 0.1381789366851725,
    "sfb": 0.020069756940718213,
    "sft": 0.0,
    "bad-redirect": 0.0016859207135187738,
    "roll-out": 0.14609612283933934,
    "oneh-in": 0.008623445681225802,
    "alternate": 0.22764203523356663,
    "oneh-out": 0.00847084417959556,
    "dsfb-red": 0.02036660694082122,
    "roll-in": 0.25446723665612425,
    "sfR": 0.10397777127267367,
    "sfT": 0.00012139947638282001
  },
  "english-10k": {
    "dsfb-alt": 0.03712780532988557,
    "redirect": 0.02632137550413925,
    "dsfb": 0.0,