{
  "akl": {
    "dsfb-alt": 0.016933584173711793,
    "redirect": 0.022576811192308355,
    "dsfb": 0.0,
    "unknown": 0.33541369518582,
    "sfb": 0.022122624565530314,
    "sft": 0.0,
    "bad-redirect": 0.012123455991601978,
    "roll-out": 0.09739611232107767,
    "oneh-in": 0.008397155506785168,
    "alternate": 0.13022560888949355,
    "oneh-out": 0.008394553428170425,
    "dsfb-red": 0.016887861935195606,
    "roll-in": 0.2115373439790565,
    "sfR": 0.11790358951788564,
    "sfT": 0.00008760331336299951
  },
  "chained-bigrams": {
    "dsfb-alt": 0.023969732012474442,
    "redirect": 0.03465793654864688,
    "dsfb": 0.0,
    "unknown": 0.31981048094647846,
    "sfb": 0.019263571604347485,
    "sft": 0.0,
    "bad-redirect": 0.003376384398766581,
    "roll-out": 0.085114105560061,
    "oneh-in": 0.013054920138769398,
    "alternate": 0.14984978335948948,
    "oneh-out": 0.004405532335698317,
    "dsfb-red": 0.01928110283103339,
    "roll-in": 0.20802943168308216,
    "sfR": 0.11914286586209158,
    "sfT": 0.00004415271906079375
  },
  "english-1k": {
    "dsfb-alt": 0.020465772759350742,
    "redirect": 0.02646436132674665,
    "dsfb": 0.0,
    "unknown": 0.32357092448835567,
    "sfb": 0.01305575158786168,
    "sft": 0.0,
    "bad-redirect": 0.0045871559633027525,
    "roll-out": 0.10479887085391673,
    "oneh-in": 0.009527170077628794,
    "alternate": 0.136908962597036,
    "oneh-out": 0.0028228652081863093,
    "dsfb-red": 0.02328863796753705,
    "roll-in": 0.22618207480592803,
    "sfR": 0.10832745236414962,
    "sfT": 0.0
  },
  "shai": {
    "dsfb-alt": 0.02035719693228302,
    "redirect": 0.02906992450845034,
    "dsfb": 0.0,
    "unknown": 0.33436177191030686,
    "sfb": 0.01915757533441106,
    "sft": 0.0,
    "bad-redirect": 0.00808054274278223,
    "roll-out": 0.10026336583754253,
    "oneh-in": 0.008530841584786878,
    "alternate": 0.1448520311750592,
    "oneh-out": 0.002962298657463557,
    "dsfb-red": 0.01843902619895202,
    "roll-in": 0.21565731694591925,
    "sfR": 0.09823378925716947,
    "sfT": 0.00003431891487360948
  },
  "french": {
    "dsfb-alt": 0.01250713828415073,
    "redirect": 0.03480842865640342,
    "dsfb": 0.0,
    "unknown": 0.4351309247121723,
    "sfb": 0.019504735481935702,
    "sft": 0.0,
    "bad-redirect": 0.00286834785964888,
    "roll-out": 0.09408254390656198,
    "oneh-in": 0.008114103718337963,
    "alternate": 0.10427329521923695,
    "oneh-out": 0.004901847759562709,
    "dsfb-red": 0.013756563674468444,
    "roll-in": 0.1609949396893363,
    "sfR": 0.10898279115633469,
    "sfT": 0.00007433988184992683
  },
  "keymash": {
    "dsfb-alt": 0.020606453678580373,
    "redirect": 0.02671860697089236,
    "dsfb": 0.0,
    "unknown": 0.32705972177182663,
    "sfb": 0.01893577107954009,
    "sft": 0.0,
    "bad-redirect": 0.015179813885137493,
    "roll-out": 0.0981105277632967,
    "oneh-in": 0.008357517866452118,
    "alternate": 0.13398299762327956,
    "oneh-out": 0.0027051101542200128,
    "dsfb-red": 0.021874858895050756,
    "roll-in": 0.2267366684043955,
    "sfR": 0.099723742164827,
    "sfT": 8.209742501426442e-6
  },
  "reddit": {
    "dsfb-alt": 0.019966524309767565,
    "redirect": 0.025149244380966614,
    "dsfb": 0.0,
    "unknown": 0.3390830837264957,
    "sfb": 0.021654055692056612,
    "sft": 0.0,
    "bad-redirect": 0.010791218558949635,
    "roll-out": 0.09733376259528932,
    "oneh-in": 0.008636593233280837,
    "alternate": 0.13703933234408305,
    "oneh-out": 0.0032100254017448037,
    "dsfb-red": 0.016979220687279854,
    "roll-in": 0.21611552765227984,
    "sfR": 0.10397777127267367,
    "sfT": 0.00006364014513249342
  },
  "mt-quotes": {
    "dsfb-alt": 0.019995876214723707,
    "redirect": 0.02539116195120785,
    "dsfb": 0.0,
    "unknown": 0.32806654235545835,
    "sfb": 0.018196949594195624,
    "sft": 0.0,
    "bad-redirect": 0.01752011092384743,
    "roll-out": 0.09975077993330225,
    "oneh-in": 0.00818033492308244,
    "alternate": 0.1341784104899535,
    "oneh-out": 0.00253553029488053,
    "dsfb-red": 0.020946139778391364,
    "roll-in": 0.22876698820238822,
    "sfR": 0.0964592223377679,
    "sfT": 0.000011953000800851053
  },
  "tr-quotes": {
    "dsfb-alt": 0.02061441020780842,
    "redirect": 0.026622130787545363,
    "dsfb": 0.0,
    "unknown": 0.32997156792492083,
    "sfb": 0.018323663345738657,
    "sft": 0.0,
    "bad-redirect": 0.01576015348697441,
    "roll-out": 0.09996994983934722,
    "oneh-in": 0.008074247012320566,
    "alternate": 0.13598737893252583,
    "oneh-out": 0.002533459698111463,
    "dsfb-red": 0.021005062296294584,
    "roll-in": 0.22435334365826032,
    "sfR": 0.09677191928064538,
    "sfT": 0.00001271352950694621
  },
  "gutenberg": {
    "dsfb-alt": 0.022197065018112052,
    "redirect": 0.0233566075358708,
    "dsfb": 0.0,
    "unknown": 0.3556618674753344,
    "sfb": 0.01682084926023044,
    "sft": 0.0,
    "bad-redirect": 0.0068532543154645196,
    "roll-out": 0.09033501136431231,
    "oneh-in": 0.008325746390376915,
    "alternate": 0.1263427752412193,
    "oneh-out": 0.0023334822306407925,
    "dsfb-red": 0.01771347535787449,
    "roll-in": 0.23137921719419127,
    "sfR": 0.09863878308844841,
    "sfT": 0.00004186552792430713
  },
  "dutch": {
    "dsfb-alt": 0.011161238041011958,
    "redirect": 0.01731089081656084,
    "dsfb": 0.0,
    "unknown": 0.4391261907974932,
    "sfb": 0.025225041329584173,
    "sft": 0.0,
    "bad-redirect": 0.0017018654732121287,
    "roll-out": 0.06986086671936646,
    "oneh-in": 0.002988866160212579,
    "alternate": 0.0719555421018814,
    "oneh-out": 0.0019793265832021667,
    "dsfb-red": 0.01594045814398564,
    "roll-in": 0.15385232893582995,
    "sfR": 0.18880787437283908,
    "sfT": 0.00008951052482036123
  },
  "english-200": {
    "dsfb-alt": 0.004454342984409799,
    "redirect": 0.015590200445434299,
    "dsfb": 0.0,
    "unknown": 0.31625835189309576,
    "sfb": 0.013363028953229399,
    "sft": 0.0,
    "bad-redirect": 0.0022271714922048997,
    "roll-out": 0.10022271714922049,
    "oneh-in": 0.013363028953229399,
    "alternate": 0.12472160356347439,
    "oneh-out": 0.004454342984409799,
    "dsfb-red": 0.0200445434298441,
    "roll-in": 0.27839643652561247,
    "sfR": 0.10690423162583519,
    "sfT": 0.0
  },
  "wordle": {
    "dsfb-alt": 0.02519914731291372,
    "redirect": 0.029372826208908336,
    "dsfb": 0.0,
    "unknown": 0.26657691013126894,
    "sfb": 0.03116795691686301,
    "sft": 0.0,
    "bad-redirect": 0.0021990351172444743,
    "roll-out": 0.13355772467182767,
    "oneh-in": 0.007001009761023224,
    "alternate": 0.1560866150566588,
    "oneh-out": 0.003635139683608213,
    "dsfb-red": 0.023830360148098282,
    "roll-in": 0.1899921463031527,
    "sfR": 0.13138112868843263,
    "sfT": 0.0
  },
  "english-450k": {
    "dsfb-alt": 0.02138863276113386,
    "redirect": 0.039530760959620555,
    "dsfb": 0.0,
    "unknown": 0.2817214630641039,
    "sfb": 0.031073770055680256,
    "sft": 0.0,
    "bad-redirect": 0.0030877605754776496,
    "roll-out": 0.1177775140165386,
    "oneh-in": 0.00793106008825347,
    "alternate": 0.16619501479564122,
    "oneh-out": 0.0023340920691737885,
    "dsfb-red": 0.021345073177177584,
    "roll-in": 0.19389189388300657,
    "sfR": 0.11369548401129392,
    "sfT": 0.000027480542898589197
  },
  "english-10k": {
    "dsfb-alt": 0.02184442600490149,
    "redirect": 0.03654888944636344,
    "dsfb": 0.0,
    "unknown": 0.30337122016171053,
    "sfb": 0.021323401709731574,
    "sft": 0.0,
    "bad-redirect": 0.0039752224001852535,
    "roll-out": 0.11584106829277706,
    "oneh-in": 0.007892553212018294,
    "alternate": 0.15632658574709093,
    "oneh-out": 0.002894579417610621,
    "dsfb-red": 0.020281353119391752,
    "roll-in": 0.20400995735319657,
    "sfR": 0.10567144593890508,
    "sfT": 0.00001929719611740414
  },
  "movie": {
    "dsfb-alt": 0.021954204215368284,
    "redirect": 0.028246160073768484,
    "dsfb": 0.0,