{
  "english-1k": {
    "sfb": 0.01587861679604799,
    "unknown": 0.0,
    "outoneh": 0.020465772759350742,
    "red-sfs": 0.0077628793225123505,
    "alt-sfs": 0.046224417784050814,
    "sft": 0.0,
    "inroll": 0.2981651376146789,
    "bad-red-sfs": 0.0017642907551164433,
    "red": 0.04022582921665491,
    "sfr": 0.10832745236414962,
    "outroll": 0.1714890613973183,
    "inoneh": 0.0024700070571630206,
    "bad-red": 0.0038814396612561752,
    "alt": 0.28334509527170076
  },
  "shai": {
    "sfb": 0.02233379922734255,
    "unknown": 0.023621906111313578,
    "outoneh": 0.022195083775772666,
    "red-sfs": 0.011320903180020764,
    "alt-sfs": 0.04600127553192576,
    "sft": 0.00006402430245170272,
    "inroll": 0.31249691915459127,
    "bad-red-sfs": 0.001651936922863991,
    "red": 0.03211138463720181,
    "sfr": 0.09823378925716947,
    "outroll": 0.139941887359957,
    "inoneh": 0.004649034425892973,
    "bad-red": 0.004426501401242804,
    "alt": 0.2809515547122537
  },
  "chained-bigrams": {
    "sfb": 0.022885393176716715,
    "unknown": 0.02365222201805197,
    "outoneh": 0.013797075401805976,
    "red-sfs": 0.019068780196726337,
    "alt-sfs": 0.04745767994343258,
    "sft": 0.00016752061055418804,
    "inroll": 0.31025920892612147,
    "bad-red-sfs": 0.0032867803512608524,
    "red": 0.04096723024149589,
    "sfr": 0.11914286586209158,
    "outroll": 0.11233036103288793,
    "inoneh": 0.010127205282223531,
    "bad-red": 0.00426463321751902,
    "alt": 0.272593043739112
  },
  "english-200": {
    "sfb": 0.004454342984409799,
    "unknown": 0.0,
    "outoneh": 0.013363028953229399,
    "red-sfs": 0.013363028953229399,
    "alt-sfs": 0.042316258351893093,
    "sft": 0.0,
    "inroll": 0.32962138084632514,
    "bad-red-sfs": 0.0,
    "red": 0.0378619153674833,
    "sfr": 0.10690423162583519,
    "outroll": 0.15812917594654788,
    "inoneh": 0.0022271714922048997,
    "bad-red": 0.0022271714922048997,
    "alt": 0.289532293986637
  },
  "english-450k": {
    "sfb": 0.03573055269218693,
    "unknown": 0.00015377410175167997,
    "outoneh": 0.014874574709364024,
    "red-sfs": 0.014109797047420308,
    "alt-sfs": 0.04279656037153694,
    "sft": 0.00017716179783558566,
    "inroll": 0.2765837709268719,
    "bad-red-sfs": 0.0027156038615425006,
    "red": 0.04065395506405013,
    "sfr": 0.11369548401129392,
    "outroll": 0.1379070116897552,
    "inoneh": 0.0037917302276032116,
    "bad-red": 0.004524057461230508,
    "alt": 0.31228596603755715
  },
  "english-5k": {
    "sfb": 0.02173642510474136,
    "unknown": 0.002157049819554486,
    "outoneh": 0.025801634380055585,
    "red-sfs": 0.013274152735719915,
    "alt-sfs": 0.044924710664952086,
    "sft": 0.0,
    "inroll": 0.2871365163645414,
    "bad-red-sfs": 0.0013688970008711163,
    "red": 0.0320238934749243,
    "sfr": 0.10644211224955408,
    "outroll": 0.13622599245032563,
    "inoneh": 0.003194093002032605,
    "bad-red": 0.004604471730202846,
    "alt": 0.3211100510225246
  },
  "monkeyracer": {
    "sfb": 0.023681514615950076,
    "unknown": 0.014352018393105714,
    "outoneh": 0.028444015202464926,
    "red-sfs": 0.01068141295337598,
    "alt-sfs": 0.04334344745608959,
    "sft": 0.00003616841578428766,
    "inroll": 0.3267122323537232,
    "bad-red-sfs": 0.0012140857406509533,
    "red": 0.03743626538623958,
    "sfr": 0.09690789370786869,
    "outroll": 0.14537063828456137,
    "inoneh": 0.004523007022537811,
    "bad-red": 0.003574808014138918,
    "alt": 0.2637224924535089
  },
  "tr-quotes": {
    "sfb": 0.023754651996024133,
    "unknown": 0.01476965396084233,
    "outoneh": 0.02808996555789279,
    "red-sfs": 0.010701324518619541,
    "alt-sfs": 0.04333926631376991,
    "sft": 0.000028894385243059568,
    "inroll": 0.32644067404821897,
    "bad-red-sfs": 0.0011985390998821108,
    "red": 0.03746908300778993,
    "sfr": 0.09677191928064538,
    "outroll": 0.1450162964332771,
    "inoneh": 0.004475162386445066,
    "bad-red": 0.0035609440373546614,
    "alt": 0.26438362497399504
  },
  "movie": {
    "sfb": 0.02761778039452769,
    "unknown": 0.030451476652766863,
    "outoneh": 0.03521571320304007,
    "red-sfs": 0.011846963820727422,
    "alt-sfs": 0.04025893717111233,
    "sft": 0.0000522443419180306,
    "inroll": 0.3048420503522282,
    "bad-red-sfs": 0.0010848925812902879,
    "red": 0.03963437382919048,
    "sfr": 0.11567713207251198,
    "outroll": 0.14441309930149182,
    "inoneh": 0.003294683486800539,
    "bad-red": 0.00333955834975784,
    "alt": 0.24227109444263645
  },
  "gutenberg": {
    "sfb": 0.021922002816546014,
    "unknown": 0.03802431837805746,
    "outoneh": 0.017551128039181588,
    "red-sfs": 0.009545340366742025,
    "alt-sfs": 0.0453865893158415,
    "sft": 0.00003694017169791805,
    "inroll": 0.33540899210920044,
    "bad-red-sfs": 0.001435551903214477,
    "red": 0.031887324519976674,
    "sfr": 0.09863878308844841,
    "outroll": 0.13968329201717206,
    "inoneh": 0.006279639751868131,
    "bad-red": 0.003449643726251732,
    "alt": 0.2507504537958016
  },
  "keymash": {
    "sfb": 0.024066860142931617,
    "unknown": 0.013394194891077241,
    "outoneh": 0.026841753108413753,
    "red-sfs": 0.011132410831934256,
    "alt-sfs": 0.04319966504250594,
    "sft": 0.00004104871250713222,
    "inroll": 0.3277698644982,
    "bad-red-sfs": 0.0012355662464646796,
    "red": 0.03676322692138761,
    "sfr": 0.099723742164827,
    "outroll": 0.14612110191163855,
    "inoneh": 0.004671343483311646,
    "bad-red": 0.003591762344374069,
    "alt": 0.2614474597004265
  },
  "english-10k": {
    "sfb": 0.024391655892398834,
    "unknown": 0.0,
    "outoneh": 0.0233110129098242,
    "red-sfs": 0.011713398043264314,
    "alt-sfs": 0.045927326759421856,
    "sft": 0.00005789158835221242,
    "inroll": 0.2969259566584975,
    "bad-red-sfs": 0.0022770691418536886,
    "red": 0.0330753941452307,
    "sfr": 0.10567144593890508,
    "outroll": 0.1393257559676579,
    "inoneh": 0.0033384149283109165,
    "bad-red": 0.005557592481812393,
    "alt": 0.3084270855444704
  },
  "mt-quotes": {
    "sfb": 0.022978149914536044,
    "unknown": 0.008869126594231481,
    "outoneh": 0.02961953598450891,
    "red-sfs": 0.01045588745054446,
    "alt-sfs": 0.04337445165608826,
    "sft": 0.00003137662710223402,
    "inroll": 0.3320543622476423,
    "bad-red-sfs": 0.0011370292011809566,
    "red": 0.0379059537896989,
    "sfr": 0.0964592223377679,
    "outroll": 0.14685157958905584,
    "inoneh": 0.004344915791109358,
    "bad-red": 0.003545558862552444,
    "alt": 0.26237284995398097
  }
}