{
  "reddit": {
    "dsfb-alt": 0.04140295243077074,
    "redirect": 0.035428045526489226,
    "dsfb": 0.0,
    "unknown": 0.041217725522189115,
    "sfb": 0.024512243611029483,
    "sft": 0.0,
    "bad-redirect": 0.003769414411402636,
    "roll-out": 0.14038899898246937,
    "oneh-in": 0.021175275035739054,
    "alternate": 0.26326609540365703,
    "oneh-out": 0.006303108759284991,
    "dsfb-red": 0.01360573113405877,
    "roll-in": 0.30480760280608465,
    "sfR": 0.10397777127267367,
    "sfT": 0.00014503510415127401
  },
  "english-450k": {
    "dsfb-alt": 0.04279656037153694,
    "redirect": 0.04065395506405013,
    "dsfb": 0.0,
    "unknown": 0.00015377410175167997,
    "sfb": 0.03573055269218693,
    "sft": 0.0,
    "bad-redirect": 0.004524057461230508,
    "roll-out": 0.1379070116897552,
    "oneh-in": 0.014422607482542546,
    "alternate": 0.31228596603755715,
    "oneh-out": 0.004243697454424689,
    "dsfb-red": 0.01682540090896281,
    "roll-in": 0.2765837709268719,
    "sfR": 0.11369548401129392,
    "sfT": 0.00017716179783558566
  },
  "dutch": {
    "dsfb-alt": 0.03259432879819318,
    "redirect": 0.025740444079070644,
    "dsfb": 0.0,
    "unknown": 0.07325982807452426,
    "sfb": 0.07474684677121443,
    "sft": 0.0,
    "bad-redirect": 0.0028745573469654228,
    "roll-out": 0.10555284780639505,
    "oneh-in": 0.00942523233557668,
    "alternate": 0.2049146764949414,
    "oneh-out": 0.0021962174702668882,
    "dsfb-red": 0.011758225904266988,
    "roll-in": 0.26773365411763295,
    "sfR": 0.18880787437283908,
    "sfT": 0.0003952664281129894
  },
  "mt-quotes": {
    "dsfb-alt": 0.04337445165608826,
    "redirect": 0.0379059537896989,
    "dsfb": 0.0,
    "unknown": 0.008869126594231481,
    "sfb": 0.022978149914536044,
    "sft": 0.0,
    "bad-redirect": 0.003545558862552444,
    "roll-out": 0.14685157958905584,
    "oneh-in": 0.027668208603769978,
    "alternate": 0.26237284995398097,
    "oneh-out": 0.0062962431718482925,
    "dsfb-red": 0.011592916651725415,
    "roll-in": 0.3320543622476423,
    "sfR": 0.0964592223377679,
    "sfT": 0.00003137662710223402
  },
  "english-200": {
    "dsfb-alt": 0.042316258351893093,
    "redirect": 0.0378619153674833,
    "dsfb": 0.0,
    "unknown": 0.0,
    "sfb": 0.004454342984409799,
    "sft": 0.0,
    "bad-redirect": 0.0022271714922048997,
    "roll-out": 0.15812917594654788,
    "oneh-in": 0.011135857461024499,
    "alternate": 0.289532293986637,
    "oneh-out": 0.004454342984409799,
    "dsfb-red": 0.013363028953229399,
    "roll-in": 0.32962138084632514,
    "sfR": 0.10690423162583519,
    "sfT": 0.0
  },
  "wordle": {
    "dsfb-alt": 0.0492314596656569,
    "redirect": 0.04101873667676428,
    "dsfb": 0.0,
    "unknown": 0.0,
    "sfb": 0.04294850218781555,
    "sft": 0.0,
    "bad-redirect": 0.007180522831818692,
    "roll-out": 0.17509256142712892,
    "oneh-in": 0.008571749130483563,
    "alternate": 0.2773028161112981,
    "oneh-out": 0.009873218893750701,
    "dsfb-red": 0.021070346684617974,
    "roll-in": 0.23576797935599686,
    "sfR": 0.13138112868843263,
    "sfT": 0.0005609783462358353
  },
  "akl": {
    "dsfb-alt": 0.03621715510779978,
    "redirect": 0.03296666328396447,
    "dsfb": 0.0,
    "unknown": 0.06692211644153111,
    "sfb": 0.029722862519424208,
    "sft": 0.0,
    "bad-redirect": 0.005037872015152523,
    "roll-out": 0.139334618760169,
    "oneh-in": 0.019567569228611317,
    "alternate": 0.2471347087425257,
    "oneh-out": 0.00496433231715968,
    "dsfb-red": 0.016391112736790704,
    "roll-in": 0.2836209311699404,
    "sfR": 0.11790358951788564,
    "sfT": 0.00021646815904548817
  },
  "english-10k": {
    "dsfb-alt": 0.045927326759421856,
    "redirect": 0.0330753941452307,
    "dsfb": 0.0,
    "unknown": 0.0,
    "sfb": 0.024391655892398834,
    "sft": 0.0,
    "bad-redirect": 0.005557592481812393,
    "roll-out": 0.1393257559676579,
    "oneh-in": 0.02134269890584898,
    "alternate": 0.3084270855444704,
    "oneh-out": 0.005306728932286139,
    "dsfb-red": 0.013990467185118002,
    "roll-in": 0.2969259566584975,
    "sfR": 0.10567144593890508,
    "sfT": 0.00005789158835221242
  },
  "tr-quotes": {
    "dsfb-alt": 0.04333926631376991,
    "redirect": 0.03746908300778993,
    "dsfb": 0.0,
    "unknown": 0.01476965396084233,
    "sfb": 0.023754651996024133,
    "sft": 0.0,
    "bad-redirect": 0.0035609440373546614,
    "roll-out": 0.1450162964332771,
    "oneh-in": 0.02642102586625367,
    "alternate": 0.26438362497399504,
    "oneh-out": 0.006144102078084187,
    "dsfb-red": 0.011899863618501653,
    "roll-in": 0.32644067404821897,
    "sfR": 0.09677191928064538,
    "sfT": 0.000028894385243059568
  },
  "french": {
    "dsfb-alt": 0.031052107238260955,
    "redirect": 0.02619147451597538,
    "dsfb": 0.0,
    "unknown": 0.15822391385155302,
    "sfb": 0.045638814575225256,
    "sft": 0.0,
    "bad-redirect": 0.00450577289933165,
    "roll-out": 0.1183552044951268,
    "oneh-in": 0.01755763584373661,
    "alternate": 0.22512396459953404,
    "oneh-out": 0.005825118529188583,
    "dsfb-red": 0.016504112971570777,
    "roll-in": 0.24162816746213486,
    "sfR": 0.10898279115633469,
    "sfT": 0.00041092186202736666
  },
  "movie": {
    "dsfb-alt": 0.04025893717111233,
    "redirect": 0.03963437382919048,
    "dsfb": 0.0,
    "unknown": 0.030451476652766863,
    "sfb": 0.02761778039452769,
    "sft": 0.0,
    "bad-redirect": 0.00333955834975784,
    "roll-out": 0.14441309930149182,
    "oneh-in": 0.033960138225105733,
    "alternate": 0.24227109444263645,
    "oneh-out": 0.004550258464734872,
    "dsfb-red": 0.012931856402017711,
    "roll-in": 0.3048420503522282,
    "sfR": 0.11567713207251198,
    "sfT": 0.0000522443419180306
  },
  "english-5k": {
    "dsfb-alt": 0.044924710664952086,
    "redirect": 0.0320238934749243,
    "dsfb": 0.0,
    "unknown": 0.002157049819554486,
    "sfb": 0.02173642510474136,
    "sft": 0.0,
    "bad-redirect": 0.004604471730202846,
    "roll-out": 0.13622599245032563,
    "oneh-in": 0.024059401833492346,
    "alternate": 0.3211100510225246,
    "oneh-out": 0.004936325548595843,
    "dsfb-red": 0.014643049736591031,
    "roll-in": 0.2871365163645414,
    "sfR": 0.10644211224955408,
    "sfT": 0.0
  },
  "keymash": {
    "dsfb-alt": 0.04319966504250594,
    "redirect": 0.03676322692138761,
    "dsfb": 0.0,
    "unknown": 0.013394194891077241,
    "sfb": 0.024066860142931617,
    "sft": 0.0,
    "bad-redirect": 0.003591762344374069,
    "roll-out": 0.14612110191163855,
    "oneh-in": 0.025712913514467618,
    "alternate": 0.2614474597004265,
    "oneh-out": 0.005800183077257782,
    "dsfb-red": 0.012367977078398935,
    "roll-in": 0.3277698644982,
    "sfR": 0.099723742164827,
    "sfT": 0.00004104871250713222
  },
  "shai": {
    "dsfb-alt": 0.04600127553192576,
    "redirect": 0.03211138463720181,
    "dsfb": 0.0,
    "unknown": 0.023621906111313578,
    "sfb": 0.02233379922734255,
    "sft": 0.0,
    "bad-redirect": 0.004426501401242804,
    "roll-out": 0.139941887359957,
    "oneh-in": 0.02152854519383472,
    "alternate": 0.2809515547122537,
    "oneh-out": 0.0053155730078309205,
    "dsfb-red": 0.012972840102884756,
    "roll-in": 0.31249691915459127,
    "sfR": 0.09823378925716947,
    "sfT": 0.00006402430245170272
  },
  "chained-bigrams": {
    "dsfb-alt": 0.04745767994343258,
    "redirect": 0.04096723024149589,
    "dsfb": 0.0,
    "unknown": 0.02365222201805197,
    "sfb": 0.022885393176716715,
    "sft": 0.0,
    "bad-redirect": 0.00426463321751902,
    "roll-out": 0.11233036103288793,
    "oneh-in": 0.018692183475325447,
    "alternate": 0.272593043739112,
    "oneh-out": 0.005232097208704059,
    "dsfb-red": 0.022355560547987187,
    "roll-in": 0.31025920892612147,
    "sfR": 0.11914286586209158,
    "sfT": 0.00016752061055418804
  },
  "gutenberg": {
    "dsfb-alt": 0.0453865893158415,
    "redirect": 0.031887324519976674,
    "dsfb": 0.0,
    "unknown": 0.03802431837805746,
    "sfb": 0.021922002816546014,