{
  "english-10k": {
    "dsfb-alt": 0.04517473611084309,
    "redirect": 0.04436425387391212,
    "dsfb": 0.0,
    "unknown": 0.01034329711892862,
    "sfb": 0.02446884467686845,
    "sft": 0.0,
    "bad-redirect": 0.004631327068176994,
    "roll-out": 0.15269871287701897,
    "oneh-in": 0.02230755871171919,
    "alternate": 0.2587368055421547,
    "oneh-out": 0.005480403697342776,
    "dsfb-red": 0.026977480172130988,
    "roll-in": 0.299145134211999,
    "sfR": 0.10567144593890508,
    "sfT": 0.0
  },
  "dutch": {
    "dsfb-alt": 0.03554869611029791,
    "redirect": 0.03530004978664327,
    "dsfb": 0.0,
    "unknown": 0.09878429573703615,
    "sfb": 0.03943508817593581,
    "sft": 0.0,
    "bad-redirect": 0.0029439136590658148,
    "roll-out": 0.1079076272900807,
    "oneh-in": 0.007771833799181344,
    "alternate": 0.16437270246009422,
    "oneh-out": 0.0033241899431984715,
    "dsfb-red": 0.030264795872790195,
    "roll-in": 0.2852862520404796,
    "sfR": 0.18880787437283908,
    "sfT": 0.00025268075235747805
  },
  "english-1k": {
    "dsfb-alt": 0.040931545518701484,
    "redirect": 0.048341566690190546,
    "dsfb": 0.0,
    "unknown": 0.007057163020465773,
    "sfb": 0.016231474947071278,
    "sft": 0.0,
    "bad-redirect": 0.0045871559633027525,
    "roll-out": 0.17607621736062104,
    "oneh-in": 0.016584333098094567,
    "alternate": 0.2424135497529993,
    "oneh-out": 0.008821453775582216,
    "dsfb-red": 0.02646436132674665,
    "roll-in": 0.3041637261820748,
    "sfR": 0.10832745236414962,
    "sfT": 0.0
  },
  "movie": {
    "dsfb-alt": 0.036048201129925364,
    "redirect": 0.05066227270256823,
    "dsfb": 0.0,
    "unknown": 0.03437927734099724,
    "sfb": 0.025101103329438476,
    "sft": 0.0,
    "bad-redirect": 0.004850038341030272,
    "roll-out": 0.12744237363547847,
    "oneh-in": 0.04315119446752159,
    "alternate": 0.22388556041400154,
    "oneh-out": 0.005763985329999346,
    "dsfb-red": 0.018708606722359748,
    "roll-in": 0.31419997265396915,
    "sfR": 0.11567713207251198,
    "sfT": 0.00013028186019861535
  },
  "wordle": {
    "dsfb-alt": 0.04285874565241782,
    "redirect": 0.05270952541231908,
    "dsfb": 0.0,
    "unknown": 0.021878155503197577,
    "sfb": 0.03294064849096825,
    "sft": 0.0,
    "bad-redirect": 0.004959048580724784,
    "roll-out": 0.1840906541007517,
    "oneh-in": 0.008751262201279031,
    "alternate": 0.23601480982834064,
    "oneh-out": 0.008100527319645461,
    "dsfb-red": 0.030651856838326042,
    "roll-in": 0.245663637383597,
    "sfR": 0.13138112868843263,
    "sfT": 0.0
  },
  "keymash": {
    "dsfb-alt": 0.041586450640975645,
    "redirect": 0.04752209446950696,
    "dsfb": 0.0,
    "unknown": 0.01869358367574801,
    "sfb": 0.02460870314802576,
    "sft": 0.0,
    "bad-redirect": 0.004092556636961082,
    "roll-out": 0.1418561406821475,
    "oneh-in": 0.030146174465237898,
    "alternate": 0.2316132554502428,
    "oneh-out": 0.005722190523494231,
    "dsfb-red": 0.021862544281298617,
    "roll-in": 0.3324781518227681,
    "sfR": 0.099723742164827,
    "sfT": 0.0000944120387664041
  },
  "monkeyracer": {
    "dsfb-alt": 0.04096610726183587,
    "redirect": 0.048229116161221205,
    "dsfb": 0.0,
    "unknown": 0.01937551808811799,
    "sfb": 0.02462384847584341,
    "sft": 0.0,
    "bad-redirect": 0.004204333953735709,
    "roll-out": 0.14265605205123794,
    "oneh-in": 0.031450881336315434,
    "alternate": 0.23256584606722241,
    "oneh-out": 0.0052561505857328305,
    "dsfb-red": 0.020627727294055084,
    "roll-in": 0.33302313214570595,
    "sfR": 0.09690789370786869,
    "sfT": 0.00011339287110749644
  },
  "akl": {
    "dsfb-alt": 0.037434184448466516,
    "redirect": 0.04279359903529794,
    "dsfb": 0.0,
    "unknown": 0.08072360336837837,
    "sfb": 0.02570066852355953,
    "sft": 0.0,
    "bad-redirect": 0.0049530566431624625,
    "roll-out": 0.1344715816462261,
    "oneh-in": 0.024056030930536768,
    "alternate": 0.21152532485402648,
    "oneh-out": 0.008525772535456728,
    "dsfb-red": 0.019801136761410827,
    "roll-in": 0.29199361474689645,
    "sfR": 0.11790358951788564,
    "sfT": 0.00011783698869619877
  },
  "english-200": {
    "dsfb-alt": 0.035634743875278395,
    "redirect": 0.044543429844097995,
    "dsfb": 0.0,
    "unknown": 0.0,
    "sfb": 0.008908685968819599,
    "sft": 0.0,
    "bad-redirect": 0.0022271714922048997,
    "roll-out": 0.16258351893095768,
    "oneh-in": 0.015590200445434299,
    "alternate": 0.24276169265033407,
    "oneh-out": 0.011135857461024499,
    "dsfb-red": 0.0200445434298441,
    "roll-in": 0.34966592427616927,
    "sfR": 0.10690423162583519,
    "sfT": 0.0
  },
  "english-450k": {
    "dsfb-alt": 0.04079954347217244,
    "redirect": 0.0557413578077777,
    "dsfb": 0.0,
    "unknown": 0.017344315415824468,
    "sfb": 0.02901477576169341,
    "sft": 0.0,
    "bad-redirect": 0.0033040967642537777,
    "roll-out": 0.1599905513707821,
    "oneh-in": 0.016492126239767153,
    "alternate": 0.2539664070827299,
    "oneh-out": 0.004285795307375719,
    "dsfb-red": 0.030544038739379793,
    "roll-in": 0.2748095218327066,
    "sfR": 0.11369548401129392,
    "sfT": 0.000011986194243001671
  },
  "chained-bigrams": {
    "dsfb-alt": 0.04199767678781177,
    "redirect": 0.05424226467087719,
    "dsfb": 0.0,
    "unknown": 0.02981477285049305,
    "sfb": 0.024311915585195593,
    "sft": 0.0,
    "bad-redirect": 0.004776934619562642,
    "roll-out": 0.11697808401872854,
    "oneh-in": 0.0187856833509836,
    "alternate": 0.24955376535037455,
    "oneh-out": 0.0051937882318719,
    "dsfb-red": 0.028747315936729155,
    "roll-in": 0.3063835092191527,
    "sfR": 0.11914286586209158,
    "sfT": 0.0000714235161277546
  },
  "mt-quotes": {
    "dsfb-alt": 0.04035183657857305,
    "redirect": 0.04856504225385783,
    "dsfb": 0.0,
    "unknown": 0.013278289764645413,
    "sfb": 0.02470984090555934,
    "sft": 0.0,
    "bad-redirect": 0.004261244785503401,
    "roll-out": 0.14332245610260455,
    "oneh-in": 0.03271536319192933,
    "alternate": 0.2321556639294295,
    "oneh-out": 0.005350461983480953,
    "dsfb-red": 0.019937605335819557,
    "roll-in": 0.33879137232402196,
    "sfR": 0.0964592223377679,
    "sfT": 0.00010160050680723396
  },
  "shai": {
    "dsfb-alt": 0.04449742432034847,
    "redirect": 0.042913598851634226,
    "dsfb": 0.0,
    "unknown": 0.031081677856276548,
    "sfb": 0.02342465846738623,
    "sft": 0.0,
    "bad-redirect": 0.004260476345145098,
    "roll-out": 0.1412950209822602,
    "oneh-in": 0.023229957552452555,
    "alternate": 0.24239062534349878,
    "oneh-out": 0.005704320738610239,
    "dsfb-red": 0.022949047151797124,
    "roll-in": 0.31992543347804536,
    "sfR": 0.09823378925716947,
    "sfT": 0.00009396965537570368
  },
  "french": {
    "dsfb-alt": 0.02847707380965961,
    "redirect": 0.04748114621790308,
    "dsfb": 0.0,
    "unknown": 0.18373404432343912,
    "sfb": 0.03676931158587658,
    "sft": 0.0,
    "bad-redirect": 0.004772884095120111,
    "roll-out": 0.13654234722229153,
    "oneh-in": 0.01816129905602583,
    "alternate": 0.16722678516581665,
    "oneh-out": 0.007193095206301637,
    "dsfb-red": 0.03035459779060133,
    "roll-in": 0.22991472202779542,
    "sfR": 0.10898279115633469,
    "sfT": 0.0003899023428344107
  },
  "reddit": {
    "dsfb-alt": 0.0400038431306007,
    "redirect": 0.04611696788981977,
    "dsfb": 0.0,
    "unknown": 0.0524048689393203,
    "sfb": 0.024297350431144192,
    "sft": 0.0,
    "bad-redirect": 0.004090799017192391,
    "roll-out": 0.13643342122715355,
    "oneh-in": 0.02546418631167527,
    "alternate": 0.22823813250822145,
    "oneh-out": 0.006132490241875627,
    "dsfb-red": 0.018897115161131493,
    "roll-in": 0.3137964830110966,
    "sfR": 0.10397777127267367,
    "sfT": 0.0001465708580950246
  },
  "tr-quotes": {
    "dsfb-alt": 0.040731836989436214,
    "redirect": 0.048179653729687244,
    "dsfb": 0.0,
    "unknown": 0.019857377314440258,
    "sfb": 0.02443655948776034,