{
  "english-1k": {
    "sfb": 0.021877205363443897,
    "unknown": 0.0,
    "outoneh": 0.016584333098094567,
    "red-sfs": 0.016584333098094567,
    "alt-sfs": 0.05822159491884263,
    "sft": 0.0,
    "inroll": 0.292166549047283,
    "bad-red-sfs": 0.0,
    "red": 0.022582921665490474,
    "sfr": 0.10832745236414962,
    "outroll": 0.17466478475652789,
    "inoneh": 0.002117148906139732,
    "bad-red": 0.004234297812279464,
    "alt": 0.2826393789696542
  },
  "shai": {
    "sfb": 0.02284906675154731,
    "unknown": 0.023621906111313578,
    "outoneh": 0.019202359834693292,
    "red-sfs": 0.016184412439431972,
    "alt-sfs": 0.0556592962729821,
    "sft": 0.00007473372361503614,
    "inroll": 0.29282440528072384,
    "bad-red-sfs": 0.0014715836133703118,
    "red": 0.022980614206010403,
    "sfr": 0.09823378925716947,
    "outroll": 0.1521765166506535,
    "inoneh": 0.003493125225064272,
    "bad-red": 0.002718339049669111,
    "alt": 0.2885098515837558
  },
  "chained-bigrams": {
    "sfb": 0.021762745364126826,
    "unknown": 0.02365222201805197,
    "outoneh": 0.010424586831191818,
    "red-sfs": 0.017905226188536006,
    "alt-sfs": 0.05508571146587676,
    "sft": 0.00005843742228634467,
    "inroll": 0.2902073814256004,
    "bad-red-sfs": 0.0031536728893864006,
    "red": 0.03704997503423459,
    "sfr": 0.11914286586209158,
    "outroll": 0.1243515881018811,
    "inoneh": 0.009327261901592679,
    "bad-red": 0.002993294630444988,
    "alt": 0.2848850308646985
  },
  "english-200": {
    "sfb": 0.013363028953229399,
    "unknown": 0.0,
    "outoneh": 0.013363028953229399,
    "red-sfs": 0.015590200445434299,
    "alt-sfs": 0.0801781737193764,
    "sft": 0.0,
    "inroll": 0.30957683741648107,
    "bad-red-sfs": 0.0,
    "red": 0.0200445434298441,
    "sfr": 0.10690423162583519,
    "outroll": 0.1714922048997773,
    "inoneh": 0.0022271714922048997,
    "bad-red": 0.0,
    "alt": 0.267260579064588
  },
  "english-450k": {
    "sfb": 0.03845463459355985,
    "unknown": 0.00015377410175167997,
    "outoneh": 0.011524287245344532,
    "red-sfs": 0.014343966354460414,
    "alt-sfs": 0.05287578034509715,
    "sft": 0.00016897610420621868,
    "inroll": 0.25684572481685974,
    "bad-red-sfs": 0.0012661513967424448,
    "red": 0.034583093853070304,
    "sfr": 0.11369548401129392,
    "outroll": 0.1513444124747632,
    "inoneh": 0.003950474214772721,
    "bad-red": 0.0028965661599917206,
    "alt": 0.3178966743280861
  },
  "english-5k": {
    "sfb": 0.02522089019786784,
    "unknown": 0.002157049819554486,
    "outoneh": 0.022400132741527357,
    "red-sfs": 0.014020823827104161,
    "alt-sfs": 0.051644750487410296,
    "sft": 0.00008296345459824948,
    "inroll": 0.2760608951756751,
    "bad-red-sfs": 0.0012029700916746174,
    "red": 0.023851993196996723,
    "sfr": 0.10644211224955408,
    "outroll": 0.14190898909030572,
    "inoneh": 0.003442983365827353,
    "bad-red": 0.003484465093126478,
    "alt": 0.32807898120877754
  },
  "monkeyracer": {
    "sfb": 0.024586702535308196,
    "unknown": 0.014352018393105714,
    "outoneh": 0.026050057087445455,
    "red-sfs": 0.019627719473857077,
    "alt-sfs": 0.05954592020269953,
    "sft": 0.00003714594053521435,
    "inroll": 0.2989319564571375,
    "bad-red-sfs": 0.0023353066299638707,
    "red": 0.023665874219935247,
    "sfr": 0.09690789370786869,
    "outroll": 0.15860827846161066,
    "inoneh": 0.002851439698453165,
    "bad-red": 0.002641271877003926,
    "alt": 0.26985841531507576
  },
  "tr-quotes": {
    "sfb": 0.02478098055985761,
    "unknown": 0.01476965396084233,
    "outoneh": 0.025740274149927186,
    "red-sfs": 0.019611197152169392,
    "alt-sfs": 0.0594496197498902,
    "sft": 0.00004160791475000578,
    "inroll": 0.29895864635584013,
    "bad-red-sfs": 0.0023242643489517116,
    "red": 0.023687617022260233,
    "sfr": 0.09677191928064538,
    "outroll": 0.1578188206467719,
    "inoneh": 0.0028281824275906706,
    "bad-red": 0.0026039619981045284,
    "alt": 0.2706132544323987
  },
  "movie": {
    "sfb": 0.02735524270655169,
    "unknown": 0.030451476652766863,
    "outoneh": 0.03527519542608024,
    "red-sfs": 0.022862360899439643,
    "alt-sfs": 0.05870303223791731,
    "sft": 0.000036189405610726486,
    "inroll": 0.2688037190601967,
    "bad-red-sfs": 0.0033908815068057797,
    "red": 0.02428295956695889,
    "sfr": 0.11567713207251198,
    "outroll": 0.1565999803392829,
    "inoneh": 0.0021993946762620792,
    "bad-red": 0.0017356438930904423,
    "alt": 0.25262679155652473
  },
  "gutenberg": {
    "sfb": 0.020037864623174254,
    "unknown": 0.03802431837805746,
    "outoneh": 0.016418864417445916,
    "red-sfs": 0.015704877201397436,
    "alt-sfs": 0.056399117527713656,
    "sft": 0.000041297217590493,
    "inroll": 0.3104476656274165,
    "bad-red-sfs": 0.0013237842042310326,
    "red": 0.022402035611841013,
    "sfr": 0.09863878308844841,
    "outroll": 0.15386130878838888,
    "inoneh": 0.003653288262535126,
    "bad-red": 0.0025848648349645733,
    "alt": 0.26046193021679526
  },
  "keymash": {
    "sfb": 0.02394371400541022,
    "unknown": 0.013394194891077241,
    "outoneh": 0.024764688255552864,
    "red-sfs": 0.01987989146720413,
    "alt-sfs": 0.058051089227586374,
    "sft": 0.00006157306876069832,
    "inroll": 0.30036163915718783,
    "bad-red-sfs": 0.0023808253254136683,
    "red": 0.02357427559284603,
    "sfr": 0.099723742164827,
    "outroll": 0.15934289221018583,
    "inoneh": 0.003008870626772791,
    "bad-red": 0.002729739381724292,
    "alt": 0.26878286462545103
  },
  "english-10k": {
    "sfb": 0.025414407286621254,
    "unknown": 0.0,
    "outoneh": 0.019644545647517414,
    "red-sfs": 0.014665869049227146,
    "alt-sfs": 0.05154281082958646,
    "sft": 0.00015437756893923313,
    "inroll": 0.28633179599004266,
    "bad-red-sfs": 0.0011192373748094401,
    "red": 0.025549487659443083,
    "sfr": 0.10567144593890508,
    "outroll": 0.14526929237181838,
    "inoneh": 0.0033770093205457248,
    "bad-red": 0.0038980336157156364,
    "alt": 0.3173616873468285
  },
  "mt-quotes": {
    "sfb": 0.024064378862313385,
    "unknown": 0.008869126594231481,
    "outoneh": 0.027164688445034127,
    "red-sfs": 0.020070582469729027,
    "alt-sfs": 0.060633090687417075,
    "sft": 0.000028388376902021254,
    "inroll": 0.30397676336644314,
    "bad-red-sfs": 0.0024040472860711684,
    "red": 0.02322318643095349,
    "sfr": 0.0964592223377679,
    "outroll": 0.15994011546598774,
    "inoneh": 0.002776084435997657,
    "bad-red": 0.002662530928389572,
    "alt": 0.2677277943127622
  }
}