{
  "gutenberg": {
    "bad-redirect": 0.0029612757127274614,
    "dsfb-red": 0.01083786750261328,
    "sfb": 0.021615304673064325,
    "oneh-in": 0.0013116602504429978,
    "roll-in": 0.12126245973047693,
    "unknown": 0.03298207965968062,
    "dsfb-alt": 0.0532919754959739,
    "alternate": 0.28526412980511123,
    "sfR": 0.09863878308844841,
    "sfT": 0.00009945430841747168,
    "roll-out": 0.33797604988703883,
    "oneh-out": 0.01933808516547113,
    "redirect": 0.014420874720533394,
    "sft": 0.0,
    "dsfb": 0.0
  },
  "mt-quotes": {
    "bad-redirect": 0.0030853683317196784,
    "dsfb-red": 0.011171573373495416,
    "sfb": 0.025673551595127957,
    "oneh-in": 0.001358159715996701,
    "roll-in": 0.12204611467708969,
    "unknown": 0.007995063410669249,
    "dsfb-alt": 0.06405015479136036,
    "alternate": 0.30314154743548366,
    "sfR": 0.0964592223377679,
    "sfT": 0.00013148300880936158,
    "roll-out": 0.32399953383296876,
    "oneh-out": 0.02644452014678285,
    "redirect": 0.014443707342728393,
    "sft": 0.0,
    "dsfb": 0.0
  },
  "english-450k": {
    "bad-redirect": 0.0031462298156874143,
    "dsfb-red": 0.007164528349103462,
    "sfb": 0.043992548680027665,
    "oneh-in": 0.0013991689182196584,
    "roll-in": 0.1450826491944985,
    "unknown": 0.00015377410175167997,
    "dsfb-alt": 0.05514204809562761,
    "alternate": 0.36665622016241584,
    "sfR": 0.11369548401129392,
    "sfT": 0.0017341976646216076,
    "roll-out": 0.23593712451784804,
    "oneh-out": 0.008708116290641239,
    "redirect": 0.017187910198263347,
    "sft": 0.0,
    "dsfb": 0.0
  },
  "keymash": {
    "bad-redirect": 0.0031607508630491807,
    "dsfb-red": 0.010832755230632192,
    "sfb": 0.02542146765566698,
    "oneh-in": 0.0012478808602168193,
    "roll-in": 0.12322002520390948,
    "unknown": 0.012376186820900362,
    "dsfb-alt": 0.06196713640076679,
    "alternate": 0.30486878779047094,
    "sfR": 0.099723742164827,
    "sfT": 0.00016008997877781564,
    "roll-out": 0.3182383534540439,
    "oneh-out": 0.024103803984188037,
    "redirect": 0.014679019592550479,
    "sft": 0.0,
    "dsfb": 0.0
  },
  "tr-quotes": {
    "bad-redirect": 0.003010794942326807,
    "dsfb-red": 0.010709414946487599,
    "sfb": 0.02631007142692032,
    "oneh-in": 0.0013487899031460206,
    "roll-in": 0.12341485402556575,
    "unknown": 0.013894731975682485,
    "dsfb-alt": 0.06304061394789764,
    "alternate": 0.30670003005016067,
    "sfR": 0.09677191928064538,
    "sfT": 0.00018607984096530363,
    "roll-out": 0.31538568225422436,
    "oneh-out": 0.02473359376805899,
    "redirect": 0.01449342363791868,
    "sft": 0.0,
    "dsfb": 0.0
  },
  "akl": {
    "bad-redirect": 0.002838062363398617,
    "dsfb-red": 0.009806924527701048,
    "sfb": 0.026097423558055038,
    "oneh-in": 0.0018241810174399983,
    "roll-in": 0.12754497228228687,
    "unknown": 0.07331127266302054,
    "dsfb-alt": 0.05465901556427128,
    "alternate": 0.2772954019660067,
    "sfR": 0.11790358951788564,
    "sfT": 0.0003279238597102945,
    "roll-out": 0.2698059382159976,
    "oneh-out": 0.020153408642444783,
    "redirect": 0.01843188582178165,
    "sft": 0.0,
    "dsfb": 0.0
  },
  "english-200": {
    "bad-redirect": 0.0,
    "dsfb-red": 0.0066815144766146995,
    "sfb": 0.0200445434298441,
    "oneh-in": 0.0022271714922048997,
    "roll-in": 0.12694877505567928,
    "unknown": 0.0,
    "dsfb-alt": 0.07126948775055679,
    "alternate": 0.311804008908686,
    "sfR": 0.10690423162583519,
    "sfT": 0.0,
    "roll-out": 0.32293986636971045,
    "oneh-out": 0.017817371937639197,
    "redirect": 0.013363028953229399,
    "sft": 0.0,
    "dsfb": 0.0
  },
  "french": {
    "bad-redirect": 0.004567917564771693,
    "dsfb-red": 0.0058887164329477415,
    "sfb": 0.028307554308826897,
    "oneh-in": 0.0010645195415084042,
    "roll-in": 0.14934308459241827,
    "unknown": 0.1584254645227596,
    "dsfb-alt": 0.04409703359151385,
    "alternate": 0.25605946818998404,
    "sfR": 0.10898279115633469,
    "sfT": 0.00029632578055415214,
    "roll-out": 0.2188966136745561,
    "oneh-out": 0.01316620433462637,
    "redirect": 0.010904306309198206,
    "sft": 0.0,
    "dsfb": 0.0
  },
  "english-1k": {
    "bad-redirect": 0.0038814396612561752,
    "dsfb-red": 0.008821453775582216,
    "sfb": 0.019054340155257588,
    "oneh-in": 0.0007057163020465773,
    "roll-in": 0.14467184191954835,
    "unknown": 0.0,
    "dsfb-alt": 0.061397318278052226,
    "alternate": 0.3415666901905434,
    "sfR": 0.10832745236414962,
    "sfT": 0.0,
    "roll-out": 0.2889908256880734,
    "oneh-out": 0.011997177134791814,
    "redirect": 0.01058574453069866,
    "sft": 0.0,
    "dsfb": 0.0
  },
  "chained-bigrams": {
    "bad-redirect": 0.0037575262530119623,
    "dsfb-red": 0.012927656419123582,
    "sfb": 0.022916559801936097,
    "oneh-in": 0.003769213737469231,
    "roll-in": 0.116659924719614,
    "unknown": 0.023159399756770463,
    "dsfb-alt": 0.06305203073288969,
    "alternate": 0.32174021449131196,
    "sfR": 0.11914286586209158,
    "sfT": 0.00008635752404537601,
    "roll-out": 0.2818839445779487,
    "oneh-out": 0.011633592167827082,
    "redirect": 0.01927071395596026,
    "sft": 0.0,
    "dsfb": 0.0
  },
  "shai": {
    "bad-redirect": 0.0031838447278684607,
    "dsfb-red": 0.008188132366742599,
    "sfb": 0.02231955999334909,
    "oneh-in": 0.0014650619745339487,
    "roll-in": 0.13603429940801323,
    "unknown": 0.024097749651430984,
    "dsfb-alt": 0.058396573232933895,
    "alternate": 0.3237047522117838,
    "sfR": 0.09823378925716947,
    "sfT": 0.0001871149136759502,
    "roll-out": 0.29486112663575087,
    "oneh-out": 0.01655044474093496,
    "redirect": 0.012777550885812722,
    "sft": 0.0,
    "dsfb": 0.0
  },
  "movie": {
    "bad-redirect": 0.0020464779878269367,
    "dsfb-red": 0.013589977192778595,
    "sfb": 0.02775003622230507,
    "oneh-in": 0.001735249099574689,
    "roll-in": 0.11140533463422184,
    "unknown": 0.030282373430185833,
    "dsfb-alt": 0.06379086787326971,
    "alternate": 0.29193848748550616,
    "sfR": 0.11567713207251198,
    "sfT": 0.00009672441135957806,
    "roll-out": 0.29120403994836624,
    "oneh-out": 0.033810511482635204,
    "redirect": 0.016672788159458152,
    "sft": 0.0,
    "dsfb": 0.0
  },
  "dutch": {
    "bad-redirect": 0.002351480217546437,
    "dsfb-red": 0.008329607015444761,
    "sfb": 0.055195790107717094,
    "oneh-in": 0.004277068210426764,
    "roll-in": 0.13623679392521904,
    "unknown": 0.07360270072188302,
    "dsfb-alt": 0.0528360975864111,
    "alternate": 0.2730861037815005,
    "sfR": 0.18880787437283908,
    "sfT": 0.00012725484668471627,
    "roll-out": 0.18647615389053945,
    "oneh-out": 0.006327633839123982,
    "redirect": 0.012345441484664025,
    "sft": 0.0,
    "dsfb": 0.0
  },
  "reddit": {
    "bad-redirect": 0.0024932777989724307,
    "dsfb-red": 0.010738178861770345,
    "sfb": 0.024875767806739224,
    "oneh-in": 0.0015698776472324496,
    "roll-in": 0.12430474827026347,
    "unknown": 0.04519941109454869,
    "dsfb-alt": 0.058934407761775345,
    "alternate": 0.30002279283597005,
    "sfR": 0.10397777127267367,
    "sfT": 0.0002516014448822592,
    "roll-out": 0.2938723604931418,
    "oneh-out": 0.019201082069754318,
    "redirect": 0.014558722642275897,
    "sft": 0.0,
    "dsfb": 0.0
  },
  "wordle": {
    "bad-redirect": 0.0039044092898014135,
    "dsfb-red": 0.014630315269830585,
    "sfb": 0.03951531470885224,
    "oneh-in": 0.0023336699203410746,
    "roll-in": 0.14513631773813532,
    "unknown": 0.0,
    "dsfb-alt": 0.05603051722203523,
    "alternate": 0.33566700325367443,
    "sfR": 0.13138112868843263,
    "sfT": 0.0005161000785369685,
    "roll-out": 0.23399528778189163,
    "oneh-out": 0.009559071019858633,
    "redirect": 0.027330865028609895,
    "sft": 0.0,
    "dsfb": 0.0
  },
  "english-10k": {
    "bad-redirect": 0.004438355107002952,
    "dsfb-red": 0.006734721444974045,
    "sfb": 0.02568456803226491,