{
  "english-1k": {
    "sfb": 0.011997177134791814,
    "unknown": 0.0,
    "outoneh": 0.013408609738884969,
    "red-sfs": 0.015525758645024701,
    "alt-sfs": 0.033168666196189134,
    "sft": 0.0,
    "inroll": 0.24417784050811575,
    "bad-red-sfs": 0.010232886379675371,
    "red": 0.06386732533521525,
    "sfr": 0.10832745236414962,
    "outroll": 0.24841213832039521,
    "inoneh": 0.038461538461538464,
    "bad-red": 0.016584333098094567,
    "alt": 0.1958362738179252
  },
  "shai": {
    "sfb": 0.019575490465944582,
    "unknown": 0.031793109309943265,
    "outoneh": 0.01441973824889701,
    "red-sfs": 0.019541063179624434,
    "alt-sfs": 0.037784978200309446,
    "sft": 0.00005058624308087018,
    "inroll": 0.2723925559034107,
    "bad-red-sfs": 0.007172606763678722,
    "red": 0.05600678931630931,
    "sfr": 0.09823378925716947,
    "outroll": 0.21665796469753684,
    "inoneh": 0.03012725052660782,
    "bad-red": 0.011582538944827477,
    "alt": 0.18466153894266005
  },
  "chained-bigrams": {
    "sfb": 0.021242652305778358,
    "unknown": 0.033665798979163164,
    "outoneh": 0.010807676599513412,
    "red-sfs": 0.02445151609399075,
    "alt-sfs": 0.0441670037640193,
    "sft": 0.00006103464105462665,
    "inroll": 0.2660123406849775,
    "bad-red-sfs": 0.010818714779278609,
    "red": 0.054992211590218616,
    "sfr": 0.11914286586209158,
    "outroll": 0.18917232481597082,
    "inoneh": 0.03329569530468298,
    "bad-red": 0.009486990855842021,
    "alt": 0.18268317372341827
  },
  "english-200": {
    "sfb": 0.011135857461024499,
    "unknown": 0.0,
    "outoneh": 0.0066815144766146995,
    "red-sfs": 0.028953229398663696,
    "alt-sfs": 0.031180400890868598,
    "sft": 0.0,
    "inroll": 0.2561247216035635,
    "bad-red-sfs": 0.004454342984409799,
    "red": 0.044543429844097995,
    "sfr": 0.10690423162583519,
    "outroll": 0.23385300668151449,
    "inoneh": 0.0334075723830735,
    "bad-red": 0.017817371937639197,
    "alt": 0.22494432071269488
  },
  "english-450k": {
    "sfb": 0.03968862790818692,
    "unknown": 0.0001543587941537776,
    "outoneh": 0.01768489874004634,
    "red-sfs": 0.020727345654361424,
    "alt-sfs": 0.035216315724542056,
    "sft": 0.00006723962624122889,
    "inroll": 0.24135254554607638,
    "bad-red-sfs": 0.008627136392950714,
    "red": 0.07352068437076281,
    "sfr": 0.11369548401129392,
    "outroll": 0.2232074938855792,
    "inoneh": 0.029834514509434303,
    "bad-red": 0.008585038539999684,
    "alt": 0.18763831629637123
  },
  "english-5k": {
    "sfb": 0.023603102833201973,
    "unknown": 0.0022400132741527356,
    "outoneh": 0.02306384037831335,
    "red-sfs": 0.022524577923424733,
    "alt-sfs": 0.03513502302235865,
    "sft": 0.0,
    "inroll": 0.24470070933753682,
    "bad-red-sfs": 0.009706724187995189,
    "red": 0.07089227195420417,
    "sfr": 0.10644211224955408,
    "outroll": 0.23420583233085826,
    "inoneh": 0.0310283320197453,
    "bad-red": 0.010287468370182934,
    "alt": 0.18616999211847182
  },
  "monkeyracer": {
    "sfb": 0.016477157201620345,
    "unknown": 0.03912933825484461,
    "outoneh": 0.010966850180646574,
    "red-sfs": 0.019260170167508642,
    "alt-sfs": 0.038186026870200354,
    "sft": 0.000029325742527800803,
    "inroll": 0.28227688975084847,
    "bad-red-sfs": 0.00632947276225034,
    "red": 0.04959569576301672,
    "sfr": 0.09690789370786869,
    "outroll": 0.2116038053083504,
    "inoneh": 0.03036485133803588,
    "bad-red": 0.012672630871013654,
    "alt": 0.1861998920812675
  },
  "tr-quotes": {
    "sfb": 0.01666743718360648,
    "unknown": 0.039616513719054114,
    "outoneh": 0.011145142275952936,
    "red-sfs": 0.019282956935808233,
    "alt-sfs": 0.038307020179838655,
    "sft": 0.000031205936062504334,
    "inroll": 0.28187397424932387,
    "bad-red-sfs": 0.00633480502068838,
    "red": 0.049759598714777746,
    "sfr": 0.09677191928064538,
    "outroll": 0.2118351401955572,
    "inoneh": 0.03030674279374032,
    "bad-red": 0.012456947365987842,
    "alt": 0.18561059614895634
  },
  "movie": {
    "sfb": 0.015361020904448257,
    "unknown": 0.08496732886260383,
    "outoneh": 0.00807563296257397,
    "red-sfs": 0.019010360566233914,
    "alt-sfs": 0.03850447478710431,
    "sft": 0.000014738957921459514,
    "inroll": 0.2628031208164225,
    "bad-red-sfs": 0.0055382950368269976,
    "red": 0.04508963062987068,
    "sfr": 0.11567713207251198,
    "outroll": 0.19253606011073432,
    "inoneh": 0.030206046683806845,
    "bad-red": 0.011615746418334526,
    "alt": 0.17060041119060645
  },
  "gutenberg": {
    "sfb": 0.01689908664951885,
    "unknown": 0.04011588984327138,
    "outoneh": 0.009712044731327502,
    "red-sfs": 0.018942351736358564,
    "alt-sfs": 0.03741565801054254,
    "sft": 0.00010153811297479013,
    "inroll": 0.2718137396979544,
    "bad-red-sfs": 0.005466766537735996,
    "red": 0.05108124829743696,
    "sfr": 0.09863878308844841,
    "outroll": 0.2158330880127059,
    "inoneh": 0.03264052514905833,
    "bad-red": 0.011221287541159876,
    "alt": 0.1901179925915065
  },
  "keymash": {
    "sfb": 0.016518001912870003,
    "unknown": 0.03457533054475746,
    "outoneh": 0.010676770123105089,
    "red-sfs": 0.01920258771083645,
    "alt-sfs": 0.039008591495527746,
    "sft": 0.00002462922750427933,
    "inroll": 0.28084297636004646,
    "bad-red-sfs": 0.006124467906064126,
    "red": 0.051245212693903856,
    "sfr": 0.099723742164827,
    "outroll": 0.21331784428581396,
    "inoneh": 0.031049246140394806,
    "bad-red": 0.012228411455874687,
    "alt": 0.18546218797847405
  },
  "english-10k": {
    "sfb": 0.02589683718955636,
    "unknown": 0.0,
    "outoneh": 0.02039713629609618,
    "red-sfs": 0.021940911985488507,
    "alt-sfs": 0.038710175411512705,
    "sft": 0.00001929719611740414,
    "inroll": 0.2510372242913105,
    "bad-red-sfs": 0.00876092703730148,
    "red": 0.06914185368865904,
    "sfr": 0.10567144593890508,
    "outroll": 0.22535265625904555,
    "inoneh": 0.029158063333397658,
    "bad-red": 0.009204762548001776,
    "alt": 0.19470870882460778
  },
  "mt-quotes": {
    "sfb": 0.015423853408398178,
    "unknown": 0.03468910244916987,
    "outoneh": 0.0102780865636318,
    "red-sfs": 0.019142730782562963,
    "alt-sfs": 0.038614169087149326,
    "sft": 0.000016435376101170198,
    "inroll": 0.28660755907770646,
    "bad-red-sfs": 0.0061632660379388245,
    "red": 0.04873089013996964,
    "sfr": 0.0964592223377679,
    "outroll": 0.21224495284541184,
    "inoneh": 0.030678870680484336,
    "bad-red": 0.01312290075423435,
    "alt": 0.18782796045947336
  }
}