{
  "dutch": {
    "dsfb": 0.0,
    "sfb": 0.06879792923712467,
    "roll-out": 0.19276071796191133,
    "sfR": 0.18880787437283908,
    "roll-in": 0.1955833297979784,
    "alternate": 0.15447476059610424,
    "dsfb-alt": 0.02956992380380713,
    "sft": 0.0,
    "sfT": 0.0000413125499170898,
    "dsfb-red": 0.0243813078068634,
    "oneh-in": 0.012980980555523977,
    "oneh-out": 0.015448795766066108,
    "redirect": 0.0403275575973869,
    "bad-redirect": 0.0019259286779707892,
    "unknown": 0.07489958127650687
  },
  "english-1k": {
    "dsfb": 0.0,
    "sfb": 0.011997177134791814,
    "roll-out": 0.24417784050811575,
    "sfR": 0.10832745236414962,
    "roll-in": 0.24841213832039521,
    "alternate": 0.1958362738179252,
    "dsfb-alt": 0.033168666196189134,
    "sft": 0.0,
    "sfT": 0.0,
    "dsfb-red": 0.025758645024700072,
    "oneh-in": 0.017290049400141144,
    "oneh-out": 0.03458009880028229,
    "redirect": 0.06386732533521525,
    "bad-redirect": 0.016584333098094567,
    "unknown": 0.0
  },
  "shai": {
    "dsfb": 0.0,
    "sfb": 0.019575490465944582,
    "roll-out": 0.2723925559034107,
    "sfR": 0.09823378925716947,
    "roll-in": 0.21665796469753684,
    "alternate": 0.18466153894266005,
    "dsfb-alt": 0.037784978200309446,
    "sft": 0.0,
    "sfT": 0.00005058624308087018,
    "dsfb-red": 0.026713669943303157,
    "oneh-in": 0.014125881330788978,
    "oneh-out": 0.030421107444715854,
    "redirect": 0.05600678931630931,
    "bad-redirect": 0.011582538944827477,
    "unknown": 0.031793109309943265
  },
  "akl": {
    "dsfb": 0.0,
    "sfb": 0.02311556537406553,
    "roll-out": 0.24886409975328577,
    "sfR": 0.11790358951788564,
    "roll-in": 0.19126690375320102,
    "alternate": 0.17759775111018924,
    "dsfb-alt": 0.0401890422504461,
    "sft": 0.0,
    "sfT": 0.0002964510993224559,
    "dsfb-red": 0.02399612116814496,
    "oneh-in": 0.011416743830688445,
    "oneh-out": 0.020562120847717563,
    "redirect": 0.04639933654429834,
    "bad-redirect": 0.010507689080352312,
    "unknown": 0.08788458567040264
  },
  "monkeyracer": {
    "dsfb": 0.0,
    "sfb": 0.016477157201620345,
    "roll-out": 0.28227688975084847,
    "sfR": 0.09690789370786869,
    "roll-in": 0.2116038053083504,
    "alternate": 0.1861998920812675,
    "dsfb-alt": 0.038186026870200354,
    "sft": 0.0,
    "sfT": 0.000029325742527800803,
    "dsfb-red": 0.02558964292975898,
    "oneh-in": 0.012178003347044747,
    "oneh-out": 0.029153698171637706,
    "redirect": 0.04959569576301672,
    "bad-redirect": 0.012672630871013654,
    "unknown": 0.03912933825484461
  },
  "tr-quotes": {
    "dsfb": 0.0,
    "sfb": 0.01666743718360648,
    "roll-out": 0.28187397424932387,
    "sfR": 0.09677191928064538,
    "roll-in": 0.2118351401955572,
    "alternate": 0.18561059614895634,
    "dsfb-alt": 0.038307020179838655,
    "sft": 0.0,
    "sfT": 0.000031205936062504334,
    "dsfb-red": 0.025617761956496614,
    "oneh-in": 0.012166847738147524,
    "oneh-out": 0.029285037331545735,
    "redirect": 0.049759598714777746,
    "bad-redirect": 0.012456947365987842,
    "unknown": 0.039616513719054114
  },
  "reddit": {
    "dsfb": 0.0,
    "sfb": 0.019978735426491045,
    "roll-out": 0.2659010371395871,
    "sfR": 0.10397777127267367,
    "roll-in": 0.20249515066963555,
    "alternate": 0.17914408686973454,
    "dsfb-alt": 0.039288706196598605,
    "sft": 0.0,
    "sfT": 0.00006689894008630563,
    "dsfb-red": 0.025935138368621026,
    "oneh-in": 0.013345402111886418,
    "oneh-out": 0.025519061422104406,
    "redirect": 0.051768879519541254,
    "bad-redirect": 0.012300827228243189,
    "unknown": 0.06027830483479689
  },
  "keymash": {
    "dsfb": 0.0,
    "sfb": 0.016518001912870003,
    "roll-out": 0.28084297636004646,
    "sfR": 0.099723742164827,
    "roll-in": 0.21331784428581396,
    "alternate": 0.18546218797847405,
    "dsfb-alt": 0.039008591495527746,
    "sft": 0.0,
    "sfT": 0.00002462922750427933,
    "dsfb-red": 0.025327055616900577,
    "oneh-in": 0.011986224052082606,
    "oneh-out": 0.029739792211417287,
    "redirect": 0.051245212693903856,
    "bad-redirect": 0.012228411455874687,
    "unknown": 0.03457533054475746
  },
  "english-10k": {
    "dsfb": 0.0,
    "sfb": 0.02589683718955636,
    "roll-out": 0.2510372242913105,
    "sfR": 0.10567144593890508,
    "roll-in": 0.22535265625904555,
    "alternate": 0.19470870882460778,
    "dsfb-alt": 0.038710175411512705,
    "sft": 0.0,
    "sfT": 0.00001929719611740414,
    "dsfb-red": 0.03070183902278999,
    "oneh-in": 0.015225487736631868,
    "oneh-out": 0.034329711892861964,
    "redirect": 0.06914185368865904,
    "bad-redirect": 0.009204762548001776,
    "unknown": 0.0
  },
  "wordle": {
    "dsfb": 0.0,
    "sfb": 0.03222259620778638,
    "roll-out": 0.23038258723213284,
    "sfR": 0.13138112868843263,
    "roll-in": 0.22717379109166386,
    "alternate": 0.18552675866711546,
    "dsfb-alt": 0.03677774037922136,
    "sft": 0.0,
    "sfT": 0.00008975653539773365,
    "dsfb-red": 0.03433187478963312,
    "oneh-in": 0.020419611802984405,
    "oneh-out": 0.022461572983282847,
    "redirect": 0.06922472792550208,
    "bad-redirect": 0.010007853696847301,
    "unknown": 0.0
  },
  "chained-bigrams": {
    "dsfb": 0.0,
    "sfb": 0.021242652305778358,
    "roll-out": 0.2660123406849775,
    "sfR": 0.11914286586209158,
    "roll-in": 0.18917232481597082,
    "alternate": 0.18268317372341827,
    "dsfb-alt": 0.0441670037640193,
    "sft": 0.0,
    "sfT": 0.00006103464105462665,
    "dsfb-red": 0.03527023087326936,
    "oneh-in": 0.015229441552513491,
    "oneh-out": 0.0288739303516829,
    "redirect": 0.054992211590218616,
    "bad-redirect": 0.009486990855842021,
    "unknown": 0.033665798979163164
  },
  "english-450k": {
    "dsfb": 0.0,
    "sfb": 0.03968862790818692,
    "roll-out": 0.24135254554607638,
    "sfR": 0.11369548401129392,
    "roll-in": 0.2232074938855792,
    "alternate": 0.18763831629637123,
    "dsfb-alt": 0.035216315724542056,
    "sft": 0.0,
    "sfT": 0.00006723962624122889,
    "dsfb-red": 0.02935448204731214,
    "oneh-in": 0.019150430245904085,
    "oneh-out": 0.028368983003576563,
    "redirect": 0.07352068437076281,
    "bad-redirect": 0.008585038539999684,
    "unknown": 0.0001543587941537776
  },
  "english-200": {
    "dsfb": 0.0,
    "sfb": 0.011135857461024499,
    "roll-out": 0.2561247216035635,
    "sfR": 0.10690423162583519,
    "roll-in": 0.23385300668151449,
    "alternate": 0.22494432071269488,
    "dsfb-alt": 0.031180400890868598,
    "sft": 0.0,
    "sfT": 0.0,
    "dsfb-red": 0.0334075723830735,
    "oneh-in": 0.0066815144766146995,
    "oneh-out": 0.0334075723830735,
    "redirect": 0.044543429844097995,
    "bad-redirect": 0.017817371937639197,
    "unknown": 0.0
  },
  "english-5k": {
    "dsfb": 0.0,
    "sfb": 0.023603102833201973,
    "roll-out": 0.24470070933753682,
    "sfR": 0.10644211224955408,
    "roll-in": 0.23420583233085826,
    "alternate": 0.18616999211847182,
    "dsfb-alt": 0.03513502302235865,
    "sft": 0.0,
    "sfT": 0.0,
    "dsfb-red": 0.03223130211141992,
    "oneh-in": 0.016343800555855145,
    "oneh-out": 0.03774837184220351,
    "redirect": 0.07089227195420417,
    "bad-redirect": 0.010287468370182934,
    "unknown": 0.0022400132741527356
  },
  "movie": {
    "dsfb": 0.0,
    "sfb": 0.015361020904448257,
    "roll-out": 0.2628031208164225,
    "sfR": 0.11567713207251198,
    "roll-in": 0.19253606011073432,
    "alternate": 0.17060041119060645,
    "dsfb-alt": 0.03850447478710431,
    "sft": 0.0,
    "sfT": 0.000014738957921459514,
    "dsfb-red": 0.024548655603060913,
    "oneh-in": 0.010838134790138954,
    "oneh-out": 0.027443544856241862,
    "redirect": 0.04508963062987068,
    "bad-redirect": 0.011615746418334526,
    "unknown": 0.08496732886260383
  },
  "gutenberg": {
    "dsfb": 0.0,
    "sfb": 0.01689908664951885,
    "roll-out": 0.2718137396979544,
    "sfR": 0.09863878308844841,
    "roll-in": 0.2158330880127059,