{
  "dutch": {
    "dsfb": 0.0,
    "sfb": 0.02536916905364388,
    "roll-out": 0.11220988826640742,
    "sfR": 0.18880787437283908,
    "roll-in": 0.27089194835257063,
    "alternate": 0.24519125684431864,
    "dsfb-alt": 0.037770088415670526,
    "sft": 0.0,
    "sfT": 0.00006132331628318017,
    "dsfb-red": 0.016188530682224762,
    "oneh-in": 0.005561666170999745,
    "oneh-out": 0.0038497235914276315,
    "redirect": 0.023779837245049656,
    "bad-redirect": 0.0016722617319303945,
    "unknown": 0.06864643195663445
  },
  "english-1k": {
    "dsfb": 0.0,
    "sfb": 0.034227240649259,
    "roll-out": 0.18136908962597037,
    "sfR": 0.10832745236414962,
    "roll-in": 0.31157374735356386,
    "alternate": 0.25582215949188425,
    "dsfb-alt": 0.03599153140437544,
    "sft": 0.0,
    "sfT": 0.0007057163020465773,
    "dsfb-red": 0.01834862385321101,
    "oneh-in": 0.004234297812279464,
    "oneh-out": 0.008821453775582216,
    "redirect": 0.040578687367678196,
    "bad-redirect": 0.0,
    "unknown": 0.0
  },
  "shai": {
    "dsfb": 0.0,
    "sfb": 0.032084148570441284,
    "roll-out": 0.1510128317985356,
    "sfR": 0.09823378925716947,
    "roll-in": 0.3197390307195895,
    "alternate": 0.26479327527307284,
    "dsfb-alt": 0.039754431850306214,
    "sft": 0.0,
    "sfT": 0.0001482947133621684,
    "dsfb-red": 0.015151667387594813,
    "oneh-in": 0.006882109360413397,
    "oneh-out": 0.007207169514307043,
    "redirect": 0.046370690570724286,
    "bad-redirect": 0.0018498773699674234,
    "unknown": 0.016772683614515952
  },
  "akl": {
    "dsfb": 0.0,
    "sfb": 0.03691525562758357,
    "roll-out": 0.13304192531018327,
    "sfR": 0.11790358951788564,
    "roll-in": 0.28572557908949797,
    "alternate": 0.25311341803966586,
    "dsfb-alt": 0.03562493440593492,
    "sft": 0.0,
    "sfT": 0.0002729704375370409,
    "dsfb-red": 0.01592862424014658,
    "oneh-in": 0.004512252134974526,
    "oneh-out": 0.006972393556708152,
    "redirect": 0.04312616946396313,
    "bad-redirect": 0.0014937170333676932,
    "unknown": 0.06536917114255165
  },
  "monkeyracer": {
    "dsfb": 0.0,
    "sfb": 0.03639911162550636,
    "roll-out": 0.14268342274426388,
    "sfR": 0.09690789370786869,
    "roll-in": 0.3198900871170058,
    "alternate": 0.271829105212944,
    "dsfb-alt": 0.03922318063093357,
    "sft": 0.0,
    "sfT": 0.0002111453462001658,
    "dsfb-red": 0.013890626710668314,
    "oneh-in": 0.00691207751380265,
    "oneh-out": 0.008451678996512191,
    "redirect": 0.051698351502260036,
    "bad-redirect": 0.0015650171262336363,
    "unknown": 0.01033830176580071
  },
  "tr-quotes": {
    "dsfb": 0.0,
    "sfb": 0.0366103418783662,
    "roll-out": 0.14259725850072813,
    "sfR": 0.09677191928064538,
    "roll-in": 0.31973833244723887,
    "alternate": 0.2719007882388294,
    "dsfb-alt": 0.039462795589561034,
    "sft": 0.0,
    "sfT": 0.00020457224752086175,
    "dsfb-red": 0.013983726682231109,
    "oneh-in": 0.006834099997688449,
    "oneh-out": 0.008310025195903932,
    "redirect": 0.05131642819167379,
    "bad-redirect": 0.001533713968701602,
    "unknown": 0.010735997780911213
  },
  "reddit": {
    "dsfb": 0.0,
    "sfb": 0.03334912163302335,
    "roll-out": 0.1432950200181781,
    "sfR": 0.10397777127267367,
    "roll-in": 0.3014882392150275,
    "alternate": 0.2640409019969858,
    "dsfb-alt": 0.03804040044222222,
    "sft": 0.0,
    "sfT": 0.0001796082965922931,
    "dsfb-red": 0.013143993600775518,
    "oneh-in": 0.005654271446757003,
    "oneh-out": 0.007894486961729948,
    "redirect": 0.04636995525899273,
    "bad-redirect": 0.0015138413569921847,
    "unknown": 0.041052388500049726
  },
  "keymash": {
    "dsfb": 0.0,
    "sfb": 0.03622959365879489,
    "roll-out": 0.1421968449959567,
    "sfR": 0.099723742164827,
    "roll-in": 0.32228575650724717,
    "alternate": 0.2692713443042859,
    "dsfb-alt": 0.03956685398562474,
    "sft": 0.0,
    "sfT": 0.00025450201754421975,
    "dsfb-red": 0.013591228711111476,
    "oneh-in": 0.006974176254961763,
    "oneh-out": 0.008222057115178582,
    "redirect": 0.050325721533744094,
    "bad-redirect": 0.0016665777277895678,
    "unknown": 0.009691601022933916
  },
  "english-10k": {
    "dsfb": 0.0,
    "sfb": 0.035352463287084385,
    "roll-out": 0.1719380174060709,
    "sfR": 0.10567144593890508,
    "roll-in": 0.3030431678277146,
    "alternate": 0.2726500839428031,
    "dsfb-alt": 0.04029254549313985,
    "sft": 0.0,
    "sfT": 0.0002894579417610621,
    "dsfb-red": 0.01860249705717759,
    "oneh-in": 0.005133054167229502,
    "oneh-out": 0.004901487813820652,
    "redirect": 0.03986800717855696,
    "bad-redirect": 0.0022577719457362844,
    "unknown": 0.0
  },
  "wordle": {
    "dsfb": 0.0,
    "sfb": 0.04467631549422192,
    "roll-out": 0.182811623471334,
    "sfR": 0.13138112868843263,
    "roll-in": 0.23947043644115337,
    "alternate": 0.2753954897340963,
    "dsfb-alt": 0.05205879053068552,
    "sft": 0.0,
    "sfT": 0.000381465275440368,
    "dsfb-red": 0.021653764164703243,
    "oneh-in": 0.004891731179176483,
    "oneh-out": 0.0051161225176708175,
    "redirect": 0.03947043644115337,
    "bad-redirect": 0.0026926960619320095,
    "unknown": 0.0
  },
  "chained-bigrams": {
    "dsfb": 0.0,
    "sfb": 0.031339989572166646,
    "roll-out": 0.1286038845302508,
    "sfR": 0.11914286586209158,
    "roll-in": 0.2798769437747588,
    "alternate": 0.28176447251460773,
    "dsfb-alt": 0.053154030006967036,
    "sft": 0.0,
    "sfT": 0.0002441385642185066,
    "dsfb-red": 0.020223243939227677,
    "oneh-in": 0.0160391245035254,
    "oneh-out": 0.004955493409882028,
    "redirect": 0.045001360293329885,
    "bad-redirect": 0.002578388932211941,
    "unknown": 0.017076064096761982
  },
  "english-450k": {
    "dsfb": 0.0,
    "sfb": 0.04669148880811039,
    "roll-out": 0.1629844688157231,
    "sfR": 0.11369548401129392,
    "roll-in": 0.26709509027943035,
    "alternate": 0.28853312954854143,
    "dsfb-alt": 0.04694056777140398,
    "sft": 0.0,
    "sfT": 0.0003803424075645164,
    "dsfb-red": 0.01904927846034119,
    "oneh-in": 0.006666078076315222,
    "oneh-out": 0.004541305887092389,
    "redirect": 0.04213848907297604,
    "bad-redirect": 0.0012842768612074716,
    "unknown": 0.0
  },
  "english-200": {
    "dsfb": 0.0,
    "sfb": 0.024498886414253896,
    "roll-out": 0.1403118040089087,
    "sfR": 0.10690423162583519,
    "roll-in": 0.36302895322939865,
    "alternate": 0.2739420935412027,
    "dsfb-alt": 0.035634743875278395,
    "sft": 0.0,
    "sfT": 0.0,
    "dsfb-red": 0.0022271714922048997,
    "oneh-in": 0.004454342984409799,
    "oneh-out": 0.008908685968819599,
    "redirect": 0.0400890868596882,
    "bad-redirect": 0.0,
    "unknown": 0.0
  },
  "english-5k": {
    "dsfb": 0.0,
    "sfb": 0.035425395113452524,
    "roll-out": 0.17384991911063177,
    "sfR": 0.10644211224955408,
    "roll-in": 0.2991662172812876,
    "alternate": 0.27506533372049613,
    "dsfb-alt": 0.0397394947525615,
    "sft": 0.0,
    "sfT": 0.00029037209109387317,
    "dsfb-red": 0.0197867839216825,
    "oneh-in": 0.006097813912971336,
    "oneh-out": 0.00543410627618534,
    "redirect": 0.03845356120628863,
    "bad-redirect": 0.00024889036379474843,
    "unknown": 0.0
  },
  "movie": {
    "dsfb": 0.0,
    "sfb": 0.041124324557643734,
    "roll-out": 0.131272265531802,
    "sfR": 0.11567713207251198,
    "roll-in": 0.28428988950913875,
    "alternate": 0.2739953853901922,
    "dsfb-alt": 0.041054182909678216,
    "sft": 0.0,
    "sfT": 0.0001369933499664228,
    "dsfb-red": 0.01558328965381741,
    "oneh-in": 0.006462375059367075,
    "oneh-out": 0.009028796107441213,
    "redirect": 0.05437188417442557,
    "bad-redirect": 0.0022590084971408396,
    "unknown": 0.024744473186874588
  },
  "gutenberg": {
    "dsfb": 0.0,
    "sfb": 0.031635941915652895,
    "roll-out": 0.1418282846537645,
    "sfR": 0.09863878308844841,
    "roll-in": 0.3370345491006868,
    "alternate": 0.25325632349436594,