{
  "dutch": {
    "bad-redirect": 0.0,
    "dsfb-red": 3.586158846969601e-8,
    "sfb": 1.2372248022045123e-6,
    "oneh-in": 0.0,
    "roll-in": 1.3268787733787522e-6,
    "unknown": 0.8111800761334351,
    "dsfb-alt": 4.482698558712001e-7,
    "alternate": 7.2619716651134415e-6,
    "sfR": 0.18880787437283908,
    "sfT": 1.7930794234848005e-8,
    "roll-out": 1.5061867157272323e-6,
    "oneh-out": 1.7930794234848005e-8,
    "redirect": 1.9723873658332804e-7,
    "sft": 0.0,
    "dsfb": 0.0
  },
  "akl": {
    "bad-redirect": 6.19542527319657e-8,
    "dsfb-red": 2.478170109278628e-7,
    "sfb": 2.354261603814697e-6,
    "oneh-in": 6.195425273196571e-7,
    "roll-in": 2.7879413729384568e-6,
    "unknown": 0.8820780720233057,
    "dsfb-alt": 5.575882745876914e-7,
    "alternate": 2.106444592886834e-6,
    "sfR": 0.11790358951788564,
    "sfT": 1.8586275819589712e-7,
    "roll-out": 3.2835753947941824e-6,
    "oneh-out": 1.2390850546393141e-6,
    "redirect": 4.89438596582529e-6,
    "sft": 0.0,
    "dsfb": 0.0
  },
  "english-200": {
    "bad-redirect": 0.0,
    "dsfb-red": 0.0,
    "sfb": 0.0,
    "oneh-in": 0.0,
    "roll-in": 0.0,
    "unknown": 0.8930957683741648,
    "dsfb-alt": 0.0,
    "alternate": 0.0,
    "sfR": 0.10690423162583519,
    "sfT": 0.0,
    "roll-out": 0.0,
    "oneh-out": 0.0,
    "redirect": 0.0,
    "sft": 0.0,
    "dsfb": 0.0
  },
  "wordle": {
    "bad-redirect": 0.0,
    "dsfb-red": 0.0,
    "sfb": 0.0,
    "oneh-in": 0.0,
    "roll-in": 0.0,
    "unknown": 0.8686188713115673,
    "dsfb-alt": 0.0,
    "alternate": 0.0,
    "sfR": 0.13138112868843263,
    "sfT": 0.0,
    "roll-out": 0.0,
    "oneh-out": 0.0,
    "redirect": 0.0,
    "sft": 0.0,
    "dsfb": 0.0
  },
  "french": {
    "bad-redirect": 8.989103004827913e-8,
    "dsfb-red": 2.546912518034575e-7,
    "sfb": 3.176149728372529e-6,
    "oneh-in": 1.648002217551784e-7,
    "roll-in": 4.12000554387946e-6,
    "unknown": 0.8909894474972188,
    "dsfb-alt": 2.127421044475939e-6,
    "alternate": 0.000010831869120817634,
    "sfR": 0.10898279115633469,
    "sfT": 1.947638984379381e-7,
    "roll-out": 4.973970329338111e-6,
    "oneh-out": 2.846549284862172e-7,
    "redirect": 1.543129349162125e-6,
    "sft": 0.0,
    "dsfb": 0.0
  },
  "movie": {
    "bad-redirect": 0.0,
    "dsfb-red": 0.0,
    "sfb": 0.0,
    "oneh-in": 0.0,
    "roll-in": 0.0,
    "unknown": 0.884322867927488,
    "dsfb-alt": 0.0,
    "alternate": 0.0,
    "sfR": 0.11567713207251198,
    "sfT": 0.0,
    "roll-out": 0.0,
    "oneh-out": 0.0,
    "redirect": 0.0,
    "sft": 0.0,
    "dsfb": 0.0
  },
  "mt-quotes": {
    "bad-redirect": 0.0,
    "dsfb-red": 0.0,
    "sfb": 0.0,
    "oneh-in": 0.0,
    "roll-in": 0.0,
    "unknown": 0.9035407776622321,
    "dsfb-alt": 0.0,
    "alternate": 0.0,
    "sfR": 0.0964592223377679,
    "sfT": 0.0,
    "roll-out": 0.0,
    "oneh-out": 0.0,
    "redirect": 0.0,
    "sft": 0.0,
    "dsfb": 0.0
  },
  "reddit": {
    "bad-redirect": 3.74574132622092e-8,
    "dsfb-red": 1.1237223978662759e-7,
    "sfb": 7.866056785063931e-7,
    "oneh-in": 7.49148265244184e-8,
    "roll-in": 8.240630917686024e-7,
    "unknown": 0.8960167224875768,
    "dsfb-alt": 4.4948895914651036e-7,
    "alternate": 1.9852429028970876e-6,
    "sfR": 0.10397777127267367,
    "sfT": 7.49148265244184e-8,
    "roll-out": 9.738927448174391e-7,
    "oneh-out": 0.0,
    "redirect": 1.8728706631104599e-7,
    "sft": 0.0,
    "dsfb": 0.0
  },
  "gutenberg": {
    "bad-redirect": 0.0,
    "dsfb-red": 0.0,
    "sfb": 0.0,
    "oneh-in": 0.0,
    "roll-in": 0.0,
    "unknown": 0.9013612169115516,
    "dsfb-alt": 0.0,
    "alternate": 0.0,
    "sfR": 0.09863878308844841,
    "sfT": 0.0,
    "roll-out": 0.0,
    "oneh-out": 0.0,
    "redirect": 0.0,
    "sft": 0.0,
    "dsfb": 0.0
  },
  "english-10k": {
    "bad-redirect": 0.0,
    "dsfb-red": 0.0,
    "sfb": 0.0,
    "oneh-in": 0.0,
    "roll-in": 0.0,
    "unknown": 0.8943285540610949,
    "dsfb-alt": 0.0,
    "alternate": 0.0,
    "sfR": 0.10567144593890508,
    "sfT": 0.0,
    "roll-out": 0.0,
    "oneh-out": 0.0,
    "redirect": 0.0,
    "sft": 0.0,
    "dsfb": 0.0
  },
  "monkeyracer": {
    "bad-redirect": 0.0,
    "dsfb-red": 0.0,
    "sfb": 0.0,
    "oneh-in": 0.0,
    "roll-in": 0.0,
    "unknown": 0.9030921062921313,
    "dsfb-alt": 0.0,
    "alternate": 0.0,
    "sfR": 0.09690789370786869,
    "sfT": 0.0,
    "roll-out": 0.0,
    "oneh-out": 0.0,
    "redirect": 0.0,
    "sft": 0.0,
    "dsfb": 0.0
  },
  "keymash": {
    "bad-redirect": 0.0,
    "dsfb-red": 0.0,
    "sfb": 0.0,
    "oneh-in": 0.0,
    "roll-in": 0.0,
    "unknown": 0.900276257835173,
    "dsfb-alt": 0.0,
    "alternate": 0.0,
    "sfR": 0.099723742164827,
    "sfT": 0.0,
    "roll-out": 0.0,
    "oneh-out": 0.0,
    "redirect": 0.0,
    "sft": 0.0,
    "dsfb": 0.0
  },
  "english-5k": {
    "bad-redirect": 0.0,
    "dsfb-red": 0.0,
    "sfb": 0.0,
    "oneh-in": 0.0,
    "roll-in": 0.0,
    "unknown": 0.893557887750446,
    "dsfb-alt": 0.0,
    "alternate": 0.0,
    "sfR": 0.10644211224955408,
    "sfT": 0.0,
    "roll-out": 0.0,
    "oneh-out": 0.0,
    "redirect": 0.0,
    "sft": 0.0,
    "dsfb": 0.0
  },
  "tr-quotes": {
    "bad-redirect": 0.0,
    "dsfb-red": 0.0,
    "sfb": 0.0,
    "oneh-in": 0.0,
    "roll-in": 0.0,
    "unknown": 0.9032280807193546,
    "dsfb-alt": 0.0,
    "alternate": 0.0,
    "sfR": 0.09677191928064538,
    "sfT": 0.0,
    "roll-out": 0.0,
    "oneh-out": 0.0,
    "redirect": 0.0,
    "sft": 0.0,
    "dsfb": 0.0
  },
  "chained-bigrams": {
    "bad-redirect": 0.0,
    "dsfb-red": 0.0,
    "sfb": 0.0,
    "oneh-in": 0.0,
    "roll-in": 0.0,
    "unknown": 0.8808571341379084,
    "dsfb-alt": 0.0,
    "alternate": 0.0,
    "sfR": 0.11914286586209158,
    "sfT": 0.0,
    "roll-out": 0.0,
    "oneh-out": 0.0,
    "redirect": 0.0,
    "sft": 0.0,
    "dsfb": 0.0
  },
  "shai": {
    "bad-redirect": 0.0,
    "dsfb-red": 0.0,
    "sfb": 1.5481635219853154e-8,
    "oneh-in": 0.0,
    "roll-in": 7.740817609926577e-9,
    "unknown": 0.9017661101122016,
    "dsfb-alt": 3.8704088049632885e-9,
    "alternate": 3.8704088049632883e-8,
    "sfR": 0.09823378925716947,
    "sfT": 0.0,
    "roll-out": 3.096327043970631e-8,
    "oneh-out": 0.0,
    "redirect": 3.8704088049632885e-9,
    "sft": 0.0,
    "dsfb": 0.0
  },
  "english-1k": {
    "bad-redirect": 0.0,
    "dsfb-red": 0.0,
    "sfb": 0.0,
    "oneh-in": 0.0,
    "roll-in": 0.0,
    "unknown": 0.8916725476358504,
    "dsfb-alt": 0.0,
    "alternate": 0.0,
    "sfR": 0.10832745236414962,
    "sfT": 0.0,
    "roll-out": 0.0,
    "oneh-out": 0.0,
    "redirect": 0.0,
    "sft": 0.0,
    "dsfb": 0.0
  },
  "english-450k": {
    "bad-redirect": 0.0,
    "dsfb-red": 0.0,
    "sfb": 0.0,
    "oneh-in": 0.0,
    "roll-in": 0.0,
    "unknown": 0.8863045159887061,
    "dsfb-alt": 0.0,
    "alternate": 0.0,
    "sfR": 0.11369548401129392,
    "sfT": 0.0,
    "roll-out": 0.0,
    "oneh-out": 0.0,
    "redirect": 0.0,
    "sft": 0.0,
    "dsfb": 0.0
  }
}