{
  "english-1k": {
    "sfb": 0.015172900494001412,
    "unknown": 0.0,
    "outoneh": 0.014114326040931546,
    "red-sfs": 0.01799576570218772,
    "alt-sfs": 0.04128440366972477,
    "sft": 0.0,
    "inroll": 0.221242060691602,
    "bad-red-sfs": 0.0007057163020465773,
    "red": 0.030698659139026113,
    "sfr": 0.10832745236414962,
    "outroll": 0.2537050105857445,
    "inoneh": 0.00529287226534933,
    "bad-red": 0.0014114326040931546,
    "alt": 0.2900494001411433
  },
  "shai": {
    "sfb": 0.017297116266770867,
    "unknown": 0.024097749651430984,
    "outoneh": 0.010857622986884268,
    "red-sfs": 0.011412953112629206,
    "alt-sfs": 0.04480111981763872,
    "sft": 0.00009905537254542544,
    "inroll": 0.2281042652524296,
    "bad-red-sfs": 0.0008522988525321608,
    "red": 0.028342632119500884,
    "sfr": 0.09823378925716947,
    "outroll": 0.24865301645728788,
    "inoneh": 0.00594772300753677,
    "bad-red": 0.001583852561575882,
    "alt": 0.2797168052840679
  },
  "chained-bigrams": {
    "sfb": 0.01916552659584484,
    "unknown": 0.023159399756770463,
    "outoneh": 0.009494133207454796,
    "red-sfs": 0.017116970292362425,
    "alt-sfs": 0.05286184289553532,
    "sft": 0.00013765259471894522,
    "inroll": 0.1927467471458189,
    "bad-red-sfs": 0.002218674132804886,
    "red": 0.03752137024067777,
    "sfr": 0.11914286586209158,
    "outroll": 0.22978048956275174,
    "inoneh": 0.0053171561233652945,
    "bad-red": 0.003901022589959542,
    "alt": 0.28743614899984354
  },
  "english-200": {
    "sfb": 0.0066815144766146995,
    "unknown": 0.0,
    "outoneh": 0.008908685968819599,
    "red-sfs": 0.015590200445434299,
    "alt-sfs": 0.0400890868596882,
    "sft": 0.0,
    "inroll": 0.19821826280623608,
    "bad-red-sfs": 0.0,
    "red": 0.0400890868596882,
    "sfr": 0.10690423162583519,
    "outroll": 0.2984409799554566,
    "inoneh": 0.0,
    "bad-red": 0.0,
    "alt": 0.28507795100222716
  },
  "english-450k": {
    "sfb": 0.03299009940355528,
    "unknown": 0.00015377410175167997,
    "outoneh": 0.008850488890552014,
    "red-sfs": 0.015974965810111787,
    "alt-sfs": 0.04465705159501164,
    "sft": 0.0004695079988844069,
    "inroll": 0.21914066588278905,
    "bad-red-sfs": 0.000990761275354455,
    "red": 0.03436178777887635,
    "sfr": 0.11369548401129392,
    "outroll": 0.2153954187011526,
    "inoneh": 0.005808919014840078,
    "bad-red": 0.0024732488608730278,
    "alt": 0.3050378266749537
  },
  "english-5k": {
    "sfb": 0.019745302194383373,
    "unknown": 0.002157049819554486,
    "outoneh": 0.009250425187704817,
    "red-sfs": 0.012112664371344423,
    "alt-sfs": 0.04650101630231883,
    "sft": 0.00020740863649562367,
    "inroll": 0.25420002488903637,
    "bad-red-sfs": 0.00041481727299124733,
    "red": 0.029742398473472435,
    "sfr": 0.10644211224955408,
    "outroll": 0.20757456340482017,
    "inoneh": 0.005019289003194093,
    "bad-red": 0.0023229767287509854,
    "alt": 0.30430995146637907
  },
  "monkeyracer": {
    "sfb": 0.01479385958052458,
    "unknown": 0.013491796612290222,
    "outoneh": 0.014173131363686128,
    "red-sfs": 0.011097838497270751,
    "alt-sfs": 0.04159172310242895,
    "sft": 0.00006647168306301516,
    "inroll": 0.21375924738414376,
    "bad-red-sfs": 0.0020400941551840094,
    "red": 0.030872186683766834,
    "sfr": 0.09690789370786869,
    "outroll": 0.2788604407463597,
    "inoneh": 0.004778140982529678,
    "bad-red": 0.0013577818790371772,
    "alt": 0.2762093936218465
  },
  "tr-quotes": {
    "sfb": 0.014967291555904856,
    "unknown": 0.013894731975682485,
    "outoneh": 0.014011465292064446,
    "red-sfs": 0.011174036661195996,
    "alt-sfs": 0.04165183421557523,
    "sft": 0.00006819074917362058,
    "inroll": 0.21370634058389773,
    "bad-red-sfs": 0.002023762742423892,
    "red": 0.03084417835926123,
    "sfr": 0.09677191928064538,
    "outroll": 0.27822287973001086,
    "inoneh": 0.004795312174938166,
    "bad-red": 0.0013522572293751878,
    "alt": 0.2765157994498509
  },
  "movie": {
    "sfb": 0.012813681542968866,
    "unknown": 0.030282373430185833,
    "outoneh": 0.01773201916222447,
    "red-sfs": 0.011323862412354195,
    "alt-sfs": 0.045307951444082305,
    "sft": 0.00007974829018218274,
    "inroll": 0.17834218043669164,
    "bad-red-sfs": 0.0034820788089448104,
    "red": 0.03103116513173141,
    "sfr": 0.11567713207251198,
    "outroll": 0.28304826390209437,
    "inoneh": 0.0035940685695801857,
    "bad-red": 0.001082918613711521,
    "alt": 0.26620255618273625
  },
  "gutenberg": {
    "sfb": 0.015669452523923023,
    "unknown": 0.03298207965968062,
    "outoneh": 0.014207568908575158,
    "red-sfs": 0.018603449340627406,
    "alt-sfs": 0.037226221232604495,
    "sft": 0.00003523524069647568,
    "inroll": 0.20995884296562517,
    "bad-red-sfs": 0.0007380456868466089,
    "red": 0.028658564076800702,
    "sfr": 0.09863878308844841,
    "outroll": 0.2789708506052316,
    "inoneh": 0.004712050414430839,
    "bad-red": 0.0015836914635620253,
    "alt": 0.2580151647929475
  },
  "keymash": {
    "sfb": 0.015327589250163169,
    "unknown": 0.012376186820900362,
    "outoneh": 0.014112547359952056,
    "red-sfs": 0.012187362743367553,
    "alt-sfs": 0.04128679503967358,
    "sft": 0.000045153583757845434,
    "inroll": 0.21218489982061714,
    "bad-red-sfs": 0.0021016940803651693,
    "red": 0.03076190515284488,
    "sfr": 0.099723742164827,
    "outroll": 0.276713475881829,
    "inoneh": 0.004946369857109432,
    "bad-red": 0.0013669221264875028,
    "alt": 0.27686535611810537
  },
  "english-10k": {
    "sfb": 0.022191775535014762,
    "unknown": 0.0,
    "outoneh": 0.008239902742131568,
    "red-sfs": 0.012465988691843075,
    "alt-sfs": 0.048242990293510354,
    "sft": 0.00015437756893923313,
    "inroll": 0.2630979718646881,
    "bad-red-sfs": 0.00040524111846548696,
    "red": 0.028540553057640725,
    "sfr": 0.10567144593890508,
    "outroll": 0.20153991625016884,
    "inoneh": 0.008915304606240713,
    "bad-red": 0.0016209644738619479,
    "alt": 0.29891356785859013
  },
  "mt-quotes": {
    "sfb": 0.013751927421379137,
    "unknown": 0.007995063410669249,
    "outoneh": 0.01423004745341318,
    "red-sfs": 0.010945960483379352,
    "alt-sfs": 0.041182570134232196,
    "sft": 0.000049306128303510596,
    "inroll": 0.21358667718530738,
    "bad-red-sfs": 0.0021784343959551046,
    "red": 0.031167449588219123,
    "sfr": 0.0964592223377679,
    "outroll": 0.28632218118358616,
    "inoneh": 0.004782694445440528,
    "bad-red": 0.0012580533342895733,
    "alt": 0.27609041249805766
  }
}