{
  "english-200": {
    "dsfb-alt": 0.035634743875278395,
    "redirect": 0.022271714922048998,
    "dsfb": 0.0,
    "unknown": 0.0,
    "sfb": 0.011135857461024499,
    "sft": 0.0,
    "bad-redirect": 0.0,
    "roll-out": 0.2561247216035635,
    "oneh-in": 0.0,
    "alternate": 0.3429844097995546,
    "oneh-out": 0.008908685968819599,
    "dsfb-red": 0.0022271714922048997,
    "roll-in": 0.21380846325167038,
    "sfR": 0.10690423162583519,
    "sfT": 0.0
  },
  "english-5k": {
    "dsfb-alt": 0.05226697639689717,
    "redirect": 0.012071182644045298,
    "dsfb": 0.0,
    "unknown": 0.0,
    "sfb": 0.01883270419380263,
    "sft": 0.0,
    "bad-redirect": 0.005765960094578338,
    "roll-out": 0.17434769983822127,
    "oneh-in": 0.0018251960011614883,
    "alternate": 0.3835815323350064,
    "oneh-out": 0.0059733687310739615,
    "dsfb-red": 0.003194093002032605,
    "roll-in": 0.2356162110590285,
    "sfR": 0.10644211224955408,
    "sfT": 0.00008296345459824948
  },
  "english-450k": {
    "dsfb-alt": 0.05487630539887423,
    "redirect": 0.01343973955461641,
    "dsfb": 0.0,
    "unknown": 0.0,
    "sfb": 0.031110020984610312,
    "sft": 0.0,
    "bad-redirect": 0.0043606359348442175,
    "roll-out": 0.17736819425352612,
    "oneh-in": 0.0026796452788134953,
    "alternate": 0.3919289645506844,
    "oneh-out": 0.0042416510310173475,
    "dsfb-red": 0.0046447964422636715,
    "roll-in": 0.20161597286091745,
    "sfR": 0.11369548401129392,
    "sfT": 0.0000385896985384444
  },
  "keymash": {
    "dsfb-alt": 0.04324481862626379,
    "redirect": 0.017515485626793316,
    "dsfb": 0.0,
    "unknown": 0.009691601022933916,
    "sfb": 0.017782302258089674,
    "sft": 0.0,
    "bad-redirect": 0.0029555073005135195,
    "roll-out": 0.24205604791205723,
    "oneh-in": 0.0038298448769154354,
    "alternate": 0.3294774909384967,
    "oneh-out": 0.018976819792047222,
    "dsfb-red": 0.0068305057611868,
    "roll-in": 0.20787888987861897,
    "sfR": 0.099723742164827,
    "sfT": 0.00003694384125641899
  },
  "shai": {
    "dsfb-alt": 0.04989062224717174,
    "redirect": 0.014819559219267328,
    "dsfb": 0.0,
    "unknown": 0.016772683614515952,
    "sfb": 0.018861500672057784,
    "sft": 0.0,
    "bad-redirect": 0.0038328813211903645,
    "roll-out": 0.21791221711569086,
    "oneh-in": 0.004249592755585542,
    "alternate": 0.3378733086700563,
    "oneh-out": 0.011183759114425694,
    "dsfb-red": 0.0050517001467349385,
    "roll-in": 0.22127084563478266,
    "sfR": 0.09823378925716947,
    "sfT": 0.000047540231351364073
  },
  "movie": {
    "dsfb-alt": 0.041770601542932016,
    "redirect": 0.020357659237661616,
    "dsfb": 0.0,
    "unknown": 0.024744473186874588,
    "sfb": 0.01903431137285629,
    "sft": 0.0,
    "bad-redirect": 0.0024035029239065767,
    "roll-out": 0.2332813828932548,
    "oneh-in": 0.0038475260066938555,
    "alternate": 0.3176384925783425,
    "oneh-out": 0.028212865820606618,
    "dsfb-red": 0.011336495804858304,
    "roll-in": 0.1816012009092358,
    "sfR": 0.11567713207251198,
    "sfT": 0.00009435565026505778
  },
  "akl": {
    "dsfb-alt": 0.040377507087256743,
    "redirect": 0.0201148730972455,
    "dsfb": 0.0,
    "unknown": 0.06536917114255165,
    "sfb": 0.02114009207145407,
    "sft": 0.0,
    "bad-redirect": 0.0027903575887950035,
    "roll-out": 0.2113293635526353,
    "oneh-in": 0.0049929551819218486,
    "alternate": 0.2981437514613459,
    "oneh-out": 0.014938533327237035,
    "dsfb-red": 0.009703522879891397,
    "roll-in": 0.19302987396894183,
    "sfR": 0.11790358951788564,
    "sfT": 0.00016640912283805989
  },
  "monkeyracer": {
    "dsfb-alt": 0.04284490983311697,
    "redirect": 0.017539726605877663,
    "dsfb": 0.0,
    "unknown": 0.01033830176580071,
    "sfb": 0.017742074229319487,
    "sft": 0.0,
    "bad-redirect": 0.0029169338567652534,
    "roll-out": 0.23897449833429782,
    "oneh-in": 0.003732189499038116,
    "alternate": 0.3311179364061498,
    "oneh-out": 0.019995268780205515,
    "dsfb-red": 0.0067498084051488185,
    "roll-in": 0.21111699798238892,
    "sfR": 0.09690789370786869,
    "sfT": 0.000023460594022240643
  },
  "tr-quotes": {
    "dsfb-alt": 0.04303067427937403,
    "redirect": 0.01753889184253716,
    "dsfb": 0.0,
    "unknown": 0.010735997780911213,
    "sfb": 0.017832458796606644,
    "sft": 0.0,
    "bad-redirect": 0.0029067751554517924,
    "roll-out": 0.2384538036568734,
    "oneh-in": 0.003726219920944962,
    "alternate": 0.3317202561198308,
    "oneh-out": 0.01960079517348189,
    "dsfb-red": 0.0067508841681884375,
    "roll-in": 0.21091283141859873,
    "sfR": 0.09677191928064538,
    "sfT": 0.000018492406555558125
  },
  "reddit": {
    "dsfb-alt": 0.04547075259622013,
    "redirect": 0.017599627823141825,
    "dsfb": 0.0,
    "unknown": 0.041052388500049726,
    "sfb": 0.01780665494624206,
    "sft": 0.0,
    "bad-redirect": 0.0034274282283186658,
    "roll-out": 0.22580594775027968,
    "oneh-in": 0.0037621851306430297,
    "alternate": 0.31497395679699414,
    "oneh-out": 0.014211642250988267,
    "dsfb-red": 0.0066774956048407715,
    "roll-in": 0.20511301182511807,
    "sfR": 0.10397777127267367,
    "sfT": 0.00012113727448998454
  },
  "chained-bigrams": {
    "dsfb-alt": 0.06288386081764342,
    "redirect": 0.02191533196676339,
    "dsfb": 0.0,
    "unknown": 0.017076064096761982,
    "sfb": 0.020479069987903453,
    "sft": 0.0,
    "bad-redirect": 0.005258069396386879,
    "roll-out": 0.2077625674546412,
    "oneh-in": 0.0062372208720291875,
    "alternate": 0.33039609534130376,
    "oneh-out": 0.005478832991690848,
    "dsfb-red": 0.010367448018289614,
    "roll-in": 0.192913618451681,
    "sfR": 0.11914286586209158,
    "sfT": 0.000088954742813658
  },
  "dutch": {
    "dsfb-alt": 0.04073603902085097,
    "redirect": 0.015294895759148408,
    "dsfb": 0.0,
    "unknown": 0.06864643195663445,
    "sfb": 0.05994239409597759,
    "sft": 0.0,
    "bad-redirect": 0.002271975075909121,
    "roll-out": 0.13859390441215522,
    "oneh-in": 0.004302207183944021,
    "alternate": 0.2822233317000771,
    "oneh-out": 0.005433353407455172,
    "dsfb-red": 0.004342354232235846,
    "roll-in": 0.18912806456549078,
    "sfR": 0.18880787437283908,
    "sfT": 0.0002771742172822804
  },
  "mt-quotes": {
    "dsfb-alt": 0.041656207790965925,
    "redirect": 0.017872724447472538,
    "dsfb": 0.0,
    "unknown": 0.006137865911237016,
    "sfb": 0.01691797850850456,
    "sft": 0.0,
    "bad-redirect": 0.0026640250534896784,
    "roll-out": 0.24480791527713033,
    "oneh-in": 0.0037368068753660605,
    "alternate": 0.32958756170736664,
    "oneh-out": 0.021428742185725727,
    "dsfb-red": 0.0068625165847886116,
    "roll-in": 0.21184452731858333,
    "sfR": 0.0964592223377679,
    "sfT": 0.000023906001601702106
  },
  "english-1k": {
    "dsfb-alt": 0.043754410726887794,
    "redirect": 0.011997177134791814,
    "dsfb": 0.0,
    "unknown": 0.0,
    "sfb": 0.014114326040931546,
    "sft": 0.0,
    "bad-redirect": 0.0028228652081863093,
    "roll-out": 0.22018348623853212,
    "oneh-in": 0.0014114326040931546,
    "alternate": 0.36803105151729004,
    "oneh-out": 0.009880028228652082,
    "dsfb-red": 0.003175723359209598,
    "roll-in": 0.21630204657727595,
    "sfR": 0.10832745236414962,
    "sfT": 0.0
  },
  "wordle": {
    "dsfb-alt": 0.059396387299450244,
    "redirect": 0.021878155503197577,
    "dsfb": 0.0,
    "unknown": 0.0,
    "sfb": 0.04142264108605408,
    "sft": 0.0,
    "bad-redirect": 0.0018848872433524066,
    "roll-out": 0.1877257937843599,
    "oneh-in": 0.007943453382699427,
    "alternate": 0.3490856052956356,
    "oneh-out": 0.004936609446875351,
    "dsfb-red": 0.010299562436889936,
    "roll-in": 0.18391114102995623,
    "sfR": 0.13138112868843263,
    "sfT": 0.00013463480309660046
  },
  "english-10k": {
    "dsfb-alt": 0.0549777117384844,
    "redirect": 0.01202215318114278,
    "dsfb": 0.0,
    "unknown": 0.0,
    "sfb": 0.02078308021844426,
    "sft": 0.0,