{
  "english-1k": {
    "sfb": 0.007410021171489062,
    "unknown": 0.8525052928722654,
    "outoneh": 0.0,
    "red-sfs": 0.009527170077628794,
    "alt-sfs": 0.0,
    "sft": 0.0,
    "inroll": 0.004234297812279464,
    "bad-red-sfs": 0.0,
    "red": 0.0045871559633027525,
    "sfr": 0.10832745236414962,
    "outroll": 0.0028228652081863093,
    "inoneh": 0.005998588567395907,
    "bad-red": 0.0,
    "alt": 0.0045871559633027525
  },
  "shai": {
    "sfb": 0.00827561134655238,
    "unknown": 0.8629329981146464,
    "outoneh": 0.0,
    "red-sfs": 0.006800242473370814,
    "alt-sfs": 7.458277767164256e-6,
    "sft": 0.0,
    "inroll": 0.004967623256264721,
    "bad-red-sfs": 0.0,
    "red": 0.006584606517211089,
    "sfr": 0.09823378925716947,
    "outroll": 0.0025277910833831586,
    "inoneh": 0.004801056342934321,
    "bad-red": 0.00002212712713797512,
    "alt": 0.004846696203562448
  },
  "chained-bigrams": {
    "sfb": 0.006095023144465749,
    "unknown": 0.8395042169093226,
    "outoneh": 0.0,
    "red-sfs": 0.0027192880503912388,
    "alt-sfs": 0.00006363185982290863,
    "sft": 0.0,
    "inroll": 0.008495502591050374,
    "bad-red-sfs": 0.0,
    "red": 0.007667639108660491,
    "sfr": 0.11914286586209158,
    "outroll": 0.0041211368805714405,
    "inoneh": 0.006796272211901885,
    "bad-red": 0.000028569406451101837,
    "alt": 0.005365853975270582
  },
  "english-200": {
    "sfb": 0.0066815144766146995,
    "unknown": 0.8663697104677061,
    "outoneh": 0.0,
    "red-sfs": 0.0022271714922048997,
    "alt-sfs": 0.0,
    "sft": 0.0,
    "inroll": 0.0022271714922048997,
    "bad-red-sfs": 0.0,
    "red": 0.0,
    "sfr": 0.10690423162583519,
    "outroll": 0.0022271714922048997,
    "inoneh": 0.008908685968819599,
    "bad-red": 0.0,
    "alt": 0.004454342984409799
  },
  "english-450k": {
    "sfb": 0.009295147462347272,
    "unknown": 0.8447749840525147,
    "outoneh": 0.0,
    "red-sfs": 0.005399926679572777,
    "alt-sfs": 0.000015786694856636345,
    "sft": 0.0,
    "inroll": 0.004406826634609931,
    "bad-red-sfs": 0.0,
    "red": 0.00767350308512946,
    "sfr": 0.11369548401129392,
    "outroll": 0.0027530241752767495,
    "inoneh": 0.006747350320206794,
    "bad-red": 0.00009472016913981808,
    "alt": 0.0051432467150519115
  },
  "english-5k": {
    "sfb": 0.009914132824490812,
    "unknown": 0.8443190774463849,
    "outoneh": 0.0,
    "red-sfs": 0.010287468370182934,
    "alt-sfs": 0.0,
    "sft": 0.0,
    "inroll": 0.004231136184510723,
    "bad-red-sfs": 0.0,
    "red": 0.007176338822748579,
    "sfr": 0.10644211224955408,
    "outroll": 0.004521508275604596,
    "inoneh": 0.006637076367859957,
    "bad-red": 0.0,
    "alt": 0.006471149458663459
  },
  "monkeyracer": {
    "sfb": 0.006596337019253327,
    "unknown": 0.8708807106995949,
    "outoneh": 0.0,
    "red-sfs": 0.0043626929633858325,
    "alt-sfs": 3.9100990037067735e-6,
    "sft": 0.0,
    "inroll": 0.004994173952484477,
    "bad-red-sfs": 0.0,
    "red": 0.005609037020817367,
    "sfr": 0.09690789370786869,
    "outroll": 0.002301093263681436,
    "inoneh": 0.004200423854732002,
    "bad-red": 0.00001955049501853387,
    "alt": 0.0041241769241597195
  },
  "tr-quotes": {
    "sfb": 0.006657266360000924,
    "unknown": 0.8708941078569612,
    "outoneh": 0.0,
    "red-sfs": 0.00436998682416033,
    "alt-sfs": 3.4673262291671484e-6,
    "sft": 0.0,
    "inroll": 0.005018376829014586,
    "bad-red-sfs": 0.0,
    "red": 0.00559279720764661,
    "sfr": 0.09677191928064538,
    "outroll": 0.002264164027646148,
    "inoneh": 0.004301796074986709,
    "bad-red": 0.00002080395737500289,
    "alt": 0.004105314255333904
  },
  "movie": {
    "sfb": 0.004926496685247843,
    "unknown": 0.859510753451581,
    "outoneh": 0.0,
    "red-sfs": 0.0031192635679674545,
    "alt-sfs": 3.947935157533799e-6,
    "sft": 0.0,
    "inroll": 0.004187180028080347,
    "bad-red-sfs": 0.0,
    "red": 0.004071373930126022,
    "sfr": 0.11567713207251198,
    "outroll": 0.0016765564635660198,
    "inoneh": 0.0032532301676464347,
    "bad-red": 8.027468153652058e-6,
    "alt": 0.0035660382299616956
  },
  "gutenberg": {
    "sfb": 0.006293468636657608,
    "unknown": 0.8706040722087532,
    "outoneh": 0.0,
    "red-sfs": 0.004858485043776945,
    "alt-sfs": 2.4626781131945366e-6,
    "sft": 0.0,
    "inroll": 0.005200986738288923,
    "bad-red-sfs": 0.0,
    "red": 0.004601040462559147,
    "sfr": 0.09863878308844841,
    "outroll": 0.0020114397081461223,
    "inoneh": 0.004261190882938301,
    "bad-red": 0.00001780705712617588,
    "alt": 0.0035102634951919053
  },
  "keymash": {
    "sfb": 0.006493906318628316,
    "unknown": 0.8679216626370514,
    "outoneh": 0.0,
    "red-sfs": 0.004330639169502448,
    "alt-sfs": 8.209742501426442e-6,
    "sft": 0.0,
    "inroll": 0.0053650667246821805,
    "bad-red-sfs": 0.0,
    "red": 0.005406115437189313,
    "sfr": 0.099723742164827,
    "outroll": 0.0021181135653680224,
    "inoneh": 0.0045194632470352564,
    "bad-red": 0.000016419485002852885,
    "alt": 0.004096661508211795
  },
  "english-10k": {
    "sfb": 0.011308156924798828,
    "unknown": 0.8425155824858648,
    "outoneh": 0.0,
    "red-sfs": 0.009088979371297351,
    "alt-sfs": 0.0,
    "sft": 0.0,
    "inroll": 0.006348777522625962,
    "bad-red-sfs": 0.0,
    "red": 0.008703035448949268,
    "sfr": 0.10567144593890508,
    "outroll": 0.0036278728700719787,
    "inoneh": 0.006425966307095579,
    "bad-red": 0.00007718878446961657,
    "alt": 0.0062329943459215375
  },
  "mt-quotes": {
    "sfb": 0.006469561683460633,
    "unknown": 0.8714828295143496,
    "outoneh": 0.0,
    "red-sfs": 0.004058043771888933,
    "alt-sfs": 2.9882502002127633e-6,
    "sft": 0.0,
    "inroll": 0.005193578847969783,
    "bad-red-sfs": 0.0,
    "red": 0.005637334002701378,
    "sfr": 0.0964592223377679,
    "outroll": 0.0023637059083682957,
    "inoneh": 0.004167114904196699,
    "bad-red": 0.000016435376101170198,
    "alt": 0.004149185402995422
  }
}