{
  "reddit": {
    "bad-redirect": 0.008369671706374334,
    "dsfb-red": 0.036285108599341837,
    "sfb": 0.029284430432874722,
    "oneh-in": 0.009617115940245688,
    "roll-in": 0.21208192610513885,
    "unknown": 0.039285447401644795,
    "dsfb-alt": 0.046523230994061686,
    "alternate": 0.2178658002017831,
    "sfR": 0.10397777127267367,
    "sfT": 0.0001804698170973239,
    "roll-out": 0.23417292252289912,
    "oneh-out": 0.015488228352377618,
    "redirect": 0.046867876653487274,
    "sft": 0.0,
    "dsfb": 0.0
  },
  "shai": {
    "bad-redirect": 0.009129644142229163,
    "dsfb-red": 0.034362801439048955,
    "sfb": 0.025903457916116167,
    "oneh-in": 0.011421781515113328,
    "roll-in": 0.22527607626005802,
    "unknown": 0.023260762136131256,
    "dsfb-alt": 0.04822175615619484,
    "alternate": 0.23516671631111027,
    "sfR": 0.09823378925716947,
    "sfT": 0.00012580376779652673,
    "roll-out": 0.2264324924844402,
    "oneh-out": 0.015401854483156445,
    "redirect": 0.047063064131435364,
    "sft": 0.0,
    "dsfb": 0.0
  },
  "wordle": {
    "bad-redirect": 0.005138561651520252,
    "dsfb-red": 0.03872994502412207,
    "sfb": 0.03967238864579827,
    "oneh-in": 0.01229664534948951,
    "roll-in": 0.21611129810389318,
    "unknown": 0.0,
    "dsfb-alt": 0.04476607202961966,
    "alternate": 0.21678447211937618,
    "sfR": 0.13138112868843263,
    "sfT": 0.00008975653539773365,
    "roll-out": 0.2194771681813082,
    "oneh-out": 0.012924941097273645,
    "redirect": 0.06262762257376865,
    "sft": 0.0,
    "dsfb": 0.0
  },
  "akl": {
    "bad-redirect": 0.008704138829072058,
    "dsfb-red": 0.04127683501991396,
    "sfb": 0.033805833637218945,
    "oneh-in": 0.010004744456674214,
    "roll-in": 0.1985428731482958,
    "unknown": 0.06665478384099267,
    "dsfb-alt": 0.04497383114318854,
    "alternate": 0.19972743846053098,
    "sfR": 0.11790358951788564,
    "sfT": 0.00034737749506813173,
    "roll-out": 0.21680190660495527,
    "oneh-out": 0.012523556555745012,
    "redirect": 0.04873309129045876,
    "sft": 0.0,
    "dsfb": 0.0
  },
  "english-10k": {
    "bad-redirect": 0.00563478126628201,
    "dsfb-red": 0.03133864649466433,
    "sfb": 0.02865633623434515,
    "oneh-in": 0.012427394299608267,
    "roll-in": 0.24053954960344262,
    "unknown": 0.0,
    "dsfb-alt": 0.05142702765288203,
    "alternate": 0.26765211014839546,
    "sfR": 0.10567144593890508,
    "sfT": 0.00001929719611740414,
    "roll-out": 0.19175623781864495,
    "oneh-out": 0.011520426082090272,
    "redirect": 0.05335674726462245,
    "sft": 0.0,
    "dsfb": 0.0
  },
  "english-200": {
    "bad-redirect": 0.011135857461024499,
    "dsfb-red": 0.053452115812917596,
    "sfb": 0.013363028953229399,
    "oneh-in": 0.013363028953229399,
    "roll-in": 0.2583518930957684,
    "unknown": 0.0,
    "dsfb-alt": 0.0400890868596882,
    "alternate": 0.21603563474387527,
    "sfR": 0.10690423162583519,
    "sfT": 0.0,
    "roll-out": 0.22717149220489977,
    "oneh-out": 0.0200445434298441,
    "redirect": 0.0400890868596882,
    "sft": 0.0,
    "dsfb": 0.0
  },
  "english-5k": {
    "bad-redirect": 0.005682996639980089,
    "dsfb-red": 0.0318579665657278,
    "sfb": 0.02555274401626084,
    "oneh-in": 0.01182229228025055,
    "roll-in": 0.23030654996474054,
    "unknown": 0.002157049819554486,
    "dsfb-alt": 0.051644750487410296,
    "alternate": 0.28361056954411584,
    "sfR": 0.10644211224955408,
    "sfT": 0.00008296345459824948,
    "roll-out": 0.1878292612104368,
    "oneh-out": 0.011365993279960178,
    "redirect": 0.051644750487410296,
    "sft": 0.0,
    "dsfb": 0.0
  },
  "chained-bigrams": {
    "bad-redirect": 0.007744257062324809,
    "dsfb-red": 0.039227742971439036,
    "sfb": 0.02764674448366966,
    "oneh-in": 0.008508488684891784,
    "roll-in": 0.20610943770862972,
    "unknown": 0.022916559801936097,
    "dsfb-alt": 0.04743690219328632,
    "alternate": 0.21809365441017486,
    "sfR": 0.11914286586209158,
    "sfT": 0.00016816991524625855,
    "roll-out": 0.23515348588963508,
    "oneh-out": 0.01053172210538345,
    "redirect": 0.05731996891129135,
    "sft": 0.0,
    "dsfb": 0.0
  },
  "gutenberg": {
    "bad-redirect": 0.008590768442712235,
    "dsfb-red": 0.04353238213338395,
    "sfb": 0.027087564877360526,
    "oneh-in": 0.012769175453691611,
    "roll-in": 0.21814289064610445,
    "unknown": 0.032975828246008664,
    "dsfb-alt": 0.04496660797915286,
    "alternate": 0.20928501634649957,
    "sfR": 0.09863878308844841,
    "sfT": 0.00017276634147949367,
    "roll-out": 0.24819514109819532,
    "oneh-out": 0.01696766276313242,
    "redirect": 0.03867541258383051,
    "sft": 0.0,
    "dsfb": 0.0
  },
  "mt-quotes": {
    "bad-redirect": 0.007355577867823717,
    "dsfb-red": 0.041786196674675175,
    "sfb": 0.02770705585637274,
    "oneh-in": 0.010414051947741481,
    "roll-in": 0.222261567516525,
    "unknown": 0.007977133909467972,
    "dsfb-alt": 0.04365235892470805,
    "alternate": 0.22748353474139682,
    "sfR": 0.0964592223377679,
    "sfT": 0.00011205938250797863,
    "roll-out": 0.25336327560033944,
    "oneh-out": 0.016427905475669666,
    "redirect": 0.04500005976500401,
    "sft": 0.0,
    "dsfb": 0.0
  },
  "french": {
    "bad-redirect": 0.005283315327410922,
    "dsfb-red": 0.027828405154992887,
    "sfb": 0.0507764465066046,
    "oneh-in": 0.01681303847817003,
    "roll-in": 0.18850114542895946,
    "unknown": 0.15807962376648718,
    "dsfb-alt": 0.031617806472193116,
    "alternate": 0.20161387958254545,
    "sfR": 0.10898279115633469,
    "sfT": 0.0004452452536674679,
    "roll-out": 0.15954420333722547,
    "oneh-out": 0.00863750922263241,
    "redirect": 0.04187659031277629,
    "sft": 0.0,
    "dsfb": 0.0
  },
  "english-450k": {
    "bad-redirect": 0.005676778531966011,
    "dsfb-red": 0.0342632671091229,
    "sfb": 0.03541511114125525,
    "oneh-in": 0.009609419628474754,
    "roll-in": 0.22020772951661724,
    "unknown": 0.00015377410175167997,
    "dsfb-alt": 0.04393875697903468,
    "alternate": 0.24818643034179363,
    "sfR": 0.11369548401129392,
    "sfT": 0.00013711036829189716,
    "roll-out": 0.21824988700819328,
    "oneh-out": 0.011955205545690496,
    "redirect": 0.05851104571651423,
    "sft": 0.0,
    "dsfb": 0.0
  },
  "tr-quotes": {
    "bad-redirect": 0.0072987217123968474,
    "dsfb-red": 0.040892489771387625,
    "sfb": 0.02807956357920529,
    "oneh-in": 0.010343034141605603,
    "roll-in": 0.21968632255380136,
    "unknown": 0.013835787429786644,
    "dsfb-alt": 0.04429046947597143,
    "alternate": 0.22799403619888584,
    "sfR": 0.09677191928064538,
    "sfT": 0.00010401978687501444,
    "roll-out": 0.2486119137329234,
    "oneh-out": 0.016371558678717552,
    "redirect": 0.04572016365779802,
    "sft": 0.0,
    "dsfb": 0.0
  },
  "monkeyracer": {
    "bad-redirect": 0.007318727810188154,
    "dsfb-red": 0.0409416691430627,
    "sfb": 0.027921039460719145,
    "oneh-in": 0.010328526518291444,
    "roll-in": 0.21998412499804496,
    "unknown": 0.013436077701487402,
    "dsfb-alt": 0.04419975913790137,
    "alternate": 0.2283947479550182,
    "sfR": 0.09690789370786869,
    "sfT": 0.00011046029685471636,
    "roll-out": 0.2484037020817367,
    "oneh-out": 0.01626601185542018,
    "redirect": 0.04578725933340632,
    "sft": 0.0,
    "dsfb": 0.0
  },
  "dutch": {
    "bad-redirect": 0.0019976339241159465,
    "dsfb-red": 0.04501672925171317,
    "sfb": 0.05668006539288934,
    "oneh-in": 0.012091415922738933,
    "roll-in": 0.23926536245002644,
    "unknown": 0.072903632847049,
    "dsfb-alt": 0.0346263719164458,
    "alternate": 0.16724785152326938,
    "sfR": 0.18880787437283908,
    "sfT": 0.0005545456733011443,
    "roll-out": 0.12897729670971,
    "oneh-out": 0.009215191011909669,
    "redirect": 0.04261602900399208,
    "sft": 0.0,
    "dsfb": 0.0
  },
  "english-1k": {
    "bad-redirect": 0.006351446718419196,
    "dsfb-red": 0.040931545518701484,
    "sfb": 0.015525758645024701,