{
  "dutch": {
    "dsfb": 0.0,
    "sfb": 0.054529051454888504,
    "roll-out": 0.1490503187933838,
    "sfR": 0.18880787437283908,
    "roll-in": 0.23178067238972194,
    "alternate": 0.15776321446639266,
    "dsfb-alt": 0.036629707833128425,
    "sft": 0.0,
    "sfT": 0.000049722092413233515,
    "dsfb-red": 0.028436607954193564,
    "oneh-in": 0.015126292500958132,
    "oneh-out": 0.012367962562222994,
    "redirect": 0.04865850942239927,
    "bad-redirect": 0.003540238082934155,
    "unknown": 0.07325982807452426
  },
  "english-1k": {
    "dsfb": 0.0,
    "sfb": 0.02364149611856034,
    "roll-out": 0.19971771347918138,
    "sfR": 0.10832745236414962,
    "roll-in": 0.25511644318983767,
    "alternate": 0.21594918842625266,
    "dsfb-alt": 0.043401552575864505,
    "sft": 0.0,
    "sfT": 0.0,
    "dsfb-red": 0.03952011291460833,
    "oneh-in": 0.027875793930839804,
    "oneh-out": 0.02081863091037403,
    "redirect": 0.05434015525758645,
    "bad-redirect": 0.011291460832745237,
    "unknown": 0.0
  },
  "shai": {
    "dsfb": 0.0,
    "sfb": 0.02741977958486305,
    "roll-out": 0.21823325204442734,
    "sfR": 0.09823378925716947,
    "roll-in": 0.24563959356991955,
    "alternate": 0.20997922209737144,
    "dsfb-alt": 0.04088521435717309,
    "sft": 0.0,
    "sfT": 0.00005236276072234833,
    "dsfb-red": 0.03533870566717642,
    "oneh-in": 0.025649733266906796,
    "oneh-out": 0.016361046286064083,
    "redirect": 0.05021957990273198,
    "bad-redirect": 0.008365815094160853,
    "unknown": 0.023621906111313578
  },
  "akl": {
    "dsfb": 0.0,
    "sfb": 0.03412006560707547,
    "roll-out": 0.19702722430946099,
    "sfR": 0.11790358951788564,
    "roll-in": 0.22617385032422518,
    "alternate": 0.18914949325758063,
    "dsfb-alt": 0.04206334425834626,
    "sft": 0.0,
    "sfT": 0.0001775608883298137,
    "dsfb-red": 0.04058716027850171,
    "oneh-in": 0.019757273150476595,
    "oneh-out": 0.01490024559904868,
    "redirect": 0.043485999763830385,
    "bad-redirect": 0.007732076603707516,
    "unknown": 0.06692211644153111
  },
  "monkeyracer": {
    "dsfb": 0.0,
    "sfb": 0.030412750050831286,
    "roll-out": 0.23338012418474435,
    "sfR": 0.09690789370786869,
    "roll-in": 0.23596860972519823,
    "alternate": 0.20909645432222343,
    "dsfb-alt": 0.041508633498600185,
    "sft": 0.0,
    "sfT": 0.000013685346512973709,
    "dsfb-red": 0.043204638941458,
    "oneh-in": 0.020388233730078045,
    "oneh-out": 0.019297316108043857,
    "redirect": 0.04894368675414861,
    "bad-redirect": 0.006525955237186605,
    "unknown": 0.014352018393105714
  },
  "tr-quotes": {
    "dsfb": 0.0,
    "sfb": 0.030337948729802826,
    "roll-out": 0.23318693511476848,
    "sfR": 0.09677191928064538,
    "roll-in": 0.23546843577356047,
    "alternate": 0.20903007327616097,
    "dsfb-alt": 0.04144610619264465,
    "sft": 0.0,
    "sfT": 0.00001618085573611336,
    "dsfb-red": 0.04321444256951989,
    "oneh-in": 0.020604008229120917,
    "oneh-out": 0.0193638612144888,
    "redirect": 0.04921869582302767,
    "bad-redirect": 0.0065717389796814685,
    "unknown": 0.01476965396084233
  },
  "reddit": {
    "dsfb": 0.0,
    "sfb": 0.03220288732978649,
    "roll-out": 0.21697940797434617,
    "sfR": 0.10397777127267367,
    "roll-in": 0.2312790002316741,
    "alternate": 0.20036502249224022,
    "dsfb-alt": 0.04132185713105806,
    "sft": 0.0,
    "sfT": 0.00012076270035736246,
    "dsfb-red": 0.04007205308015119,
    "oneh-in": 0.020795644152326563,
    "oneh-out": 0.018003830769654325,
    "redirect": 0.04666909016130473,
    "bad-redirect": 0.006994947182237994,
    "unknown": 0.041217725522189115
  },
  "keymash": {
    "dsfb": 0.0,
    "sfb": 0.029312885601343115,
    "roll-out": 0.2331361626842574,
    "sfR": 0.099723742164827,
    "roll-in": 0.23553751236592466,
    "alternate": 0.20700455230221704,
    "dsfb-alt": 0.04204619622105553,
    "sft": 0.0,
    "sfT": 0.00003283897000570577,
    "dsfb-red": 0.04283022662994175,
    "oneh-in": 0.020483307541058975,
    "oneh-out": 0.019580235865902067,
    "redirect": 0.050009646447439174,
    "bad-redirect": 0.006908498314950351,
    "unknown": 0.013394194891077241
  },
  "english-10k": {
    "dsfb": 0.0,
    "sfb": 0.026475753073078482,
    "roll-out": 0.182686555643465,
    "sfR": 0.10567144593890508,
    "roll-in": 0.2781497848362633,
    "alternate": 0.21410239092259895,
    "dsfb-alt": 0.04282047818451979,
    "sft": 0.0,
    "sfT": 0.00001929719611740414,
    "dsfb-red": 0.031589510044190576,
    "oneh-in": 0.035410354875436596,
    "oneh-out": 0.015341270913336293,
    "redirect": 0.059107311707608884,
    "bad-redirect": 0.008625846664479651,
    "unknown": 0.0
  },
  "wordle": {
    "dsfb": 0.0,
    "sfb": 0.03513968360821272,
    "roll-out": 0.2077190620442051,
    "sfR": 0.13138112868843263,
    "roll-in": 0.2223044990463368,
    "alternate": 0.20749467070571076,
    "dsfb-alt": 0.052148547066083246,
    "sft": 0.0,
    "sfT": 0.000022439133849433412,
    "dsfb-red": 0.03329967463255918,
    "oneh-in": 0.017143498260967126,
    "oneh-out": 0.016335689442387523,
    "redirect": 0.066217883989678,
    "bad-redirect": 0.01079322338157747,
    "unknown": 0.0
  },
  "chained-bigrams": {
    "dsfb": 0.0,
    "sfb": 0.02956349193466177,
    "roll-out": 0.19969625526504942,
    "sfR": 0.11914286586209158,
    "roll-in": 0.2432607042748273,
    "alternate": 0.1934791628384744,
    "dsfb-alt": 0.05100548078090577,
    "sft": 0.0,
    "sfT": 0.00022336081407225072,
    "dsfb-red": 0.04301708515436245,
    "oneh-in": 0.01837142695744262,
    "oneh-out": 0.01330490244521654,
    "redirect": 0.05586033196351687,
    "bad-redirect": 0.009422709691327042,
    "unknown": 0.02365222201805197
  },
  "english-450k": {
    "dsfb": 0.0,
    "sfb": 0.03525987530849833,
    "roll-out": 0.20256726739913034,
    "sfR": 0.11369548401129392,
    "roll-in": 0.24934119783593647,
    "alternate": 0.21346973427484403,
    "dsfb-alt": 0.04159063229221055,
    "sft": 0.0,
    "sfT": 0.000051745277585641356,
    "dsfb-red": 0.03333740669040128,
    "oneh-in": 0.02206541421656188,
    "oneh-out": 0.016726295546807258,
    "redirect": 0.06367504901184061,
    "bad-redirect": 0.008066124033138026,
    "unknown": 0.00015377410175167997
  },
  "english-200": {
    "dsfb": 0.0,
    "sfb": 0.0334075723830735,
    "roll-out": 0.22939866369710468,
    "sfR": 0.10690423162583519,
    "roll-in": 0.2182628062360802,
    "alternate": 0.20935412026726058,
    "dsfb-alt": 0.051224944320712694,
    "sft": 0.0,
    "sfT": 0.0,
    "dsfb-red": 0.05790645879732739,
    "oneh-in": 0.022271714922048998,
    "oneh-out": 0.022271714922048998,
    "redirect": 0.0400890868596882,
    "bad-redirect": 0.008908685968819599,
    "unknown": 0.0
  },
  "english-5k": {
    "dsfb": 0.0,
    "sfb": 0.027460903472020574,
    "roll-out": 0.18334923466213132,
    "sfR": 0.10644211224955408,
    "roll-in": 0.2693408553532169,
    "alternate": 0.21267681586261253,
    "dsfb-alt": 0.03928319575227113,
    "sft": 0.0,
    "sfT": 0.00004148172729912474,
    "dsfb-red": 0.03330982702119716,
    "oneh-in": 0.03774837184220351,
    "oneh-out": 0.015348239100676153,
    "redirect": 0.06350852449495997,
    "bad-redirect": 0.009333388642303065,
    "unknown": 0.002157049819554486
  },
  "movie": {
    "dsfb": 0.0,
    "sfb": 0.029896791763133364,
    "roll-out": 0.23813523757160404,
    "sfR": 0.11567713207251198,
    "roll-in": 0.20903935025409567,
    "alternate": 0.19550280178378238,
    "dsfb-alt": 0.042982091244940554,
    "sft": 0.0,
    "sfT": 0.000015002153598628435,
    "dsfb-red": 0.0427691659421109,
    "oneh-in": 0.016098495191875572,
    "oneh-out": 0.023836184904964648,
    "redirect": 0.049338135250731385,
    "bad-redirect": 0.006258135213883993,
    "unknown": 0.030451476652766863
  },
  "gutenberg": {
    "dsfb": 0.0,
    "sfb": 0.02801542621570105,
    "roll-out": 0.23377350863055016,
    "sfR": 0.09863878308844841,
    "roll-in": 0.22301558344822675,