{
  "gutenberg": {
    "bad-redirect": 0.0007704393758740139,
    "dsfb-red": 0.03474251563705884,
    "sfb": 0.023409270960137576,
    "oneh-in": 0.007764066343790623,
    "roll-in": 0.2123133526786171,
    "unknown": 0.032975828246008664,
    "dsfb-alt": 0.04693447722837323,
    "alternate": 0.22734213001955367,
    "sfR": 0.09863878308844841,
    "sfT": 0.000011366206676282477,
    "roll-out": 0.2715201126921505,
    "oneh-out": 0.01456522554532218,
    "redirect": 0.029012431977988962,
    "sft": 0.0,
    "dsfb": 0.0
  },
  "movie": {
    "bad-redirect": 0.0009407929480403042,
    "dsfb-red": 0.03462826045159904,
    "sfb": 0.021971969923577188,
    "oneh-in": 0.006246554604088561,
    "roll-in": 0.18560467035465222,
    "unknown": 0.030236445784519856,
    "dsfb-alt": 0.04988373988950256,
    "alternate": 0.21944492294880752,
    "sfR": 0.11567713207251198,
    "sfT": 0.000018555295240408853,
    "roll-out": 0.28157068337046803,
    "oneh-out": 0.017200363894343255,
    "redirect": 0.03657590846264905,
    "sft": 0.0,
    "dsfb": 0.0
  },
  "french": {
    "bad-redirect": 0.0027459762040764894,
    "dsfb-red": 0.022836396692291754,
    "sfb": 0.03245003261021843,
    "oneh-in": 0.01972167250111888,
    "roll-in": 0.22630688560945436,
    "unknown": 0.15807962376648718,
    "dsfb-alt": 0.037174899913454414,
    "alternate": 0.19773253472344418,
    "sfR": 0.10898279115633469,
    "sfT": 0.00017518263572575464,
    "roll-out": 0.15413145990838337,
    "oneh-out": 0.007907429258418629,
    "redirect": 0.03175511502059186,
    "sft": 0.0,
    "dsfb": 0.0
  },
  "english-450k": {
    "bad-redirect": 0.0017295201254048263,
    "dsfb-red": 0.026654372534425225,
    "sfb": 0.03536862809528849,
    "oneh-in": 0.009606203820263217,
    "roll-in": 0.22010774711585857,
    "unknown": 0.00015377410175167997,
    "dsfb-alt": 0.047902971465256704,
    "alternate": 0.2913937371258042,
    "sfR": 0.11369548401129392,
    "sfT": 0.00012103132723421199,
    "roll-out": 0.20369016915735885,
    "oneh-out": 0.006930943734465454,
    "redirect": 0.0426454173855947,
    "sft": 0.0,
    "dsfb": 0.0
  },
  "keymash": {
    "bad-redirect": 0.0008784424476526294,
    "dsfb-red": 0.03533473172613941,
    "sfb": 0.024284418319219417,
    "oneh-in": 0.008915780356549117,
    "roll-in": 0.21663047538513955,
    "unknown": 0.01232282349464109,
    "dsfb-alt": 0.05123289808015172,
    "alternate": 0.23445382635573636,
    "sfR": 0.099723742164827,
    "sfT": 0.00002052435625356611,
    "roll-out": 0.27061363720326914,
    "oneh-out": 0.012987812637256633,
    "redirect": 0.032600887473164405,
    "sft": 0.0,
    "dsfb": 0.0
  },
  "shai": {
    "bad-redirect": 0.0009916877552341085,
    "dsfb-red": 0.027830306105987895,
    "sfb": 0.025094751477954307,
    "oneh-in": 0.010904648453864572,
    "roll-in": 0.2295996325279064,
    "unknown": 0.023260762136131256,
    "dsfb-alt": 0.04804025333528608,
    "alternate": 0.2550389045752257,
    "sfR": 0.09823378925716947,
    "sfT": 0.00004894518974756574,
    "roll-out": 0.2417151809509006,
    "oneh-out": 0.008017590543569502,
    "redirect": 0.03122354769102248,
    "sft": 0.0,
    "dsfb": 0.0
  },
  "monkeyracer": {
    "bad-redirect": 0.0008406712857969564,
    "dsfb-red": 0.03552618202292882,
    "sfb": 0.02507839748502432,
    "oneh-in": 0.00897856483726168,
    "roll-in": 0.21528809609459312,
    "unknown": 0.013436077701487402,
    "dsfb-alt": 0.05104340991913915,
    "alternate": 0.23397445923330779,
    "sfR": 0.09690789370786869,
    "sfT": 0.000012707821762047014,
    "roll-out": 0.27295228115175874,
    "oneh-out": 0.013087101365406572,
    "redirect": 0.032874157373664704,
    "sft": 0.0,
    "dsfb": 0.0
  },
  "dutch": {
    "bad-redirect": 0.0014685141170398166,
    "dsfb-red": 0.02635448412764301,
    "sfb": 0.06179900232343646,
    "oneh-in": 0.006228906886066908,
    "roll-in": 0.2485882458121106,
    "unknown": 0.072903632847049,
    "dsfb-alt": 0.03832796921669935,
    "alternate": 0.1911834715086314,
    "sfR": 0.18880787437283908,
    "sfT": 0.00011877358101163318,
    "roll-out": 0.1296569993267704,
    "oneh-out": 0.004947626122427375,
    "redirect": 0.029614499758274963,
    "sft": 0.0,
    "dsfb": 0.0
  },
  "akl": {
    "bad-redirect": 0.0010285025496033628,
    "dsfb-red": 0.034377361618671325,
    "sfb": 0.02588888554335924,
    "oneh-in": 0.006838138691037983,
    "roll-in": 0.20349995681788585,
    "unknown": 0.06665478384099267,
    "dsfb-alt": 0.04719569650891503,
    "alternate": 0.2161920289410618,
    "sfR": 0.11790358951788564,
    "sfT": 0.0001161642238724357,
    "roll-out": 0.24171941141973002,
    "oneh-out": 0.007082238446801927,
    "redirect": 0.031503241880182706,
    "sft": 0.0,
    "dsfb": 0.0
  },
  "english-200": {
    "bad-redirect": 0.0,
    "dsfb-red": 0.0400890868596882,
    "sfb": 0.015590200445434299,
    "oneh-in": 0.008908685968819599,
    "roll-in": 0.21603563474387527,
    "unknown": 0.0,
    "dsfb-alt": 0.06904231625835189,
    "alternate": 0.22271714922049,
    "sfR": 0.10690423162583519,
    "sfT": 0.0,
    "roll-out": 0.29175946547884185,
    "oneh-out": 0.011135857461024499,
    "redirect": 0.017817371937639197,
    "sft": 0.0,
    "dsfb": 0.0
  },
  "english-1k": {
    "bad-redirect": 0.0007057163020465773,
    "dsfb-red": 0.027522935779816515,
    "sfb": 0.021524347212420608,
    "oneh-in": 0.011644318983768526,
    "roll-in": 0.23288637967537051,
    "unknown": 0.0,
    "dsfb-alt": 0.05575158786167961,
    "alternate": 0.2667607621736062,
    "sfR": 0.10832745236414962,
    "sfT": 0.0,
    "roll-out": 0.23182780522230065,
    "oneh-out": 0.011291460832745237,
    "redirect": 0.03175723359209598,
    "sft": 0.0,
    "dsfb": 0.0
  },
  "english-5k": {
    "bad-redirect": 0.0013688970008711163,
    "dsfb-red": 0.025967561289252084,
    "sfb": 0.02882980047289169,
    "oneh-in": 0.019620857012486,
    "roll-in": 0.24764591197577468,
    "unknown": 0.002157049819554486,
    "dsfb-alt": 0.05089807939602605,
    "alternate": 0.29182395154934254,
    "sfR": 0.10644211224955408,
    "sfT": 0.0,
    "roll-out": 0.18550628448168582,
    "oneh-out": 0.004977807275894968,
    "redirect": 0.034761687476666525,
    "sft": 0.0,
    "dsfb": 0.0
  },
  "english-10k": {
    "bad-redirect": 0.0015630728855097354,
    "dsfb-red": 0.024314467107929217,
    "sfb": 0.02879141660716698,
    "oneh-in": 0.01715520734837228,
    "roll-in": 0.2617278709403524,
    "unknown": 0.0,
    "dsfb-alt": 0.04901487813820652,
    "alternate": 0.2875282221493217,
    "sfR": 0.10567144593890508,
    "sfT": 0.00003859439223480828,
    "roll-out": 0.18426892572509215,
    "oneh-out": 0.004766407440998823,
    "redirect": 0.03515949132591035,
    "sft": 0.0,
    "dsfb": 0.0
  },
  "mt-quotes": {
    "bad-redirect": 0.0008128040544578717,
    "dsfb-red": 0.036969137351932205,
    "sfb": 0.02479201778606519,
    "oneh-in": 0.008890044345632972,
    "roll-in": 0.2153049210504297,
    "unknown": 0.007977133909467972,
    "dsfb-alt": 0.05173856396648378,
    "alternate": 0.23015652454548716,
    "sfR": 0.0964592223377679,
    "sfT": 2.9882502002127633e-6,
    "roll-out": 0.28101654295310835,
    "oneh-out": 0.013536773406963819,
    "redirect": 0.032343326042002844,
    "sft": 0.0,
    "dsfb": 0.0
  },
  "reddit": {
    "bad-redirect": 0.0009423910602639212,
    "dsfb-red": 0.032450331001796645,
    "sfb": 0.027040806293294917,
    "oneh-in": 0.008159760362452913,
    "roll-in": 0.2142395480238686,
    "unknown": 0.039285447401644795,
    "dsfb-alt": 0.04814000532269842,
    "alternate": 0.23067807095070847,
    "sfR": 0.10397777127267367,
    "sfT": 0.00012241082654089965,
    "roll-out": 0.2533463235642527,
    "oneh-out": 0.009495566634209819,
    "redirect": 0.03212156728559423,
    "sft": 0.0,
    "dsfb": 0.0
  },
  "tr-quotes": {
    "bad-redirect": 0.0008448718245070618,
    "dsfb-red": 0.03542220475717159,
    "sfb": 0.025031783823767365,
    "oneh-in": 0.009011580869605419,