{
  "english-1k": {
    "sfb": 0.01834862385321101,
    "unknown": 0.0,
    "outoneh": 0.022935779816513763,
    "red-sfs": 0.024700070571630206,
    "alt-sfs": 0.05045871559633028,
    "sft": 0.0,
    "inroll": 0.22265349329569514,
    "bad-red-sfs": 0.00035285815102328866,
    "red": 0.02858151023288638,
    "sfr": 0.10832745236414962,
    "outroll": 0.23712067748764998,
    "inoneh": 0.00035285815102328866,
    "bad-red": 0.0007057163020465773,
    "alt": 0.2854622441778405
  },
  "shai": {
    "sfb": 0.019970612760025673,
    "unknown": 0.023621906111313578,
    "outoneh": 0.023073705278587382,
    "red-sfs": 0.026557169963274466,
    "alt-sfs": 0.04596441375846729,
    "sft": 0.00007690502295462054,
    "inroll": 0.2260816747599495,
    "bad-red-sfs": 0.0006897958684469721,
    "red": 0.029531973911586858,
    "sfr": 0.09823378925716947,
    "outroll": 0.22980281737894057,
    "inoneh": 0.0010304731218686457,
    "bad-red": 0.0007925823150803821,
    "alt": 0.27457218049233456
  },
  "chained-bigrams": {
    "sfb": 0.021845856364711848,
    "unknown": 0.02365222201805197,
    "outoneh": 0.01344839878216412,
    "red-sfs": 0.029453759441701855,
    "alt-sfs": 0.058029009635032325,
    "sft": 0.0001227185868013238,
    "inroll": 0.21157658321586328,
    "bad-red-sfs": 0.0021459520072929904,
    "red": 0.04098216424941351,
    "sfr": 0.11914286586209158,
    "outroll": 0.20441410315763364,
    "inoneh": 0.002569298666522954,
    "bad-red": 0.0014245744944026688,
    "alt": 0.2711924935183159
  },
  "english-200": {
    "sfb": 0.017817371937639197,
    "unknown": 0.0,
    "outoneh": 0.022271714922048998,
    "red-sfs": 0.0400890868596882,
    "alt-sfs": 0.053452115812917596,
    "sft": 0.0,
    "inroll": 0.2650334075723831,
    "bad-red-sfs": 0.0,
    "red": 0.015590200445434299,
    "sfr": 0.10690423162583519,
    "outroll": 0.2182628062360802,
    "inoneh": 0.0022271714922048997,
    "bad-red": 0.0,
    "alt": 0.2583518930957684
  },
  "english-450k": {
    "sfb": 0.034504745071189225,
    "unknown": 0.00015377410175167997,
    "outoneh": 0.013691157287518395,
    "red-sfs": 0.0219739098556336,
    "alt-sfs": 0.04908054196308135,
    "sft": 0.00047184676849279744,
    "inroll": 0.19862410183938384,
    "bad-red-sfs": 0.0010752493274575644,
    "red": 0.03764045042363888,
    "sfr": 0.11369548401129392,
    "outroll": 0.21242255018268713,
    "inoneh": 0.0008194464015398459,
    "bad-red": 0.0010518616313736587,
    "alt": 0.3147948811349581
  },
  "english-5k": {
    "sfb": 0.022358651014228233,
    "unknown": 0.002157049819554486,
    "outoneh": 0.0238105114696976,
    "red-sfs": 0.021404571286348362,
    "alt-sfs": 0.047538059484796946,
    "sft": 0.00004148172729912474,
    "inroll": 0.17700253038536526,
    "bad-red-sfs": 0.0011200066370763678,
    "red": 0.030115734019164557,
    "sfr": 0.10644211224955408,
    "outroll": 0.24536441697432282,
    "inoneh": 0.0005807441821877463,
    "bad-red": 0.0010370431824781184,
    "alt": 0.3210270875679263
  },
  "monkeyracer": {
    "sfb": 0.020366728185557657,
    "unknown": 0.014352018393105714,
    "outoneh": 0.03308921281886858,
    "red-sfs": 0.036387381328495234,
    "alt-sfs": 0.045327822700470775,
    "sft": 0.00009970752459452273,
    "inroll": 0.25190226316530334,
    "bad-red-sfs": 0.0007595367314700408,
    "red": 0.030957231337097456,
    "sfr": 0.09690789370786869,
    "outroll": 0.21325386708791466,
    "inoneh": 0.0009481990083988926,
    "bad-red": 0.000717503167180193,
    "alt": 0.25493063484367423
  },
  "tr-quotes": {
    "sfb": 0.020391345553732,
    "unknown": 0.01476965396084233,
    "outoneh": 0.032773167518087884,
    "red-sfs": 0.036342201983310604,
    "alt-sfs": 0.045190818520145164,
    "sft": 0.00010170823605556969,
    "inroll": 0.25183999445227806,
    "bad-red-sfs": 0.0007431635884514921,
    "red": 0.03106839878874737,
    "sfr": 0.09677191928064538,
    "outroll": 0.2132498092970574,
    "inoneh": 0.0009500473867917987,
    "bad-red": 0.0007119576523889878,
    "alt": 0.255095813781466
  },
  "movie": {
    "sfb": 0.01964163539792357,
    "unknown": 0.030451476652766863,
    "outoneh": 0.04543862809779667,
    "red-sfs": 0.036789228558994455,
    "alt-sfs": 0.04628875013505228,
    "sft": 0.00013949370889952754,
    "inroll": 0.2500260234725801,
    "bad-red-sfs": 0.0007043116321040297,
    "red": 0.03648984347621481,
    "sfr": 0.11567713207251198,
    "outroll": 0.18582786028889148,
    "inoneh": 0.0008413049820704525,
    "bad-red": 0.0008518328091572093,
    "alt": 0.2308324787150366
  },
  "gutenberg": {
    "sfb": 0.019222528730928928,
    "unknown": 0.03802431837805746,
    "outoneh": 0.02461579379882496,
    "red-sfs": 0.03465215429398239,
    "alt-sfs": 0.04454605833213041,
    "sft": 0.00003883453947729847,
    "inroll": 0.2563644127099954,
    "bad-red-sfs": 0.0009653698203722584,
    "red": 0.027848342977559698,
    "sfr": 0.09863878308844841,
    "outroll": 0.2129407672871479,
    "inoneh": 0.0008195035013599666,
    "bad-red": 0.0006493892747716055,
    "alt": 0.24067374326694332
  },
  "keymash": {
    "sfb": 0.019251846165845007,
    "unknown": 0.013394194891077241,
    "outoneh": 0.03180864732177675,
    "red-sfs": 0.03541272427990296,
    "alt-sfs": 0.04644251333056939,
    "sft": 0.0001149363950199702,
    "inroll": 0.2511154987623813,
    "bad-red-sfs": 0.0007840304088862252,
    "red": 0.031082085110400514,
    "sfr": 0.099723742164827,
    "outroll": 0.21499263175610497,
    "inoneh": 0.000927700902661188,
    "bad-red": 0.0007511914388805195,
    "alt": 0.25419825707166693
  },
  "english-10k": {
    "sfb": 0.022481233476775823,
    "unknown": 0.0,
    "outoneh": 0.020937457787383495,
    "red-sfs": 0.0209760521796183,
    "alt-sfs": 0.04928503888385018,
    "sft": 0.00007718878446961657,
    "inroll": 0.17776577063352694,
    "bad-red-sfs": 0.0005403214912873159,
    "red": 0.03292101657629146,
    "sfr": 0.10567144593890508,
    "outroll": 0.2616120877636479,
    "inoneh": 0.0005017270990525077,
    "bad-red": 0.0011385345709268443,
    "alt": 0.3060921248142645
  },
  "mt-quotes": {
    "sfb": 0.01991220520911775,
    "unknown": 0.008869126594231481,
    "outoneh": 0.03466370232246806,
    "red-sfs": 0.03829592044082667,
    "alt-sfs": 0.04556334492774411,
    "sft": 0.0000896475060063829,
    "inroll": 0.2583820418115968,
    "bad-red-sfs": 0.0006828151707486164,
    "red": 0.03037257503496253,
    "sfr": 0.0964592223377679,
    "outroll": 0.21334911129439046,
    "inoneh": 0.00097865194056968,
    "bad-red": 0.0007097094225505313,
    "alt": 0.25167192598701904
  }
}