{
  "english-1k": {
    "bad-redirect": 0.00035285815102328866,
    "dsfb-red": 0.01834862385321101,
    "sfb": 0.01587861679604799,
    "oneh-in": 0.012702893436838392,
    "roll-in": 0.24664784756527877,
    "unknown": 0.0,
    "dsfb-alt": 0.03916725476358504,
    "alternate": 0.29322512350035285,
    "sfR": 0.10832745236414962,
    "sfT": 0.0,
    "roll-out": 0.2205363443895554,
    "oneh-out": 0.009174311926605505,
    "redirect": 0.035638673253352154,
    "sft": 0.0,
    "dsfb": 0.0
  },
  "mt-quotes": {
    "bad-redirect": 0.0014224070953012754,
    "dsfb-red": 0.023111127048445514,
    "sfb": 0.021573672320436044,
    "oneh-in": 0.009085774733746907,
    "roll-in": 0.24319724841921564,
    "unknown": 0.00522794372527223,
    "dsfb-alt": 0.04304574413406486,
    "alternate": 0.26422257682791267,
    "sfR": 0.0964592223377679,
    "sfT": 0.00001942362630138296,
    "roll-out": 0.245828402720503,
    "oneh-out": 0.009544471139479566,
    "redirect": 0.037261985871553056,
    "sft": 0.0,
    "dsfb": 0.0
  },
  "french": {
    "bad-redirect": 0.0016561673194478359,
    "dsfb-red": 0.017851969039791356,
    "sfb": 0.05234090999356485,
    "oneh-in": 0.014327012151154823,
    "roll-in": 0.21499627184443795,
    "unknown": 0.14987098464821513,
    "dsfb-alt": 0.03163554496878931,
    "alternate": 0.22331445816466217,
    "sfR": 0.10898279115633469,
    "sfT": 0.00046752324728109975,
    "roll-out": 0.14347958259339907,
    "oneh-out": 0.008162255346767159,
    "redirect": 0.03291452952615457,
    "sft": 0.0,
    "dsfb": 0.0
  },
  "wordle": {
    "bad-redirect": 0.001413665432514305,
    "dsfb-red": 0.025670369123751823,
    "sfb": 0.03332211376640862,
    "oneh-in": 0.005407831257713452,
    "roll-in": 0.20794345338269943,
    "unknown": 0.0,
    "dsfb-alt": 0.05255245147537305,
    "alternate": 0.2845506563446651,
    "sfR": 0.13138112868843263,
    "sfT": 0.000022439133849433412,
    "roll-out": 0.20480197464377875,
    "oneh-out": 0.007315157634915292,
    "redirect": 0.045618759115898126,
    "sft": 0.0,
    "dsfb": 0.0
  },
  "monkeyracer": {
    "bad-redirect": 0.0013792874235575645,
    "dsfb-red": 0.022555406102882525,
    "sfb": 0.02237358649921016,
    "oneh-in": 0.00936273206437587,
    "roll-in": 0.24190218496332327,
    "unknown": 0.009365664638628651,
    "dsfb-alt": 0.04336984062436461,
    "alternate": 0.2662044277961118,
    "sfR": 0.09690789370786869,
    "sfT": 0.00004007851478799443,
    "roll-out": 0.2398347201151133,
    "oneh-out": 0.009330473747595288,
    "redirect": 0.03737370380218027,
    "sft": 0.0,
    "dsfb": 0.0
  },
  "english-450k": {
    "bad-redirect": 0.0014859957399311584,
    "dsfb-red": 0.021940582388714033,
    "sfb": 0.03819590820563164,
    "oneh-in": 0.011896151613078634,
    "roll-in": 0.2417597838041374,
    "unknown": 0.0,
    "dsfb-alt": 0.048727095406013325,
    "alternate": 0.30142793578440286,
    "sfR": 0.11369548401129392,
    "sfT": 0.00006987074205066827,
    "roll-out": 0.17468211735828956,
    "oneh-out": 0.004860255592436653,
    "redirect": 0.04125881935402014,
    "sft": 0.0,
    "dsfb": 0.0
  },
  "gutenberg": {
    "bad-redirect": 0.0011710981612129713,
    "dsfb-red": 0.020717753219193887,
    "sfb": 0.01755188578629334,
    "oneh-in": 0.008212463197169966,
    "roll-in": 0.22514352677480476,
    "unknown": 0.025597834055655768,
    "dsfb-alt": 0.04056277120242722,
    "alternate": 0.2544298843336921,
    "sfR": 0.09863878308844841,
    "sfT": 0.00011025220475994003,
    "roll-out": 0.26010882006271874,
    "oneh-out": 0.010567730657273634,
    "redirect": 0.03718719725634926,
    "sft": 0.0,
    "dsfb": 0.0
  },
  "english-5k": {
    "bad-redirect": 0.0011614883643754927,
    "dsfb-red": 0.018417886920811383,
    "sfb": 0.023603102833201973,
    "oneh-in": 0.02086530883145974,
    "roll-in": 0.26166673580287886,
    "unknown": 0.0,
    "dsfb-alt": 0.04791139503048907,
    "alternate": 0.3166300244742191,
    "sfR": 0.10644211224955408,
    "sfT": 0.0,
    "roll-out": 0.16488986601402084,
    "oneh-out": 0.00543410627618534,
    "redirect": 0.03297797320280416,
    "sft": 0.0,
    "dsfb": 0.0
  },
  "english-10k": {
    "bad-redirect": 0.001370100924335694,
    "dsfb-red": 0.017406070897898536,
    "sfb": 0.02381274000887671,
    "oneh-in": 0.018583199861060187,
    "roll-in": 0.2725343007660987,
    "unknown": 0.0,
    "dsfb-alt": 0.050616545415951064,
    "alternate": 0.305493911734625,
    "sfR": 0.10567144593890508,
    "sfT": 0.00001929719611740414,
    "roll-out": 0.16460508288145734,
    "oneh-out": 0.005268134540051331,
    "redirect": 0.03461916983462303,
    "sft": 0.0,
    "dsfb": 0.0
  },
  "reddit": {
    "bad-redirect": 0.0008802866690751784,
    "dsfb-red": 0.02246077600148481,
    "sfb": 0.0219516173830116,
    "oneh-in": 0.009406268160992711,
    "roll-in": 0.23561765495242254,
    "unknown": 0.03279452717226308,
    "dsfb-alt": 0.04550779797793646,
    "alternate": 0.26008386340255274,
    "sfR": 0.10397777127267367,
    "sfT": 0.00011956406313297176,
    "roll-out": 0.22333563134563697,
    "oneh-out": 0.008026674173132284,
    "redirect": 0.03583756742568496,
    "sft": 0.0,
    "dsfb": 0.0
  },
  "shai": {
    "bad-redirect": 0.0007927526130678006,
    "dsfb-red": 0.01938220612063352,
    "sfb": 0.021660158445247494,
    "oneh-in": 0.012288575048620076,
    "roll-in": 0.2467381510530763,
    "unknown": 0.015546460696927484,
    "dsfb-alt": 0.045290405287535765,
    "alternate": 0.2826343078300228,
    "sfR": 0.09823378925716947,
    "sfT": 0.00006693097946423015,
    "roll-out": 0.21710552329010757,
    "oneh-out": 0.007123541591258202,
    "redirect": 0.033137197786869285,
    "sft": 0.0,
    "dsfb": 0.0
  },
  "movie": {
    "bad-redirect": 0.0024063980763554347,
    "dsfb-red": 0.022595085689274604,
    "sfb": 0.027168110580084587,
    "oneh-in": 0.006810582940261556,
    "roll-in": 0.2248909679007868,
    "unknown": 0.024481409107544254,
    "dsfb-alt": 0.04883622109437026,
    "alternate": 0.23989364789076958,
    "sfR": 0.11567713207251198,
    "sfT": 0.00002671436123264537,
    "roll-out": 0.23718681194892582,
    "oneh-out": 0.008294743363817095,
    "redirect": 0.04173217497406535,
    "sft": 0.0,
    "dsfb": 0.0
  },
  "dutch": {
    "bad-redirect": 0.001452430194611158,
    "dsfb-red": 0.019794682364766218,
    "sfb": 0.03981260311775629,
    "oneh-in": 0.006802369547285817,
    "roll-in": 0.26717588090136957,
    "unknown": 0.06757564078651779,
    "dsfb-alt": 0.042707637431737916,
    "alternate": 0.20864765268510596,
    "sfR": 0.18880787437283908,
    "sfT": 0.00009643181139501257,
    "roll-out": 0.1215158987511166,
    "oneh-out": 0.004274557899233885,
    "redirect": 0.03133634013626471,
    "sft": 0.0,
    "dsfb": 0.0
  },
  "keymash": {
    "bad-redirect": 0.001407970838994635,
    "dsfb-red": 0.0221047316850907,
    "sfb": 0.021731188401275792,
    "oneh-in": 0.009400155164133277,
    "roll-in": 0.24023758994799127,
    "unknown": 0.008566866300238493,
    "dsfb-alt": 0.04260035383990181,
    "alternate": 0.2674734106964735,
    "sfR": 0.099723742164827,
    "sfT": 0.00004104871250713222,
    "roll-out": 0.24094773267436467,
    "oneh-out": 0.008714641665264169,
    "redirect": 0.037050567908937536,
    "sft": 0.0,
    "dsfb": 0.0
  },
  "chained-bigrams": {
    "bad-redirect": 0.0018862301304647918,
    "dsfb-red": 0.033881368136930566,
    "sfb": 0.02220037672658234,
    "oneh-in": 0.009635032325634094,
    "roll-in": 0.2264664384144239,
    "unknown": 0.01607548556628135,
    "dsfb-alt": 0.05761864906964377,
    "alternate": 0.26877318423566127,
    "sfR": 0.11914286586209158,
    "sfT": 0.00007661795366431856,
    "roll-out": 0.19367590216017178,
    "oneh-out": 0.008457193614218214,
    "redirect": 0.04211065580423204,
    "sft": 0.0,
    "dsfb": 0.0
  },
  "english-200": {
    "bad-redirect": 0.0,
    "dsfb-red": 0.028953229398663696,
    "sfb": 0.011135857461024499,
    "oneh-in": 0.008908685968819599,
    "roll-in": 0.24276169265033407,