{
  "dutch": {
    "dsfb": 0.0,
    "sfb": 0.08280896219826374,
    "roll-out": 0.13380464306441003,
    "sfR": 0.18880787437283908,
    "roll-in": 0.24186138283934772,
    "alternate": 0.18645408108283637,
    "dsfb-alt": 0.0298974656220951,
    "sft": 0.0,
    "sfT": 0.0006126414466220518,
    "dsfb-red": 0.016440834887903308,
    "oneh-in": 0.008563299056707536,
    "oneh-out": 0.0037048607048042947,
    "redirect": 0.03216296768128544,
    "bad-redirect": 0.0012782863210023141,
    "unknown": 0.07360270072188302
  },
  "english-1k": {
    "dsfb": 0.0,
    "sfb": 0.026817219477769938,
    "roll-out": 0.1492589978828511,
    "sfR": 0.10832745236414962,
    "roll-in": 0.3140437544107269,
    "alternate": 0.2720536344389555,
    "dsfb-alt": 0.04269583627381793,
    "sft": 0.0,
    "sfT": 0.0,
    "dsfb-red": 0.022230063514467185,
    "oneh-in": 0.016937191249117856,
    "oneh-out": 0.009880028228652082,
    "redirect": 0.0374029640084686,
    "bad-redirect": 0.00035285815102328866,
    "unknown": 0.0
  },
  "shai": {
    "dsfb": 0.0,
    "sfb": 0.03358737664620098,
    "roll-out": 0.1399045340445803,
    "sfR": 0.09823378925716947,
    "roll-in": 0.3174016405269577,
    "alternate": 0.2614139361964657,
    "dsfb-alt": 0.04394053441985513,
    "sft": 0.0,
    "sfT": 0.0002258460945872178,
    "dsfb-red": 0.019118112646235655,
    "oneh-in": 0.019962941609774236,
    "oneh-out": 0.006680712638247132,
    "redirect": 0.0331441529114918,
    "bad-redirect": 0.0022886733570037215,
    "unknown": 0.024097749651430984
  },
  "akl": {
    "dsfb": 0.0,
    "sfb": 0.03411591467214243,
    "roll-out": 0.14063262230915644,
    "sfR": 0.11790358951788564,
    "roll-in": 0.28587104767491267,
    "alternate": 0.21988351113584326,
    "dsfb-alt": 0.04122423585934452,
    "sft": 0.0,
    "sfT": 0.0001595322007848117,
    "dsfb-red": 0.01772864309902111,
    "oneh-in": 0.018640857516246574,
    "oneh-out": 0.00811321916651457,
    "redirect": 0.037831682933994804,
    "bad-redirect": 0.004583871251132679,
    "unknown": 0.07331127266302054
  },
  "monkeyracer": {
    "dsfb": 0.0,
    "sfb": 0.03642648231853231,
    "roll-out": 0.14515069521560287,
    "sfR": 0.09690789370786869,
    "roll-in": 0.32875721413266185,
    "alternate": 0.2422804870419319,
    "dsfb-alt": 0.042019878943334844,
    "sft": 0.0,
    "sfT": 0.0003919874251216041,
    "dsfb-red": 0.021174163629823106,
    "oneh-in": 0.025004105603953893,
    "oneh-out": 0.007653041275005083,
    "redirect": 0.03922318063093357,
    "bad-redirect": 0.0015190734629400816,
    "unknown": 0.013491796612290222
  },
  "tr-quotes": {
    "dsfb": 0.0,
    "sfb": 0.03637687524560228,
    "roll-out": 0.1450116733316382,
    "sfR": 0.09677191928064538,
    "roll-in": 0.3284921754004762,
    "alternate": 0.24246434432861005,
    "dsfb-alt": 0.042177712026998916,
    "sft": 0.0,
    "sfT": 0.0003790943343889415,
    "dsfb-red": 0.021344860266752964,
    "oneh-in": 0.024658468366427037,
    "oneh-out": 0.007628117704167726,
    "redirect": 0.039261690668269345,
    "bad-redirect": 0.0015383370703404915,
    "unknown": 0.013894731975682485
  },
  "reddit": {
    "dsfb": 0.0,
    "sfb": 0.03372635524198706,
    "roll-out": 0.1373280166280949,
    "sfR": 0.10397777127267367,
    "roll-in": 0.3143375178882559,
    "alternate": 0.23778299309828432,
    "dsfb-alt": 0.042620917680404734,
    "sft": 0.0,
    "sfT": 0.0002656479748555876,
    "dsfb-red": 0.017832125987260358,
    "oneh-in": 0.019610716341189837,
    "oneh-out": 0.006826763396690675,
    "redirect": 0.03809752299744709,
    "bad-redirect": 0.0023942403983071496,
    "unknown": 0.04519941109454869
  },
  "keymash": {
    "dsfb": 0.0,
    "sfb": 0.03776892037781235,
    "roll-out": 0.14422465139380902,
    "sfR": 0.099723742164827,
    "roll-in": 0.3308403081937335,
    "alternate": 0.23969164207164642,
    "dsfb-alt": 0.042009252379799106,
    "sft": 0.0,
    "sfT": 0.0003448091850599106,
    "dsfb-red": 0.02117703078242951,
    "oneh-in": 0.0238451970953931,
    "oneh-out": 0.007881352801369385,
    "redirect": 0.03866788718171855,
    "bad-redirect": 0.0014490195515017672,
    "unknown": 0.012376186820900362
  },
  "english-10k": {
    "dsfb": 0.0,
    "sfb": 0.03070183902278999,
    "roll-out": 0.1355242083325293,
    "sfR": 0.10567144593890508,
    "roll-in": 0.305686883695799,
    "alternate": 0.2955558557341618,
    "dsfb-alt": 0.04413268752050327,
    "sft": 0.0,
    "sfT": 0.00005789158835221242,
    "dsfb-red": 0.019046332567877886,
    "oneh-in": 0.022384747496188805,
    "oneh-out": 0.006676829856621833,
    "redirect": 0.03257366704617819,
    "bad-redirect": 0.0019876112000926267,
    "unknown": 0.0
  },
  "wordle": {
    "dsfb": 0.0,
    "sfb": 0.060854930999663416,
    "roll-out": 0.16490519465948614,
    "sfR": 0.13138112868843263,
    "roll-in": 0.24644900706832717,
    "alternate": 0.2637271401323909,
    "dsfb-alt": 0.051856838326040613,
    "sft": 0.0,
    "sfT": 0.0005609783462358353,
    "dsfb-red": 0.018669359362728597,
    "oneh-in": 0.007360035902614159,
    "oneh-out": 0.01164591046785594,
    "redirect": 0.038797262425670366,
    "bad-redirect": 0.0037922136205542465,
    "unknown": 0.0
  },
  "chained-bigrams": {
    "dsfb": 0.0,
    "sfb": 0.03223213421907151,
    "roll-out": 0.11841889113043298,
    "sfR": 0.11914286586209158,
    "roll-in": 0.3024837852385773,
    "alternate": 0.25967058175752494,
    "dsfb-alt": 0.05412474052161243,
    "sft": 0.0,
    "sfT": 0.0003525724477942795,
    "dsfb-red": 0.024622932532697362,
    "oneh-in": 0.015253465826120098,
    "oneh-out": 0.005110027926594806,
    "redirect": 0.04268658906609857,
    "bad-redirect": 0.002742013714613706,
    "unknown": 0.023159399756770463
  },
  "english-450k": {
    "dsfb": 0.0,
    "sfb": 0.041119370216119853,
    "roll-out": 0.13111727117039632,
    "sfR": 0.11369548401129392,
    "roll-in": 0.28670304232997584,
    "alternate": 0.29877986389530264,
    "dsfb-alt": 0.04591472495192367,
    "sft": 0.0,
    "sfT": 0.00023855450005583813,
    "dsfb-red": 0.0200020347295593,
    "oneh-in": 0.014484584877164896,
    "oneh-out": 0.005481783615866447,
    "redirect": 0.040352546130768795,
    "bad-redirect": 0.001956965469820809,
    "unknown": 0.00015377410175167997
  },
  "english-200": {
    "dsfb": 0.0,
    "sfb": 0.024498886414253896,
    "roll-out": 0.1514476614699332,
    "sfR": 0.10690423162583519,
    "roll-in": 0.3429844097995546,
    "alternate": 0.24944320712694878,
    "dsfb-alt": 0.0467706013363029,
    "sft": 0.0,
    "sfT": 0.0,
    "dsfb-red": 0.017817371937639197,
    "oneh-in": 0.0066815144766146995,
    "oneh-out": 0.0066815144766146995,
    "redirect": 0.044543429844097995,
    "bad-redirect": 0.0022271714922048997,
    "unknown": 0.0
  },
  "english-5k": {
    "dsfb": 0.0,
    "sfb": 0.028166092836105695,
    "roll-out": 0.1264777865350313,
    "sfR": 0.10644211224955408,
    "roll-in": 0.29941510764508233,
    "alternate": 0.31015887501555567,
    "dsfb-alt": 0.04368025884597835,
    "sft": 0.0,
    "sfT": 0.0,
    "dsfb-red": 0.020740863649562367,
    "oneh-in": 0.02488903637947484,
    "oneh-out": 0.0059733687310739615,
    "redirect": 0.030779441655950555,
    "bad-redirect": 0.0011200066370763678,
    "unknown": 0.002157049819554486
  },
  "movie": {
    "dsfb": 0.0,
    "sfb": 0.04089481792715244,
    "roll-out": 0.14008813633641357,
    "sfR": 0.11567713207251198,
    "roll-in": 0.30018940876907463,
    "alternate": 0.22321217427396486,
    "dsfb-alt": 0.04422963875472124,
    "sft": 0.0,
    "sfT": 0.00043361487813579555,
    "dsfb-red": 0.02331334669226859,
    "oneh-in": 0.03201420098595733,
    "oneh-out": 0.00687059155465607,
    "redirect": 0.040587273778380555,
    "bad-redirect": 0.0022072905465771466,
    "unknown": 0.030282373430185833
  },
  "gutenberg": {
    "dsfb": 0.0,
    "sfb": 0.03551712262204749,
    "roll-out": 0.14671916338656885,
    "sfR": 0.09863878308844841,
    "roll-in": 0.33843069815409016,