{
  "english-450k": {
    "bad-redirect": 0.006060044401541015,
    "dsfb-red": 0.008973858987394617,
    "sfb": 0.022061029023546147,
    "oneh-in": 0.009864053169588277,
    "roll-in": 0.1926269118710683,
    "unknown": 0.26991915458156196,
    "dsfb-alt": 0.036904907381800044,
    "alternate": 0.18256523266957103,
    "sfR": 0.11369548401129392,
    "sfT": 8.185693629366994e-6,
    "roll-out": 0.1205548029265024,
    "oneh-out": 0.0035479134959284946,
    "redirect": 0.03321842178657441,
    "sft": 0.0,
    "dsfb": 0.0
  },
  "movie": {
    "bad-redirect": 0.003588409862521054,
    "dsfb-red": 0.009313968623653737,
    "sfb": 0.012099105279455248,
    "oneh-in": 0.005468548182377233,
    "roll-in": 0.19294993531308244,
    "unknown": 0.2971575261659272,
    "dsfb-alt": 0.04334214293130764,
    "alternate": 0.16673604066057376,
    "sfR": 0.11567713207251198,
    "sfT": 0.000022240034720773732,
    "roll-out": 0.10640988068155574,
    "oneh-out": 0.003877661911729697,
    "redirect": 0.04335740828058344,
    "sft": 0.0,
    "dsfb": 0.0
  },
  "akl": {
    "bad-redirect": 0.0039697806980534345,
    "dsfb-red": 0.008305277349983663,
    "sfb": 0.018707024658164314,
    "oneh-in": 0.00537626614357452,
    "roll-in": 0.19208624874558128,
    "unknown": 0.319306270972289,
    "dsfb-alt": 0.03927193344725481,
    "alternate": 0.1527905248652774,
    "sfR": 0.11790358951788564,
    "sfT": 0.00011312846548856938,
    "roll-out": 0.10227550535774182,
    "oneh-out": 0.004359844673253891,
    "redirect": 0.035534605105451714,
    "sft": 0.0,
    "dsfb": 0.0
  },
  "english-1k": {
    "bad-redirect": 0.0045871559633027525,
    "dsfb-red": 0.0045871559633027525,
    "sfb": 0.014820042342978124,
    "oneh-in": 0.01058574453069866,
    "roll-in": 0.18101623147494708,
    "unknown": 0.31863091037402963,
    "dsfb-alt": 0.03669724770642202,
    "alternate": 0.16055045871559634,
    "sfR": 0.10832745236414962,
    "sfT": 0.0,
    "roll-out": 0.13126323218066338,
    "oneh-out": 0.0045871559633027525,
    "redirect": 0.024347212420606917,
    "sft": 0.0,
    "dsfb": 0.0
  },
  "french": {
    "bad-redirect": 0.002733151750456268,
    "dsfb-red": 0.005166981352690108,
    "sfb": 0.028394164316278413,
    "oneh-in": 0.0064392989919934505,
    "roll-in": 0.13642429033616144,
    "unknown": 0.41229314969075315,
    "dsfb-alt": 0.029319832180038908,
    "alternate": 0.12052094908208,
    "sfR": 0.10898279115633469,
    "sfT": 0.00008695458973336867,
    "roll-out": 0.11976742254086195,
    "oneh-out": 0.005190263129472613,
    "redirect": 0.024680750883145662,
    "sft": 0.0,
    "dsfb": 0.0
  },
  "english-200": {
    "bad-redirect": 0.011135857461024499,
    "dsfb-red": 0.0066815144766146995,
    "sfb": 0.0022271714922048997,
    "oneh-in": 0.011135857461024499,
    "roll-in": 0.19599109131403117,
    "unknown": 0.31625835189309576,
    "dsfb-alt": 0.031180400890868598,
    "alternate": 0.1603563474387528,
    "sfR": 0.10690423162583519,
    "sfT": 0.0,
    "roll-out": 0.12694877505567928,
    "oneh-out": 0.0066815144766146995,
    "redirect": 0.024498886414253896,
    "sft": 0.0,
    "dsfb": 0.0
  },
  "wordle": {
    "bad-redirect": 0.0049141703130259175,
    "dsfb-red": 0.010075171098395602,
    "sfb": 0.023763042746549983,
    "oneh-in": 0.008257601256591496,
    "roll-in": 0.17275889150678783,
    "unknown": 0.25136317738135305,
    "dsfb-alt": 0.04249971951082688,
    "alternate": 0.17825647929989902,
    "sfR": 0.13138112868843263,
    "sfT": 0.0,
    "roll-out": 0.14152361718837653,
    "oneh-out": 0.00565466173005722,
    "redirect": 0.029552339279703802,
    "sft": 0.0,
    "dsfb": 0.0
  },
  "chained-bigrams": {
    "bad-redirect": 0.005684662579077195,
    "dsfb-red": 0.01237509812617159,
    "sfb": 0.016103405668040378,
    "oneh-in": 0.007995537978156091,
    "roll-in": 0.19138970033939157,
    "unknown": 0.3104520524196664,
    "dsfb-alt": 0.04202235036611045,
    "alternate": 0.1779354578149988,
    "sfR": 0.11914286586209158,
    "sfT": 0.0000896040475057285,
    "roll-out": 0.08419209289732091,
    "oneh-out": 0.006348251974373243,
    "redirect": 0.02626891992709607,
    "sft": 0.0,
    "dsfb": 0.0
  },
  "dutch": {
    "bad-redirect": 0.0037770680131880272,
    "dsfb-red": 0.005593349884412721,
    "sfb": 0.03537223916423277,
    "oneh-in": 0.0076500837063267265,
    "roll-in": 0.12917048308679627,
    "unknown": 0.4205810696213651,
    "dsfb-alt": 0.027554377016250572,
    "alternate": 0.10175548213413317,
    "sfR": 0.18880787437283908,
    "sfT": 0.000336327907463044,
    "roll-out": 0.06426133071094273,
    "oneh-out": 0.0009303392588750887,
    "redirect": 0.014209975123174694,
    "sft": 0.0,
    "dsfb": 0.0
  },
  "gutenberg": {
    "bad-redirect": 0.006652261894072258,
    "dsfb-red": 0.010010597093357854,
    "sfb": 0.013380298499319732,
    "oneh-in": 0.0067121239159006795,
    "roll-in": 0.20452314405947103,
    "unknown": 0.3470568912742768,
    "dsfb-alt": 0.03287732112148088,
    "alternate": 0.15064202018410983,
    "sfR": 0.09863878308844841,
    "sfT": 0.00001932255134968021,
    "roll-out": 0.09995271658022667,
    "oneh-out": 0.004298699364970033,
    "redirect": 0.02523582037301617,
    "sft": 0.0,
    "dsfb": 0.0
  },
  "keymash": {
    "bad-redirect": 0.0051228793208901,
    "dsfb-red": 0.007663794625081584,
    "sfb": 0.012019063022088312,
    "oneh-in": 0.006526745288634022,
    "roll-in": 0.20377401862790573,
    "unknown": 0.3210584000032839,
    "dsfb-alt": 0.036566193101353374,
    "alternate": 0.16317273708710126,
    "sfR": 0.099723742164827,
    "sfT": 0.00002873409875499255,
    "roll-out": 0.10609039747468321,
    "oneh-out": 0.004215702774482478,
    "redirect": 0.03403759241091403,
    "sft": 0.0,
    "dsfb": 0.0
  },
  "english-5k": {
    "bad-redirect": 0.004604471730202846,
    "dsfb-red": 0.005724478367279214,
    "sfb": 0.01750528892023064,
    "oneh-in": 0.009623760733396939,
    "roll-in": 0.20131082258265234,
    "unknown": 0.29389803791429875,
    "dsfb-alt": 0.037209109387314886,
    "alternate": 0.17604845065748537,
    "sfR": 0.10644211224955408,
    "sfT": 0.0,
    "roll-out": 0.11585846434645539,
    "oneh-out": 0.002862239183639607,
    "redirect": 0.02891276392748994,
    "sft": 0.0,
    "dsfb": 0.0
  },
  "reddit": {
    "bad-redirect": 0.004824814487478642,
    "dsfb-red": 0.006139869352288283,
    "sfb": 0.0139256549007313,
    "oneh-in": 0.006388174544803468,
    "roll-in": 0.19726886762681253,
    "unknown": 0.32592081090804825,
    "dsfb-alt": 0.038146142719861435,
    "alternate": 0.15997428174005418,
    "sfR": 0.10397777127267367,
    "sfT": 0.00004532347004727313,
    "roll-out": 0.10633077105897913,
    "oneh-out": 0.0043110860645874435,
    "redirect": 0.032746431853634406,
    "sft": 0.0,
    "dsfb": 0.0
  },
  "tr-quotes": {
    "bad-redirect": 0.004564157092993689,
    "dsfb-red": 0.007039828020619033,
    "sfb": 0.011773884098841914,
    "oneh-in": 0.0063856591387161645,
    "roll-in": 0.20595571068629945,
    "unknown": 0.3235477681976838,
    "dsfb-alt": 0.03738355562747047,
    "alternate": 0.16309724694297403,
    "sfR": 0.09677191928064538,
    "sfT": 0.000011557754097223828,
    "roll-out": 0.10476063891264649,
    "oneh-out": 0.003853355216014424,
    "redirect": 0.0348547190309979,
    "sft": 0.0,
    "dsfb": 0.0
  },
  "mt-quotes": {
    "bad-redirect": 0.004518234302721699,
    "dsfb-red": 0.0068640107098887175,
    "sfb": 0.01082344222517063,
    "oneh-in": 0.006112465784535208,
    "roll-in": 0.20877410023786472,
    "unknown": 0.32319868277931174,
    "dsfb-alt": 0.03728140949785444,
    "alternate": 0.16180926596622083,
    "sfR": 0.0964592223377679,
    "sfT": 1.4941251001063816e-6,
    "roll-out": 0.10425407298502289,
    "oneh-out": 0.004029655394986911,
    "redirect": 0.03587394365355422,
    "sft": 0.0,
    "dsfb": 0.0
  },
  "english-10k": {
    "bad-redirect": 0.0044769494992377605,
    "dsfb-red": 0.00494008220605546,
    "sfb": 0.01844811948823836,