{
  "english-1k": {
    "sfb": 0.01799576570218772,
    "unknown": 0.0,
    "outoneh": 0.020112914608327453,
    "red-sfs": 0.0035285815102328866,
    "alt-sfs": 0.048694424841213835,
    "sft": 0.0,
    "inroll": 0.20606916019760058,
    "bad-red-sfs": 0.002117148906139732,
    "red": 0.04798870853916726,
    "sfr": 0.10832745236414962,
    "outroll": 0.25864502470007056,
    "inoneh": 0.0017642907551164433,
    "bad-red": 0.0045871559633027525,
    "alt": 0.2801693719124912
  },
  "shai": {
    "sfb": 0.017398629348907447,
    "unknown": 0.015933861525442673,
    "outoneh": 0.016295949880373403,
    "red-sfs": 0.005013340525068947,
    "alt-sfs": 0.05052445587470775,
    "sft": 0.000028749396603267306,
    "inroll": 0.16061478966805207,
    "bad-red-sfs": 0.001648906392769705,
    "red": 0.05172182102424641,
    "sfr": 0.09823378925716947,
    "outroll": 0.29624715873289625,
    "inoneh": 0.0020396241616307486,
    "bad-red": 0.00548542976864554,
    "alt": 0.2788134944434863
  },
  "chained-bigrams": {
    "sfb": 0.018883728359486245,
    "unknown": 0.016831276227851404,
    "outoneh": 0.019549265668858503,
    "red-sfs": 0.011729689262253516,
    "alt-sfs": 0.04982894067887403,
    "sft": 0.0000896040475057285,
    "inroll": 0.1271111330431807,
    "bad-red-sfs": 0.0027933087852872753,
    "red": 0.05082107824835774,
    "sfr": 0.11914286586209158,
    "outroll": 0.2821066560873289,
    "inoneh": 0.0032179540539013798,
    "bad-red": 0.005684662579077195,
    "alt": 0.2922098370959458
  },
  "english-200": {
    "sfb": 0.0022271714922048997,
    "unknown": 0.0,
    "outoneh": 0.017817371937639197,
    "red-sfs": 0.004454342984409799,
    "alt-sfs": 0.0467706013363029,
    "sft": 0.0,
    "inroll": 0.18262806236080179,
    "bad-red-sfs": 0.004454342984409799,
    "red": 0.04899777282850779,
    "sfr": 0.10690423162583519,
    "outroll": 0.27839643652561247,
    "inoneh": 0.004454342984409799,
    "bad-red": 0.011135857461024499,
    "alt": 0.29175946547884185
  },
  "english-450k": {
    "sfb": 0.02527420611927374,
    "unknown": 0.0,
    "outoneh": 0.019415003557853267,
    "red-sfs": 0.006885045380900789,
    "alt-sfs": 0.048056160874606284,
    "sft": 8.185693629366994e-6,
    "inroll": 0.16194605510959767,
    "bad-red-sfs": 0.0031061783861437257,
    "red": 0.05135645713824642,
    "sfr": 0.11369548401129392,
    "outroll": 0.26484724033956597,
    "inoneh": 0.0015853934482877574,
    "bad-red": 0.006060044401541015,
    "alt": 0.29776454553906007
  },
  "english-5k": {
    "sfb": 0.021238644377151866,
    "unknown": 0.0,
    "outoneh": 0.017920106193221885,
    "red-sfs": 0.004936325548595843,
    "alt-sfs": 0.0508151159414278,
    "sft": 0.0,
    "inroll": 0.16708839756087443,
    "bad-red-sfs": 0.0014933421827684904,
    "red": 0.04666694321151533,
    "sfr": 0.10644211224955408,
    "outroll": 0.27664163935786285,
    "inoneh": 0.002447421910648359,
    "bad-red": 0.004604471730202846,
    "alt": 0.29970547973617623
  },
  "monkeyracer": {
    "sfb": 0.013604211958646794,
    "unknown": 0.010282582854997889,
    "outoneh": 0.014885746907111688,
    "red-sfs": 0.006409629791826329,
    "alt-sfs": 0.05094663496879741,
    "sft": 9.775247509266934e-6,
    "inroll": 0.16204427796111798,
    "bad-red-sfs": 0.0014213209878474124,
    "red": 0.056228201198054335,
    "sfr": 0.09690789370786869,
    "outroll": 0.30212357476891316,
    "inoneh": 0.0018406791059949637,
    "bad-red": 0.004551355240314685,
    "alt": 0.2787441153009994
  },
  "tr-quotes": {
    "sfb": 0.013580361064237998,
    "unknown": 0.010677053235015372,
    "outoneh": 0.014810106100182612,
    "red-sfs": 0.0063891264649453315,
    "alt-sfs": 0.050835625621229286,
    "sft": 0.000011557754097223828,
    "inroll": 0.16166408543491828,
    "bad-red-sfs": 0.0014320057326460323,
    "red": 0.05600772057973694,
    "sfr": 0.09677191928064538,
    "outroll": 0.30229652573911836,
    "inoneh": 0.0018342155752294213,
    "bad-red": 0.004564157092993689,
    "alt": 0.27912554032500403
  },
  "movie": {
    "sfb": 0.013326518319932507,
    "unknown": 0.024698413943370027,
    "outoneh": 0.014491685582759314,
    "red-sfs": 0.009443724092498015,
    "alt-sfs": 0.05369494489274711,
    "sft": 0.000022240034720773732,
    "inroll": 0.15884201271524637,
    "bad-red-sfs": 0.001422309439420843,
    "red": 0.06403485026600529,
    "sfr": 0.11567713207251198,
    "outroll": 0.27065437946420995,
    "inoneh": 0.0014341532448934446,
    "bad-red": 0.003588409862521054,
    "alt": 0.2686692260691633
  },
  "gutenberg": {
    "sfb": 0.01585851042830519,
    "unknown": 0.03071490030131814,
    "outoneh": 0.013847828467270819,
    "red-sfs": 0.008859200357050439,
    "alt-sfs": 0.04635176969943582,
    "sft": 0.00001932255134968021,
    "inroll": 0.15260382745643616,
    "bad-red-sfs": 0.001711371851892265,
    "red": 0.04772139760392786,
    "sfr": 0.09863878308844841,
    "outroll": 0.31460788670771384,
    "inoneh": 0.0023192744722954394,
    "bad-red": 0.006652261894072258,
    "alt": 0.2600936651204837
  },
  "keymash": {
    "sfb": 0.01386215021365855,
    "unknown": 0.009638237696674644,
    "outoneh": 0.015479469486439558,
    "red-sfs": 0.006904393443699639,
    "alt-sfs": 0.05086756453883824,
    "sft": 0.00002873409875499255,
    "inroll": 0.16121060862926034,
    "bad-red-sfs": 0.0014941731352596127,
    "red": 0.05477129709826651,
    "sfr": 0.099723742164827,
    "outroll": 0.30039858299844424,
    "inoneh": 0.0018307725778180968,
    "bad-red": 0.0051228793208901,
    "alt": 0.27866739459716844
  },
  "english-10k": {
    "sfb": 0.021825128808784084,
    "unknown": 0.0,
    "outoneh": 0.017502556878485558,
    "red-sfs": 0.004245383145828911,
    "alt-sfs": 0.051137569711120975,
    "sft": 0.0,
    "inroll": 0.16178769224831632,
    "bad-red-sfs": 0.00135080372821829,
    "red": 0.04803072113621891,
    "sfr": 0.10567144593890508,
    "outroll": 0.28808784083672645,
    "inoneh": 0.002103394376797051,
    "bad-red": 0.0044769494992377605,
    "alt": 0.29378051369136066
  },
  "mt-quotes": {
    "sfb": 0.012463991585087436,
    "unknown": 0.006119936410035739,
    "outoneh": 0.014736555862349243,
    "red-sfs": 0.006257395919245527,
    "alt-sfs": 0.050837606531119635,
    "sft": 1.4941251001063816e-6,
    "inroll": 0.16270125865098434,
    "bad-red-sfs": 0.0013477008402959564,
    "red": 0.056982943067857186,
    "sfr": 0.0964592223377679,
    "outroll": 0.30663182366933217,
    "inoneh": 0.0018243267472298921,
    "bad-red": 0.004518234302721699,
    "alt": 0.27911750995087314
  }
}