{
  "english-1k": {
    "bad-redirect": 0.008468595624558928,
    "dsfb-red": 0.03458009880028229,
    "sfb": 0.015525758645024701,
    "oneh-in": 0.022230063514467185,
    "roll-in": 0.26323218066337334,
    "unknown": 0.0,
    "dsfb-alt": 0.053634438955539876,
    "alternate": 0.23747353563867327,
    "sfR": 0.10832745236414962,
    "sfT": 0.0,
    "roll-out": 0.19195483415666903,
    "oneh-out": 0.008115737473535639,
    "redirect": 0.056457304163726185,
    "sft": 0.0,
    "dsfb": 0.0
  },
  "gutenberg": {
    "bad-redirect": 0.011446148996572331,
    "dsfb-red": 0.03575297141058035,
    "sfb": 0.027489549720145046,
    "oneh-in": 0.014580001614001348,
    "roll-in": 0.22305176587281292,
    "unknown": 0.032975828246008664,
    "dsfb-alt": 0.053312813541547086,
    "alternate": 0.2196748658692894,
    "sfR": 0.09863878308844841,
    "sfT": 0.00017352408859124582,
    "roll-out": 0.22500410130624235,
    "oneh-out": 0.010405762212136608,
    "redirect": 0.04749388403362427,
    "sft": 0.0,
    "dsfb": 0.0
  },
  "keymash": {
    "bad-redirect": 0.019095861058317905,
    "dsfb-red": 0.03653745900259838,
    "sfb": 0.028270248303661955,
    "oneh-in": 0.014962255708849691,
    "roll-in": 0.23434709970321782,
    "unknown": 0.01232282349464109,
    "dsfb-alt": 0.052242696407827166,
    "alternate": 0.21935200502436242,
    "sfR": 0.099723742164827,
    "sfT": 0.0001354607512735363,
    "roll-out": 0.2190400348093082,
    "oneh-out": 0.010377114521803024,
    "redirect": 0.05359319904931182,
    "sft": 0.0,
    "dsfb": 0.0
  },
  "tr-quotes": {
    "bad-redirect": 0.019407780680058252,
    "dsfb-red": 0.03611335845218557,
    "sfb": 0.028693280321767874,
    "oneh-in": 0.014914125887057627,
    "roll-in": 0.23344814035736575,
    "unknown": 0.013835787429786644,
    "dsfb-alt": 0.05082984674418067,
    "alternate": 0.22062481218649593,
    "sfR": 0.09677191928064538,
    "sfT": 0.00010401978687501444,
    "roll-out": 0.22040059175700977,
    "oneh-out": 0.011231825431682116,
    "redirect": 0.053624511684889395,
    "sft": 0.0,
    "dsfb": 0.0
  },
  "english-450k": {
    "bad-redirect": 0.005587320594445071,
    "dsfb-red": 0.033157906122957305,
    "sfb": 0.036816034136681206,
    "oneh-in": 0.01119042788374678,
    "roll-in": 0.2421538664831512,
    "unknown": 0.00015377410175167997,
    "dsfb-alt": 0.0458077262423398,
    "alternate": 0.2288632234910697,
    "sfR": 0.11369548401129392,
    "sfT": 0.00013535629108560424,
    "roll-out": 0.21014663500752206,
    "oneh-out": 0.010018119617541005,
    "redirect": 0.06227412601641465,
    "sft": 0.0,
    "dsfb": 0.0
  },
  "english-5k": {
    "bad-redirect": 0.005351142821587091,
    "dsfb-red": 0.03189944829302692,
    "sfb": 0.026506823744140706,
    "oneh-in": 0.013523043099514664,
    "roll-in": 0.27191272244576264,
    "unknown": 0.002157049819554486,
    "dsfb-alt": 0.05226697639689717,
    "alternate": 0.22951839714605715,
    "sfR": 0.10644211224955408,
    "sfT": 0.00008296345459824948,
    "roll-out": 0.1851744306632928,
    "oneh-out": 0.009125980005807442,
    "redirect": 0.06603890986020658,
    "sft": 0.0,
    "dsfb": 0.0
  },
  "mt-quotes": {
    "bad-redirect": 0.02112244654020392,
    "dsfb-red": 0.03710360861094178,
    "sfb": 0.02834056489881785,
    "oneh-in": 0.015002510130168178,
    "roll-in": 0.23452833458839842,
    "unknown": 0.007977133909467972,
    "dsfb-alt": 0.050319145121382726,
    "alternate": 0.2210841969376412,
    "sfR": 0.0964592223377679,
    "sfT": 0.00011205938250797863,
    "roll-out": 0.22365259798472406,
    "oneh-out": 0.011180538124096055,
    "redirect": 0.05311764143388198,
    "sft": 0.0,
    "dsfb": 0.0
  },
  "reddit": {
    "bad-redirect": 0.014850291147108934,
    "dsfb-red": 0.033866408510174466,
    "sfb": 0.029621060205862196,
    "oneh-in": 0.015561008106346091,
    "roll-in": 0.22884340684912546,
    "unknown": 0.039285447401644795,
    "dsfb-alt": 0.050815176320472145,
    "alternate": 0.2129907927805331,
    "sfR": 0.10397777127267367,
    "sfT": 0.00018054473192384834,
    "roll-out": 0.20893628999679179,
    "oneh-out": 0.010757019940641236,
    "redirect": 0.05031478273670229,
    "sft": 0.0,
    "dsfb": 0.0
  },
  "shai": {
    "bad-redirect": 0.010883566337103938,
    "dsfb-red": 0.03009694522566496,
    "sfb": 0.026499589891483027,
    "oneh-in": 0.014767471257570133,
    "roll-in": 0.24641785537242158,
    "unknown": 0.023260762136131256,
    "dsfb-alt": 0.05339163923578933,
    "alternate": 0.2261956737808909,
    "sfR": 0.09823378925716947,
    "sfT": 0.00012602825150721458,
    "roll-out": 0.20883387137176268,
    "oneh-out": 0.00927831041483661,
    "redirect": 0.052014497467668924,
    "sft": 0.0,
    "dsfb": 0.0
  },
  "akl": {
    "bad-redirect": 0.014683777440003192,
    "dsfb-red": 0.03518450162326338,
    "sfb": 0.03440678988871901,
    "oneh-in": 0.013758614583956748,
    "roll-in": 0.21773276925225307,
    "unknown": 0.06665478384099267,
    "dsfb-alt": 0.05205972489090166,
    "alternate": 0.19853866025911004,
    "sfR": 0.11790358951788564,
    "sfT": 0.00035344901183586436,
    "roll-out": 0.19083402938936278,
    "oneh-out": 0.009409797767689148,
    "redirect": 0.048479512534026825,
    "sft": 0.0,
    "dsfb": 0.0
  },
  "movie": {
    "bad-redirect": 0.030092082955592705,
    "dsfb-red": 0.03937236253256882,
    "sfb": 0.030458846131727595,
    "oneh-in": 0.01408465346801758,
    "roll-in": 0.21345287856454132,
    "unknown": 0.030236445784519856,
    "dsfb-alt": 0.04846498359172349,
    "alternate": 0.19920214862423014,
    "sfR": 0.11567713207251198,
    "sfT": 0.00008369622533971652,
    "roll-out": 0.21318165541921874,
    "oneh-out": 0.013311252970656709,
    "redirect": 0.05238186165935136,
    "sft": 0.0,
    "dsfb": 0.0
  },
  "monkeyracer": {
    "bad-redirect": 0.01982517947354427,
    "dsfb-red": 0.03616548321003488,
    "sfb": 0.02854958787556501,
    "oneh-in": 0.014877926709104275,
    "roll-in": 0.23378579695637894,
    "unknown": 0.013436077701487402,
    "dsfb-alt": 0.0507413547711028,
    "alternate": 0.22096555984797536,
    "sfR": 0.09690789370786869,
    "sfT": 0.00011046029685471636,
    "roll-out": 0.22012586608692933,
    "oneh-out": 0.011110546319032797,
    "redirect": 0.05339826704412156,
    "sft": 0.0,
    "dsfb": 0.0
  },
  "wordle": {
    "bad-redirect": 0.006215640076293055,
    "dsfb-red": 0.035812857623695724,
    "sfb": 0.04232020644003141,
    "oneh-in": 0.014899584876023785,
    "roll-in": 0.22084595534612364,
    "unknown": 0.0,
    "dsfb-alt": 0.04810950297318523,
    "alternate": 0.21442836306518567,
    "sfR": 0.13138112868843263,
    "sfT": 0.00008975653539773365,
    "roll-out": 0.21249859755413442,
    "oneh-out": 0.010725905980029172,
    "redirect": 0.06267250084146751,
    "sft": 0.0,
    "dsfb": 0.0
  },
  "english-200": {
    "bad-redirect": 0.0022271714922048997,
    "dsfb-red": 0.035634743875278395,
    "sfb": 0.013363028953229399,
    "oneh-in": 0.024498886414253896,
    "roll-in": 0.24944320712694878,
    "unknown": 0.0,
    "dsfb-alt": 0.05790645879732739,
    "alternate": 0.24276169265033407,
    "sfR": 0.10690423162583519,
    "sfT": 0.0,
    "roll-out": 0.22271714922049,
    "oneh-out": 0.004454342984409799,
    "redirect": 0.0400890868596882,
    "sft": 0.0,
    "dsfb": 0.0
  },
  "english-10k": {
    "bad-redirect": 0.004457652303120356,
    "dsfb-red": 0.030393083884911524,
    "sfb": 0.029659790432450164,
    "oneh-in": 0.013025607379247794,
    "roll-in": 0.27523590822253524,
    "unknown": 0.0,
    "dsfb-alt": 0.05306728932286139,
    "alternate": 0.22720518708631635,
    "sfR": 0.10567144593890508,
    "sfT": 0.00001929719611740414,
    "roll-out": 0.1905212172671311,
    "oneh-out": 0.009031087782945138,
    "redirect": 0.06171243318345845,
    "sft": 0.0,
    "dsfb": 0.0
  },
  "french": {
    "bad-redirect": 0.0029003041208310433,
    "dsfb-red": 0.02791747218393239,
    "sfb": 0.04521566753311132,
    "oneh-in": 0.01616636240800271,