{
  "french": {
    "dsfb-alt": 0.05025949817463529,
    "redirect": 0.01645309981201838,
    "dsfb": 0.0,
    "unknown": 0.15822391385155302,
    "sfb": 0.02562958066898193,
    "sft": 0.0,
    "bad-redirect": 0.0024244959169471606,
    "roll-out": 0.16034742463622187,
    "oneh-in": 0.0014171021250344376,
    "alternate": 0.25380618472160216,
    "oneh-out": 0.008117939068953356,
    "dsfb-red": 0.006225598049892009,
    "roll-in": 0.20782606888712193,
    "sfR": 0.10898279115633469,
    "sfT": 0.000286302930703769
  },
  "english-10k": {
    "dsfb-alt": 0.06956639200324193,
    "redirect": 0.020493622276683197,
    "dsfb": 0.0,
    "unknown": 0.0,
    "sfb": 0.02358117365546786,
    "sft": 0.0,
    "bad-redirect": 0.0006175102757569325,
    "roll-out": 0.188321336909747,
    "oneh-in": 0.0006175102757569325,
    "alternate": 0.3630574477528415,
    "oneh-out": 0.0036664672623067866,
    "dsfb-red": 0.008085525173192335,
    "roll-in": 0.21593562455375234,
    "sfR": 0.10567144593890508,
    "sfT": 0.0003859439223480828
  },
  "dutch": {
    "dsfb-alt": 0.054219799046720085,
    "redirect": 0.01730009647843146,
    "dsfb": 0.0,
    "unknown": 0.07325982807452426,
    "sfb": 0.060094196199969814,
    "sft": 0.0,
    "bad-redirect": 0.0006786805617889969,
    "roll-out": 0.13212095941655203,
    "oneh-in": 0.0031315056283507947,
    "alternate": 0.2565096403660048,
    "oneh-out": 0.004054816015885823,
    "dsfb-red": 0.012505222792090756,
    "roll-in": 0.1969894806126694,
    "sfR": 0.18880787437283908,
    "sfT": 0.00032790043417266543
  },
  "english-1k": {
    "dsfb-alt": 0.07551164431898377,
    "redirect": 0.013761467889908258,
    "dsfb": 0.0,
    "unknown": 0.0,
    "sfb": 0.021877205363443897,
    "sft": 0.0,
    "bad-redirect": 0.00035285815102328866,
    "roll-out": 0.22829922371206776,
    "oneh-in": 0.001058574453069866,
    "alternate": 0.3394495412844037,
    "oneh-out": 0.009174311926605505,
    "dsfb-red": 0.009174311926605505,
    "roll-in": 0.1930134086097389,
    "sfR": 0.10832745236414962,
    "sfT": 0.0
  },
  "keymash": {
    "dsfb-alt": 0.07056684167101099,
    "redirect": 0.018874198010779393,
    "dsfb": 0.0,
    "unknown": 0.013394194891077241,
    "sfb": 0.021144191812423805,
    "sft": 0.0,
    "bad-redirect": 0.0008620229626497765,
    "roll-out": 0.2582210308973659,
    "oneh-in": 0.0016337387577838622,
    "alternate": 0.3071387815921154,
    "oneh-out": 0.021575203293748693,
    "dsfb-red": 0.00946583310414469,
    "roll-in": 0.1772155016357912,
    "sfR": 0.099723742164827,
    "sfT": 0.00018471920628209497
  },
  "english-5k": {
    "dsfb-alt": 0.06815447795246193,
    "redirect": 0.016592690919649895,
    "dsfb": 0.0,
    "unknown": 0.002157049819554486,
    "sfb": 0.022026797195835234,
    "sft": 0.0,
    "bad-redirect": 0.00024889036379474843,
    "roll-out": 0.18625295557307006,
    "oneh-in": 0.00078815281868337,
    "alternate": 0.3730036918737296,
    "oneh-out": 0.004148172729912474,
    "dsfb-red": 0.008918571369311817,
    "roll-in": 0.21089310158875016,
    "sfR": 0.10644211224955408,
    "sfT": 0.0003733355456921226
  },
  "chained-bigrams": {
    "dsfb-alt": 0.06808284348705189,
    "redirect": 0.019934303351256306,
    "dsfb": 0.0,
    "unknown": 0.02365222201805197,
    "sfb": 0.023073042232725088,
    "sft": 0.0,
    "bad-redirect": 0.0017122164729898987,
    "roll-out": 0.2255028702513913,
    "oneh-in": 0.004109449396114171,
    "alternate": 0.3327108665685351,
    "oneh-out": 0.007765684117163136,
    "dsfb-red": 0.010409652823274197,
    "roll-in": 0.16382152172346243,
    "sfR": 0.11914286586209158,
    "sfT": 0.00008246169589295303
  },
  "monkeyracer": {
    "dsfb-alt": 0.06970924503808436,
    "redirect": 0.0185152963073025,
    "dsfb": 0.0,
    "unknown": 0.014352018393105714,
    "sfb": 0.020953243036113674,
    "sft": 0.0,
    "bad-redirect": 0.0008602217808154903,
    "roll-out": 0.2583724994916871,
    "oneh-in": 0.0019433192048422666,
    "alternate": 0.3097199196083645,
    "oneh-out": 0.022733315607551183,
    "dsfb-red": 0.009401833054412938,
    "roll-in": 0.1763640380374431,
    "sfR": 0.09690789370786869,
    "sfT": 0.0001671567324084646
  },
  "gutenberg": {
    "dsfb-alt": 0.06339899590930222,
    "redirect": 0.017959364295638068,
    "dsfb": 0.0,
    "unknown": 0.03802431837805746,
    "sfb": 0.021327171333820564,
    "sft": 0.0,
    "bad-redirect": 0.001050805807222315,
    "roll-out": 0.2673498514626224,
    "oneh-in": 0.0015547076365375048,
    "alternate": 0.2832915246364424,
    "oneh-out": 0.015510893940788882,
    "dsfb-red": 0.01017237610171694,
    "roll-in": 0.18162364746876472,
    "sfR": 0.09863878308844841,
    "sfT": 0.00009755994063809127
  },
  "english-450k": {
    "dsfb-alt": 0.06488740870759006,
    "redirect": 0.022708868205070336,
    "dsfb": 0.0,
    "unknown": 0.00015377410175167997,
    "sfb": 0.043524794758349555,
    "sft": 0.0,
    "bad-redirect": 0.0005975556349437906,
    "roll-out": 0.19047290506174058,
    "oneh-in": 0.00113839610688411,
    "alternate": 0.36363511452077735,
    "oneh-out": 0.0035675006913987654,
    "dsfb-red": 0.00834063711592287,
    "roll-in": 0.18553780884183543,
    "sfR": 0.11369548401129392,
    "sfT": 0.0017397522424415352
  },
  "wordle": {
    "dsfb-alt": 0.06296420958151015,
    "redirect": 0.032648939750925615,
    "dsfb": 0.0,
    "unknown": 0.0,
    "sfb": 0.038370918882531135,
    "sft": 0.0,
    "bad-redirect": 0.0030292830696735107,
    "roll-out": 0.20780881857960282,
    "oneh-in": 0.0022439133849433412,
    "alternate": 0.3308874677437451,
    "oneh-out": 0.005520026926960619,
    "dsfb-red": 0.01413665432514305,
    "roll-in": 0.17055985638954335,
    "sfR": 0.13138112868843263,
    "sfT": 0.00044878267698866825
  },
  "reddit": {
    "dsfb-alt": 0.06581754456542564,
    "redirect": 0.01849965454900619,
    "dsfb": 0.0,
    "unknown": 0.041217725522189115,
    "sfb": 0.024453210727728242,
    "sft": 0.0,
    "bad-redirect": 0.0006984309276871527,
    "roll-out": 0.2418327762479546,
    "oneh-in": 0.0013310866376858661,
    "alternate": 0.3060978608633147,
    "oneh-out": 0.016702110743966034,
    "dsfb-red": 0.010602021164562216,
    "roll-in": 0.16849176039916117,
    "sfR": 0.10397777127267367,
    "sfT": 0.0002780463786453789
  },
  "movie": {
    "dsfb-alt": 0.06565495125681858,
    "redirect": 0.01979244652094136,
    "dsfb": 0.0,
    "unknown": 0.030451476652766863,
    "sfb": 0.018696762916887148,
    "sft": 0.0,
    "bad-redirect": 0.00099790640998596,
    "roll-out": 0.2575980315068913,
    "oneh-in": 0.0011449011956848015,
    "alternate": 0.29737913692610346,
    "oneh-out": 0.035365866336864935,
    "dsfb-red": 0.010868928684367717,
    "roll-in": 0.14627915665261948,
    "sfR": 0.11567713207251198,
    "sfT": 0.0000933028675563821
  },
  "akl": {
    "dsfb-alt": 0.06460471761809193,
    "redirect": 0.02302331549174763,
    "dsfb": 0.0,
    "unknown": 0.06692211644153111,
    "sfb": 0.02988016436711067,
    "sft": 0.0,
    "bad-redirect": 0.0005944510549632109,
    "roll-out": 0.22413047516061949,
    "oneh-in": 0.0016263610884668317,
    "alternate": 0.2807702920932372,
    "oneh-out": 0.017276500962583225,
    "dsfb-red": 0.010350015507149458,
    "roll-in": 0.16262031051223652,
    "sfR": 0.11790358951788564,
    "sfT": 0.0002976901843770952
  },
  "tr-quotes": {
    "dsfb-alt": 0.0697406439980583,
    "redirect": 0.0184704468227734,
    "dsfb": 0.0,
    "unknown": 0.01476965396084233,
    "sfb": 0.02101315272416264,
    "sft": 0.0,
    "bad-redirect": 0.0008529622523751185,
    "roll-out": 0.2577148008598969,
    "oneh-in": 0.001898938998173875,
    "alternate": 0.3104667021104459,
    "oneh-out": 0.022334204017475323,
    "dsfb-red": 0.009388363653174915,
    "roll-in": 0.17639906613346895,
    "sfR": 0.09677191928064538,
    "sfT": 0.00017914518850696933
  },
  "english-200": {
    "dsfb-alt": 0.0801781737193764,
    "redirect": 0.011135857461024499,
    "dsfb": 0.0,
    "unknown": 0.0,