{
  "dutch": {
    "dsfb": 0.0,
    "sfb": 0.053927258138778536,
    "roll-out": 0.1314078875914206,
    "sfR": 0.18880787437283908,
    "roll-in": 0.24046573947007832,
    "alternate": 0.15789328444777223,
    "dsfb-alt": 0.039589508175886315,
    "sft": 0.0,
    "sfT": 0.0005623276379990682,
    "dsfb-red": 0.04311651333267515,
    "oneh-in": 0.013314385743526742,
    "oneh-out": 0.008603679205324413,
    "redirect": 0.04629074804368759,
    "bad-redirect": 0.003117160992962916,
    "unknown": 0.072903632847049
  },
  "english-1k": {
    "dsfb": 0.0,
    "sfb": 0.015525758645024701,
    "roll-out": 0.19195483415666903,
    "sfR": 0.10832745236414962,
    "roll-in": 0.26323218066337334,
    "alternate": 0.23747353563867327,
    "dsfb-alt": 0.053634438955539876,
    "sft": 0.0,
    "sfT": 0.0,
    "dsfb-red": 0.03458009880028229,
    "oneh-in": 0.022230063514467185,
    "oneh-out": 0.008115737473535639,
    "redirect": 0.056457304163726185,
    "bad-redirect": 0.008468595624558928,
    "unknown": 0.0
  },
  "shai": {
    "dsfb": 0.0,
    "sfb": 0.025752527454357816,
    "roll-out": 0.20895715550342717,
    "sfR": 0.09823378925716947,
    "roll-in": 0.24677382848144047,
    "alternate": 0.2258855495345756,
    "dsfb-alt": 0.05370176348210462,
    "sft": 0.0,
    "sfT": 0.00013008443993481613,
    "dsfb-red": 0.03026590018122802,
    "oneh-in": 0.014772487307381364,
    "oneh-out": 0.009280632660119586,
    "redirect": 0.05210274278842209,
    "bad-redirect": 0.010882776773707725,
    "unknown": 0.023260762136131256
  },
  "akl": {
    "dsfb": 0.0,
    "sfb": 0.033659435738013305,
    "roll-out": 0.19089517823680924,
    "sfR": 0.11790358951788564,
    "roll-in": 0.21821087022058563,
    "alternate": 0.19828291310383248,
    "dsfb-alt": 0.052315472046179215,
    "sft": 0.0,
    "sfT": 0.00036162697319648383,
    "dsfb-red": 0.035275512420526636,
    "oneh-in": 0.01375049857684886,
    "oneh-out": 0.009407877185854457,
    "redirect": 0.04860558943833637,
    "bad-redirect": 0.014676652700939015,
    "unknown": 0.06665478384099267
  },
  "monkeyracer": {
    "dsfb": 0.0,
    "sfb": 0.027888781143938564,
    "roll-out": 0.22021970846301828,
    "sfR": 0.09690789370786869,
    "roll-in": 0.2340956723024227,
    "alternate": 0.22068012262070474,
    "dsfb-alt": 0.0510267919983734,
    "sft": 0.0,
    "sfT": 0.00011339287110749644,
    "dsfb-red": 0.03628083113064423,
    "oneh-in": 0.014880859283357055,
    "oneh-out": 0.011111523843783725,
    "redirect": 0.05353316545974944,
    "bad-redirect": 0.01982517947354427,
    "unknown": 0.013436077701487402
  },
  "tr-quotes": {
    "dsfb": 0.0,
    "sfb": 0.028042578766094173,
    "roll-out": 0.22048611913732924,
    "sfR": 0.09677191928064538,
    "roll-in": 0.2337601997179908,
    "alternate": 0.22033240100783616,
    "dsfb-alt": 0.05112225792284043,
    "sft": 0.0,
    "sfT": 0.0001074871131041816,
    "dsfb-red": 0.036226624442338366,
    "oneh-in": 0.014917593213286794,
    "oneh-out": 0.011232981207091838,
    "redirect": 0.053756270081597744,
    "bad-redirect": 0.019407780680058252,
    "unknown": 0.013835787429786644
  },
  "reddit": {
    "dsfb": 0.0,
    "sfb": 0.028796472710307924,
    "roll-out": 0.20900798348577565,
    "sfR": 0.10397777127267367,
    "roll-in": 0.22933990486191605,
    "alternate": 0.21268959772049165,
    "dsfb-alt": 0.051116371380513566,
    "sft": 0.0,
    "sfT": 0.00018904756473436983,
    "dsfb-red": 0.03396065136194218,
    "oneh-in": 0.015559472352402341,
    "oneh-out": 0.010756008590483158,
    "redirect": 0.05047311522256165,
    "bad-redirect": 0.014848156074552988,
    "unknown": 0.039285447401644795
  },
  "keymash": {
    "dsfb": 0.0,
    "sfb": 0.027707880942314245,
    "roll-out": 0.2190687689080632,
    "sfR": 0.099723742164827,
    "roll-in": 0.23472474785828343,
    "alternate": 0.21904824455180963,
    "dsfb-alt": 0.05254645688037995,
    "sft": 0.0,
    "sfT": 0.0001354607512735363,
    "dsfb-red": 0.036615451556361936,
    "oneh-in": 0.014962255708849691,
    "oneh-out": 0.010377114521803024,
    "redirect": 0.05367119160307537,
    "bad-redirect": 0.019095861058317905,
    "unknown": 0.01232282349464109
  },
  "english-10k": {
    "dsfb": 0.0,
    "sfb": 0.02846336427317111,
    "roll-out": 0.19084926960112697,
    "sfR": 0.10567144593890508,
    "roll-in": 0.27560255494876595,
    "alternate": 0.22662627120279424,
    "dsfb-alt": 0.05364620520638351,
    "sft": 0.0,
    "sfT": 0.00001929719611740414,
    "dsfb-red": 0.03070183902278999,
    "oneh-in": 0.013025607379247794,
    "oneh-out": 0.009031087782945138,
    "redirect": 0.06190540514463248,
    "bad-redirect": 0.004457652303120356,
    "unknown": 0.0
  },
  "wordle": {
    "dsfb": 0.0,
    "sfb": 0.037967014473241335,
    "roll-out": 0.21220688881409178,
    "sfR": 0.13138112868843263,
    "roll-in": 0.2242342645573881,
    "alternate": 0.21283518456187592,
    "dsfb-alt": 0.04970268147649501,
    "sft": 0.0,
    "sfT": 0.00008975653539773365,
    "dsfb-red": 0.03610456636373836,
    "oneh-in": 0.014966902277572086,
    "oneh-out": 0.010725905980029172,
    "redirect": 0.06357006619544485,
    "bad-redirect": 0.006215640076293055,
    "unknown": 0.0
  },
  "chained-bigrams": {
    "dsfb": 0.0,
    "sfb": 0.027440914896283315,
    "roll-out": 0.213821229536351,
    "sfR": 0.11914286586209158,
    "roll-in": 0.23022526327682002,
    "alternate": 0.22220959685320973,
    "dsfb-alt": 0.05124637282166392,
    "sft": 0.0,
    "sfT": 0.00017011782932247003,
    "dsfb-red": 0.0356611122978958,
    "oneh-in": 0.010250573173716925,
    "oneh-out": 0.009220775932093118,
    "redirect": 0.05192164970141724,
    "bad-redirect": 0.005772968017198783,
    "unknown": 0.022916559801936097
  },
  "english-450k": {
    "dsfb": 0.0,
    "sfb": 0.03455005873235179,
    "roll-out": 0.21071232490655153,
    "sfR": 0.11369548401129392,
    "roll-in": 0.24290461152744458,
    "alternate": 0.22737430428912805,
    "dsfb-alt": 0.04729664544428144,
    "sft": 0.0,
    "sfT": 0.00014208025370972713,
    "dsfb-red": 0.033847550811231475,
    "oneh-in": 0.01120241407798978,
    "oneh-out": 0.010025135926366177,
    "redirect": 0.06250858766965581,
    "bad-redirect": 0.0055870282482440225,
    "unknown": 0.00015377410175167997
  },
  "english-200": {
    "dsfb": 0.0,
    "sfb": 0.013363028953229399,
    "roll-out": 0.22271714922049,
    "sfR": 0.10690423162583519,
    "roll-in": 0.24944320712694878,
    "alternate": 0.24276169265033407,
    "dsfb-alt": 0.05790645879732739,
    "sft": 0.0,
    "sfT": 0.0,
    "dsfb-red": 0.035634743875278395,
    "oneh-in": 0.024498886414253896,
    "oneh-out": 0.004454342984409799,
    "redirect": 0.0400890868596882,
    "bad-redirect": 0.0022271714922048997,
    "unknown": 0.0
  },
  "english-5k": {
    "dsfb": 0.0,
    "sfb": 0.02530385365246609,
    "roll-out": 0.1854648027543867,
    "sfR": 0.10644211224955408,
    "roll-in": 0.272369021446053,
    "alternate": 0.22910357987306593,
    "dsfb-alt": 0.05268179366988841,
    "sft": 0.0,
    "sfT": 0.00008296345459824948,
    "dsfb-red": 0.03223130211141992,
    "oneh-in": 0.013523043099514664,
    "oneh-out": 0.009125980005807442,
    "redirect": 0.06616335504210395,
    "bad-redirect": 0.005351142821587091,
    "unknown": 0.002157049819554486
  },
  "movie": {
    "dsfb": 0.0,
    "sfb": 0.0298092792004747,
    "roll-out": 0.21319626277930162,
    "sfR": 0.11567713207251198,
    "roll-in": 0.21380977190278236,
    "alternate": 0.19897264199373885,
    "dsfb-alt": 0.048694490222214795,
    "sft": 0.0,
    "sfT": 0.00008567019291848343,
    "dsfb-red": 0.03943052877722315,
    "oneh-in": 0.014097155262683103,
    "oneh-out": 0.013311779362011047,
    "redirect": 0.052587022689704534,
    "bad-redirect": 0.030091819759915536,
    "unknown": 0.030236445784519856
  },
  "gutenberg": {
    "dsfb": 0.0,
    "sfb": 0.02688316259396538,
    "roll-out": 0.22512344647634333,
    "sfR": 0.09863878308844841,
    "roll-in": 0.22332625976404513,