{
  "dutch": {
    "dsfb": 0.0,
    "sfb": 0.04906202401586029,
    "roll-out": 0.1331290286684352,
    "sfR": 0.18880787437283908,
    "roll-in": 0.2527971590736507,
    "alternate": 0.1576884251236391,
    "dsfb-alt": 0.041780077445969226,
    "sft": 0.0,
    "sfT": 0.00016919497440002576,
    "dsfb-red": 0.03435805551151553,
    "oneh-in": 0.011735274487646382,
    "oneh-out": 0.009079526622728809,
    "redirect": 0.0446907294817294,
    "bad-redirect": 0.003442802147061991,
    "unknown": 0.07325982807452426
  },
  "english-1k": {
    "dsfb": 0.0,
    "sfb": 0.013761467889908258,
    "roll-out": 0.18877911079745943,
    "sfR": 0.10832745236414962,
    "roll-in": 0.2702893436838391,
    "alternate": 0.23147494707127736,
    "dsfb-alt": 0.05751587861679605,
    "sft": 0.0,
    "sfT": 0.0,
    "dsfb-red": 0.034227240649259,
    "oneh-in": 0.024700070571630206,
    "oneh-out": 0.0077628793225123505,
    "redirect": 0.05434015525758645,
    "bad-redirect": 0.008821453775582216,
    "unknown": 0.0
  },
  "shai": {
    "dsfb": 0.0,
    "sfb": 0.024643368921484266,
    "roll-out": 0.2054128673443701,
    "sfR": 0.09823378925716947,
    "roll-in": 0.2523300480271288,
    "alternate": 0.22377073107068202,
    "dsfb-alt": 0.05545599143927499,
    "sft": 0.0,
    "sfT": 0.00009366389308011157,
    "dsfb-red": 0.028525272840598297,
    "oneh-in": 0.01667008294750518,
    "oneh-out": 0.009185745717857106,
    "redirect": 0.05088975279853779,
    "bad-redirect": 0.011166779630998321,
    "unknown": 0.023621906111313578
  },
  "akl": {
    "dsfb": 0.0,
    "sfb": 0.02756406658297886,
    "roll-out": 0.19293006566779064,
    "sfR": 0.11790358951788564,
    "roll-in": 0.23079792988538092,
    "alternate": 0.19735979473812618,
    "dsfb-alt": 0.052849765521739686,
    "sft": 0.0,
    "sfT": 0.00019608520989667145,
    "dsfb-red": 0.030259448302335762,
    "oneh-in": 0.01529105302528192,
    "oneh-out": 0.007829035009233043,
    "redirect": 0.04536327557586168,
    "bad-redirect": 0.014733774521957888,
    "unknown": 0.06692211644153111
  },
  "monkeyracer": {
    "dsfb": 0.0,
    "sfb": 0.02331005521059793,
    "roll-out": 0.21851197272314934,
    "sfR": 0.09690789370786869,
    "roll-in": 0.2419539937751224,
    "alternate": 0.21823044559488247,
    "dsfb-alt": 0.054385567042557516,
    "sft": 0.0,
    "sfT": 0.00007624693057228209,
    "dsfb-red": 0.03340690836291975,
    "oneh-in": 0.01674206640912148,
    "oneh-out": 0.010874962854059464,
    "redirect": 0.05122229694855874,
    "bad-redirect": 0.02002557204748424,
    "unknown": 0.014352018393105714
  },
  "tr-quotes": {
    "dsfb": 0.0,
    "sfb": 0.023374401886225468,
    "roll-out": 0.21880446591618316,
    "sfR": 0.09677191928064538,
    "roll-in": 0.24163334180901966,
    "alternate": 0.21805321189986362,
    "dsfb-alt": 0.05437114259957005,
    "sft": 0.0,
    "sfT": 0.0000739696262222325,
    "dsfb-red": 0.03332562816393518,
    "oneh-in": 0.016785326275398166,
    "oneh-out": 0.011004137675966806,
    "redirect": 0.05144818658838215,
    "bad-redirect": 0.019584614317745774,
    "unknown": 0.01476965396084233
  },
  "reddit": {
    "dsfb": 0.0,
    "sfb": 0.024580603390233016,
    "roll-out": 0.20707967585103712,
    "sfR": 0.10397777127267367,
    "roll-in": 0.23840628445496748,
    "alternate": 0.21022137893099166,
    "dsfb-alt": 0.053343027311885595,
    "sft": 0.0,
    "sfT": 0.00015735859311454085,
    "dsfb-red": 0.030296267537326782,
    "oneh-in": 0.017284798264672958,
    "oneh-out": 0.010628803215044695,
    "redirect": 0.047824314243724526,
    "bad-redirect": 0.014981991412138861,
    "unknown": 0.041217725522189115
  },
  "keymash": {
    "dsfb": 0.0,
    "sfb": 0.02351270252408533,
    "roll-out": 0.2167125728101538,
    "sfR": 0.099723742164827,
    "roll-in": 0.2418918530620287,
    "alternate": 0.21689318714518518,
    "dsfb-alt": 0.0560725412847426,
    "sft": 0.0,
    "sfT": 0.0000779925537635512,
    "dsfb-red": 0.03386929268963479,
    "oneh-in": 0.017047530304212008,
    "oneh-out": 0.010122612504258804,
    "redirect": 0.051364253960174536,
    "bad-redirect": 0.01931752410585642,
    "unknown": 0.013394194891077241
  },
  "english-10k": {
    "dsfb": 0.0,
    "sfb": 0.028366878292584087,
    "roll-out": 0.1878389070068119,
    "sfR": 0.10567144593890508,
    "roll-in": 0.27712703344204087,
    "alternate": 0.2249860095328149,
    "dsfb-alt": 0.05501630613071921,
    "sft": 0.0,
    "sfT": 0.0,
    "dsfb-red": 0.030026437158680842,
    "oneh-in": 0.015109704559927443,
    "oneh-out": 0.009088979371297351,
    "redirect": 0.06182821636016287,
    "bad-redirect": 0.00494008220605546,
    "unknown": 0.0
  },
  "wordle": {
    "dsfb": 0.0,
    "sfb": 0.03480309660047122,
    "roll-out": 0.20870638393358015,
    "sfR": 0.13138112868843263,
    "roll-in": 0.23024795242903623,
    "alternate": 0.21204981487714575,
    "dsfb-alt": 0.04914170313025917,
    "sft": 0.0,
    "sfT": 0.0,
    "dsfb-red": 0.03592505329294289,
    "oneh-in": 0.01698642432402109,
    "oneh-out": 0.010681027712330303,
    "redirect": 0.06291933131381129,
    "bad-redirect": 0.007158083697969259,
    "unknown": 0.0
  },
  "chained-bigrams": {
    "dsfb": 0.0,
    "sfb": 0.02626956923178814,
    "roll-out": 0.20907091640916325,
    "sfR": 0.11914286586209158,
    "roll-in": 0.23468923303480468,
    "alternate": 0.22418543103118027,
    "dsfb-alt": 0.05025358594748813,
    "sft": 0.0,
    "sfT": 0.00009674639911850395,
    "dsfb-red": 0.03545463340581738,
    "oneh-in": 0.010631065723270236,
    "oneh-out": 0.009053904626231,
    "redirect": 0.051328834517556876,
    "bad-redirect": 0.0061709917934379965,
    "unknown": 0.02365222201805197
  },
  "english-450k": {
    "dsfb": 0.0,
    "sfb": 0.035003195343977465,
    "roll-out": 0.20844810357942842,
    "sfR": 0.11369548401129392,
    "roll-in": 0.24687584232249177,
    "alternate": 0.2260338969573192,
    "dsfb-alt": 0.0466262956052765,
    "sft": 0.0,
    "sfT": 0.000025141773290198627,
    "dsfb-red": 0.03249837309339116,
    "oneh-in": 0.012330870414038232,
    "oneh-out": 0.010114009171485019,
    "redirect": 0.062284358133451366,
    "bad-redirect": 0.0059106554928050675,
    "unknown": 0.00015377410175167997
  },
  "english-200": {
    "dsfb": 0.0,
    "sfb": 0.008908685968819599,
    "roll-out": 0.22048997772828507,
    "sfR": 0.10690423162583519,
    "roll-in": 0.2561247216035635,
    "alternate": 0.23608017817371937,
    "dsfb-alt": 0.062360801781737196,
    "sft": 0.0,
    "sfT": 0.0,
    "dsfb-red": 0.035634743875278395,
    "oneh-in": 0.028953229398663696,
    "oneh-out": 0.004454342984409799,
    "redirect": 0.0378619153674833,
    "bad-redirect": 0.0022271714922048997,
    "unknown": 0.0
  },
  "english-5k": {
    "dsfb": 0.0,
    "sfb": 0.02663126892603808,
    "roll-out": 0.18305886257103746,
    "sfR": 0.10644211224955408,
    "roll-in": 0.27328161944663376,
    "alternate": 0.22649023105322105,
    "dsfb-alt": 0.05537810594433152,
    "sft": 0.0,
    "sfT": 0.0,
    "dsfb-red": 0.030696478201352306,
    "oneh-in": 0.015182312191479653,
    "oneh-out": 0.009291906915003941,
    "redirect": 0.06554112913261709,
    "bad-redirect": 0.005848923549176588,
    "unknown": 0.002157049819554486
  },
  "movie": {
    "dsfb": 0.0,
    "sfb": 0.021996710317231067,
    "roll-out": 0.21306466494071716,
    "sfR": 0.11567713207251198,
    "roll-in": 0.2251153422155733,
    "alternate": 0.19786840453017662,
    "dsfb-alt": 0.051411590795468136,
    "sft": 0.0,
    "sfT": 0.00004263769970136502,
    "dsfb-red": 0.03534796903081745,
    "oneh-in": 0.016265887642555002,
    "oneh-out": 0.012987653885577521,
    "redirect": 0.04955790364116744,
    "bad-redirect": 0.03021262657573607,
    "unknown": 0.030451476652766863
  },
  "gutenberg": {
    "dsfb": 0.0,
    "sfb": 0.024555742340218602,
    "roll-out": 0.22067187163157728,
    "sfR": 0.09863878308844841,
    "roll-in": 0.22926245063751158,
    "alternate": 0.21633964195691222,