{
  "monkeyracer": {
    "bad-redirect": 0.0007810422759904281,
    "dsfb-red": 0.013552403146847677,
    "sfb": 0.020414626898353067,
    "oneh-in": 0.0031046186089431784,
    "roll-in": 0.1752574800193941,
    "unknown": 0.013491796612290222,
    "dsfb-alt": 0.05535820416972958,
    "alternate": 0.3163485149443984,
    "sfR": 0.09690789370786869,
    "sfT": 0.0001808420789214383,
    "roll-out": 0.2568368081079813,
    "oneh-out": 0.02505884699000579,
    "redirect": 0.02270692243927616,
    "sft": 0.0,
    "dsfb": 0.0
  },
  "reddit": {
    "bad-redirect": 0.0006244150790810273,
    "dsfb-red": 0.013800247481129423,
    "sfb": 0.02256524472707311,
    "oneh-in": 0.0029584239568625444,
    "roll-in": 0.17699391897624395,
    "unknown": 0.04519941109454869,
    "dsfb-alt": 0.053241105690399124,
    "alternate": 0.3037568474492532,
    "sfR": 0.10397777127267367,
    "sfT": 0.0002563210789532975,
    "roll-out": 0.2369877722147276,
    "oneh-out": 0.018182877205047687,
    "redirect": 0.02145564377400669,
    "sft": 0.0,
    "dsfb": 0.0
  },
  "french": {
    "bad-redirect": 0.0026269454984542266,
    "dsfb-red": 0.00814664427121544,
    "sfb": 0.02704128933221347,
    "oneh-in": 0.0030318146977916754,
    "roll-in": 0.21770461367060087,
    "unknown": 0.1584254645227596,
    "dsfb-alt": 0.03264269905128857,
    "alternate": 0.2504796922454739,
    "sfR": 0.10898279115633469,
    "sfT": 0.00022141658884725285,
    "roll-out": 0.15624338973201432,
    "oneh-out": 0.011033210046287439,
    "redirect": 0.023420029186718545,
    "sft": 0.0,
    "dsfb": 0.0
  },
  "chained-bigrams": {
    "bad-redirect": 0.0017628622389713974,
    "dsfb-red": 0.01949277616064837,
    "sfb": 0.022378286212209657,
    "oneh-in": 0.006270984716016854,
    "roll-in": 0.17740108005342478,
    "unknown": 0.023159399756770463,
    "dsfb-alt": 0.057643322647942453,
    "alternate": 0.31706457140371236,
    "sfR": 0.11914286586209158,
    "sfT": 0.00008116308650881204,
    "roll-out": 0.2191137120814176,
    "oneh-out": 0.00947270615261647,
    "redirect": 0.02701626962766921,
    "sft": 0.0,
    "dsfb": 0.0
  },
  "tr-quotes": {
    "bad-redirect": 0.0007905503802501098,
    "dsfb-red": 0.013434733362612977,
    "sfb": 0.020510390420933403,
    "oneh-in": 0.0030581817341254246,
    "roll-in": 0.1756582140958369,
    "unknown": 0.013894731975682485,
    "dsfb-alt": 0.05544716950602159,
    "alternate": 0.31665587942950923,
    "sfR": 0.09677191928064538,
    "sfT": 0.00019070294260419316,
    "roll-out": 0.25621113705184806,
    "oneh-out": 0.024638820184461754,
    "redirect": 0.022737569635468437,
    "sft": 0.0,
    "dsfb": 0.0
  },
  "akl": {
    "bad-redirect": 0.0007996435400114813,
    "dsfb-red": 0.011620139642407488,
    "sfb": 0.024113710339830226,
    "oneh-in": 0.0028897322101770766,
    "roll-in": 0.17307118754283363,
    "unknown": 0.07331127266302054,
    "dsfb-alt": 0.050298799165501,
    "alternate": 0.28393367623773136,
    "sfR": 0.11790358951788564,
    "sfT": 0.00048008350442000226,
    "roll-out": 0.22152585642151493,
    "oneh-out": 0.018535597240854965,
    "redirect": 0.02151671197381169,
    "sft": 0.0,
    "dsfb": 0.0
  },
  "english-10k": {
    "bad-redirect": 0.0009069682175179947,
    "dsfb-red": 0.01126956253256402,
    "sfb": 0.022519827869010633,
    "oneh-in": 0.003299820536076108,
    "roll-in": 0.2510372242913105,
    "unknown": 0.0,
    "dsfb-alt": 0.049709577198433066,
    "alternate": 0.3453233245209471,
    "sfR": 0.10567144593890508,
    "sfT": 0.0004245383145828911,
    "roll-out": 0.1766272360626001,
    "oneh-out": 0.005306728932286139,
    "redirect": 0.027903745585766387,
    "sft": 0.0,
    "dsfb": 0.0
  },
  "wordle": {
    "bad-redirect": 0.0015483002356109054,
    "dsfb-red": 0.016425445977785256,
    "sfb": 0.03635139683608213,
    "oneh-in": 0.0037922136205542465,
    "roll-in": 0.19800291708740042,
    "unknown": 0.0,
    "dsfb-alt": 0.05508807360035903,
    "alternate": 0.3176708179064288,
    "sfR": 0.13138112868843263,
    "sfT": 0.00047122181083810165,
    "roll-out": 0.19795803881970156,
    "oneh-out": 0.007045888028722092,
    "redirect": 0.03426455738808482,
    "sft": 0.0,
    "dsfb": 0.0
  },
  "dutch": {
    "bad-redirect": 0.0008866060517362944,
    "dsfb-red": 0.009911138928546824,
    "sfb": 0.05993627969514351,
    "oneh-in": 0.0046059189766938765,
    "roll-in": 0.18155099505328834,
    "unknown": 0.07360270072188302,
    "dsfb-alt": 0.04277326413863746,
    "alternate": 0.2759476433718514,
    "sfR": 0.18880787437283908,
    "sfT": 0.0001689798048692076,
    "roll-out": 0.13759040751280197,
    "oneh-out": 0.0038080703564200794,
    "redirect": 0.020410121015288905,
    "sft": 0.0,
    "dsfb": 0.0
  },
  "english-1k": {
    "bad-redirect": 0.0007057163020465773,
    "dsfb-red": 0.008821453775582216,
    "sfb": 0.020465772759350742,
    "oneh-in": 0.0035285815102328866,
    "roll-in": 0.20042342978122796,
    "unknown": 0.0,
    "dsfb-alt": 0.053634438955539876,
    "alternate": 0.3394495412844037,
    "sfR": 0.10832745236414962,
    "sfT": 0.0,
    "roll-out": 0.22900494001411434,
    "oneh-out": 0.011997177134791814,
    "redirect": 0.02364149611856034,
    "sft": 0.0,
    "dsfb": 0.0
  },
  "mt-quotes": {
    "bad-redirect": 0.0007799333022555313,
    "dsfb-red": 0.013774339297880732,
    "sfb": 0.019529709183490514,
    "oneh-in": 0.003045026954016806,
    "roll-in": 0.17335885299004314,
    "unknown": 0.007995063410669249,
    "dsfb-alt": 0.056388281278014846,
    "alternate": 0.31575345740548166,
    "sfR": 0.0964592223377679,
    "sfT": 0.00013447125900957436,
    "roll-out": 0.26372951554487756,
    "oneh-out": 0.026670133036898913,
    "redirect": 0.022381993999593598,
    "sft": 0.0,
    "dsfb": 0.0
  },
  "english-200": {
    "bad-redirect": 0.0022271714922048997,
    "dsfb-red": 0.008908685968819599,
    "sfb": 0.0200445434298441,
    "oneh-in": 0.004454342984409799,
    "roll-in": 0.15812917594654788,
    "unknown": 0.0,
    "dsfb-alt": 0.07126948775055679,
    "alternate": 0.3273942093541203,
    "sfR": 0.10690423162583519,
    "sfT": 0.0,
    "roll-out": 0.2739420935412027,
    "oneh-out": 0.015590200445434299,
    "redirect": 0.011135857461024499,
    "sft": 0.0,
    "dsfb": 0.0
  },
  "english-450k": {
    "bad-redirect": 0.0008951640676114906,
    "dsfb-red": 0.011190720229947828,
    "sfb": 0.04239429199889376,
    "oneh-in": 0.002961759362825608,
    "roll-in": 0.20957802164648212,
    "unknown": 0.00015377410175167997,
    "dsfb-alt": 0.05211421849136497,
    "alternate": 0.3548281852141816,
    "sfR": 0.11369548401129392,
    "sfT": 0.0021417282688836643,
    "roll-out": 0.1762283364156368,
    "oneh-out": 0.004993565460114915,
    "redirect": 0.028824750731011674,
    "sft": 0.0,
    "dsfb": 0.0
  },
  "shai": {
    "bad-redirect": 0.0011480600117722353,
    "dsfb-red": 0.012666516598015936,
    "sfb": 0.020312106669705194,
    "oneh-in": 0.00330408284780345,
    "roll-in": 0.19934631891611215,
    "unknown": 0.024097749651430984,
    "dsfb-alt": 0.05193944250012308,
    "alternate": 0.3217245697885797,
    "sfR": 0.09823378925716947,
    "sfT": 0.0002520448917880143,
    "roll-out": 0.2292093908193284,
    "oneh-out": 0.013842168754158755,
    "redirect": 0.023923759294012664,
    "sft": 0.0,
    "dsfb": 0.0
  },
  "english-5k": {
    "bad-redirect": 0.0007466710913842452,
    "dsfb-red": 0.010245986642883809,
    "sfb": 0.02128012610445099,
    "oneh-in": 0.0033185381839299787,
    "roll-in": 0.23752437051478822,
    "unknown": 0.002157049819554486,
    "dsfb-alt": 0.05239142157879454,
    "alternate": 0.3552495125897042,
    "sfR": 0.10644211224955408,
    "sfT": 0.00041481727299124733,
    "roll-out": 0.18019662338739786,
    "oneh-out": 0.005641514912680964,
    "redirect": 0.024391255651885345,
    "sft": 0.0,
    "dsfb": 0.0
  },
  "keymash": {
    "bad-redirect": 0.0008456034776469236,
    "dsfb-red": 0.013767738174892144,
    "sfb": 0.019961988892218396,