{
  "english-1k": {
    "sfb": 0.015525758645024701,
    "unknown": 0.0,
    "outoneh": 0.028228652081863093,
    "red-sfs": 0.021524347212420608,
    "alt-sfs": 0.03669724770642202,
    "sft": 0.0,
    "inroll": 0.22618207480592803,
    "bad-red-sfs": 0.0014114326040931546,
    "red": 0.029992942836979536,
    "sfr": 0.10832745236414962,
    "outroll": 0.2399435426958363,
    "inoneh": 0.00035285815102328866,
    "bad-red": 0.0017642907551164433,
    "alt": 0.2900494001411433
  },
  "shai": {
    "sfb": 0.018747923525676138,
    "unknown": 0.031793109309943265,
    "outoneh": 0.027628696511337356,
    "red-sfs": 0.02084847179230581,
    "alt-sfs": 0.03432982555603067,
    "sft": 0.000018403793867600438,
    "inroll": 0.252858780703566,
    "bad-red-sfs": 0.0011821234796647172,
    "red": 0.02863997627594219,
    "sfr": 0.09823378925716947,
    "outroll": 0.2079105930921563,
    "inoneh": 0.0009541370490083549,
    "bad-red": 0.00681693554654662,
    "alt": 0.2700372341067855
  },
  "chained-bigrams": {
    "sfb": 0.019187602955375235,
    "unknown": 0.033665798979163164,
    "outoneh": 0.027127300730013265,
    "red-sfs": 0.029533623918826524,
    "alt-sfs": 0.04552729709390699,
    "sft": 0.00004155550029251176,
    "inroll": 0.24302825319506607,
    "bad-red-sfs": 0.0024147641498101758,
    "red": 0.038678431201947396,
    "sfr": 0.11914286586209158,
    "outroll": 0.17123593200221543,
    "inoneh": 0.0023933370949718496,
    "bad-red": 0.0013089982592141205,
    "alt": 0.2667142390571057
  },
  "english-200": {
    "sfb": 0.008908685968819599,
    "unknown": 0.0,
    "outoneh": 0.0334075723830735,
    "red-sfs": 0.028953229398663696,
    "alt-sfs": 0.035634743875278395,
    "sft": 0.0,
    "inroll": 0.22939866369710468,
    "bad-red-sfs": 0.0,
    "red": 0.024498886414253896,
    "sfr": 0.10690423162583519,
    "outroll": 0.27616926503340755,
    "inoneh": 0.0022271714922048997,
    "bad-red": 0.0022271714922048997,
    "alt": 0.2516703786191537
  },
  "english-450k": {
    "sfb": 0.024272628034480482,
    "unknown": 0.0001543587941537776,
    "outoneh": 0.027584910492363626,
    "red-sfs": 0.020779090931947068,
    "alt-sfs": 0.040511582464139356,
    "sft": 8.478039830415815e-6,
    "inroll": 0.22856239925019045,
    "bad-red-sfs": 0.0012687825125518842,
    "red": 0.030268356271790756,
    "sfr": 0.11369548401129392,
    "outroll": 0.19304496693856812,
    "inoneh": 0.0007761791637846204,
    "bad-red": 0.0012930472472389362,
    "alt": 0.31777973584766656
  },
  "english-5k": {
    "sfb": 0.022026797195835234,
    "unknown": 0.0022400132741527356,
    "outoneh": 0.03281204629360766,
    "red-sfs": 0.02136308955904924,
    "alt-sfs": 0.038909860206579,
    "sft": 0.0,
    "inroll": 0.23117766623802216,
    "bad-red-sfs": 0.0017837142738623636,
    "red": 0.02600904301655121,
    "sfr": 0.10644211224955408,
    "outroll": 0.19849006512631187,
    "inoneh": 0.0005392624548886216,
    "bad-red": 0.0016177873646658647,
    "alt": 0.31658854274692
  },
  "monkeyracer": {
    "sfb": 0.016987425121604078,
    "unknown": 0.03912738320534276,
    "outoneh": 0.030011964902951344,
    "red-sfs": 0.024633623723352677,
    "alt-sfs": 0.03204912648388257,
    "sft": 6.842673256486854e-6,
    "inroll": 0.24251998060590893,
    "bad-red-sfs": 0.0009951201964433739,
    "red": 0.0326982029184979,
    "sfr": 0.09690789370786869,
    "outroll": 0.22130867103555063,
    "inoneh": 0.000934513661885919,
    "bad-red": 0.014662871263900402,
    "alt": 0.24715638049955424
  },
  "tr-quotes": {
    "sfb": 0.016989898522919027,
    "unknown": 0.039616513719054114,
    "outoneh": 0.030076743487205567,
    "red-sfs": 0.024585654515614525,
    "alt-sfs": 0.03207739072143501,
    "sft": 8.09042786805668e-6,
    "inroll": 0.24300524722036013,
    "bad-red-sfs": 0.0009673840179376344,
    "red": 0.03273849425579621,
    "sfr": 0.09677191928064538,
    "outroll": 0.22057049074223897,
    "inoneh": 0.00093617808187513,
    "bad-red": 0.014296941818265874,
    "alt": 0.24735905318878434
  },
  "movie": {
    "sfb": 0.015563286782352572,
    "unknown": 0.08496732886260383,
    "outoneh": 0.02830064157894245,
    "red-sfs": 0.0230287005674104,
    "alt-sfs": 0.03214119290019133,
    "sft": 3.421543803195959e-6,
    "inroll": 0.21035835539022774,
    "bad-red-sfs": 0.0007799803892900942,
    "red": 0.035583002770529296,
    "sfr": 0.11567713207251198,
    "outroll": 0.2129567547130779,
    "inoneh": 0.000823407676022966,
    "bad-red": 0.024291118632951126,
    "alt": 0.21552567612008514
  },
  "gutenberg": {
    "sfb": 0.01775761412713405,
    "unknown": 0.04011588984327138,
    "outoneh": 0.029131208837756113,
    "red-sfs": 0.02584220749919584,
    "alt-sfs": 0.03192445412845253,
    "sft": 4.735919448451032e-6,
    "inroll": 0.2501694511978656,
    "bad-red-sfs": 0.0015501611538669918,
    "red": 0.03178313429211076,
    "sfr": 0.09863878308844841,
    "outroll": 0.22719228552820467,
    "inoneh": 0.0007802900883267921,
    "bad-red": 0.006081678318922878,
    "alt": 0.23902810597699556
  },
  "keymash": {
    "sfb": 0.017540114854297593,
    "unknown": 0.03457533054475746,
    "outoneh": 0.029711058112662295,
    "red-sfs": 0.024501976495507217,
    "alt-sfs": 0.0332822961007828,
    "sft": 0.000012314613752139664,
    "inroll": 0.24572990768144556,
    "bad-red-sfs": 0.0011165249801939963,
    "red": 0.03214114189308452,
    "sfr": 0.099723742164827,
    "outroll": 0.21963524114066163,
    "inoneh": 0.0009030716751569087,
    "bad-red": 0.013550179998604344,
    "alt": 0.24757709974426653
  },
  "english-10k": {
    "sfb": 0.022905771791358717,
    "unknown": 0.0,
    "outoneh": 0.030875513787846625,
    "red-sfs": 0.02022346153103954,
    "alt-sfs": 0.03892244456880415,
    "sft": 0.0,
    "inroll": 0.2576947569518149,
    "bad-red-sfs": 0.001099940178692036,
    "red": 0.027189749329422436,
    "sfr": 0.10567144593890508,
    "outroll": 0.18670037243588505,
    "inoneh": 0.0004245383145828911,
    "bad-red": 0.001775342042801181,
    "alt": 0.3065166631288474
  },
  "mt-quotes": {
    "sfb": 0.01656835323507967,
    "unknown": 0.03468910244916987,
    "outoneh": 0.03078345943749178,
    "red-sfs": 0.025382197200607214,
    "alt-sfs": 0.03179199388006359,
    "sft": 1.4941251001063816e-6,
    "inroll": 0.2444747253798066,
    "bad-red-sfs": 0.0009084280608646801,
    "red": 0.032973846834247734,
    "sfr": 0.0964592223377679,
    "outroll": 0.2258160911296781,
    "inoneh": 0.0009711813150691481,
    "bad-red": 0.015961738444436477,
    "alt": 0.24321816617061714
  }
}