{
  "dutch": {
    "dsfb": 0.0,
    "sfb": 0.03950774375417541,
    "roll-out": 0.12957774521625237,
    "sfR": 0.18880787437283908,
    "roll-in": 0.2681201344565709,
    "alternate": 0.194202497264747,
    "dsfb-alt": 0.03668927393157659,
    "sft": 0.0,
    "sfT": 0.00011045369248666371,
    "dsfb-red": 0.02151487310968636,
    "oneh-in": 0.006515028569672378,
    "oneh-out": 0.0042316853702183636,
    "redirect": 0.035876596544470576,
    "bad-redirect": 0.0015862656427800634,
    "unknown": 0.07325982807452426
  },
  "english-1k": {
    "dsfb": 0.0,
    "sfb": 0.014114326040931546,
    "roll-out": 0.223712067748765,
    "sfR": 0.10832745236414962,
    "roll-in": 0.23853211009174313,
    "alternate": 0.29040225829216654,
    "dsfb-alt": 0.04551870148200424,
    "sft": 0.0,
    "sfT": 0.0,
    "dsfb-red": 0.022230063514467185,
    "oneh-in": 0.011997177134791814,
    "oneh-out": 0.0077628793225123505,
    "redirect": 0.03669724770642202,
    "bad-redirect": 0.0007057163020465773,
    "unknown": 0.0
  },
  "shai": {
    "dsfb": 0.0,
    "sfb": 0.020197964443638024,
    "roll-out": 0.21579283931022503,
    "sfR": 0.09823378925716947,
    "roll-in": 0.2427753091450329,
    "alternate": 0.26945093296978323,
    "dsfb-alt": 0.046148846478841404,
    "sft": 0.0,
    "sfT": 0.000023787532515304372,
    "dsfb-red": 0.021628835226788927,
    "oneh-in": 0.01736291708686405,
    "oneh-out": 0.007707001848197613,
    "redirect": 0.03486997593844254,
    "bad-redirect": 0.002185894651187921,
    "unknown": 0.023621906111313578
  },
  "akl": {
    "dsfb": 0.0,
    "sfb": 0.023517214794526863,
    "roll-out": 0.21669138021808146,
    "sfR": 0.11790358951788564,
    "roll-in": 0.21751611523044936,
    "alternate": 0.2210856714558543,
    "dsfb-alt": 0.04318769003692598,
    "sft": 0.0,
    "sfT": 0.00009987025540392872,
    "dsfb-red": 0.025851155403445476,
    "oneh-in": 0.01731571800456256,
    "oneh-out": 0.006679411895538686,
    "redirect": 0.04028383225712601,
    "bad-redirect": 0.0029462344886686293,
    "unknown": 0.06692211644153111
  },
  "monkeyracer": {
    "dsfb": 0.0,
    "sfb": 0.01873719442576286,
    "roll-out": 0.2368278539812628,
    "sfR": 0.09690789370786869,
    "roll-in": 0.238998936453071,
    "alternate": 0.24902540782332608,
    "dsfb-alt": 0.042867392902388286,
    "sft": 0.0,
    "sfT": 2.9325742527800804e-6,
    "dsfb-red": 0.02634429203747439,
    "oneh-in": 0.022334485509173094,
    "oneh-out": 0.010739086913680654,
    "redirect": 0.040674804886059714,
    "bad-redirect": 0.00218770039257394,
    "unknown": 0.014352018393105714
  },
  "tr-quotes": {
    "dsfb": 0.0,
    "sfb": 0.01866577286701648,
    "roll-out": 0.2368680797947343,
    "sfR": 0.09677191928064538,
    "roll-in": 0.23891842537158178,
    "alternate": 0.24926608261482627,
    "dsfb-alt": 0.042719770694158714,
    "sft": 0.0,
    "sfT": 3.4673262291671484e-6,
    "dsfb-red": 0.026374794849864776,
    "oneh-in": 0.02203601396176695,
    "oneh-out": 0.010806500080904278,
    "redirect": 0.04062203832551259,
    "bad-redirect": 0.002177480871916969,
    "unknown": 0.01476965396084233
  },
  "reddit": {
    "dsfb": 0.0,
    "sfb": 0.020595921224812463,
    "roll-out": 0.22352954837409542,
    "sfR": 0.10397777127267367,
    "roll-in": 0.23259918676210067,
    "alternate": 0.23998002021576595,
    "dsfb-alt": 0.04461447612904603,
    "sft": 0.0,
    "sfT": 0.000060006776046059135,
    "dsfb-red": 0.023243523566425197,
    "oneh-in": 0.01785366399988613,
    "oneh-out": 0.009841186186380222,
    "redirect": 0.03996923248074642,
    "bad-redirect": 0.0025177374898326535,
    "unknown": 0.041217725522189115
  },
  "keymash": {
    "dsfb": 0.0,
    "sfb": 0.019120490285822186,
    "roll-out": 0.23585358745222956,
    "sfR": 0.099723742164827,
    "roll-in": 0.2387228924564781,
    "alternate": 0.25049155833227293,
    "dsfb-alt": 0.04294926789621244,
    "sft": 0.0,
    "sfT": 4.104871250713221e-6,
    "dsfb-red": 0.026394322142086014,
    "oneh-in": 0.021131877198671663,
    "oneh-out": 0.010348380423048031,
    "redirect": 0.03968179038064471,
    "bad-redirect": 0.0021837915053794336,
    "unknown": 0.013394194891077241
  },
  "english-10k": {
    "dsfb": 0.0,
    "sfb": 0.023696956832172284,
    "roll-out": 0.1737712510372243,
    "sfR": 0.10567144593890508,
    "roll-in": 0.26595395689006385,
    "alternate": 0.29985913046834295,
    "dsfb-alt": 0.0516971883985257,
    "sft": 0.0,
    "sfT": 0.0,
    "dsfb-red": 0.02016556994268733,
    "oneh-in": 0.018332336311533935,
    "oneh-out": 0.004245383145828911,
    "redirect": 0.034966519364736305,
    "bad-redirect": 0.001640261669979352,
    "unknown": 0.0
  },
  "wordle": {
    "dsfb": 0.0,
    "sfb": 0.03255918321552788,
    "roll-out": 0.20534051385616514,
    "sfR": 0.13138112868843263,
    "roll-in": 0.21721081566251543,
    "alternate": 0.2736003590261416,
    "dsfb-alt": 0.05569393021429373,
    "sft": 0.0,
    "sfT": 0.0,
    "dsfb-red": 0.023516212274206215,
    "oneh-in": 0.005811735667003254,
    "oneh-out": 0.006529787950185123,
    "redirect": 0.04588802872209133,
    "bad-redirect": 0.0024683047234376754,
    "unknown": 0.0
  },
  "chained-bigrams": {
    "dsfb": 0.0,
    "sfb": 0.02141796457263739,
    "roll-out": 0.19613157250558239,
    "sfR": 0.11914286586209158,
    "roll-in": 0.22104539354032735,
    "alternate": 0.27065227201451325,
    "dsfb-alt": 0.0553688083116195,
    "sft": 0.0,
    "sfT": 0.000042854109676652756,
    "dsfb-red": 0.029360908870735773,
    "oneh-in": 0.009424657605403255,
    "oneh-out": 0.008881189578140249,
    "redirect": 0.04228921459455143,
    "bad-redirect": 0.0025900764166692097,
    "unknown": 0.02365222201805197
  },
  "english-450k": {
    "dsfb": 0.0,
    "sfb": 0.026542988631825627,
    "roll-out": 0.19076115841597474,
    "sfR": 0.11369548401129392,
    "roll-in": 0.22893835646473926,
    "alternate": 0.3054552970500514,
    "dsfb-alt": 0.04916035247596768,
    "sft": 0.0,
    "sfT": 0.000012863232846148135,
    "dsfb-red": 0.023986713449854733,
    "oneh-in": 0.011724544393062976,
    "oneh-out": 0.003901944745398617,
    "redirect": 0.044378153319211064,
    "bad-redirect": 0.0012883697080221552,
    "unknown": 0.00015377410175167997
  },
  "english-200": {
    "dsfb": 0.0,
    "sfb": 0.008908685968819599,
    "roll-out": 0.24721603563474387,
    "sfR": 0.10690423162583519,
    "roll-in": 0.24276169265033407,
    "alternate": 0.26948775055679286,
    "dsfb-alt": 0.0400890868596882,
    "sft": 0.0,
    "sfT": 0.0,
    "dsfb-red": 0.026726057906458798,
    "oneh-in": 0.008908685968819599,
    "oneh-out": 0.008908685968819599,
    "redirect": 0.0378619153674833,
    "bad-redirect": 0.0022271714922048997,
    "unknown": 0.0
  },
  "english-5k": {
    "dsfb": 0.0,
    "sfb": 0.022026797195835234,
    "roll-out": 0.17318621147384577,
    "sfR": 0.10644211224955408,
    "roll-in": 0.25063259634131163,
    "alternate": 0.31351889492678475,
    "dsfb-alt": 0.05152030530551292,
    "sft": 0.0,
    "sfT": 0.0,
    "dsfb-red": 0.020699381922263244,
    "oneh-in": 0.020450491558468495,
    "oneh-out": 0.004562990002903721,
    "redirect": 0.033434272203094535,
    "bad-redirect": 0.0013688970008711163,
    "unknown": 0.002157049819554486
  },
  "movie": {
    "dsfb": 0.0,
    "sfb": 0.019234603283181835,
    "roll-out": 0.22873441437448455,
    "sfR": 0.11567713207251198,
    "roll-in": 0.22824473881711177,
    "alternate": 0.22294371468325255,
    "dsfb-alt": 0.039840719240090916,
    "sft": 0.0,
    "sfT": 0.000011712207634016936,
    "dsfb-red": 0.027042961035590767,
    "oneh-in": 0.029175372412013355,
    "oneh-out": 0.012196750875684918,
    "redirect": 0.0422398794353242,
    "bad-redirect": 0.004206524910352262,
    "unknown": 0.030451476652766863
  },
  "gutenberg": {
    "dsfb": 0.0,
    "sfb": 0.018713890982165284,
    "roll-out": 0.25181508848781337,
    "sfR": 0.09863878308844841,
    "roll-in": 0.22148644977671086,
    "alternate": 0.24163759759309208,