{
  "keymash": {
    "bad-redirect": 0.0006198355588576965,
    "dsfb-red": 0.032994955113232874,
    "sfb": 0.019551501767147074,
    "oneh-in": 0.008135854818913605,
    "roll-in": 0.20691014026345064,
    "unknown": 0.06443005915119472,
    "dsfb-alt": 0.047538513954509816,
    "alternate": 0.24103803984188035,
    "sfR": 0.099723742164827,
    "sfT": 0.00002873409875499255,
    "roll-out": 0.24032789711550698,
    "oneh-out": 0.01013082224676023,
    "redirect": 0.02856990390496402,
    "sft": 0.0,
    "dsfb": 0.0
  },
  "english-1k": {
    "bad-redirect": 0.0007057163020465773,
    "dsfb-red": 0.022935779816513763,
    "sfb": 0.015525758645024701,
    "oneh-in": 0.01058574453069866,
    "roll-in": 0.22971065631616092,
    "unknown": 0.027522935779816515,
    "dsfb-alt": 0.0497529992942837,
    "alternate": 0.27699364855328157,
    "sfR": 0.10832745236414962,
    "sfT": 0.0,
    "roll-out": 0.21841919548341568,
    "oneh-out": 0.011291460832745237,
    "redirect": 0.028228652081863093,
    "sft": 0.0,
    "dsfb": 0.0
  },
  "english-450k": {
    "bad-redirect": 0.0010524463237757565,
    "dsfb-red": 0.022815282222252105,
    "sfb": 0.02536132528718629,
    "oneh-in": 0.008214343557069778,
    "roll-in": 0.20911611464882499,
    "unknown": 0.039786856231739325,
    "dsfb-alt": 0.04685374094969248,
    "alternate": 0.29490393796179737,
    "sfR": 0.11369548401129392,
    "sfT": 0.000012570886645099314,
    "roll-out": 0.19266608626200885,
    "oneh-out": 0.006170551265537469,
    "redirect": 0.03935126039217658,
    "sft": 0.0,
    "dsfb": 0.0
  },
  "french": {
    "bad-redirect": 0.002101337663923597,
    "dsfb-red": 0.023445183693293722,
    "sfb": 0.029709794450226683,
    "oneh-in": 0.019278749432394326,
    "roll-in": 0.22289698923927964,
    "unknown": 0.16592812945470917,
    "dsfb-alt": 0.026940925997164567,
    "alternate": 0.20892005770464783,
    "sfR": 0.10898279115633469,
    "sfT": 0.00006720852679943003,
    "roll-out": 0.14962664584670557,
    "oneh-out": 0.006326965168109785,
    "redirect": 0.035775221666411,
    "sft": 0.0,
    "dsfb": 0.0
  },
  "dutch": {
    "bad-redirect": 0.0010156719086387303,
    "dsfb-red": 0.021534704568110102,
    "sfb": 0.05249250770728294,
    "oneh-in": 0.005187952557557042,
    "roll-in": 0.24507359497254957,
    "unknown": 0.07614751076286959,
    "dsfb-alt": 0.04328061596151248,
    "alternate": 0.2001221696734397,
    "sfR": 0.18880787437283908,
    "sfT": 0.00006422810494922555,
    "roll-out": 0.13455224959923778,
    "oneh-out": 0.004429085483949806,
    "redirect": 0.027291834327063925,
    "sft": 0.0,
    "dsfb": 0.0
  },
  "shai": {
    "bad-redirect": 0.0007332218552386602,
    "dsfb-red": 0.024635926125352325,
    "sfb": 0.018849274050642906,
    "oneh-in": 0.010545679648430641,
    "roll-in": 0.22353665261656666,
    "unknown": 0.06117620407643841,
    "dsfb-alt": 0.04681087603452157,
    "alternate": 0.26276041271562434,
    "sfR": 0.09823378925716947,
    "sfT": 0.00004178493345838366,
    "roll-out": 0.21794075363980986,
    "oneh-out": 0.0066968948174606835,
    "redirect": 0.028038530229286113,
    "sft": 0.0,
    "dsfb": 0.0
  },
  "akl": {
    "bad-redirect": 0.0007379990585431754,
    "dsfb-red": 0.028939698810639427,
    "sfb": 0.021957144756483235,
    "oneh-in": 0.006447888853079331,
    "roll-in": 0.18993172765257443,
    "unknown": 0.12412001728275834,
    "dsfb-alt": 0.04332417525569449,
    "alternate": 0.21882917366285065,
    "sfR": 0.11790358951788564,
    "sfT": 0.00010290601378779504,
    "roll-out": 0.2119686075323237,
    "oneh-out": 0.006428063492205102,
    "redirect": 0.029309008111174675,
    "sft": 0.0,
    "dsfb": 0.0
  },
  "chained-bigrams": {
    "bad-redirect": 0.0013667863768083946,
    "dsfb-red": 0.028776534647872325,
    "sfb": 0.020131042672953667,
    "oneh-in": 0.006898213048556953,
    "roll-in": 0.19950211316212035,
    "unknown": 0.054704569611631386,
    "dsfb-alt": 0.05739269103680324,
    "alternate": 0.2618963982419426,
    "sfR": 0.11914286586209158,
    "sfT": 0.00006557977389912012,
    "roll-out": 0.20288434130311556,
    "oneh-out": 0.007840354156751243,
    "redirect": 0.039398510105453574,
    "sft": 0.0,
    "dsfb": 0.0
  },
  "reddit": {
    "bad-redirect": 0.0006413458298755459,
    "dsfb-red": 0.02890322633810522,
    "sfb": 0.022071893136996555,
    "oneh-in": 0.007793314488508721,
    "roll-in": 0.20345994126303027,
    "unknown": 0.08753044585371719,
    "dsfb-alt": 0.04590900433138798,
    "alternate": 0.23773875589322166,
    "sfR": 0.10397777127267367,
    "sfT": 0.00009971163410400088,
    "roll-out": 0.22492787106858697,
    "oneh-out": 0.008135899990204887,
    "redirect": 0.02881081889958735,
    "sft": 0.0,
    "dsfb": 0.0
  },
  "english-200": {
    "bad-redirect": 0.0,
    "dsfb-red": 0.035634743875278395,
    "sfb": 0.011135857461024499,
    "oneh-in": 0.008908685968819599,
    "roll-in": 0.2071269487750557,
    "unknown": 0.031180400890868598,
    "dsfb-alt": 0.051224944320712694,
    "alternate": 0.2561247216035635,
    "sfR": 0.10690423162583519,
    "sfT": 0.0,
    "roll-out": 0.2650334075723831,
    "oneh-out": 0.011135857461024499,
    "redirect": 0.015590200445434299,
    "sft": 0.0,
    "dsfb": 0.0
  },
  "monkeyracer": {
    "bad-redirect": 0.0005708744545411889,
    "dsfb-red": 0.03389371568888124,
    "sfb": 0.02072059214539312,
    "oneh-in": 0.008140826125717503,
    "roll-in": 0.20541411858548259,
    "unknown": 0.06668185088446439,
    "dsfb-alt": 0.046599582401426407,
    "alternate": 0.2416431409043277,
    "sfR": 0.09690789370786869,
    "sfT": 0.000015640396014827094,
    "roll-out": 0.24105564852902076,
    "oneh-out": 0.010001055726731,
    "redirect": 0.028355060450130597,
    "sft": 0.0,
    "dsfb": 0.0
  },
  "movie": {
    "bad-redirect": 0.0005785040984172859,
    "dsfb-red": 0.033112648144621816,
    "sfb": 0.01856200673017666,
    "oneh-in": 0.005599882825284524,
    "roll-in": 0.1762347726496001,
    "unknown": 0.09782996480152611,
    "dsfb-alt": 0.04815546547537285,
    "alternate": 0.21878982890833407,
    "sfR": 0.11567713207251198,
    "sfT": 0.00002658276339406091,
    "roll-out": 0.23904273626648245,
    "oneh-out": 0.013336782951342094,
    "redirect": 0.03305369231293598,
    "sft": 0.0,
    "dsfb": 0.0
  },
  "gutenberg": {
    "bad-redirect": 0.0005417891849027981,
    "dsfb-red": 0.03346874274220345,
    "sfb": 0.021594845501047018,
    "oneh-in": 0.0074238378906139,
    "roll-in": 0.20772936152607238,
    "unknown": 0.06973035190154743,
    "dsfb-alt": 0.04812262469960063,
    "alternate": 0.23013310206891482,
    "sfR": 0.09863878308844841,
    "sfT": 0.00002026973523937042,
    "roll-out": 0.2464451241436037,
    "oneh-out": 0.011261258701304802,
    "redirect": 0.024889908816501306,
    "sft": 0.0,
    "dsfb": 0.0
  },
  "tr-quotes": {
    "bad-redirect": 0.0005801992556806362,
    "dsfb-red": 0.033819144263886644,
    "sfb": 0.020683756732391763,
    "oneh-in": 0.008221030489355309,
    "roll-in": 0.2052980744781674,
    "unknown": 0.06688703451145374,
    "dsfb-alt": 0.04649222163149257,
    "alternate": 0.24189570282702666,
    "sfR": 0.09677191928064538,
    "sfT": 0.00001618085573611336,
    "roll-out": 0.24093409768613763,
    "oneh-out": 0.01002635167934167,
    "redirect": 0.028374286308684497,
    "sft": 0.0,
    "dsfb": 0.0
  },
  "english-5k": {
    "bad-redirect": 0.0010370431824781184,
    "dsfb-red": 0.021694943377442235,
    "sfb": 0.01899863110299913,
    "oneh-in": 0.01908159455759738,
    "roll-in": 0.24096735388061558,
    "unknown": 0.03426390674907703,
    "dsfb-alt": 0.04562990002903721,
    "alternate": 0.30551292155805365,
    "sfR": 0.10644211224955408,
    "sfT": 0.0,
    "roll-out": 0.17078027129049653,
    "oneh-out": 0.0048118803666984695,
    "redirect": 0.030779441655950555,
    "sft": 0.0,
    "dsfb": 0.0
  },
  "wordle": {
    "bad-redirect": 0.0010546392909233703,
    "dsfb-red": 0.018400089756535398,
    "sfb": 0.021990351172444744,