{
  "gutenberg": {
    "dsfb-alt": 0.04179808843136118,
    "redirect": 0.016846044351696197,
    "dsfb": 0.001541257625303904,
    "unknown": 0.16594983789894913,
    "sfb": 0.017786219080602697,
    "sft": 0.0,
    "bad-redirect": 0.0009039923043203331,
    "roll-out": 0.23371819309139225,
    "oneh-in": 0.005528144053787921,
    "alternate": 0.2603033716336611,
    "oneh-out": 0.009682871467525042,
    "dsfb-red": 0.009122896351940192,
    "roll-in": 0.13816628229944422,
    "sfR": 0.09863878308844841,
    "sfT": 0.000014018321567415056
  },
  "wordle": {
    "dsfb-alt": 0.058678335016268374,
    "redirect": 0.02313474699876585,
    "dsfb": 0.0,
    "unknown": 0.13034892853135868,
    "sfb": 0.02611915180074049,
    "sft": 0.0,
    "bad-redirect": 0.0006956131493324357,
    "roll-out": 0.1682261864692023,
    "oneh-in": 0.009873218893750701,
    "alternate": 0.2779759901267811,
    "oneh-out": 0.006260518343991922,
    "dsfb-red": 0.010142488499943902,
    "roll-in": 0.1570963760798833,
    "sfR": 0.13138112868843263,
    "sfT": 0.00006731740154830023
  },
  "french": {
    "dsfb-alt": 0.02902744662296854,
    "redirect": 0.01145743578076195,
    "dsfb": 0.002121068745019194,
    "unknown": 0.3145900947306133,
    "sfb": 0.014185868252140684,
    "sft": 1.7978206009655826e-7,
    "bad-redirect": 0.0024705650698469035,
    "roll-out": 0.12329173521044981,
    "oneh-in": 0.00393607351456234,
    "alternate": 0.21441953099564817,
    "oneh-out": 0.003605619106266524,
    "dsfb-red": 0.0047495573728225824,
    "roll-in": 0.1671274106320983,
    "sfR": 0.10898279115633469,
    "sfT": 0.000034623028406928845
  },
  "reddit": {
    "dsfb-alt": 0.04912622155647913,
    "redirect": 0.01861240136292544,
    "dsfb": 0.0013332591676550741,
    "unknown": 0.17004665508108874,
    "sfb": 0.020788152669674122,
    "sft": 3.74574132622092e-8,
    "bad-redirect": 0.0016471897482056494,
    "roll-out": 0.21278110618109122,
    "oneh-in": 0.0038881918688571013,
    "alternate": 0.2623382378197388,
    "oneh-out": 0.00822141526468251,
    "dsfb-red": 0.007241828993049215,
    "roll-in": 0.13985751574569188,
    "sfR": 0.10397777127267367,
    "sfT": 0.00014001581077413797
  },
  "dutch": {
    "dsfb-alt": 0.04386856670447315,
    "redirect": 0.019742611338308222,
    "dsfb": 0.0006333156523748315,
    "unknown": 0.146400434298181,
    "sfb": 0.06602624085668457,
    "sft": 7.172317693939202e-8,
    "bad-redirect": 0.0012620768830140115,
    "roll-out": 0.14473914621232234,
    "oneh-in": 0.0035984773026089415,
    "alternate": 0.23898754272415168,
    "oneh-out": 0.0038162288677969355,
    "dsfb-red": 0.005905076742185554,
    "roll-in": 0.13602293334238003,
    "sfR": 0.18880787437283908,
    "sfT": 0.00018940297950269946
  },
  "shai": {
    "dsfb-alt": 0.05005600481540782,
    "redirect": 0.018164196210529185,
    "dsfb": 0.0009296373612729372,
    "unknown": 0.14359710530577313,
    "sfb": 0.016634746115115867,
    "sft": 1.1998267295386193e-7,
    "bad-redirect": 0.0017463168415730208,
    "roll-out": 0.21107948256040238,
    "oneh-in": 0.004679862232024505,
    "alternate": 0.28110817080454653,
    "oneh-out": 0.007309170267953046,
    "dsfb-red": 0.007360542204021324,
    "roll-in": 0.15902124947323737,
    "sfR": 0.09823378925716947,
    "sfT": 0.00007960656830048491
  },
  "english-1k": {
    "dsfb-alt": 0.05857445306986592,
    "redirect": 0.019407198306280876,
    "dsfb": 0.0,
    "unknown": 0.11538461538461539,
    "sfb": 0.01058574453069866,
    "sft": 0.0,
    "bad-redirect": 0.001058574453069866,
    "roll-out": 0.2205363443895554,
    "oneh-in": 0.0017642907551164433,
    "alternate": 0.30345800988002825,
    "oneh-out": 0.009880028228652082,
    "dsfb-red": 0.0045871559633027525,
    "roll-in": 0.1464361326746648,
    "sfR": 0.10832745236414962,
    "sfT": 0.0
  },
  "keymash": {
    "dsfb-alt": 0.05217701846781576,
    "redirect": 0.019054812345810773,
    "dsfb": 0.0018307725778180968,
    "unknown": 0.16236818232196149,
    "sfb": 0.016415380131602174,
    "sft": 0.0,
    "bad-redirect": 0.001038532426430445,
    "roll-out": 0.2198117506044423,
    "oneh-in": 0.003538399018114797,
    "alternate": 0.267251747648935,
    "oneh-out": 0.00869001243775989,
    "dsfb-red": 0.007409292607537365,
    "roll-in": 0.1406739377619421,
    "sfR": 0.099723742164827,
    "sfT": 0.000016419485002852885
  },
  "english-450k": {
    "dsfb-alt": 0.05575568277162909,
    "redirect": 0.0193074201558673,
    "dsfb": 0.0,
    "unknown": 0.09991574582485772,
    "sfb": 0.02490292644394174,
    "sft": 0.0,
    "bad-redirect": 0.0011208553348211806,
    "roll-out": 0.18281021878604994,
    "oneh-in": 0.002952111938190997,
    "alternate": 0.32888509098690816,
    "oneh-out": 0.006142486030236783,
    "dsfb-red": 0.006880952534086105,
    "roll-in": 0.1575576462856538,
    "sfR": 0.11369548401129392,
    "sfT": 0.00007337889646325414
  },
  "english-200": {
    "dsfb-alt": 0.0757238307349666,
    "redirect": 0.024498886414253896,
    "dsfb": 0.0,
    "unknown": 0.11581291759465479,
    "sfb": 0.011135857461024499,
    "sft": 0.0,
    "bad-redirect": 0.0022271714922048997,
    "roll-out": 0.24944320712694878,
    "oneh-in": 0.0,
    "alternate": 0.2739420935412027,
    "oneh-out": 0.004454342984409799,
    "dsfb-red": 0.0022271714922048997,
    "roll-in": 0.133630289532294,
    "sfR": 0.10690423162583519,
    "sfT": 0.0
  },
  "monkeyracer": {
    "dsfb-alt": 0.05221448457074933,
    "redirect": 0.01901481145502604,
    "dsfb": 0.0017830051456902889,
    "unknown": 0.16127007835838403,
    "sfb": 0.017219098487573706,
    "sft": 0.0,
    "bad-redirect": 0.001131973661573111,
    "roll-out": 0.22015225925520435,
    "oneh-in": 0.003277640489857203,
    "alternate": 0.27113213006553327,
    "oneh-out": 0.009091957708369175,
    "dsfb-red": 0.006628595336033908,
    "roll-in": 0.1401496785898619,
    "sfR": 0.09690789370786869,
    "sfT": 0.000026393168275020725
  },
  "akl": {
    "dsfb-alt": 0.04934080055550661,
    "redirect": 0.021959127292570657,
    "dsfb": 0.0005914772508320765,
    "unknown": 0.17593037630641384,
    "sfb": 0.02259366274905145,
    "sft": 4.956340218557256e-7,
    "bad-redirect": 0.002287041239600514,
    "roll-out": 0.20265143137246885,
    "oneh-in": 0.005993330500784899,
    "alternate": 0.2524749794652629,
    "oneh-out": 0.007567216337187755,
    "dsfb-red": 0.0073925053444836115,
    "roll-in": 0.13311069453071575,
    "sfR": 0.11790358951788564,
    "sfT": 0.0002032719032135795
  },
  "chained-bigrams": {
    "dsfb-alt": 0.05044642944103307,
    "redirect": 0.020915402740974826,
    "dsfb": 0.0010226548900110317,
    "unknown": 0.1304147953164354,
    "sfb": 0.017656542491473005,
    "sft": 0.0,
    "bad-redirect": 0.0025439757835322044,
    "roll-out": 0.2020733597427195,
    "oneh-in": 0.005739204173211117,
    "alternate": 0.2817696669521443,
    "oneh-out": 0.006771598633603206,
    "dsfb-red": 0.013537353524977777,
    "roll-in": 0.1479038171973542,
    "sfR": 0.11914286586209158,
    "sfT": 0.00006233325043876765
  },
  "mt-quotes": {
    "dsfb-alt": 0.053042935178876656,
    "redirect": 0.019199507536367004,
    "dsfb": 0.001718243865122339,
    "unknown": 0.15814118884545966,
    "sfb": 0.017083826394616367,
    "sft": 0.0,
    "bad-redirect": 0.0010324404441735097,
    "roll-out": 0.22418301239526184,
    "oneh-in": 0.0032004159644278695,
    "alternate": 0.2700182880912253,
    "oneh-out": 0.009368164377667014,
    "dsfb-red": 0.006583115191068718,
    "roll-in": 0.13995021575166444,
    "sfR": 0.0964592223377679,
    "sfT": 0.00001942362630138296
  },
  "movie": {
    "dsfb-alt": 0.045968967387292045,
    "redirect": 0.019429368084286837,
    "dsfb": 0.0028768603492948792,
    "unknown": 0.20037494856169485,
    "sfb": 0.01559921299228613,
    "sft": 2.6319567716891993e-7,
    "bad-redirect": 0.001931856270419872,
    "roll-out": 0.21377371409501023,
    "oneh-in": 0.003314028369072455,
    "alternate": 0.2537145792902639,