{
  "reddit": {
    "dsfb-alt": 0.04934482302027738,
    "redirect": 0.021096277351169056,
    "dsfb": 0.0,
    "unknown": 0.039285447401644795,
    "sfb": 0.023115681414961276,
    "sft": 0.0,
    "bad-redirect": 0.00059733336929245,
    "roll-out": 0.33558310048868817,
    "oneh-in": 0.0017461896914576685,
    "alternate": 0.29997065211670904,
    "oneh-out": 0.012623934875043007,
    "dsfb-red": 0.00929329660259389,
    "roll-in": 0.10332357755004919,
    "sfR": 0.10397777127267367,
    "sfT": 0.000041914845440412094
  },
  "mt-quotes": {
    "dsfb-alt": 0.05302799392787559,
    "redirect": 0.020142300474534133,
    "dsfb": 0.0,
    "unknown": 0.007977133909467972,
    "sfb": 0.022473135630700088,
    "sft": 0.0,
    "bad-redirect": 0.0006574150440468079,
    "roll-out": 0.37480576373698615,
    "oneh-in": 0.0018646681249327643,
    "alternate": 0.3037526446014272,
    "oneh-out": 0.01593932656793488,
    "dsfb-red": 0.008328253307992972,
    "roll-in": 0.09457064821123343,
    "sfR": 0.0964592223377679,
    "sfT": 1.4941251001063816e-6
  },
  "chained-bigrams": {
    "dsfb-alt": 0.06830490569174,
    "redirect": 0.024998230644714108,
    "dsfb": 0.0,
    "unknown": 0.022916559801936097,
    "sfb": 0.022180248281128155,
    "sft": 0.0,
    "bad-redirect": 0.0017407858794410006,
    "roll-out": 0.31392128738939906,
    "oneh-in": 0.0035004015949520457,
    "alternate": 0.30039562134887854,
    "oneh-out": 0.011201804547600202,
    "dsfb-red": 0.015548250156320104,
    "roll-in": 0.09607177154344271,
    "sfR": 0.11914286586209158,
    "sfT": 0.00007726725835638906
  },
  "french": {
    "dsfb-alt": 0.04308435121066662,
    "redirect": 0.013154413627851705,
    "dsfb": 0.0,
    "unknown": 0.15807962376648718,
    "sfb": 0.029905157622198277,
    "sft": 0.0,
    "bad-redirect": 0.0024655311721642,
    "roll-out": 0.2151902417054438,
    "oneh-in": 0.0029224922234146267,
    "alternate": 0.25607525904759587,
    "oneh-out": 0.010014295220690195,
    "dsfb-red": 0.009737745466746663,
    "roll-in": 0.15023066862311496,
    "sfR": 0.10898279115633469,
    "sfT": 0.00015742915729121952
  },
  "english-10k": {
    "dsfb-alt": 0.059570444414426584,
    "redirect": 0.02018486713880473,
    "dsfb": 0.0,
    "unknown": 0.0,
    "sfb": 0.021690048435962256,
    "sft": 0.0,
    "bad-redirect": 0.0006946990602265491,
    "roll-out": 0.2725343007660987,
    "oneh-in": 0.0034541981050153414,
    "alternate": 0.34580575442388223,
    "oneh-out": 0.010227513942224195,
    "dsfb-red": 0.010690646649041895,
    "roll-in": 0.14947608112541247,
    "sfR": 0.10567144593890508,
    "sfT": 0.0
  },
  "dutch": {
    "dsfb-alt": 0.05463416177069318,
    "redirect": 0.015824930036730515,
    "dsfb": 0.0,
    "unknown": 0.072903632847049,
    "sfb": 0.04864029173545666,
    "sft": 0.0,
    "bad-redirect": 0.0007360232417520408,
    "roll-out": 0.23596640113431638,
    "oneh-in": 0.0039281528854108565,
    "alternate": 0.26043036990260243,
    "oneh-out": 0.008175043569140372,
    "dsfb-red": 0.012993980381344243,
    "roll-in": 0.09687879023369886,
    "sfR": 0.18880787437283908,
    "sfT": 0.0000803478889663539
  },
  "english-200": {
    "dsfb-alt": 0.05790645879732739,
    "redirect": 0.017817371937639197,
    "dsfb": 0.0,
    "unknown": 0.0,
    "sfb": 0.024498886414253896,
    "sft": 0.0,
    "bad-redirect": 0.0,
    "roll-out": 0.36525612472160357,
    "oneh-in": 0.0,
    "alternate": 0.31403118040089084,
    "oneh-out": 0.013363028953229399,
    "dsfb-red": 0.011135857461024499,
    "roll-in": 0.08908685968819599,
    "sfR": 0.10690423162583519,
    "sfT": 0.0
  },
  "gutenberg": {
    "dsfb-alt": 0.04836642983280689,
    "redirect": 0.018394690011339684,
    "dsfb": 0.0,
    "unknown": 0.032975828246008664,
    "sfb": 0.02166114837332533,
    "sft": 0.0,
    "bad-redirect": 0.0005635744143656728,
    "roll-out": 0.37349222532519666,
    "oneh-in": 0.0022080750836458093,
    "alternate": 0.28323014712039046,
    "oneh-out": 0.016116333883078864,
    "dsfb-red": 0.011548634293436812,
    "roll-in": 0.09278992256961138,
    "sfR": 0.09863878308844841,
    "sfT": 0.000014207758345353096
  },
  "keymash": {
    "dsfb-alt": 0.052263220764080735,
    "redirect": 0.019818318398443432,
    "dsfb": 0.0,
    "unknown": 0.01232282349464109,
    "sfb": 0.021714768916272942,
    "sft": 0.0,
    "bad-redirect": 0.0006773037563676816,
    "roll-out": 0.3656414066572802,
    "oneh-in": 0.0019703382003423463,
    "alternate": 0.3050617167392545,
    "oneh-out": 0.015282435666405324,
    "dsfb-red": 0.008960933940306962,
    "roll-in": 0.09654657181677496,
    "sfR": 0.099723742164827,
    "sfT": 0.000016419485002852885
  },
  "shai": {
    "dsfb-alt": 0.05391194216184935,
    "redirect": 0.018241263790653613,
    "dsfb": 0.0,
    "unknown": 0.023260762136131256,
    "sfb": 0.020918119798751127,
    "sft": 0.0,
    "bad-redirect": 0.0007841177310239275,
    "roll-out": 0.33360171264041455,
    "oneh-in": 0.002218309324929489,
    "alternate": 0.3160906982310374,
    "oneh-out": 0.011881624785231016,
    "dsfb-red": 0.009518782784297783,
    "roll-in": 0.11132204495061823,
    "sfR": 0.09823378925716947,
    "sfT": 0.00001683240789278534
  },
  "tr-quotes": {
    "dsfb-alt": 0.05277039365710455,
    "redirect": 0.020018030096391668,
    "dsfb": 0.0,
    "unknown": 0.013835787429786644,
    "sfb": 0.02264741915351009,
    "sft": 0.0,
    "bad-redirect": 0.0006645708605903701,
    "roll-out": 0.3642946302674464,
    "oneh-in": 0.0019220545063683226,
    "alternate": 0.30617184068791753,
    "oneh-out": 0.015317491505050738,
    "dsfb-red": 0.008499572363098402,
    "roll-in": 0.09707935553963154,
    "sfR": 0.09677191928064538,
    "sfT": 6.934652458334297e-6
  },
  "monkeyracer": {
    "dsfb-alt": 0.05269933684720897,
    "redirect": 0.020109639176063936,
    "dsfb": 0.0,
    "unknown": 0.013436077701487402,
    "sfb": 0.022689326993759484,
    "sft": 0.0,
    "bad-redirect": 0.0006715595038866384,
    "roll-out": 0.365545380609037,
    "oneh-in": 0.0019179035613181726,
    "alternate": 0.3051499913977822,
    "oneh-out": 0.015345183540047234,
    "dsfb-red": 0.008577779689381735,
    "roll-in": 0.09694406212365297,
    "sfR": 0.09690789370786869,
    "sfT": 5.865148505560161e-6
  },
  "movie": {
    "dsfb-alt": 0.04924483238317501,
    "redirect": 0.021416890240427935,
    "dsfb": 0.0,
    "unknown": 0.030236445784519856,
    "sfb": 0.019210652476559464,
    "sft": 0.0,
    "bad-redirect": 0.0007236565143759453,
    "roll-out": 0.3547228950892819,
    "oneh-in": 0.0012762358385920926,
    "alternate": 0.29947930683207286,
    "oneh-out": 0.017109824581397145,
    "dsfb-red": 0.008314483039604765,
    "roll-in": 0.08257988087500456,
    "sfR": 0.11567713207251198,
    "sfT": 7.764272476483137e-6
  },
  "english-450k": {
    "dsfb-alt": 0.06088051167601492,
    "redirect": 0.027368866649788545,
    "dsfb": 0.0,
    "unknown": 0.00015377410175167997,
    "sfb": 0.03777317559891504,
    "sft": 0.0,
    "bad-redirect": 0.0006706421852059959,
    "roll-out": 0.24860857825610813,
    "oneh-in": 0.0041159421645663545,
    "alternate": 0.33785222601167864,
    "oneh-out": 0.0076366674637973085,
    "dsfb-red": 0.01335759027212169,
    "roll-in": 0.1478467825254151,
    "sfR": 0.11369548401129392,
    "sfT": 0.000039759083342639684
  },
  "wordle": {
    "dsfb-alt": 0.05643442163132503,
    "redirect": 0.035700661954448557,
    "dsfb": 0.0,
    "unknown": 0.0,
    "sfb": 0.030494782901380007,
    "sft": 0.0,
    "bad-redirect": 0.0016604959048580725,
    "roll-out": 0.24965780320879613,
    "oneh-in": 0.0031863570066195447,
    "alternate": 0.31796252664647146,
    "oneh-out": 0.015101537080668687,
    "dsfb-red": 0.017524963536407496,
    "roll-in": 0.14087288230674297,
    "sfR": 0.13138112868843263,
    "sfT": 0.000022439133849433412
  },
  "akl": {
    "dsfb-alt": 0.04662169035735337,
    "redirect": 0.022810750450624258,
    "dsfb": 0.0,
    "unknown": 0.06665478384099267,