{
  "dutch": {
    "dsfb": 0.0,
    "sfb": 0.06974747237662529,
    "roll-out": 0.14385248636820333,
    "sfR": 0.18880787437283908,
    "roll-in": 0.17348929203450644,
    "alternate": 0.2866666004422666,
    "dsfb-alt": 0.03271833817112139,
    "sft": 0.0,
    "sfT": 0.0003604089641204449,
    "dsfb-red": 0.007633372206099848,
    "oneh-in": 0.0039029242579224255,
    "oneh-out": 0.0036279196667425616,
    "redirect": 0.011083777009917415,
    "bad-redirect": 0.005205901282586125,
    "unknown": 0.072903632847049
  },
  "english-1k": {
    "dsfb": 0.0,
    "sfb": 0.019054340155257588,
    "roll-out": 0.2836979534227241,
    "sfR": 0.10832745236414962,
    "roll-in": 0.155257586450247,
    "alternate": 0.3510938602681722,
    "dsfb-alt": 0.043401552575864505,
    "sft": 0.0,
    "sfT": 0.0,
    "dsfb-red": 0.0077628793225123505,
    "oneh-in": 0.002117148906139732,
    "oneh-out": 0.007057163020465773,
    "redirect": 0.015172900494001412,
    "bad-redirect": 0.007057163020465773,
    "unknown": 0.0
  },
  "shai": {
    "dsfb": 0.0,
    "sfb": 0.026282955369851622,
    "roll-out": 0.25447176196180804,
    "sfR": 0.09823378925716947,
    "roll-in": 0.17464148016198744,
    "alternate": 0.3378019460725104,
    "dsfb-alt": 0.04307165473600251,
    "sft": 0.0,
    "sfT": 0.00010949386509241143,
    "dsfb-red": 0.007610926690432009,
    "oneh-in": 0.00777681628222154,
    "oneh-out": 0.006163211888161906,
    "redirect": 0.013816651148907632,
    "bad-redirect": 0.006758550429723749,
    "unknown": 0.023260762136131256
  },
  "akl": {
    "dsfb": 0.0,
    "sfb": 0.02916254825771631,
    "roll-out": 0.24623847852250508,
    "sfR": 0.11790358951788564,
    "roll-in": 0.155675734415005,
    "alternate": 0.2973777490805679,
    "dsfb-alt": 0.03719658988923943,
    "sft": 0.0,
    "sfT": 0.0004156510815787579,
    "dsfb-red": 0.009967881676298694,
    "oneh-in": 0.012460920806232994,
    "oneh-out": 0.005443052828019579,
    "redirect": 0.015246693780325832,
    "bad-redirect": 0.006256326303632093,
    "unknown": 0.06665478384099267
  },
  "monkeyracer": {
    "dsfb": 0.0,
    "sfb": 0.023916120556172482,
    "roll-out": 0.26284467522717675,
    "sfR": 0.09690789370786869,
    "roll-in": 0.17994862129909128,
    "alternate": 0.3340368253124169,
    "dsfb-alt": 0.035621979448519636,
    "sft": 0.0,
    "sfT": 0.000049853762297261364,
    "dsfb-red": 0.007872006819212662,
    "oneh-in": 0.017216165913320924,
    "oneh-out": 0.008070444343650781,
    "redirect": 0.01455729859080032,
    "bad-redirect": 0.0055220373179848915,
    "unknown": 0.013436077701487402
  },
  "tr-quotes": {
    "dsfb": 0.0,
    "sfb": 0.02386445065994776,
    "roll-out": 0.2626083539446615,
    "sfR": 0.09677191928064538,
    "roll-in": 0.17957282540856662,
    "alternate": 0.3345808002588937,
    "dsfb-alt": 0.035885670696470265,
    "sft": 0.0,
    "sfT": 0.00004969834261806246,
    "dsfb-red": 0.007855805459883035,
    "oneh-in": 0.01675296456392594,
    "oneh-out": 0.008106608723792793,
    "redirect": 0.014611312729710363,
    "bad-redirect": 0.005503802501097986,
    "unknown": 0.013835787429786644
  },
  "reddit": {
    "dsfb": 0.0,
    "sfb": 0.029221427063767687,
    "roll-out": 0.25535074466274,
    "sfR": 0.10397777127267367,
    "roll-in": 0.16441133708544242,
    "alternate": 0.3203037721300739,
    "dsfb-alt": 0.04001013597602875,
    "sft": 0.0,
    "sfT": 0.0002839646499408079,
    "dsfb-red": 0.007266925459934895,
    "oneh-in": 0.011531676704316986,
    "oneh-out": 0.008362404968201466,
    "redirect": 0.014292625178461164,
    "bad-redirect": 0.005701767446773484,
    "unknown": 0.039285447401644795
  },
  "keymash": {
    "dsfb": 0.0,
    "sfb": 0.02391908477790594,
    "roll-out": 0.26659086337757015,
    "sfR": 0.099723742164827,
    "roll-in": 0.17827045354722448,
    "alternate": 0.332794226909073,
    "dsfb-alt": 0.034784678978543836,
    "sft": 0.0,
    "sfT": 0.00003694384125641899,
    "dsfb-red": 0.007585802071318033,
    "oneh-in": 0.016169087856559378,
    "oneh-out": 0.007622745912574452,
    "redirect": 0.01452713935627409,
    "bad-redirect": 0.005652407712232106,
    "unknown": 0.01232282349464109
  },
  "english-10k": {
    "dsfb": 0.0,
    "sfb": 0.03527527450261477,
    "roll-out": 0.21929333667818066,
    "sfR": 0.10567144593890508,
    "roll-in": 0.18556183786495822,
    "alternate": 0.36421527951988575,
    "dsfb-alt": 0.052546265027691476,
    "sft": 0.0,
    "sfT": 0.00005789158835221242,
    "dsfb-red": 0.010092433569402365,
    "oneh-in": 0.0016209644738619479,
    "oneh-out": 0.004071708380772273,
    "redirect": 0.014222033538526852,
    "bad-redirect": 0.0073715289168483815,
    "unknown": 0.0
  },
  "wordle": {
    "dsfb": 0.0,
    "sfb": 0.04696510714686413,
    "roll-out": 0.2249074385728711,
    "sfR": 0.13138112868843263,
    "roll-in": 0.15577246718276674,
    "alternate": 0.3295635588466285,
    "dsfb-alt": 0.059822730842589475,
    "sft": 0.0,
    "sfT": 0.00026926960619320093,
    "dsfb-red": 0.012992258498821945,
    "oneh-in": 0.0031863570066195447,
    "oneh-out": 0.006305396611690789,
    "redirect": 0.020576685739930437,
    "bad-redirect": 0.008257601256591496,
    "unknown": 0.0
  },
  "chained-bigrams": {
    "dsfb": 0.0,
    "sfb": 0.02658578061682647,
    "roll-out": 0.23299519709319275,
    "sfR": 0.11914286586209158,
    "roll-in": 0.163679323995899,
    "alternate": 0.3261412016941658,
    "dsfb-alt": 0.05673169886027547,
    "sft": 0.0,
    "sfT": 0.00015128799325242565,
    "dsfb-red": 0.012624431127926659,
    "oneh-in": 0.006485904569092187,
    "oneh-out": 0.007779968820388687,
    "redirect": 0.019722630021641326,
    "bad-redirect": 0.0050431495433115444,
    "unknown": 0.022916559801936097
  },
  "english-450k": {
    "dsfb": 0.0,
    "sfb": 0.04407937550173917,
    "roll-out": 0.20115903574867816,
    "sfR": 0.11369548401129392,
    "roll-in": 0.18026125225910528,
    "alternate": 0.3619690335210001,
    "dsfb-alt": 0.05834791653632899,
    "sft": 0.0,
    "sfT": 0.00006256208702444775,
    "dsfb-red": 0.010749862158766206,
    "oneh-in": 0.0023197671053223966,
    "oneh-out": 0.0033602272348551513,
    "redirect": 0.017297832369857703,
    "bad-redirect": 0.0065438773642768145,
    "unknown": 0.00015377410175167997
  },
  "english-200": {
    "dsfb": 0.0,
    "sfb": 0.017817371937639197,
    "roll-out": 0.30066815144766146,
    "sfR": 0.10690423162583519,
    "roll-in": 0.155902004454343,
    "alternate": 0.3429844097995546,
    "dsfb-alt": 0.0400890868596882,
    "sft": 0.0,
    "sfT": 0.0,
    "dsfb-red": 0.0,
    "oneh-in": 0.004454342984409799,
    "oneh-out": 0.008908685968819599,
    "redirect": 0.017817371937639197,
    "bad-redirect": 0.004454342984409799,
    "unknown": 0.0
  },
  "english-5k": {
    "dsfb": 0.0,
    "sfb": 0.02891276392748994,
    "roll-out": 0.232463599784295,
    "sfR": 0.10644211224955408,
    "roll-in": 0.17107064338159042,
    "alternate": 0.36972663541709877,
    "dsfb-alt": 0.0555025511262289,
    "sft": 0.0,
    "sfT": 0.0,
    "dsfb-red": 0.007300784004645953,
    "oneh-in": 0.0022814950014518605,
    "oneh-out": 0.004314099639108972,
    "redirect": 0.012651926826233045,
    "bad-redirect": 0.007176338822748579,
    "unknown": 0.002157049819554486
  },
  "movie": {
    "dsfb": 0.0,
    "sfb": 0.022585084253542186,
    "roll-out": 0.2478529483640349,
    "sfR": 0.11567713207251198,
    "roll-in": 0.16721531998869837,
    "alternate": 0.3205012719589088,
    "dsfb-alt": 0.03297565479465539,
    "sft": 0.0,
    "sfT": 0.00005856103817008468,
    "dsfb-red": 0.0076921568609388535,
    "oneh-in": 0.029360267375224524,
    "oneh-out": 0.006295640597880564,
    "redirect": 0.014671711425942856,
    "bad-redirect": 0.004877805484971592,
    "unknown": 0.030236445784519856
  },
  "gutenberg": {
    "dsfb": 0.0,
    "sfb": 0.024709186130348417,
    "roll-out": 0.28533554747039386,
    "sfR": 0.09863878308844841,
    "roll-in": 0.17223004596115107,