{
  "chained-bigrams": {
    "bad-redirect": 0.0012512101416198465,
    "dsfb-red": 0.013897068324384832,
    "sfb": 0.029545311403283793,
    "oneh-in": 0.004232817287607565,
    "roll-in": 0.1709658212503141,
    "unknown": 0.03462936714219578,
    "dsfb-alt": 0.06507331623930514,
    "alternate": 0.308974884245206,
    "sfR": 0.11914286586209158,
    "sfT": 0.00020647889207841782,
    "roll-out": 0.22078567166349913,
    "oneh-out": 0.008122152393109839,
    "redirect": 0.02317303515530394,
    "sft": 0.0,
    "dsfb": 0.0
  },
  "english-450k": {
    "bad-redirect": 0.0004531366116256729,
    "dsfb-red": 0.0074861091702571655,
    "sfb": 0.04009557382004688,
    "oneh-in": 0.0010235040498719232,
    "roll-in": 0.1890687662581031,
    "unknown": 0.0001543587941537776,
    "dsfb-alt": 0.06739778553599629,
    "alternate": 0.3733062191976734,
    "sfR": 0.11369548401129392,
    "sfT": 0.00007191716545801003,
    "roll-out": 0.18033200003975908,
    "oneh-out": 0.004301289656031306,
    "redirect": 0.02261385568972947,
    "sft": 0.0,
    "dsfb": 0.0
  },
  "wordle": {
    "bad-redirect": 0.0017726915741052395,
    "dsfb-red": 0.012812745428026477,
    "sfb": 0.039941658251991474,
    "oneh-in": 0.002131717715696174,
    "roll-in": 0.16914619095702907,
    "unknown": 0.0,
    "dsfb-alt": 0.06446763154942219,
    "alternate": 0.339840682149669,
    "sfR": 0.13138112868843263,
    "sfT": 0.00022439133849433412,
    "roll-out": 0.20062829574778412,
    "oneh-out": 0.007382475036463593,
    "redirect": 0.030270391562885673,
    "sft": 0.0,
    "dsfb": 0.0
  },
  "english-200": {
    "bad-redirect": 0.0,
    "dsfb-red": 0.0066815144766146995,
    "sfb": 0.017817371937639197,
    "oneh-in": 0.004454342984409799,
    "roll-in": 0.18262806236080179,
    "unknown": 0.0,
    "dsfb-alt": 0.066815144766147,
    "alternate": 0.2962138084632517,
    "sfR": 0.10690423162583519,
    "sfT": 0.0,
    "roll-out": 0.2873051224944321,
    "oneh-out": 0.015590200445434299,
    "redirect": 0.015590200445434299,
    "sft": 0.0,
    "dsfb": 0.0
  },
  "english-10k": {
    "bad-redirect": 0.0003280523339958704,
    "dsfb-red": 0.006348777522625962,
    "sfb": 0.03483143899191447,
    "oneh-in": 0.0006368074718743367,
    "roll-in": 0.22234229366473052,
    "unknown": 0.0,
    "dsfb-alt": 0.06561046679917408,
    "alternate": 0.3548754365990622,
    "sfR": 0.10567144593890508,
    "sfT": 0.00003859439223480828,
    "roll-out": 0.1789428995966886,
    "oneh-out": 0.004669921460411802,
    "redirect": 0.025703865228382316,
    "sft": 0.0,
    "dsfb": 0.0
  },
  "reddit": {
    "bad-redirect": 0.0005366898172209334,
    "dsfb-red": 0.009256775624663234,
    "sfb": 0.03187861850317555,
    "oneh-in": 0.0013137063979322009,
    "roll-in": 0.16977456443115205,
    "unknown": 0.06810106085012971,
    "dsfb-alt": 0.058599950518757084,
    "alternate": 0.2784106145319406,
    "sfR": 0.10397777127267367,
    "sfT": 0.000053751388031270195,
    "roll-out": 0.23906426137633144,
    "oneh-out": 0.01777601478219357,
    "redirect": 0.021256220505798687,
    "sft": 0.0,
    "dsfb": 0.0
  },
  "dutch": {
    "bad-redirect": 0.0007972927656525164,
    "dsfb-red": 0.007878647540438334,
    "sfb": 0.05542446152659411,
    "oneh-in": 0.003895447116726494,
    "roll-in": 0.18599978648010226,
    "unknown": 0.07571521724466164,
    "dsfb-alt": 0.0534623485058574,
    "alternate": 0.27543295785413435,
    "sfR": 0.18880787437283908,
    "sfT": 0.00011466742913185298,
    "roll-out": 0.13299110499918074,
    "oneh-out": 0.0038275431989591244,
    "redirect": 0.015652650965722097,
    "sft": 0.0,
    "dsfb": 0.0
  },
  "gutenberg": {
    "bad-redirect": 0.0005150785992135342,
    "dsfb-red": 0.01131562705657302,
    "sfb": 0.02387604318097691,
    "oneh-in": 0.0015560336939830712,
    "roll-in": 0.18577193403205194,
    "unknown": 0.045151687711198325,
    "dsfb-alt": 0.05245011845481724,
    "alternate": 0.27750479938076905,
    "sfR": 0.09863878308844841,
    "sfT": 0.00004186552792430713,
    "roll-out": 0.2663939534811471,
    "oneh-out": 0.017275497527281736,
    "redirect": 0.01950857826561537,
    "sft": 0.0,
    "dsfb": 0.0
  },
  "movie": {
    "bad-redirect": 0.0009038139553980709,
    "dsfb-red": 0.010536380946264787,
    "sfb": 0.022552974380927578,
    "oneh-in": 0.0011930660046067139,
    "roll-in": 0.14529941074435818,
    "unknown": 0.08522552382190654,
    "dsfb-alt": 0.057001866978536,
    "alternate": 0.2613538338200918,
    "sfR": 0.11567713207251198,
    "sfT": 6.974685444976378e-6,
    "roll-out": 0.24482632967443088,
    "oneh-out": 0.03445652527224632,
    "redirect": 0.02096616764327616,
    "sft": 0.0,
    "dsfb": 0.0
  },
  "keymash": {
    "bad-redirect": 0.0008086596363905046,
    "dsfb-red": 0.00936731619412757,
    "sfb": 0.025692389158214052,
    "oneh-in": 0.001760989766555972,
    "roll-in": 0.18012996022379757,
    "unknown": 0.03552355580367222,
    "dsfb-alt": 0.0614745518506812,
    "alternate": 0.2898860077253677,
    "sfR": 0.099723742164827,
    "sfT": 8.209742501426442e-6,
    "roll-out": 0.25258093779888596,
    "oneh-out": 0.022474170097654886,
    "redirect": 0.020569509837323953,
    "sft": 0.0,
    "dsfb": 0.0
  },
  "akl": {
    "bad-redirect": 0.0004813225894746416,
    "dsfb-red": 0.0090556053048205,
    "sfb": 0.03587919465914691,
    "oneh-in": 0.0014446492652039763,
    "roll-in": 0.16513937042831825,
    "unknown": 0.09476324244272732,
    "dsfb-alt": 0.057946370168482114,
    "alternate": 0.2559910691705602,
    "sfR": 0.11790358951788564,
    "sfT": 0.00016541785479434843,
    "roll-out": 0.21727505123306928,
    "oneh-out": 0.0184085290685017,
    "redirect": 0.02554658829701513,
    "sft": 0.0,
    "dsfb": 0.0
  },
  "english-1k": {
    "bad-redirect": 0.00035285815102328866,
    "dsfb-red": 0.004940014114326041,
    "sfb": 0.03175723359209598,
    "oneh-in": 0.001058574453069866,
    "roll-in": 0.1958362738179252,
    "unknown": 0.0,
    "dsfb-alt": 0.06422018348623854,
    "alternate": 0.3415666901905434,
    "sfR": 0.10832745236414962,
    "sfT": 0.0,
    "roll-out": 0.22230063514467185,
    "oneh-out": 0.011644318983768526,
    "redirect": 0.01799576570218772,
    "sft": 0.0,
    "dsfb": 0.0
  },
  "french": {
    "bad-redirect": 0.0023781271272805896,
    "dsfb-red": 0.008108710256535067,
    "sfb": 0.022786686952675054,
    "oneh-in": 0.000984606415795484,
    "roll-in": 0.1902598035045007,
    "unknown": 0.18494282398633669,
    "dsfb-alt": 0.034268303420519994,
    "alternate": 0.2670429085693014,
    "sfR": 0.10898279115633469,
    "sfT": 0.00005041388601874321,
    "roll-out": 0.15236319847446533,
    "oneh-out": 0.003685247577050958,
    "redirect": 0.024146378673185323,
    "sft": 0.0,
    "dsfb": 0.0
  },
  "tr-quotes": {
    "bad-redirect": 0.0007997965835278888,
    "dsfb-red": 0.008671782899147037,
    "sfb": 0.026520422551489793,
    "oneh-in": 0.0020064261112780566,
    "roll-in": 0.1786366473266915,
    "unknown": 0.040607013245186195,
    "dsfb-alt": 0.06135549340052241,
    "alternate": 0.2893749566584221,
    "sfR": 0.09677191928064538,
    "sfT": 0.000010401978687501445,
    "roll-out": 0.2512852222556113,
    "oneh-out": 0.023290030281315734,
    "redirect": 0.02066988742747509,
    "sft": 0.0,
    "dsfb": 0.0
  },
  "english-5k": {
    "bad-redirect": 0.00016592690919649896,
    "dsfb-red": 0.007217820550047704,
    "sfb": 0.03389057120338491,
    "oneh-in": 0.00078815281868337,
    "roll-in": 0.2211805699589331,
    "unknown": 0.0022400132741527356,
    "dsfb-alt": 0.06417223213174597,
    "alternate": 0.36201103413946156,
    "sfR": 0.10644211224955408,
    "sfT": 0.0,
    "roll-out": 0.174928444020409,
    "oneh-out": 0.00472891691210022,
    "redirect": 0.022234205832330857,
    "sft": 0.0,
    "dsfb": 0.0
  },
  "monkeyracer": {
    "bad-redirect": 0.0008103680185182288,
    "dsfb-red": 0.00860026275865305,
    "sfb": 0.026403921047280916,
    "oneh-in": 0.0020371615809312293,
    "roll-in": 0.17863971565760045,