{
  "dutch": {
    "dsfb": 0.0,
    "sfb": 0.024845661585163256,
    "roll-out": 0.19283373215603564,
    "sfR": 0.18880787437283908,
    "roll-in": 0.17261807060422366,
    "alternate": 0.2867459442067558,
    "dsfb-alt": 0.030247528517942036,
    "sft": 0.0,
    "sfT": 0.000047140058043415403,
    "dsfb-red": 0.007210725455190246,
    "oneh-in": 0.001386140048324925,
    "oneh-out": 0.005371312859402598,
    "redirect": 0.016027494219201594,
    "bad-redirect": 0.0009547430698287168,
    "unknown": 0.072903632847049
  },
  "english-1k": {
    "dsfb": 0.0,
    "sfb": 0.010232886379675371,
    "roll-out": 0.2582921665490473,
    "sfR": 0.10832745236414962,
    "roll-in": 0.20783345095271702,
    "alternate": 0.3175723359209598,
    "dsfb-alt": 0.04022582921665491,
    "sft": 0.0,
    "sfT": 0.0,
    "dsfb-red": 0.017290049400141144,
    "oneh-in": 0.0028228652081863093,
    "oneh-out": 0.011291460832745237,
    "redirect": 0.02611150317572336,
    "bad-redirect": 0.0,
    "unknown": 0.0
  },
  "shai": {
    "dsfb": 0.0,
    "sfb": 0.012028386816706418,
    "roll-out": 0.2788301952574797,
    "sfR": 0.09823378925716947,
    "roll-in": 0.1661893317290231,
    "alternate": 0.3220077134151156,
    "dsfb-alt": 0.04015192283457594,
    "sft": 0.0,
    "sfT": 0.00003606446924464792,
    "dsfb-red": 0.012208310510822747,
    "oneh-in": 0.0024233171385107844,
    "oneh-out": 0.01740346735991365,
    "redirect": 0.025818185069325213,
    "bad-redirect": 0.0014085540059814846,
    "unknown": 0.023260762136131256
  },
  "akl": {
    "dsfb": 0.0,
    "sfb": 0.020814088793578465,
    "roll-out": 0.24709109294860238,
    "sfR": 0.11790358951788564,
    "roll-in": 0.155446441725644,
    "alternate": 0.2900279921704694,
    "dsfb-alt": 0.04036214243257921,
    "sft": 0.0,
    "sfT": 0.00015569103711542983,
    "dsfb-red": 0.014207287282241644,
    "oneh-in": 0.0026500931606098332,
    "oneh-out": 0.021028016828261945,
    "redirect": 0.022298822460300023,
    "bad-redirect": 0.0013599578017193792,
    "unknown": 0.06665478384099267
  },
  "monkeyracer": {
    "dsfb": 0.0,
    "sfb": 0.00852303830332984,
    "roll-out": 0.2893629666703161,
    "sfR": 0.09690789370786869,
    "roll-in": 0.1591556923221296,
    "alternate": 0.31939741464253874,
    "dsfb-alt": 0.04124470181584998,
    "sft": 0.0,
    "sfT": 0.000012707821762047014,
    "dsfb-red": 0.01384761562162754,
    "oneh-in": 0.0035454822716111173,
    "oneh-out": 0.027433254610006726,
    "redirect": 0.025917113721319423,
    "bad-redirect": 0.0012160407901528067,
    "unknown": 0.013436077701487402
  },
  "tr-quotes": {
    "dsfb": 0.0,
    "sfb": 0.008581632417188692,
    "roll-out": 0.28847807494047756,
    "sfR": 0.09677191928064538,
    "roll-in": 0.15953514713020966,
    "alternate": 0.32013014031113474,
    "dsfb-alt": 0.041246157046762676,
    "sft": 0.0,
    "sfT": 0.000015025080326390976,
    "dsfb-red": 0.013914380157647765,
    "oneh-in": 0.0034777282078546495,
    "oneh-out": 0.0268821802547329,
    "redirect": 0.025929821317121658,
    "bad-redirect": 0.001202006426111278,
    "unknown": 0.013835787429786644
  },
  "reddit": {
    "dsfb": 0.0,
    "sfb": 0.012904865474509575,
    "roll-out": 0.26938195455404423,
    "sfR": 0.10397777127267367,
    "roll-in": 0.1580597958908094,
    "alternate": 0.3110794346252957,
    "dsfb-alt": 0.042747036790858596,
    "sft": 0.0,
    "sfT": 0.0001485561009979217,
    "dsfb-red": 0.012720687373499292,
    "oneh-in": 0.003058585079925692,
    "oneh-out": 0.020956785944180586,
    "redirect": 0.0243863492450552,
    "bad-redirect": 0.0012927302465053638,
    "unknown": 0.039285447401644795
  },
  "keymash": {
    "dsfb": 0.0,
    "sfb": 0.009687496151683203,
    "roll-out": 0.2918358215694565,
    "sfR": 0.099723742164827,
    "roll-in": 0.15924437530016872,
    "alternate": 0.31573438199110887,
    "dsfb-alt": 0.0413565778509357,
    "sft": 0.0,
    "sfT": 0.0,
    "dsfb-red": 0.0142192740124706,
    "oneh-in": 0.002984241399268512,
    "oneh-out": 0.026143924995792506,
    "redirect": 0.025478935853176964,
    "bad-redirect": 0.0012684052164703855,
    "unknown": 0.01232282349464109
  },
  "english-10k": {
    "dsfb": 0.0,
    "sfb": 0.01462727465699234,
    "roll-out": 0.2381466972848845,
    "sfR": 0.10567144593890508,
    "roll-in": 0.19470870882460778,
    "alternate": 0.35111248335616835,
    "dsfb-alt": 0.0414889716524189,
    "sft": 0.0,
    "sfT": 0.00003859439223480828,
    "dsfb-red": 0.012658960653017116,
    "oneh-in": 0.0016595588660967562,
    "oneh-out": 0.011250265336446614,
    "redirect": 0.026977480172130988,
    "bad-redirect": 0.0016595588660967562,
    "unknown": 0.0
  },
  "wordle": {
    "dsfb": 0.0,
    "sfb": 0.02710647369011556,
    "roll-out": 0.2273981824301582,
    "sfR": 0.13138112868843263,
    "roll-in": 0.1722652305621003,
    "alternate": 0.32974307191742397,
    "dsfb-alt": 0.05320318635700662,
    "sft": 0.0,
    "sfT": 0.000044878267698866824,
    "dsfb-red": 0.014091776057444183,
    "oneh-in": 0.001795130707954673,
    "oneh-out": 0.012004936609446876,
    "redirect": 0.02802647817794233,
    "bad-redirect": 0.002939526534275777,
    "unknown": 0.0
  },
  "chained-bigrams": {
    "dsfb": 0.0,
    "sfb": 0.014176269341975146,
    "roll-out": 0.2566240441423302,
    "sfR": 0.11914286586209158,
    "roll-in": 0.1396732309206686,
    "alternate": 0.3259671880366909,
    "dsfb-alt": 0.044917599988052795,
    "sft": 0.0,
    "sfT": 0.00004480202375286425,
    "dsfb-red": 0.017711084085606926,
    "oneh-in": 0.004402935116930035,
    "oneh-out": 0.015023611965127144,
    "redirect": 0.03635521901371916,
    "bad-redirect": 0.003044589701118557,
    "unknown": 0.022916559801936097
  },
  "english-450k": {
    "dsfb": 0.0,
    "sfb": 0.022650983657262667,
    "roll-out": 0.21772307915390332,
    "sfR": 0.11369548401129392,
    "roll-in": 0.18364925238306007,
    "alternate": 0.36682402688181787,
    "dsfb-alt": 0.04264015515397582,
    "sft": 0.0,
    "sfT": 0.00008097989769052348,
    "dsfb-red": 0.011840605834879357,
    "oneh-in": 0.0022884860618101726,
    "oneh-out": 0.009771087077654752,
    "redirect": 0.026552636056460237,
    "bad-redirect": 0.002129449728439614,
    "unknown": 0.00015377410175167997
  },
  "english-200": {
    "dsfb": 0.0,
    "sfb": 0.0,
    "roll-out": 0.2650334075723831,
    "sfR": 0.10690423162583519,
    "roll-in": 0.19821826280623608,
    "alternate": 0.32293986636971045,
    "dsfb-alt": 0.042316258351893093,
    "sft": 0.0,
    "sfT": 0.0,
    "dsfb-red": 0.013363028953229399,
    "oneh-in": 0.0066815144766146995,
    "oneh-out": 0.015590200445434299,
    "redirect": 0.028953229398663696,
    "bad-redirect": 0.0,
    "unknown": 0.0
  },
  "english-5k": {
    "dsfb": 0.0,
    "sfb": 0.014560086281992781,
    "roll-out": 0.2337495333305679,
    "sfR": 0.10644211224955408,
    "roll-in": 0.1936781847596134,
    "alternate": 0.3576969345003526,
    "dsfb-alt": 0.0387439332973825,
    "sft": 0.0,
    "sfT": 0.0,
    "dsfb-red": 0.014643049736591031,
    "oneh-in": 0.0015348239100676153,
    "oneh-out": 0.008918571369311817,
    "redirect": 0.02600904301655121,
    "bad-redirect": 0.0018666777284606132,
    "unknown": 0.002157049819554486
  },
  "movie": {
    "dsfb": 0.0,
    "sfb": 0.008289611048112301,
    "roll-out": 0.25514715336109434,
    "sfR": 0.11567713207251198,
    "roll-in": 0.1569759553641187,
    "alternate": 0.3068161495288337,
    "dsfb-alt": 0.04937840418933823,
    "sft": 0.0,
    "sfT": 9.343446539496657e-6,
    "dsfb-red": 0.015167308886051932,
    "oneh-in": 0.0021550462046591163,
    "oneh-out": 0.03635245533273263,
    "redirect": 0.022900524272629137,
    "bad-redirect": 0.0008944705088585743,
    "unknown": 0.030236445784519856
  },
  "gutenberg": {
    "dsfb": 0.0,
    "sfb": 0.010831616088941325,
    "roll-out": 0.31055943332639996,
    "sfR": 0.09863878308844841,
    "roll-in": 0.1506723300685799,
    "alternate": 0.295330042437627,
    "dsfb-alt": 0.044579399205047505,