{
  "dutch": {
    "dsfb": 0.0,
    "sfb": 0.04933878582487517,
    "roll-out": 0.12989015344420612,
    "sfR": 0.18880787437283908,
    "roll-in": 0.21403824114831102,
    "alternate": 0.2727855657393302,
    "dsfb-alt": 0.039576831104362276,
    "sft": 0.0,
    "sfT": 0.00007123904549505111,
    "dsfb-red": 0.00852385130939087,
    "oneh-in": 0.0012961812536486925,
    "oneh-out": 0.0016327601922310243,
    "redirect": 0.019234076083013696,
    "bad-redirect": 0.001201739760413748,
    "unknown": 0.07360270072188302
  },
  "english-1k": {
    "dsfb": 0.0,
    "sfb": 0.015525758645024701,
    "roll-out": 0.21983062808750883,
    "sfR": 0.10832745236414962,
    "roll-in": 0.22794636556104447,
    "alternate": 0.3168666196189132,
    "dsfb-alt": 0.05434015525758645,
    "sft": 0.0,
    "sfT": 0.0,
    "dsfb-red": 0.014820042342978124,
    "oneh-in": 0.0017642907551164433,
    "oneh-out": 0.009527170077628794,
    "redirect": 0.030698659139026113,
    "bad-redirect": 0.00035285815102328866,
    "unknown": 0.0
  },
  "shai": {
    "dsfb": 0.0,
    "sfb": 0.01749415877903155,
    "roll-out": 0.22870230533933733,
    "sfR": 0.09823378925716947,
    "roll-in": 0.19188035838747003,
    "alternate": 0.32275140859658047,
    "dsfb-alt": 0.05856466121692465,
    "sft": 0.0,
    "sfT": 0.00004214875188605021,
    "dsfb-red": 0.012715643696977334,
    "oneh-in": 0.0006755605048623172,
    "oneh-out": 0.013776948495386318,
    "redirect": 0.030116138582928772,
    "bad-redirect": 0.0009491287400147324,
    "unknown": 0.024097749651430984
  },
  "akl": {
    "dsfb": 0.0,
    "sfb": 0.022140901070086243,
    "roll-out": 0.2074858456216496,
    "sfR": 0.11790358951788564,
    "roll-in": 0.17300805615929976,
    "alternate": 0.2890123141511815,
    "dsfb-alt": 0.05969453331781999,
    "sft": 0.0,
    "sfT": 0.00021653011329822013,
    "dsfb-red": 0.011164404159311149,
    "oneh-in": 0.0010248472486921766,
    "oneh-out": 0.01644018050495442,
    "redirect": 0.027902274848642664,
    "bad-redirect": 0.0006952506241581192,
    "unknown": 0.07331127266302054
  },
  "monkeyracer": {
    "dsfb": 0.0,
    "sfb": 0.019268967890266983,
    "roll-out": 0.24023061763923861,
    "sfR": 0.09690789370786869,
    "roll-in": 0.1801108904077451,
    "alternate": 0.3180435428625053,
    "dsfb-alt": 0.06722242207172685,
    "sft": 0.0,
    "sfT": 0.00002052801976946056,
    "dsfb-red": 0.012100778891721538,
    "oneh-in": 0.000644188810860691,
    "oneh-out": 0.022919045310227256,
    "redirect": 0.027993376292287722,
    "bad-redirect": 0.001045951483491562,
    "unknown": 0.013491796612290222
  },
  "tr-quotes": {
    "dsfb": 0.0,
    "sfb": 0.019366172765308245,
    "roll-out": 0.2395078708305402,
    "sfR": 0.09677191928064538,
    "roll-in": 0.18072744504287927,
    "alternate": 0.3184242158063845,
    "dsfb-alt": 0.06708467210651627,
    "sft": 0.0,
    "sfT": 0.00002195973278472527,
    "dsfb-red": 0.012162224636508633,
    "oneh-in": 0.0006345206999375881,
    "oneh-out": 0.02241857562238506,
    "redirect": 0.027963986038233052,
    "bad-redirect": 0.0010217054621945863,
    "unknown": 0.013894731975682485
  },
  "reddit": {
    "dsfb": 0.0,
    "sfb": 0.01964705003205418,
    "roll-out": 0.22695401746676638,
    "sfR": 0.10397777127267367,
    "roll-in": 0.1742194483759121,
    "alternate": 0.30871673336895533,
    "dsfb-alt": 0.06314405915124872,
    "sft": 0.0,
    "sfT": 0.00012151184862260663,
    "dsfb-red": 0.012246439064186461,
    "oneh-in": 0.0006176352872805674,
    "oneh-out": 0.016678849690330202,
    "redirect": 0.027702528955985104,
    "bad-redirect": 0.0007745443914359618,
    "unknown": 0.04519941109454869
  },
  "keymash": {
    "dsfb": 0.0,
    "sfb": 0.018250257580670982,
    "roll-out": 0.2387844655252388,
    "sfR": 0.099723742164827,
    "roll-in": 0.18402958791197513,
    "alternate": 0.3162885396099551,
    "dsfb-alt": 0.066100741750235,
    "sft": 0.0,
    "sfT": 0.00002873409875499255,
    "dsfb-red": 0.012482913473418907,
    "oneh-in": 0.0007799255376355121,
    "oneh-out": 0.0219815855475693,
    "redirect": 0.02816352165114341,
    "bad-redirect": 0.0010097983276754524,
    "unknown": 0.012376186820900362
  },
  "english-10k": {
    "dsfb": 0.0,
    "sfb": 0.01673066903378939,
    "roll-out": 0.19833658169467977,
    "sfR": 0.10567144593890508,
    "roll-in": 0.2166882152023311,
    "alternate": 0.3499932459813589,
    "dsfb-alt": 0.05476544258119295,
    "sft": 0.0,
    "sfT": 0.00005789158835221242,
    "dsfb-red": 0.014357113911348682,
    "oneh-in": 0.0008876710214005905,
    "oneh-out": 0.006310183130391154,
    "redirect": 0.03523668011037996,
    "bad-redirect": 0.000964859805870207,
    "unknown": 0.0
  },
  "wordle": {
    "dsfb": 0.0,
    "sfb": 0.027532817233254795,
    "roll-out": 0.20112195669247168,
    "sfR": 0.13138112868843263,
    "roll-in": 0.18550431953326602,
    "alternate": 0.3301469763267138,
    "dsfb-alt": 0.06069785706271738,
    "sft": 0.0,
    "sfT": 0.0001795130707954673,
    "dsfb-red": 0.013912262986648716,
    "oneh-in": 0.0027600134634803096,
    "oneh-out": 0.007719062044205094,
    "redirect": 0.03675530124537193,
    "bad-redirect": 0.002288791652642208,
    "unknown": 0.0
  },
  "chained-bigrams": {
    "dsfb": 0.0,
    "sfb": 0.019060339235729418,
    "roll-out": 0.21362059438650122,
    "sfR": 0.11914286586209158,
    "roll-in": 0.16518830810027083,
    "alternate": 0.32272001527164634,
    "dsfb-alt": 0.06590312763577123,
    "sft": 0.0,
    "sfT": 0.00004999646128942822,
    "dsfb-red": 0.020197271751544857,
    "oneh-in": 0.004129577841568356,
    "oneh-out": 0.007722830007486483,
    "redirect": 0.037329176051824904,
    "bad-redirect": 0.0017764976375048778,
    "unknown": 0.023159399756770463
  },
  "english-450k": {
    "dsfb": 0.0,
    "sfb": 0.02906242819246437,
    "roll-out": 0.18899012513002098,
    "sfR": 0.11369548401129392,
    "roll-in": 0.19865362880568976,
    "alternate": 0.3577814665371768,
    "dsfb-alt": 0.05503738815565214,
    "sft": 0.0,
    "sfT": 0.00013564863728665304,
    "dsfb-red": 0.014169143326233218,
    "oneh-in": 0.0015023671271898924,
    "oneh-out": 0.005368937982261602,
    "redirect": 0.034258004877504016,
    "bad-redirect": 0.0011916031154749953,
    "unknown": 0.00015377410175167997
  },
  "english-200": {
    "dsfb": 0.0,
    "sfb": 0.017817371937639197,
    "roll-out": 0.24276169265033407,
    "sfR": 0.10690423162583519,
    "roll-in": 0.19821826280623608,
    "alternate": 0.3051224944320713,
    "dsfb-alt": 0.0757238307349666,
    "sft": 0.0,
    "sfT": 0.0,
    "dsfb-red": 0.011135857461024499,
    "oneh-in": 0.0,
    "oneh-out": 0.013363028953229399,
    "redirect": 0.028953229398663696,
    "bad-redirect": 0.0,
    "unknown": 0.0
  },
  "english-5k": {
    "dsfb": 0.0,
    "sfb": 0.016966026465342017,
    "roll-out": 0.1960426432156635,
    "sfR": 0.10644211224955408,
    "roll-in": 0.22080723441324096,
    "alternate": 0.3473265026755714,
    "dsfb-alt": 0.05284772057908491,
    "sft": 0.0,
    "sfT": 0.0,
    "dsfb-red": 0.0155971294644709,
    "oneh-in": 0.00078815281868337,
    "oneh-out": 0.006637076367859957,
    "redirect": 0.03368316256688929,
    "bad-redirect": 0.0007051893640851205,
    "unknown": 0.002157049819554486
  },
  "movie": {
    "dsfb": 0.0,
    "sfb": 0.021901433482095917,
    "roll-out": 0.22302175220153314,
    "sfR": 0.11567713207251198,
    "roll-in": 0.16320237549890385,
    "alternate": 0.30726002903837907,
    "dsfb-alt": 0.06753035205448571,
    "sft": 0.0,
    "sfT": 0.00002460879581529401,
    "dsfb-red": 0.013549576656333166,
    "oneh-in": 0.0006782552600643066,
    "oneh-out": 0.03422991379420388,
    "redirect": 0.021563490232611022,
    "bad-redirect": 0.0010787074828768183,
    "unknown": 0.030282373430185833
  },
  "gutenberg": {
    "dsfb": 0.0,
    "sfb": 0.014519381845061175,
    "roll-out": 0.2456051614702264,
    "sfR": 0.09863878308844841,
    "roll-in": 0.19144632327840802,