{
  "dutch": {
    "dsfb-alt": 0.038294008292418545,
    "redirect": 0.022867536365174825,
    "dsfb": 0.0,
    "unknown": 0.06828908915832815,
    "sfb": 0.05776477085933224,
    "sft": 0.0,
    "bad-redirect": 0.001261789990306254,
    "roll-out": 0.13869306170427395,
    "oneh-in": 0.0023057208306591047,
    "alternate": 0.2762920580675144,
    "oneh-out": 0.0019096116552170775,
    "dsfb-red": 0.005909702887098144,
    "roll-in": 0.19743437947922446,
    "sfR": 0.18880787437283908,
    "sfT": 0.00017039633761376058
  },
  "akl": {
    "dsfb-alt": 0.051869835106278184,
    "redirect": 0.027251569332198827,
    "dsfb": 0.0,
    "unknown": 0.06510202440477142,
    "sfb": 0.021915325635889157,
    "sft": 0.0,
    "bad-redirect": 0.0012232247659399308,
    "roll-out": 0.19065609677551656,
    "oneh-in": 0.00267016633849499,
    "alternate": 0.2997902476819507,
    "oneh-out": 0.015603922001578346,
    "dsfb-red": 0.012525353229074238,
    "roll-in": 0.1932455367227018,
    "sfR": 0.11790358951788564,
    "sfT": 0.00024310848772023344
  },
  "mt-quotes": {
    "dsfb-alt": 0.05622093926680293,
    "redirect": 0.03235079666750338,
    "dsfb": 0.0,
    "unknown": 0.0052458732264735065,
    "sfb": 0.013355984269850947,
    "sft": 0.0,
    "bad-redirect": 0.001068299446576063,
    "roll-out": 0.22401417625894982,
    "oneh-in": 0.0028956144440061677,
    "alternate": 0.3324144463967679,
    "oneh-out": 0.023250080682755407,
    "dsfb-red": 0.008159417171680951,
    "roll-in": 0.20454871445476386,
    "sfR": 0.0964592223377679,
    "sfT": 0.000016435376101170198
  },
  "english-1k": {
    "dsfb-alt": 0.04693013408609739,
    "redirect": 0.03458009880028229,
    "dsfb": 0.0,
    "unknown": 0.0,
    "sfb": 0.013761467889908258,
    "sft": 0.0,
    "bad-redirect": 0.0,
    "roll-out": 0.19442484121383205,
    "oneh-in": 0.0035285815102328866,
    "alternate": 0.32427664079040225,
    "oneh-out": 0.008468595624558928,
    "dsfb-red": 0.011644318983768526,
    "roll-in": 0.25405786873676783,
    "sfR": 0.10832745236414962,
    "sfT": 0.0
  },
  "english-5k": {
    "dsfb-alt": 0.0511469697598208,
    "redirect": 0.034761687476666525,
    "dsfb": 0.0,
    "unknown": 0.0,
    "sfb": 0.01725639855643589,
    "sft": 0.0,
    "bad-redirect": 0.0018666777284606132,
    "roll-out": 0.17969884265980834,
    "oneh-in": 0.00236445845605011,
    "alternate": 0.34977392458621975,
    "oneh-out": 0.00551706973078359,
    "dsfb-red": 0.013564524826813789,
    "roll-in": 0.2376073339693865,
    "sfR": 0.10644211224955408,
    "sfT": 0.0
  },
  "french": {
    "dsfb-alt": 0.042112044884149415,
    "redirect": 0.026991399810536675,
    "dsfb": 0.0,
    "unknown": 0.1502279269466985,
    "sfb": 0.036803904650606824,
    "sft": 0.0,
    "bad-redirect": 0.0032014540533311197,
    "roll-out": 0.19907727456928975,
    "oneh-in": 0.001080175562575146,
    "alternate": 0.24489536182210797,
    "oneh-out": 0.01216600182511751,
    "dsfb-red": 0.011141513755657273,
    "roll-in": 0.16326050826515812,
    "sfR": 0.10898279115633469,
    "sfT": 0.0000596426984370332
  },
  "gutenberg": {
    "dsfb-alt": 0.05828590783597654,
    "redirect": 0.029367057626288974,
    "dsfb": 0.0,
    "unknown": 0.025604274906105663,
    "sfb": 0.013805205192234759,
    "sft": 0.0,
    "bad-redirect": 0.0015300808554055596,
    "roll-out": 0.23500768923881651,
    "oneh-in": 0.002832458703729593,
    "alternate": 0.30919700401946953,
    "oneh-out": 0.013399242177113536,
    "dsfb-red": 0.007091565782110576,
    "roll-in": 0.20506512268115176,
    "sfR": 0.09863878308844841,
    "sfT": 0.0001756078931485643
  },
  "monkeyracer": {
    "dsfb-alt": 0.055471597040837074,
    "redirect": 0.032541798958349626,
    "dsfb": 0.0,
    "unknown": 0.009422361074182399,
    "sfb": 0.014443905719692823,
    "sft": 0.0,
    "bad-redirect": 0.0011525016813425716,
    "roll-out": 0.22046702222500272,
    "oneh-in": 0.0028563273222077983,
    "alternate": 0.3312733628415471,
    "oneh-out": 0.021682476500304988,
    "dsfb-red": 0.008655981669455871,
    "roll-in": 0.20510228818993698,
    "sfR": 0.09690789370786869,
    "sfT": 0.00002248306927131395
  },
  "keymash": {
    "dsfb-alt": 0.05494780656204718,
    "redirect": 0.03269119464068009,
    "dsfb": 0.0,
    "unknown": 0.008620229626497765,
    "sfb": 0.014674914721299767,
    "sft": 0.0,
    "bad-redirect": 0.0011698883064532681,
    "roll-out": 0.2211129947909184,
    "oneh-in": 0.002631222471707175,
    "alternate": 0.3288207115383826,
    "oneh-out": 0.020417629601047562,
    "dsfb-red": 0.009001982652814095,
    "roll-in": 0.20615894882457012,
    "sfR": 0.099723742164827,
    "sfT": 0.00002873409875499255
  },
  "wordle": {
    "dsfb-alt": 0.059082239425558174,
    "redirect": 0.03397284864804218,
    "dsfb": 0.0,
    "unknown": 0.0,
    "sfb": 0.034174800852687086,
    "sft": 0.0,
    "bad-redirect": 0.0031863570066195447,
    "roll-out": 0.1930214293728262,
    "oneh-in": 0.0026478177942331426,
    "alternate": 0.331762593963873,
    "oneh-out": 0.007786379445753394,
    "dsfb-red": 0.014159093458992482,
    "roll-in": 0.1886457982721867,
    "sfR": 0.13138112868843263,
    "sfT": 0.0001795130707954673
  },
  "tr-quotes": {
    "dsfb-alt": 0.05537435565520908,
    "redirect": 0.03252352002958785,
    "dsfb": 0.0,
    "unknown": 0.009802131249855527,
    "sfb": 0.014510760269064515,
    "sft": 0.0,
    "bad-redirect": 0.0011407503293959919,
    "roll-out": 0.21998104528328055,
    "oneh-in": 0.002802755368576778,
    "alternate": 0.3316127690067266,
    "oneh-out": 0.021194609463489056,
    "dsfb-red": 0.008699521508980375,
    "roll-in": 0.20556390282240355,
    "sfR": 0.09677191928064538,
    "sfT": 0.00002195973278472527
  },
  "movie": {
    "dsfb-alt": 0.05591157888586375,
    "redirect": 0.027957829209429932,
    "dsfb": 0.0,
    "unknown": 0.024529179122950412,
    "sfb": 0.01606809609116256,
    "sft": 0.0,
    "bad-redirect": 0.0009132889997761521,
    "roll-out": 0.1995986529118851,
    "oneh-in": 0.00222597743965614,
    "alternate": 0.3210255577478293,
    "oneh-out": 0.030866667833500835,
    "dsfb-red": 0.010102371274613237,
    "roll-in": 0.1950902425598201,
    "sfR": 0.11567713207251198,
    "sfT": 0.00003342585100045283
  },
  "english-200": {
    "dsfb-alt": 0.05790645879732739,
    "redirect": 0.031180400890868598,
    "dsfb": 0.0,
    "unknown": 0.0,
    "sfb": 0.013363028953229399,
    "sft": 0.0,
    "bad-redirect": 0.0,
    "roll-out": 0.21158129175946547,
    "oneh-in": 0.004454342984409799,
    "alternate": 0.32293986636971045,
    "oneh-out": 0.017817371937639197,
    "dsfb-red": 0.004454342984409799,
    "roll-in": 0.22939866369710468,
    "sfR": 0.10690423162583519,
    "sfT": 0.0
  },
  "english-10k": {
    "dsfb-alt": 0.05277783138110033,
    "redirect": 0.03676115860365489,
    "dsfb": 0.0,
    "unknown": 0.0,
    "sfb": 0.017367476505663726,
    "sft": 0.0,
    "bad-redirect": 0.0015823700816271396,
    "roll-out": 0.18093051079678124,
    "oneh-in": 0.0023735551224407093,
    "alternate": 0.35198085718145156,
    "oneh-out": 0.004805001833233631,
    "dsfb-red": 0.012369502711256055,
    "roll-in": 0.23332239825553347,
    "sfR": 0.10567144593890508,
    "sfT": 0.00005789158835221242
  },
  "reddit": {
    "dsfb-alt": 0.05532201482676789,
    "redirect": 0.030761638439696468,
    "dsfb": 0.0,
    "unknown": 0.03912123410190327,
    "sfb": 0.015551756125270325,
    "sft": 0.0,
    "bad-redirect": 0.0012078142906399355,
    "roll-out": 0.20804109527723824,
    "oneh-in": 0.003038695193483459,
    "alternate": 0.3188358161043279,
    "oneh-out": 0.015759457481809274,
    "dsfb-red": 0.010113988527168893,
    "roll-in": 0.1981401645167048,
    "sfR": 0.10397777127267367,
    "sfT": 0.00012855384231590195
  },
  "english-450k": {
    "dsfb-alt": 0.05243287585050819,
    "redirect": 0.034591279546699674,
    "dsfb": 0.0,
    "unknown": 0.0,
    "sfb": 0.027325014719631224,
    "sft": 0.0,
    "bad-redirect": 0.0020969993001231945,