{
  "english-1k": {
    "sfb": 0.011291460832745237,
    "unknown": 0.0,
    "outoneh": 0.03352152434721242,
    "red-sfs": 0.016937191249117856,
    "alt-sfs": 0.03175723359209598,
    "sft": 0.0,
    "inroll": 0.2272406492589979,
    "bad-red-sfs": 0.0038814396612561752,
    "red": 0.05222300635144672,
    "sfr": 0.10832745236414962,
    "outroll": 0.24629498941425548,
    "inoneh": 0.0014114326040931546,
    "bad-red": 0.006351446718419196,
    "alt": 0.2607621736062103
  },
  "shai": {
    "sfb": 0.012372640327863877,
    "unknown": 0.016411783475088346,
    "outoneh": 0.030055497017772607,
    "red-sfs": 0.014527169186096377,
    "alt-sfs": 0.03452317182788261,
    "sft": 0.00003287912279816313,
    "inroll": 0.22925186855596286,
    "bad-red-sfs": 0.002741960154605802,
    "red": 0.052050016209272076,
    "sfr": 0.09823378925716947,
    "outroll": 0.24030560515699462,
    "inoneh": 0.0008420306579725932,
    "bad-red": 0.0038532861164101307,
    "alt": 0.2647983029341105
  },
  "chained-bigrams": {
    "sfb": 0.012540021517957495,
    "unknown": 0.016332610224341265,
    "outoneh": 0.0338476042929429,
    "red-sfs": 0.018900610281480077,
    "alt-sfs": 0.04065426537991791,
    "sft": 0.000031166625219383826,
    "inroll": 0.19868593716418773,
    "bad-red-sfs": 0.004269827655055584,
    "red": 0.0641389667874157,
    "sfr": 0.11914286586209158,
    "outroll": 0.22529704066400494,
    "inoneh": 0.0020115459360343976,
    "bad-red": 0.00344066556328156,
    "alt": 0.26070687204606946
  },
  "english-200": {
    "sfb": 0.004454342984409799,
    "unknown": 0.0,
    "outoneh": 0.035634743875278395,
    "red-sfs": 0.028953229398663696,
    "alt-sfs": 0.0334075723830735,
    "sft": 0.0,
    "inroll": 0.22048997772828507,
    "bad-red-sfs": 0.004454342984409799,
    "red": 0.04899777282850779,
    "sfr": 0.10690423162583519,
    "outroll": 0.2516703786191537,
    "inoneh": 0.0,
    "bad-red": 0.0022271714922048997,
    "alt": 0.26280623608017817
  },
  "english-450k": {
    "sfb": 0.0245027044947059,
    "unknown": 0.0,
    "outoneh": 0.028806040574144553,
    "red-sfs": 0.015665663529402133,
    "alt-sfs": 0.037020968823616426,
    "sft": 0.00014091086890553184,
    "inroll": 0.19315781257217296,
    "bad-red-sfs": 0.0021326655366511508,
    "red": 0.05921413833003664,
    "sfr": 0.11369548401129392,
    "outroll": 0.23571289498164358,
    "inoneh": 0.0016517560359258399,
    "bad-red": 0.002578785839451652,
    "alt": 0.2857201744020497
  },
  "english-5k": {
    "sfb": 0.01277637200813042,
    "unknown": 0.0,
    "outoneh": 0.023686066287800223,
    "red-sfs": 0.01331563446301904,
    "alt-sfs": 0.033102418384701536,
    "sft": 0.0,
    "inroll": 0.22777616459949393,
    "bad-red-sfs": 0.002779275729041357,
    "red": 0.050317335213838306,
    "sfr": 0.10644211224955408,
    "outroll": 0.23868585887916371,
    "inoneh": 0.0013688970008711163,
    "bad-red": 0.003567428547724727,
    "alt": 0.28618243663666154
  },
  "monkeyracer": {
    "sfb": 0.012112509188732658,
    "unknown": 0.009422361074182399,
    "outoneh": 0.0333795376698938,
    "red-sfs": 0.018126241456433677,
    "alt-sfs": 0.03424269202496207,
    "sft": 0.00002248306927131395,
    "inroll": 0.22998811329902874,
    "bad-red-sfs": 0.002665709995777093,
    "red": 0.05525556407088227,
    "sfr": 0.09690789370786869,
    "outroll": 0.24528148802727684,
    "inoneh": 0.0005943350485634296,
    "bad-red": 0.0037585826673131365,
    "alt": 0.25824248869981387
  },
  "tr-quotes": {
    "sfb": 0.012088255010286401,
    "unknown": 0.009802131249855527,
    "outoneh": 0.03310834238690737,
    "red-sfs": 0.018065925429370563,
    "alt-sfs": 0.03417165576385197,
    "sft": 0.00002542705901389242,
    "inroll": 0.22923880631515683,
    "bad-red-sfs": 0.0026548161161323133,
    "red": 0.05483114121263956,
    "sfr": 0.09677191928064538,
    "outroll": 0.24608307713645083,
    "inoneh": 0.0006171840687917524,
    "bad-red": 0.0037863202422505258,
    "alt": 0.25875499872864705
  },
  "movie": {
    "sfb": 0.011929080872004125,
    "unknown": 0.024529179122950412,
    "outoneh": 0.031907738334542496,
    "red-sfs": 0.01976849571431899,
    "alt-sfs": 0.034829078753278925,
    "sft": 0.000022898023913696032,
    "inroll": 0.22143231350711004,
    "bad-red-sfs": 0.0024346916116510936,
    "red": 0.05444557896403286,
    "sfr": 0.11567713207251198,
    "outroll": 0.2289110186738649,
    "inoneh": 0.0008306455571451113,
    "bad-red": 0.004526439255951084,
    "alt": 0.2487557095367243
  },
  "gutenberg": {
    "sfb": 0.011412618686877297,
    "unknown": 0.025604274906105663,
    "outoneh": 0.03515169907740501,
    "red-sfs": 0.022534073046063825,
    "alt-sfs": 0.029218918065941426,
    "sft": 0.0001610212612473351,
    "inroll": 0.22763935632413845,
    "bad-red-sfs": 0.003623167814842978,
    "red": 0.06183311150286637,
    "sfr": 0.09863878308844841,
    "outroll": 0.24399153899575018,
    "inoneh": 0.0005813814714918488,
    "bad-red": 0.003362313371622295,
    "alt": 0.23624774238719892
  },
  "keymash": {
    "sfb": 0.011715302549535534,
    "unknown": 0.008620229626497765,
    "outoneh": 0.03230123187186234,
    "red-sfs": 0.018615591121984458,
    "alt-sfs": 0.03462048412851531,
    "sft": 0.000053363326259271875,
    "inroll": 0.23045568175754166,
    "bad-red-sfs": 0.0026106981154536088,
    "red": 0.05638861637104752,
    "sfr": 0.099723742164827,
    "outroll": 0.24286060267719703,
    "inoneh": 0.0005993112026041304,
    "bad-red": 0.0034563015931005324,
    "alt": 0.2579788434935738
  },
  "english-10k": {
    "sfb": 0.012851932614191158,
    "unknown": 0.0,
    "outoneh": 0.026128403542965205,
    "red-sfs": 0.011462534493738059,
    "alt-sfs": 0.03515949132591035,
    "sft": 0.00007718878446961657,
    "inroll": 0.21774956098878834,
    "bad-red-sfs": 0.0024121495146755176,
    "red": 0.04695007815364428,
    "sfr": 0.10567144593890508,
    "outroll": 0.24335694023658364,
    "inoneh": 0.0011578317670442484,
    "bad-red": 0.0033577121244283206,
    "alt": 0.29366473051465625
  },
  "mt-quotes": {
    "sfb": 0.011482351394317544,
    "unknown": 0.0052458732264735065,
    "outoneh": 0.0340884641589271,
    "red-sfs": 0.01858691624532339,
    "alt-sfs": 0.03434993605144571,
    "sft": 5.9765004004255265e-6,
    "inroll": 0.2325859719582601,
    "bad-red-sfs": 0.0027865433116984017,
    "red": 0.055130227943725275,
    "sfr": 0.0964592223377679,
    "outroll": 0.24846105114689043,
    "inoneh": 0.0005035201587358507,
    "bad-red": 0.0036845124968623373,
    "alt": 0.256629433069172
  }
}