{
  "english-1k": {
    "sfb": 0.008468595624558928,
    "unknown": 0.0,
    "outoneh": 0.029992942836979536,
    "red-sfs": 0.019407198306280876,
    "alt-sfs": 0.019760056457304165,
    "sft": 0.0,
    "inroll": 0.23288637967537051,
    "bad-red-sfs": 0.0007057163020465773,
    "red": 0.06280875088214538,
    "sfr": 0.10832745236414962,
    "outroll": 0.2424135497529993,
    "inoneh": 0.0014114326040931546,
    "bad-red": 0.0014114326040931546,
    "alt": 0.27240649258997884
  },
  "shai": {
    "sfb": 0.01006994835016858,
    "unknown": 0.024097749651430984,
    "outoneh": 0.024758389730350168,
    "red-sfs": 0.013215913387062864,
    "alt-sfs": 0.027991899544003915,
    "sft": 0.00001529972600601988,
    "inroll": 0.22932633522137036,
    "bad-red-sfs": 0.0009968624918063446,
    "red": 0.0627873585017245,
    "sfr": 0.09823378925716947,
    "outroll": 0.23959471169015178,
    "inoneh": 0.0008982483458646849,
    "bad-red": 0.001561911214060545,
    "alt": 0.2664515828888298
  },
  "chained-bigrams": {
    "sfb": 0.011563467261083468,
    "unknown": 0.023159399756770463,
    "outoneh": 0.022681511503406578,
    "red-sfs": 0.019290842401414446,
    "alt-sfs": 0.03812002916676677,
    "sft": 0.00002077775014625588,
    "inroll": 0.20669900636902971,
    "bad-red-sfs": 0.002233608140722507,
    "red": 0.07596410383940358,
    "sfr": 0.11914286586209158,
    "outroll": 0.2154983835559691,
    "inoneh": 0.002570597275907095,
    "bad-red": 0.003677661775887291,
    "alt": 0.2593777453414012
  },
  "english-200": {
    "sfb": 0.0,
    "unknown": 0.0,
    "outoneh": 0.022271714922048998,
    "red-sfs": 0.022271714922048998,
    "alt-sfs": 0.022271714922048998,
    "sft": 0.0,
    "inroll": 0.19376391982182628,
    "bad-red-sfs": 0.0,
    "red": 0.0757238307349666,
    "sfr": 0.10690423162583519,
    "outroll": 0.2828507795100223,
    "inoneh": 0.0,
    "bad-red": 0.0,
    "alt": 0.2739420935412027
  },
  "english-450k": {
    "sfb": 0.02068144730079676,
    "unknown": 0.00015377410175167997,
    "outoneh": 0.022309815640638695,
    "red-sfs": 0.017316834872925877,
    "alt-sfs": 0.03165349257236007,
    "sft": 0.00002835758150173566,
    "inroll": 0.23324461600618837,
    "bad-red-sfs": 0.0011088691405781788,
    "red": 0.07293920777687671,
    "sfr": 0.11369548401129392,
    "outroll": 0.19961661719194457,
    "inoneh": 0.0018031913680691294,
    "bad-red": 0.002383790923352088,
    "alt": 0.2830645015117222
  },
  "english-5k": {
    "sfb": 0.011863774007549675,
    "unknown": 0.002157049819554486,
    "outoneh": 0.01937196664869125,
    "red-sfs": 0.013564524826813789,
    "alt-sfs": 0.02899572738208819,
    "sft": 0.0,
    "inroll": 0.2633260048948438,
    "bad-red-sfs": 0.0006637076367859958,
    "red": 0.060065541129132614,
    "sfr": 0.10644211224955408,
    "outroll": 0.20367528103870244,
    "inoneh": 0.0013688970008711163,
    "bad-red": 0.0023229767287509854,
    "alt": 0.28618243663666154
  },
  "monkeyracer": {
    "sfb": 0.007306997513177034,
    "unknown": 0.013491796612290222,
    "outoneh": 0.02887217104337082,
    "red-sfs": 0.013709784631746876,
    "alt-sfs": 0.02647430282934764,
    "sft": 7.820198007413547e-6,
    "inroll": 0.21457157045216385,
    "bad-red-sfs": 0.0021290489075183384,
    "red": 0.06897610147488935,
    "sfr": 0.09690789370786869,
    "outroll": 0.2626481927522405,
    "inoneh": 0.0006940425731579524,
    "bad-red": 0.00133920890876957,
    "alt": 0.26287106839545177
  },
  "tr-quotes": {
    "sfb": 0.007425857007466309,
    "unknown": 0.013894731975682485,
    "outoneh": 0.028509512031622015,
    "red-sfs": 0.013706340583897737,
    "alt-sfs": 0.026501930144934235,
    "sft": 8.09042786805668e-6,
    "inroll": 0.2148817641755854,
    "bad-red-sfs": 0.002113913224382238,
    "red": 0.06850049698342618,
    "sfr": 0.09677191928064538,
    "outroll": 0.26232865629550867,
    "inoneh": 0.0007154249786181549,
    "bad-red": 0.0013372321490487968,
    "alt": 0.26330413074131437
  },
  "movie": {
    "sfb": 0.007285914333228625,
    "unknown": 0.030282373430185833,
    "outoneh": 0.03275575480638076,
    "red-sfs": 0.013918313800046822,
    "alt-sfs": 0.03234503795215866,
    "sft": 5.921902736300698e-6,
    "inroll": 0.18585957536799033,
    "bad-red-sfs": 0.0035366919119573614,
    "red": 0.06363729319564164,
    "sfr": 0.11567713207251198,
    "outroll": 0.2647989336363944,
    "inoneh": 0.0008493324502241046,
    "bad-red": 0.0010637053292781899,
    "alt": 0.247984019811265
  },
  "gutenberg": {
    "sfb": 0.009431867736757138,
    "unknown": 0.03298207965968062,
    "outoneh": 0.035000907402166326,
    "red-sfs": 0.021251586059423285,
    "alt-sfs": 0.022725025318225373,
    "sft": 0.0000174281835702998,
    "inroll": 0.21258595220206994,
    "bad-red-sfs": 0.0008608007189504596,
    "red": 0.06748647326687134,
    "sfr": 0.09863878308844841,
    "outroll": 0.25801459648261366,
    "inoneh": 0.0006929597336973551,
    "bad-red": 0.0015253449359571086,
    "alt": 0.23878619521156869
  },
  "keymash": {
    "sfb": 0.007577592328816607,
    "unknown": 0.012376186820900362,
    "outoneh": 0.028906503347522504,
    "red-sfs": 0.014871948541334001,
    "alt-sfs": 0.026143924995792506,
    "sft": 0.0,
    "inroll": 0.21480380767857216,
    "bad-red-sfs": 0.002298727900399404,
    "red": 0.06784531203178812,
    "sfr": 0.099723742164827,
    "outroll": 0.25957974328135197,
    "inoneh": 0.0006690940138662551,
    "bad-red": 0.0013546075127353631,
    "alt": 0.2638488093820937
  },
  "english-10k": {
    "sfb": 0.012273016730669033,
    "unknown": 0.0,
    "outoneh": 0.0223654503000714,
    "red-sfs": 0.012195827946199417,
    "alt-sfs": 0.03126145771019471,
    "sft": 0.0,
    "inroll": 0.2651627718492503,
    "bad-red-sfs": 0.0005789158835221242,
    "red": 0.056444298643407116,
    "sfr": 0.10567144593890508,
    "outroll": 0.1971015611431659,
    "inoneh": 0.0013122093359834816,
    "bad-red": 0.0016016672777445437,
    "alt": 0.2940313772408869
  },
  "mt-quotes": {
    "sfb": 0.006433702681058079,
    "unknown": 0.007995063410669249,
    "outoneh": 0.029023380069566465,
    "red-sfs": 0.013813186550483499,
    "alt-sfs": 0.0263384372646753,
    "sft": 1.4941251001063816e-6,
    "inroll": 0.21384814907782598,
    "bad-red-sfs": 0.0022576230262607425,
    "red": 0.07004010231768686,
    "sfr": 0.0964592223377679,
    "outroll": 0.26979118107600913,
    "inoneh": 0.0006081089157432974,
    "bad-red": 0.0012386297079881904,
    "alt": 0.2621517194391652
  }
}