{
  "dutch": {
    "dsfb": 0.0,
    "sfb": 0.02558916196811123,
    "roll-out": 0.2010004379058568,
    "sfR": 0.18880787437283908,
    "roll-in": 0.18180121928683565,
    "alternate": 0.24764219917748578,
    "dsfb-alt": 0.03196176623917621,
    "sft": 0.0,
    "sfT": 0.00029354503241869667,
    "dsfb-red": 0.010639559513543291,
    "oneh-in": 0.0036384988353411222,
    "oneh-out": 0.006592095123293755,
    "redirect": 0.02420562188495036,
    "bad-redirect": 0.0042253199382649926,
    "unknown": 0.07360270072188302
  },
  "english-1k": {
    "dsfb": 0.0,
    "sfb": 0.010938602681721948,
    "roll-out": 0.21912491178546226,
    "sfR": 0.10832745236414962,
    "roll-in": 0.25511644318983767,
    "alternate": 0.3147494707127735,
    "dsfb-alt": 0.035638673253352154,
    "sft": 0.0,
    "sfT": 0.0,
    "dsfb-red": 0.007410021171489062,
    "oneh-in": 0.0045871559633027525,
    "oneh-out": 0.01058574453069866,
    "redirect": 0.031051517290049402,
    "bad-redirect": 0.0024700070571630206,
    "unknown": 0.0
  },
  "shai": {
    "dsfb": 0.0,
    "sfb": 0.011911848807588974,
    "roll-out": 0.1799395434403847,
    "sfR": 0.09823378925716947,
    "roll-in": 0.26788834056377303,
    "alternate": 0.3171970468471185,
    "dsfb-alt": 0.03502452523243353,
    "sft": 0.0,
    "sfT": 0.00001727750490535612,
    "dsfb-red": 0.008422280488216463,
    "oneh-in": 0.007626195453167589,
    "oneh-out": 0.01379938525522869,
    "redirect": 0.03271481620357483,
    "bad-redirect": 0.003127201295007823,
    "unknown": 0.024097749651430984
  },
  "akl": {
    "dsfb": 0.0,
    "sfb": 0.01686376173088287,
    "roll-out": 0.16350582264653452,
    "sfR": 0.11790358951788564,
    "roll-in": 0.23097239306107414,
    "alternate": 0.29212328499786444,
    "dsfb-alt": 0.03837892484837626,
    "sft": 0.0,
    "sfT": 0.0013011632158767437,
    "dsfb-red": 0.009673660930074589,
    "oneh-in": 0.006560769501556972,
    "oneh-out": 0.017825291733282976,
    "redirect": 0.027799678606118528,
    "bad-redirect": 0.0037803865474518154,
    "unknown": 0.07331127266302054
  },
  "monkeyracer": {
    "dsfb": 0.0,
    "sfb": 0.009266934638785054,
    "roll-out": 0.18470427921234966,
    "sfR": 0.09690789370786869,
    "roll-in": 0.26545173373789827,
    "alternate": 0.31802008226848305,
    "dsfb-alt": 0.03549685628040102,
    "sft": 0.0,
    "sfT": 9.775247509266934e-6,
    "dsfb-red": 0.008937508797722758,
    "oneh-in": 0.007127132959006522,
    "oneh-out": 0.0247186683766833,
    "redirect": 0.03309214539312135,
    "bad-redirect": 0.0027751927678808827,
    "unknown": 0.013491796612290222
  },
  "tr-quotes": {
    "dsfb": 0.0,
    "sfb": 0.009391830979404082,
    "roll-out": 0.18420055014909503,
    "sfR": 0.09677191928064538,
    "roll-in": 0.2658526155197522,
    "alternate": 0.31843692933589146,
    "dsfb-alt": 0.03548346085388687,
    "sft": 0.0,
    "sfT": 0.000010401978687501445,
    "dsfb-red": 0.008924897713876239,
    "oneh-in": 0.007147315133723215,
    "oneh-out": 0.024081736436975566,
    "redirect": 0.033051709391830976,
    "bad-redirect": 0.002751901250548993,
    "unknown": 0.013894731975682485
  },
  "reddit": {
    "dsfb": 0.0,
    "sfb": 0.010584266350675928,
    "roll-out": 0.17575003319663252,
    "sfR": 0.10397777127267367,
    "roll-in": 0.2523239609266739,
    "alternate": 0.30791387117309316,
    "dsfb-alt": 0.03720944518641337,
    "sft": 0.0,
    "sfT": 0.0000321759179922377,
    "dsfb-red": 0.008285954387733297,
    "oneh-in": 0.006320451541625393,
    "oneh-out": 0.018121821621430285,
    "redirect": 0.03081816167630914,
    "bad-redirect": 0.0034626756541984048,
    "unknown": 0.04519941109454869
  },
  "keymash": {
    "dsfb": 0.0,
    "sfb": 0.009547930529158952,
    "roll-out": 0.18829044427021546,
    "sfR": 0.099723742164827,
    "roll-in": 0.2619441491217628,
    "alternate": 0.3175774691826791,
    "dsfb-alt": 0.03578626756371786,
    "sft": 0.0,
    "sfT": 8.209742501426442e-6,
    "dsfb-red": 0.00893219984155197,
    "oneh-in": 0.007372348766280946,
    "oneh-out": 0.0234100807428175,
    "redirect": 0.03220681983309594,
    "bad-redirect": 0.0028241514204906965,
    "unknown": 0.012376186820900362
  },
  "english-10k": {
    "dsfb": 0.0,
    "sfb": 0.014800949422048976,
    "roll-out": 0.180776133227842,
    "sfR": 0.10567144593890508,
    "roll-in": 0.25898766909168097,
    "alternate": 0.3448601918141294,
    "dsfb-alt": 0.03392447077439648,
    "sft": 0.0,
    "sfT": 0.0,
    "dsfb-red": 0.008780224233418885,
    "oneh-in": 0.00997665039269794,
    "oneh-out": 0.006503155091565196,
    "redirect": 0.03292101657629146,
    "bad-redirect": 0.0027980934370236007,
    "unknown": 0.0
  },
  "wordle": {
    "dsfb": 0.0,
    "sfb": 0.03004600022439134,
    "roll-out": 0.1910692247279255,
    "sfR": 0.13138112868843263,
    "roll-in": 0.2086615056658813,
    "alternate": 0.3248962190059464,
    "dsfb-alt": 0.05071244249971951,
    "sft": 0.0,
    "sfT": 0.00022439133849433412,
    "dsfb-red": 0.013126893301918546,
    "oneh-in": 0.011735667003253675,
    "oneh-out": 0.006013687871648154,
    "redirect": 0.030988443846067543,
    "bad-redirect": 0.001144395826321104,
    "unknown": 0.0
  },
  "chained-bigrams": {
    "dsfb": 0.0,
    "sfb": 0.013106864514135038,
    "roll-out": 0.16143597628479542,
    "sfR": 0.11914286586209158,
    "roll-in": 0.22479967326987896,
    "alternate": 0.33529769646174395,
    "dsfb-alt": 0.04428647582736027,
    "sft": 0.0,
    "sfT": 0.000029868015835242832,
    "dsfb-red": 0.014506116125546958,
    "oneh-in": 0.01106869708572575,
    "oneh-out": 0.007118327339168851,
    "redirect": 0.039498503028032435,
    "bad-redirect": 0.006549536428915096,
    "unknown": 0.023159399756770463
  },
  "english-450k": {
    "dsfb": 0.0,
    "sfb": 0.0225188431743886,
    "roll-out": 0.1802627139901105,
    "sfR": 0.11369548401129392,
    "roll-in": 0.2270793269722698,
    "alternate": 0.35526027289933176,
    "dsfb-alt": 0.04103254339440835,
    "sft": 0.0,
    "sfT": 0.00011313797980589382,
    "dsfb-red": 0.00909225919881939,
    "oneh-in": 0.006853179644986467,
    "oneh-out": 0.005777637971327854,
    "redirect": 0.03459215658530282,
    "bad-redirect": 0.003568670076202961,
    "unknown": 0.00015377410175167997
  },
  "english-200": {
    "dsfb": 0.0,
    "sfb": 0.0,
    "roll-out": 0.19376391982182628,
    "sfR": 0.10690423162583519,
    "roll-in": 0.29175946547884185,
    "alternate": 0.2984409799554566,
    "dsfb-alt": 0.0400890868596882,
    "sft": 0.0,
    "sfT": 0.0,
    "dsfb-red": 0.008908685968819599,
    "oneh-in": 0.004454342984409799,
    "oneh-out": 0.015590200445434299,
    "redirect": 0.035634743875278395,
    "bad-redirect": 0.004454342984409799,
    "unknown": 0.0
  },
  "english-5k": {
    "dsfb": 0.0,
    "sfb": 0.014311195918198034,
    "roll-out": 0.18787074293773592,
    "sfR": 0.10644211224955408,
    "roll-in": 0.25312149997925915,
    "alternate": 0.3406479445804123,
    "dsfb-alt": 0.03442983365827353,
    "sft": 0.0,
    "sfT": 0.0,
    "dsfb-red": 0.008960053096610942,
    "oneh-in": 0.005641514912680964,
    "oneh-out": 0.007300784004645953,
    "redirect": 0.035052059567760405,
    "bad-redirect": 0.004065209275314224,
    "unknown": 0.002157049819554486
  },
  "movie": {
    "dsfb": 0.0,
    "sfb": 0.009881418503629929,
    "roll-out": 0.18044221874482244,
    "sfR": 0.11567713207251198,
    "roll-in": 0.23127148910455436,
    "alternate": 0.3062888369896257,
    "dsfb-alt": 0.042097622171814404,
    "sft": 0.0,
    "sfT": 0.000010133033571003417,
    "dsfb-red": 0.00975811132887629,
    "oneh-in": 0.00614298710512259,
    "oneh-out": 0.03518399812394121,
    "redirect": 0.03078626155412573,
    "bad-redirect": 0.0021774178372184743,
    "unknown": 0.030282373430185833
  },
  "gutenberg": {
    "dsfb": 0.0,
    "sfb": 0.011089818417270875,
    "roll-out": 0.18982057685014375,
    "sfR": 0.09863878308844841,
    "roll-in": 0.2698089302770361,
    "alternate": 0.3001464725167017,