{
  "dutch": {
    "dsfb": 0.0,
    "sfb": 0.030041145076298938,
    "roll-out": 0.17653969668053301,
    "sfR": 0.18880787437283908,
    "roll-in": 0.2246085877961078,
    "alternate": 0.21103402622823342,
    "dsfb-alt": 0.03400704228357415,
    "sft": 0.0,
    "sfT": 0.0000547965071816955,
    "dsfb-red": 0.01832638341725722,
    "oneh-in": 0.0045642119493036195,
    "oneh-out": 0.010242643452360695,
    "redirect": 0.02722109734380745,
    "bad-redirect": 0.0016488620454539178,
    "unknown": 0.072903632847049
  },
  "english-1k": {
    "dsfb": 0.0,
    "sfb": 0.01587861679604799,
    "roll-out": 0.255469301340861,
    "sfR": 0.10832745236414962,
    "roll-in": 0.2618207480592802,
    "alternate": 0.2300635144671842,
    "dsfb-alt": 0.03705010585744531,
    "sft": 0.0,
    "sfT": 0.0,
    "dsfb-red": 0.025052928722653495,
    "oneh-in": 0.010938602681721948,
    "oneh-out": 0.01305575158786168,
    "redirect": 0.04199011997177135,
    "bad-redirect": 0.00035285815102328866,
    "unknown": 0.0
  },
  "shai": {
    "dsfb": 0.0,
    "sfb": 0.016696657174360058,
    "roll-out": 0.2604922215620165,
    "sfR": 0.09823378925716947,
    "roll-in": 0.2362660323943928,
    "alternate": 0.24391502455542163,
    "dsfb-alt": 0.03954237215188227,
    "sft": 0.0,
    "sfT": 0.00003769778176034243,
    "dsfb-red": 0.018962456415326446,
    "oneh-in": 0.008073049631335821,
    "oneh-out": 0.008487222077554942,
    "redirect": 0.044223817381108005,
    "bad-redirect": 0.0018088974815404723,
    "unknown": 0.023260762136131256
  },
  "akl": {
    "dsfb": 0.0,
    "sfb": 0.01930172353013845,
    "roll-out": 0.25177502031789717,
    "sfR": 0.11790358951788564,
    "roll-in": 0.20215629298463497,
    "alternate": 0.22571074228505375,
    "dsfb-alt": 0.043870673719043164,
    "sft": 0.0,
    "sfT": 0.0003385180369274606,
    "dsfb-red": 0.01631032439122822,
    "oneh-in": 0.009530794423274676,
    "oneh-out": 0.006897428910902474,
    "redirect": 0.03717255163917942,
    "bad-redirect": 0.002377556402841916,
    "unknown": 0.06665478384099267
  },
  "monkeyracer": {
    "dsfb": 0.0,
    "sfb": 0.015105689976070194,
    "roll-out": 0.28548414845863895,
    "sfR": 0.09690789370786869,
    "roll-in": 0.21718644916089275,
    "alternate": 0.24541931901715752,
    "dsfb-alt": 0.040464637064610474,
    "sft": 0.0,
    "sfT": 0.000024438118773167336,
    "dsfb-red": 0.019500641256236607,
    "oneh-in": 0.009384237608896256,
    "oneh-out": 0.010712693745405634,
    "redirect": 0.04441090448410154,
    "bad-redirect": 0.0019628696998608003,
    "unknown": 0.013436077701487402
  },
  "tr-quotes": {
    "dsfb": 0.0,
    "sfb": 0.015169552252606274,
    "roll-out": 0.28478421673100485,
    "sfR": 0.09677191928064538,
    "roll-in": 0.21728693280321768,
    "alternate": 0.24573056563648552,
    "dsfb-alt": 0.04065440003698481,
    "sft": 0.0,
    "sfT": 0.000026582834423614803,
    "dsfb-red": 0.019574212339058275,
    "oneh-in": 0.009294745844987401,
    "oneh-out": 0.010616952913709808,
    "redirect": 0.04428700214974226,
    "bad-redirect": 0.0019671297473474953,
    "unknown": 0.013835787429786644
  },
  "reddit": {
    "dsfb": 0.0,
    "sfb": 0.015527446264063152,
    "roll-out": 0.26258283472834104,
    "sfR": 0.10397777127267367,
    "roll-in": 0.21427254800495263,
    "alternate": 0.24283847033663164,
    "dsfb-alt": 0.04242969758570116,
    "sft": 0.0,
    "sfT": 0.00008989779182930207,
    "dsfb-red": 0.017291690428713206,
    "oneh-in": 0.009270410123090678,
    "oneh-out": 0.00858917214809088,
    "redirect": 0.041922861326850205,
    "bad-redirect": 0.0019217525874176428,
    "unknown": 0.039285447401644795
  },
  "keymash": {
    "dsfb": 0.0,
    "sfb": 0.01573807637523449,
    "roll-out": 0.28267374893786457,
    "sfR": 0.099723742164827,
    "roll-in": 0.21754996654529932,
    "alternate": 0.24479810190753368,
    "dsfb-alt": 0.0403303600382574,
    "sft": 0.0,
    "sfT": 0.000012314613752139664,
    "dsfb-red": 0.020109764257244072,
    "oneh-in": 0.00916207263159191,
    "oneh-out": 0.011604471025766276,
    "redirect": 0.0439631710951386,
    "bad-redirect": 0.0020113869128494783,
    "unknown": 0.01232282349464109
  },
  "english-10k": {
    "dsfb": 0.0,
    "sfb": 0.017695528839659597,
    "roll-out": 0.2195634974238243,
    "sfR": 0.10567144593890508,
    "roll-in": 0.28343721657243204,
    "alternate": 0.25460720557303024,
    "dsfb-alt": 0.04185561837864958,
    "sft": 0.0,
    "sfT": 0.00005789158835221242,
    "dsfb-red": 0.019123521352347503,
    "oneh-in": 0.008046930780957527,
    "oneh-out": 0.005461106501225372,
    "redirect": 0.04212577912429324,
    "bad-redirect": 0.002354257926323305,
    "unknown": 0.0
  },
  "wordle": {
    "dsfb": 0.0,
    "sfb": 0.030808930775272074,
    "roll-out": 0.23796701447324134,
    "sfR": 0.13138112868843263,
    "roll-in": 0.21734545046561202,
    "alternate": 0.23830360148098284,
    "dsfb-alt": 0.049119263996409736,
    "sft": 0.0,
    "sfT": 0.000044878267698866824,
    "dsfb-red": 0.025805003926848424,
    "oneh-in": 0.006238079210142488,
    "oneh-out": 0.009828340626051835,
    "redirect": 0.050667564232020644,
    "bad-redirect": 0.0024907438572871086,
    "unknown": 0.0
  },
  "chained-bigrams": {
    "dsfb": 0.0,
    "sfb": 0.017634466131942608,
    "roll-out": 0.2377084998529325,
    "sfR": 0.11914286586209158,
    "roll-in": 0.19386420052087222,
    "alternate": 0.2628171122952986,
    "dsfb-alt": 0.04830632117596871,
    "sft": 0.0,
    "sfT": 0.0000357117580638773,
    "dsfb-red": 0.029812824936416838,
    "oneh-in": 0.007473497005731413,
    "oneh-out": 0.00811046490865257,
    "redirect": 0.04917314293988283,
    "bad-redirect": 0.0030043328102101865,
    "unknown": 0.022916559801936097
  },
  "english-450k": {
    "dsfb": 0.0,
    "sfb": 0.0270458240976296,
    "roll-out": 0.22534863746206077,
    "sfR": 0.11369548401129392,
    "roll-in": 0.24002295502370635,
    "alternate": 0.2652234899003158,
    "dsfb-alt": 0.045436738913208846,
    "sft": 0.0,
    "sfT": 0.000026895850496491555,
    "dsfb-red": 0.020960053230396288,
    "oneh-in": 0.007179145659155903,
    "oneh-out": 0.007287021407342918,
    "redirect": 0.045176843140476444,
    "bad-redirect": 0.002443137202164999,
    "unknown": 0.00015377410175167997
  },
  "english-200": {
    "dsfb": 0.0,
    "sfb": 0.015590200445434299,
    "roll-out": 0.2806236080178174,
    "sfR": 0.10690423162583519,
    "roll-in": 0.22494432071269488,
    "alternate": 0.24276169265033407,
    "dsfb-alt": 0.044543429844097995,
    "sft": 0.0,
    "sfT": 0.0,
    "dsfb-red": 0.026726057906458798,
    "oneh-in": 0.008908685968819599,
    "oneh-out": 0.013363028953229399,
    "redirect": 0.035634743875278395,
    "bad-redirect": 0.0,
    "unknown": 0.0
  },
  "english-5k": {
    "dsfb": 0.0,
    "sfb": 0.016551209192350768,
    "roll-out": 0.22462355332476044,
    "sfR": 0.10644211224955408,
    "roll-in": 0.27494088853859877,
    "alternate": 0.2548222507985233,
    "dsfb-alt": 0.044302484755465214,
    "sft": 0.0,
    "sfT": 0.00004148172729912474,
    "dsfb-red": 0.020574936740365868,
    "oneh-in": 0.008960053096610942,
    "oneh-out": 0.006056332185672211,
    "redirect": 0.03820467084249388,
    "bad-redirect": 0.0023229767287509854,
    "unknown": 0.002157049819554486
  },
  "movie": {
    "dsfb": 0.0,
    "sfb": 0.013852120087238838,
    "roll-out": 0.27262413591214213,
    "sfR": 0.11567713207251198,
    "roll-in": 0.19303705308222535,
    "alternate": 0.23609112834487161,
    "dsfb-alt": 0.0485301245218228,
    "sft": 0.0,
    "sfT": 0.000015396947114381815,
    "dsfb-red": 0.02208422287988973,
    "oneh-in": 0.010888668360155385,
    "oneh-out": 0.011387687364067658,
    "redirect": 0.04395157252179227,
    "bad-redirect": 0.0016243121216479891,
    "unknown": 0.030236445784519856
  },
  "gutenberg": {
    "dsfb": 0.0,
    "sfb": 0.015528700997915059,
    "roll-out": 0.2956011264668563,
    "sfR": 0.09863878308844841,
    "roll-in": 0.20152833803704853,