{
  "english-1k": {
    "sfb": 0.014820042342978124,
    "unknown": 0.0,
    "outoneh": 0.0014114326040931546,
    "red-sfs": 0.017290049400141144,
    "alt-sfs": 0.03458009880028229,
    "sft": 0.0,
    "inroll": 0.2364149611856034,
    "bad-red-sfs": 0.0007057163020465773,
    "red": 0.05010585744530699,
    "sfr": 0.10832745236414962,
    "outroll": 0.17925194071983064,
    "inoneh": 0.01587861679604799,
    "bad-red": 0.0,
    "alt": 0.3412138320395201
  },
  "shai": {
    "sfb": 0.019354613976262938,
    "unknown": 0.023260762136131256,
    "outoneh": 0.0015612338925196764,
    "red-sfs": 0.024260264246742585,
    "alt-sfs": 0.03384377187748577,
    "sft": 0.00010043323807999237,
    "inroll": 0.19804293552858793,
    "bad-red-sfs": 0.0005280592253051662,
    "red": 0.052900503710483514,
    "sfr": 0.09823378925716947,
    "outroll": 0.20500303362642133,
    "inoneh": 0.011749655456208182,
    "bad-red": 0.00042428969483529553,
    "alt": 0.3307366541337669
  },
  "chained-bigrams": {
    "sfb": 0.02182378000518145,
    "unknown": 0.022916559801936097,
    "outoneh": 0.0022602296330973977,
    "red-sfs": 0.02514172698166169,
    "alt-sfs": 0.047499235443725085,
    "sft": 0.00014739216510000267,
    "inroll": 0.18605111716118794,
    "bad-red-sfs": 0.001669362363313246,
    "red": 0.04901341398563348,
    "sfr": 0.11914286586209158,
    "outroll": 0.1801606249947244,
    "inoneh": 0.011714755254335895,
    "bad-red": 0.001855063505245408,
    "alt": 0.3306038728427663
  },
  "english-200": {
    "sfb": 0.008908685968819599,
    "unknown": 0.0,
    "outoneh": 0.0022271714922048997,
    "red-sfs": 0.015590200445434299,
    "alt-sfs": 0.0400890868596882,
    "sft": 0.0,
    "inroll": 0.22494432071269488,
    "bad-red-sfs": 0.0,
    "red": 0.04899777282850779,
    "sfr": 0.10690423162583519,
    "outroll": 0.20489977728285078,
    "inoneh": 0.008908685968819599,
    "bad-red": 0.0,
    "alt": 0.33853006681514475
  },
  "english-450k": {
    "sfb": 0.03291262766027734,
    "unknown": 0.00015377410175167997,
    "outoneh": 0.0023916842707804066,
    "red-sfs": 0.024008639414933395,
    "alt-sfs": 0.03788982173313352,
    "sft": 0.0004010989878389827,
    "inroll": 0.20805665201622406,
    "bad-red-sfs": 0.0010696947496376368,
    "red": 0.060031538308169145,
    "sfr": 0.11369548401129392,
    "outroll": 0.19553751064871036,
    "inoneh": 0.010422434413591525,
    "bad-red": 0.0008480963292426303,
    "alt": 0.3125809433544154
  },
  "english-5k": {
    "sfb": 0.020574936740365868,
    "unknown": 0.002157049819554486,
    "outoneh": 0.0012859335462728667,
    "red-sfs": 0.02144605301364749,
    "alt-sfs": 0.037540963205707885,
    "sft": 0.00020740863649562367,
    "inroll": 0.21305015140830463,
    "bad-red-sfs": 0.0003733355456921226,
    "red": 0.06508483013232672,
    "sfr": 0.10644211224955408,
    "outroll": 0.20280416476542082,
    "inoneh": 0.011490438461857553,
    "bad-red": 0.0005392624548886216,
    "alt": 0.31700336001991125
  },
  "monkeyracer": {
    "sfb": 0.018008938486322474,
    "unknown": 0.013436077701487402,
    "outoneh": 0.0013450740572751303,
    "red-sfs": 0.0223677213507046,
    "alt-sfs": 0.029041282825281137,
    "sft": 0.00006256158405930838,
    "inroll": 0.19775130206296823,
    "bad-red-sfs": 0.0006832898008977587,
    "red": 0.04905414705100333,
    "sfr": 0.09690789370786869,
    "outroll": 0.22328718113142626,
    "inoneh": 0.013315842157123418,
    "bad-red": 0.001205288017892613,
    "alt": 0.33353340006568966
  },
  "tr-quotes": {
    "sfb": 0.018221955109683087,
    "unknown": 0.013835787429786644,
    "outoneh": 0.0013522572293751878,
    "red-sfs": 0.022410485194517,
    "alt-sfs": 0.029212223480733223,
    "sft": 0.00006356764753473105,
    "inroll": 0.19793231779200665,
    "bad-red-sfs": 0.0006807517163264834,
    "red": 0.04907653544763182,
    "sfr": 0.09677191928064538,
    "outroll": 0.2225191280830309,
    "inoneh": 0.013263678601974064,
    "bad-red": 0.0011638658375904393,
    "alt": 0.33349552714916436
  },
  "movie": {
    "sfb": 0.01879151336066796,
    "unknown": 0.030236445784519856,
    "outoneh": 0.0016403670579552933,
    "red-sfs": 0.022225690556368027,
    "alt-sfs": 0.02939619358515808,
    "sft": 0.00007632674637898677,
    "inroll": 0.1927758313726352,
    "bad-red-sfs": 0.0008297243722750201,
    "red": 0.044135809495810516,
    "sfr": 0.11567713207251198,
    "outroll": 0.22363223457472645,
    "inoneh": 0.015284167766714932,
    "bad-red": 0.00223216253806961,
    "alt": 0.30306640071620805
  },
  "gutenberg": {
    "sfb": 0.016722152698924717,
    "unknown": 0.032975828246008664,
    "outoneh": 0.0011701509773232811,
    "red-sfs": 0.022516834299271465,
    "alt-sfs": 0.030711301002537317,
    "sft": 0.000034666930362661555,
    "inroll": 0.19488005431531297,
    "bad-red-sfs": 0.0007344463880657861,
    "red": 0.045095803861706606,
    "sfr": 0.09863878308844841,
    "outroll": 0.2033995945295205,
    "inoneh": 0.012179079890414612,
    "bad-red": 0.000871598615292928,
    "alt": 0.34006970515681006
  },
  "keymash": {
    "sfb": 0.01796702146437177,
    "unknown": 0.01232282349464109,
    "outoneh": 0.0012519857314675325,
    "red-sfs": 0.022753301342703387,
    "alt-sfs": 0.02896397154503249,
    "sft": 0.00004925845500855866,
    "inroll": 0.20207870680136117,
    "bad-red-sfs": 0.0007676109238833724,
    "red": 0.049032687089769426,
    "sfr": 0.099723742164827,
    "outroll": 0.2200005746819751,
    "inoneh": 0.01309864416102589,
    "bad-red": 0.0012560906027182458,
    "alt": 0.33073358154121496
  },
  "english-10k": {
    "sfb": 0.022944366183593523,
    "unknown": 0.0,
    "outoneh": 0.001524478493274927,
    "red-sfs": 0.024333764304046622,
    "alt-sfs": 0.03757164084058586,
    "sft": 0.00015437756893923313,
    "inroll": 0.209760521796183,
    "bad-red-sfs": 0.00044383551070029527,
    "red": 0.06325620887285077,
    "sfr": 0.10567144593890508,
    "outroll": 0.21493217035564732,
    "inoneh": 0.010613457864572278,
    "bad-red": 0.0004824299029351035,
    "alt": 0.30831130236776594
  },
  "mt-quotes": {
    "sfb": 0.01710325002091775,
    "unknown": 0.007977133909467972,
    "outoneh": 0.0012804652107911692,
    "red-sfs": 0.022631512891311364,
    "alt-sfs": 0.02815379926130455,
    "sft": 0.00004781200320340421,
    "inroll": 0.1976727507440743,
    "bad-red-sfs": 0.0006409796679456378,
    "red": 0.048859384898578787,
    "sfr": 0.0964592223377679,
    "outroll": 0.2271727567205747,
    "inoneh": 0.01351137328026201,
    "bad-red": 0.0012505827087890414,
    "alt": 0.33723897634501143
  }
}