{
  "english-1k": {
    "sfb": 0.02328863796753705,
    "unknown": 0.0,
    "outoneh": 0.008821453775582216,
    "red-sfs": 0.0067043048694424845,
    "alt-sfs": 0.05222300635144672,
    "sft": 0.00035285815102328866,
    "inroll": 0.24382498235709246,
    "bad-red-sfs": 0.0007057163020465773,
    "red": 0.022230063514467185,
    "sfr": 0.10832745236414962,
    "outroll": 0.20712773465067044,
    "inoneh": 0.0024700070571630206,
    "bad-red": 0.005998588567395907,
    "alt": 0.31792519407198305
  },
  "shai": {
    "sfb": 0.023292418209747052,
    "unknown": 0.024097749651430984,
    "outoneh": 0.013226034506087843,
    "red-sfs": 0.006253849121556536,
    "alt-sfs": 0.05103973501013892,
    "sft": 0.00003804611855278913,
    "inroll": 0.2396203763709375,
    "bad-red-sfs": 0.0018701312192437964,
    "red": 0.02237547191894559,
    "sfr": 0.09823378925716947,
    "outroll": 0.18561717383987592,
    "inoneh": 0.0031533962217998143,
    "bad-red": 0.0056309300468505245,
    "alt": 0.3255508985076633
  },
  "chained-bigrams": {
    "sfb": 0.023593135291073555,
    "unknown": 0.023159399756770463,
    "outoneh": 0.007082615581104974,
    "red-sfs": 0.010751836395995348,
    "alt-sfs": 0.06592195747184128,
    "sft": 0.00006947560205154311,
    "inroll": 0.2064639580705002,
    "bad-red-sfs": 0.0031186104360145937,
    "red": 0.027399359395990804,
    "sfr": 0.11914286586209158,
    "outroll": 0.16501104791933557,
    "inoneh": 0.011419321619443819,
    "bad-red": 0.004214636756229592,
    "alt": 0.3326517798415567
  },
  "english-200": {
    "sfb": 0.017817371937639197,
    "unknown": 0.0,
    "outoneh": 0.011135857461024499,
    "red-sfs": 0.0066815144766146995,
    "alt-sfs": 0.05790645879732739,
    "sft": 0.0,
    "inroll": 0.24498886414253898,
    "bad-red-sfs": 0.0,
    "red": 0.024498886414253896,
    "sfr": 0.10690423162583519,
    "outroll": 0.20935412026726058,
    "inoneh": 0.0,
    "bad-red": 0.004454342984409799,
    "alt": 0.31625835189309576
  },
  "english-450k": {
    "sfb": 0.0355878877460751,
    "unknown": 0.00015377410175167997,
    "outoneh": 0.00460562205132313,
    "red-sfs": 0.007682565817361973,
    "alt-sfs": 0.05430856907643742,
    "sft": 0.0000935507843356228,
    "inroll": 0.20875769820633913,
    "bad-red-sfs": 0.0025404884871142565,
    "red": 0.024789496117934795,
    "sfr": 0.11369548401129392,
    "outroll": 0.1753697156231564,
    "inoneh": 0.0036490652814913866,
    "bad-red": 0.004947667106550251,
    "alt": 0.36381841558883493
  },
  "english-5k": {
    "sfb": 0.02692164101713195,
    "unknown": 0.002157049819554486,
    "outoneh": 0.005682996639980089,
    "red-sfs": 0.0059733687310739615,
    "alt-sfs": 0.04774546812129257,
    "sft": 0.00004148172729912474,
    "inroll": 0.23598954660472063,
    "bad-red-sfs": 0.0024059401833492347,
    "red": 0.02356162110590285,
    "sfr": 0.10644211224955408,
    "outroll": 0.1801136599327996,
    "inoneh": 0.003442983365827353,
    "bad-red": 0.006180777367569586,
    "alt": 0.3533413531339445
  },
  "monkeyracer": {
    "sfb": 0.021318837292960257,
    "unknown": 0.013491796612290222,
    "outoneh": 0.023126280557423714,
    "red-sfs": 0.0069345605830739634,
    "alt-sfs": 0.055474529615089856,
    "sft": 0.000017595445516680483,
    "inroll": 0.23199692666218308,
    "bad-red-sfs": 0.0014613995026354068,
    "red": 0.022640450756213147,
    "sfr": 0.09690789370786869,
    "outroll": 0.1947327056321066,
    "inoneh": 0.0020909254422321975,
    "bad-red": 0.004705804150961102,
    "alt": 0.32510029403944507
  },
  "tr-quotes": {
    "sfb": 0.021215413420864058,
    "unknown": 0.013894731975682485,
    "outoneh": 0.022615057442037862,
    "red-sfs": 0.0069843508009523585,
    "alt-sfs": 0.05524375303391045,
    "sft": 0.00001618085573611336,
    "inroll": 0.2328251774115254,
    "bad-red-sfs": 0.0014481865883821455,
    "red": 0.02257807262892675,
    "sfr": 0.09677191928064538,
    "outroll": 0.19434825824645754,
    "inoneh": 0.002113913224382238,
    "bad-red": 0.004688980837243707,
    "alt": 0.3252560042532535
  },
  "movie": {
    "sfb": 0.01874282216039171,
    "unknown": 0.030282373430185833,
    "outoneh": 0.036364562333882404,
    "red-sfs": 0.006220629829887422,
    "alt-sfs": 0.05596237565155735,
    "sft": 0.000016186534145888575,
    "inroll": 0.20472781026855302,
    "bad-red-sfs": 0.0013748026196918532,
    "red": 0.020068143992775806,
    "sfr": 0.11567713207251198,
    "outroll": 0.19291006116799136,
    "inoneh": 0.0015173230788788233,
    "bad-red": 0.0031619012676688193,
    "alt": 0.3129738755918777
  },
  "gutenberg": {
    "sfb": 0.023222675733868606,
    "unknown": 0.03298207965968062,
    "outoneh": 0.011761750668617107,
    "red-sfs": 0.005758120302204703,
    "alt-sfs": 0.05695132573540304,
    "sft": 7.766907895459694e-6,
    "inroll": 0.2574281002181175,
    "bad-red-sfs": 0.0014946561779311458,
    "red": 0.019339600659694634,
    "sfr": 0.09863878308844841,
    "outroll": 0.1816674073644684,
    "inoneh": 0.0027570628661102528,
    "bad-red": 0.004721522253327741,
    "alt": 0.30326914836423235
  },
  "keymash": {
    "sfb": 0.021115457713668812,
    "unknown": 0.012376186820900362,
    "outoneh": 0.022075997586335706,
    "red-sfs": 0.0071096370062353,
    "alt-sfs": 0.05513663063957999,
    "sft": 0.00002873409875499255,
    "inroll": 0.23449077019699277,
    "bad-red-sfs": 0.0015229072340146052,
    "red": 0.022178619367603535,
    "sfr": 0.099723742164827,
    "outroll": 0.1934913161448691,
    "inoneh": 0.002150952535373728,
    "bad-red": 0.0050325721533744094,
    "alt": 0.32356647633746966
  },
  "english-10k": {
    "sfb": 0.028270392311997065,
    "unknown": 0.0,
    "outoneh": 0.0053646205206383515,
    "red-sfs": 0.006040022384747496,
    "alt-sfs": 0.04837807066633218,
    "sft": 0.00003859439223480828,
    "inroll": 0.22807356091159955,
    "bad-red-sfs": 0.0017946392389185852,
    "red": 0.024140792342872582,
    "sfr": 0.10567144593890508,
    "outroll": 0.18610215935624555,
    "inoneh": 0.0034927924972501497,
    "bad-red": 0.007603095270257231,
    "alt": 0.3550298141680014
  },
  "mt-quotes": {
    "sfb": 0.02068915026117307,
    "unknown": 0.007995063410669249,
    "outoneh": 0.02470984090555934,
    "red-sfs": 0.007043305721901484,
    "alt-sfs": 0.05684398943354729,
    "sft": 0.000013447125900957435,
    "inroll": 0.2339396492989565,
    "bad-red-sfs": 0.0013252889637943605,
    "red": 0.02260013626420913,
    "sfr": 0.0964592223377679,
    "outroll": 0.19538673934091152,
    "inoneh": 0.0019214448787368069,
    "bad-red": 0.004724423566536379,
    "alt": 0.326348298490336
  }
}