{
  "wordle": {
    "dsfb-alt": 0.06383933580163806,
    "redirect": 0.02952990014585437,
    "dsfb": 0.0,
    "unknown": 0.0,
    "sfb": 0.0380118927409402,
    "sft": 0.0,
    "bad-redirect": 0.0038819701559519803,
    "roll-out": 0.1911365421294738,
    "oneh-in": 0.0027600134634803096,
    "alternate": 0.3259284191630203,
    "oneh-out": 0.005766857399304387,
    "dsfb-red": 0.012521036687983845,
    "roll-in": 0.19519802535622124,
    "sfR": 0.13138112868843263,
    "sfT": 0.000044878267698866824
  },
  "chained-bigrams": {
    "dsfb-alt": 0.06592195747184128,
    "redirect": 0.027399359395990804,
    "dsfb": 0.0,
    "unknown": 0.023159399756770463,
    "sfb": 0.023593135291073555,
    "sft": 0.0,
    "bad-redirect": 0.004214636756229592,
    "roll-out": 0.16501104791933557,
    "oneh-in": 0.01108103387487509,
    "alternate": 0.3326517798415567,
    "oneh-out": 0.007420903325673702,
    "dsfb-red": 0.013870446832009942,
    "roll-in": 0.2064639580705002,
    "sfR": 0.11914286586209158,
    "sfT": 0.00006947560205154311
  },
  "english-1k": {
    "dsfb-alt": 0.05222300635144672,
    "redirect": 0.022230063514467185,
    "dsfb": 0.0,
    "unknown": 0.0,
    "sfb": 0.02328863796753705,
    "sft": 0.0,
    "bad-redirect": 0.005998588567395907,
    "roll-out": 0.20712773465067044,
    "oneh-in": 0.0028228652081863093,
    "alternate": 0.31792519407198305,
    "oneh-out": 0.008468595624558928,
    "dsfb-red": 0.007410021171489062,
    "roll-in": 0.24382498235709246,
    "sfR": 0.10832745236414962,
    "sfT": 0.00035285815102328866
  },
  "reddit": {
    "dsfb-alt": 0.05275502083849543,
    "redirect": 0.02238818353458265,
    "dsfb": 0.0,
    "unknown": 0.04519941109454869,
    "sfb": 0.02395124393260138,
    "sft": 0.0,
    "bad-redirect": 0.004177550386307668,
    "roll-out": 0.18463167282747472,
    "oneh-in": 0.0016947981204619173,
    "alternate": 0.3137907145694542,
    "oneh-out": 0.018315476447995905,
    "dsfb-red": 0.007748590337073643,
    "roll-in": 0.22130300481496318,
    "sfR": 0.10397777127267367,
    "sfT": 0.00006656182336694574
  },
  "monkeyracer": {
    "dsfb-alt": 0.055474529615089856,
    "redirect": 0.022640450756213147,
    "dsfb": 0.0,
    "unknown": 0.013491796612290222,
    "sfb": 0.021318837292960257,
    "sft": 0.0,
    "bad-redirect": 0.004705804150961102,
    "roll-out": 0.1947327056321066,
    "oneh-in": 0.0015777249479956832,
    "alternate": 0.32510029403944507,
    "oneh-out": 0.02363948105166023,
    "dsfb-red": 0.00839596008570937,
    "roll-in": 0.23199692666218308,
    "sfR": 0.09690789370786869,
    "sfT": 0.000017595445516680483
  },
  "english-10k": {
    "dsfb-alt": 0.04837807066633218,
    "redirect": 0.024140792342872582,
    "dsfb": 0.0,
    "unknown": 0.0,
    "sfb": 0.028270392311997065,
    "sft": 0.0,
    "bad-redirect": 0.007603095270257231,
    "roll-out": 0.18610215935624555,
    "oneh-in": 0.0023735551224407093,
    "alternate": 0.3550298141680014,
    "oneh-out": 0.006483857895447791,
    "dsfb-red": 0.007834661623666082,
    "roll-in": 0.22807356091159955,
    "sfR": 0.10567144593890508,
    "sfT": 0.00003859439223480828
  },
  "movie": {
    "dsfb-alt": 0.05596237565155735,
    "redirect": 0.020068143992775806,
    "dsfb": 0.0,
    "unknown": 0.030282373430185833,
    "sfb": 0.01874282216039171,
    "sft": 0.0,
    "bad-redirect": 0.0031619012676688193,
    "roll-out": 0.19291006116799136,
    "oneh-in": 0.0013726970542745018,
    "alternate": 0.3129738755918777,
    "oneh-out": 0.036509188358486724,
    "dsfb-red": 0.007595432449579275,
    "roll-in": 0.20472781026855302,
    "sfR": 0.11567713207251198,
    "sfT": 0.000016186534145888575
  },
  "akl": {
    "dsfb-alt": 0.052570847475940374,
    "redirect": 0.022873076428872614,
    "dsfb": 0.0,
    "unknown": 0.07331127266302054,
    "sfb": 0.029496109954425212,
    "sft": 0.0,
    "bad-redirect": 0.003836826871690636,
    "roll-out": 0.16776096463267137,
    "oneh-in": 0.0020301169535210523,
    "alternate": 0.2950520483872627,
    "oneh-out": 0.018760429224019267,
    "dsfb-red": 0.007636543145994825,
    "roll-in": 0.20855412280150687,
    "sfR": 0.11790358951788564,
    "sfT": 0.00021405194318894151
  },
  "english-5k": {
    "dsfb-alt": 0.04774546812129257,
    "redirect": 0.02356162110590285,
    "dsfb": 0.0,
    "unknown": 0.002157049819554486,
    "sfb": 0.02692164101713195,
    "sft": 0.0,
    "bad-redirect": 0.006180777367569586,
    "roll-out": 0.1801136599327996,
    "oneh-in": 0.0022814950014518605,
    "alternate": 0.3533413531339445,
    "oneh-out": 0.006844485004355581,
    "dsfb-red": 0.008379308914423197,
    "roll-in": 0.23598954660472063,
    "sfR": 0.10644211224955408,
    "sfT": 0.00004148172729912474
  },
  "keymash": {
    "dsfb-alt": 0.05513663063957999,
    "redirect": 0.022178619367603535,
    "dsfb": 0.0,
    "unknown": 0.012376186820900362,
    "sfb": 0.021115457713668812,
    "sft": 0.0,
    "bad-redirect": 0.0050325721533744094,
    "roll-out": 0.1934913161448691,
    "oneh-in": 0.001687102084043134,
    "alternate": 0.32356647633746966,
    "oneh-out": 0.0225398480376663,
    "dsfb-red": 0.008632544240249904,
    "roll-in": 0.23449077019699277,
    "sfR": 0.099723742164827,
    "sfT": 0.00002873409875499255
  },
  "english-450k": {
    "dsfb-alt": 0.05430856907643742,
    "redirect": 0.024789496117934795,
    "dsfb": 0.0,
    "unknown": 0.00015377410175167997,
    "sfb": 0.0355878877460751,
    "sft": 0.0,
    "bad-redirect": 0.004947667106550251,
    "roll-out": 0.1753697156231564,
    "oneh-in": 0.003668360130760609,
    "alternate": 0.36381841558883493,
    "oneh-out": 0.004586327202053908,
    "dsfb-red": 0.01022305430447623,
    "roll-in": 0.20875769820633913,
    "sfR": 0.11369548401129392,
    "sfT": 0.0000935507843356228
  },
  "english-200": {
    "dsfb-alt": 0.05790645879732739,
    "redirect": 0.024498886414253896,
    "dsfb": 0.0,
    "unknown": 0.0,
    "sfb": 0.017817371937639197,
    "sft": 0.0,
    "bad-redirect": 0.004454342984409799,
    "roll-out": 0.20935412026726058,
    "oneh-in": 0.0,
    "alternate": 0.31625835189309576,
    "oneh-out": 0.011135857461024499,
    "dsfb-red": 0.0066815144766146995,
    "roll-in": 0.24498886414253898,
    "sfR": 0.10690423162583519,
    "sfT": 0.0
  },
  "dutch": {
    "dsfb-alt": 0.03871030754216902,
    "redirect": 0.017552042068225308,
    "dsfb": 0.0,
    "unknown": 0.07360270072188302,
    "sfb": 0.045968406155727726,
    "sft": 0.0,
    "bad-redirect": 0.005604126291747865,
    "roll-out": 0.1451185976799202,
    "oneh-in": 0.0014078542401433258,
    "alternate": 0.26437076952047567,
    "oneh-out": 0.0021411699319659047,
    "dsfb-red": 0.009405311223181763,
    "roll-in": 0.20724455010543485,
    "sfR": 0.18880787437283908,
    "sfT": 0.00006629014628623306
  },
  "gutenberg": {
    "dsfb-alt": 0.05695132573540304,
    "redirect": 0.019339600659694634,
    "dsfb": 0.0,
    "unknown": 0.03298207965968062,
    "sfb": 0.023222675733868606,
    "sft": 0.0,
    "bad-redirect": 0.004721522253327741,
    "roll-out": 0.1816674073644684,
    "oneh-in": 0.0024242224472731146,
    "alternate": 0.30326914836423235,
    "oneh-out": 0.012094591087454247,
    "dsfb-red": 0.007252776480135849,
    "roll-in": 0.2574281002181175,
    "sfR": 0.09863878308844841,
    "sfT": 7.766907895459694e-6
  },
  "mt-quotes": {
    "dsfb-alt": 0.05684398943354729,
    "redirect": 0.02260013626420913,
    "dsfb": 0.0,
    "unknown": 0.007995063410669249,
    "sfb": 0.02068915026117307,
    "sft": 0.0,
    "bad-redirect": 0.004724423566536379,
    "roll-out": 0.19538673934091152,
    "oneh-in": 0.0014493013471031902,
    "alternate": 0.326348298490336,
    "oneh-out": 0.025181984437192956,
    "dsfb-red": 0.008368594685695844,
    "roll-in": 0.2339396492989565,
    "sfR": 0.0964592223377679,
    "sfT": 0.000013447125900957435
  },
  "french": {
    "dsfb-alt": 0.04312318413564748,
    "redirect": 0.016674890946824165,
    "dsfb": 0.0,
    "unknown": 0.1584254645227596,