{
  "gutenberg": {
    "bad-redirect": 0.001839620550556319,
    "dsfb-red": 0.004712997598320529,
    "sfb": 0.011888862746613533,
    "oneh-in": 0.003157342777893334,
    "roll-in": 0.1084175095656101,
    "unknown": 0.3527739037956689,
    "dsfb-alt": 0.027123368428390814,
    "alternate": 0.19113962513492636,
    "sfR": 0.09863878308844841,
    "sfT": 0.000035424677474413725,
    "roll-out": 0.17379971910314568,
    "oneh-out": 0.003688334066453664,
    "redirect": 0.022784508466497915,
    "sft": 0.0,
    "dsfb": 0.0
  },
  "dutch": {
    "bad-redirect": 0.0030825904216781295,
    "dsfb-red": 0.0036300892928449783,
    "sfb": 0.01611029862697812,
    "oneh-in": 0.0016405062953404788,
    "roll-in": 0.09540305000658239,
    "unknown": 0.4251819321140847,
    "dsfb-alt": 0.024497983484949554,
    "alternate": 0.13634615383925738,
    "sfR": 0.18880787437283908,
    "sfT": 0.00009485390150234594,
    "roll-out": 0.09222865391842185,
    "oneh-out": 0.002225211564544637,
    "redirect": 0.010750802160976288,
    "sft": 0.0,
    "dsfb": 0.0
  },
  "english-1k": {
    "bad-redirect": 0.0024700070571630206,
    "dsfb-red": 0.007410021171489062,
    "sfb": 0.009880028228652082,
    "oneh-in": 0.003175723359209598,
    "roll-in": 0.11538461538461539,
    "unknown": 0.31863091037402963,
    "dsfb-alt": 0.02928722653493296,
    "alternate": 0.20395201129146084,
    "sfR": 0.10832745236414962,
    "sfT": 0.0,
    "roll-out": 0.17819336626676077,
    "oneh-out": 0.0038814396612561752,
    "redirect": 0.019407198306280876,
    "sft": 0.0,
    "dsfb": 0.0
  },
  "english-450k": {
    "bad-redirect": 0.0028506678064270556,
    "dsfb-red": 0.008003854292314627,
    "sfb": 0.028204684438587126,
    "oneh-in": 0.003633570932835799,
    "roll-in": 0.12077552430829427,
    "unknown": 0.27005158741063706,
    "dsfb-alt": 0.03853064460583254,
    "alternate": 0.23862817129850242,
    "sfR": 0.11369548401129392,
    "sfT": 0.00017686945163453683,
    "roll-out": 0.15026799376250147,
    "oneh-out": 0.003434190823720503,
    "redirect": 0.021746756857418666,
    "sft": 0.0,
    "dsfb": 0.0
  },
  "english-200": {
    "bad-redirect": 0.0022271714922048997,
    "dsfb-red": 0.0,
    "sfb": 0.008908685968819599,
    "oneh-in": 0.0,
    "roll-in": 0.11581291759465479,
    "unknown": 0.31625835189309576,
    "dsfb-alt": 0.035634743875278395,
    "alternate": 0.19821826280623608,
    "sfR": 0.10690423162583519,
    "sfT": 0.0,
    "roll-out": 0.19376391982182628,
    "oneh-out": 0.0,
    "redirect": 0.022271714922048998,
    "sft": 0.0,
    "dsfb": 0.0
  },
  "english-10k": {
    "bad-redirect": 0.0031840373593716833,
    "dsfb-red": 0.005673375658516818,
    "sfb": 0.016228941934736882,
    "oneh-in": 0.0047278130487640145,
    "roll-in": 0.1314910943439918,
    "unknown": 0.29709963142355417,
    "dsfb-alt": 0.03315258292970032,
    "alternate": 0.23615908608479189,
    "sfR": 0.10567144593890508,
    "sfT": 0.00001929719611740414,
    "roll-out": 0.1459253970398101,
    "oneh-out": 0.003396306516663129,
    "redirect": 0.017270990525076708,
    "sft": 0.0,
    "dsfb": 0.0
  },
  "monkeyracer": {
    "bad-redirect": 0.0019921954423886014,
    "dsfb-red": 0.0063822590988003814,
    "sfb": 0.012642327603734927,
    "oneh-in": 0.0029511472230476874,
    "roll-in": 0.11870669565353395,
    "unknown": 0.3267562209675149,
    "dsfb-alt": 0.03568551855732987,
    "alternate": 0.20232220779830146,
    "sfR": 0.09690789370786869,
    "sfT": 0.00004105603953892112,
    "roll-out": 0.16222316499053757,
    "oneh-out": 0.0037067738555140216,
    "redirect": 0.029682539061889047,
    "sft": 0.0,
    "dsfb": 0.0
  },
  "mt-quotes": {
    "bad-redirect": 0.001867656375132977,
    "dsfb-red": 0.006403820179055952,
    "sfb": 0.012332508576278075,
    "oneh-in": 0.002822402314100955,
    "roll-in": 0.11838999055712937,
    "unknown": 0.32536068179916566,
    "dsfb-alt": 0.03611898016997167,
    "alternate": 0.20217454967069481,
    "sfR": 0.0964592223377679,
    "sfT": 0.00003436487730244678,
    "roll-out": 0.16374116972065836,
    "oneh-out": 0.0036456652442595715,
    "redirect": 0.030648988178482207,
    "sft": 0.0,
    "dsfb": 0.0
  },
  "movie": {
    "bad-redirect": 0.0024042925109380832,
    "dsfb-red": 0.009100780125146913,
    "sfb": 0.013393370021933412,
    "oneh-in": 0.0026545915999257263,
    "roll-in": 0.12278367855175,
    "unknown": 0.3018108257382737,
    "dsfb-alt": 0.042749426266323234,
    "alternate": 0.19721212610915592,
    "sfR": 0.11567713207251198,
    "sfT": 0.0000847490080483922,
    "roll-out": 0.1503080244808827,
    "oneh-out": 0.0030063526224619877,
    "redirect": 0.03881465089264788,
    "sft": 0.0,
    "dsfb": 0.0
  },
  "french": {
    "bad-redirect": 0.0035542913281089565,
    "dsfb-red": 0.00966073881767197,
    "sfb": 0.02573340480868769,
    "oneh-in": 0.003088700737973895,
    "roll-in": 0.08825128282365344,
    "unknown": 0.41864847547884315,
    "dsfb-alt": 0.019239197379173085,
    "alternate": 0.14298671007564434,
    "sfR": 0.10898279115633469,
    "sfT": 0.00007026482182107151,
    "roll-out": 0.14964540310830896,
    "oneh-out": 0.009061000847028194,
    "redirect": 0.021077738616750538,
    "sft": 0.0,
    "dsfb": 0.0
  },
  "reddit": {
    "bad-redirect": 0.002134473237333729,
    "dsfb-red": 0.005764283869508111,
    "sfb": 0.01362487187223576,
    "oneh-in": 0.0031115498622784556,
    "roll-in": 0.12206490732942316,
    "unknown": 0.3357012786275304,
    "dsfb-alt": 0.03488304016352408,
    "alternate": 0.19881803132451098,
    "sfR": 0.10397777127267367,
    "sfT": 0.00009315658678311427,
    "roll-out": 0.15100072161706649,
    "oneh-out": 0.003097503332305127,
    "redirect": 0.025728410904826894,
    "sft": 0.0,
    "dsfb": 0.0
  },
  "tr-quotes": {
    "bad-redirect": 0.0020133607637363906,
    "dsfb-red": 0.006361387855111995,
    "sfb": 0.01261644437252953,
    "oneh-in": 0.002959940824299022,
    "roll-in": 0.11881486789487067,
    "unknown": 0.3268706225006357,
    "dsfb-alt": 0.03546381267192159,
    "alternate": 0.20291370980791013,
    "sfR": 0.09677191928064538,
    "sfT": 0.000040452139340283396,
    "roll-out": 0.16222348073322393,
    "oneh-out": 0.003714662166847738,
    "redirect": 0.029235338988927672,
    "sft": 0.0,
    "dsfb": 0.0
  },
  "english-5k": {
    "bad-redirect": 0.003277056456630854,
    "dsfb-red": 0.005724478367279214,
    "sfb": 0.013896378645206786,
    "oneh-in": 0.005600033185381839,
    "roll-in": 0.13576969345003526,
    "unknown": 0.295640270460862,
    "dsfb-alt": 0.03447131538557265,
    "alternate": 0.2237109553241797,
    "sfR": 0.10644211224955408,
    "sfT": 0.0,
    "roll-out": 0.15269423818807815,
    "oneh-out": 0.0033185381839299787,
    "redirect": 0.0194549301032895,
    "sft": 0.0,
    "dsfb": 0.0
  },
  "shai": {
    "bad-redirect": 0.0022831889877270883,
    "dsfb-red": 0.00564560276663014,
    "sfb": 0.013500206525013833,
    "oneh-in": 0.003899227868925045,
    "roll-in": 0.12241691625642914,
    "unknown": 0.33031543367311395,
    "dsfb-alt": 0.03208309968965514,
    "alternate": 0.2084051461884369,
    "sfR": 0.09823378925716947,
    "sfT": 0.00005263755974750072,
    "roll-out": 0.15747990948197518,
    "oneh-out": 0.003559425327893293,
    "redirect": 0.022125416417283324,
    "sft": 0.0,
    "dsfb": 0.0
  },
  "akl": {
    "bad-redirect": 0.0018387402668320102,
    "dsfb-red": 0.007166682093275597,
    "sfb": 0.01607997847957077,
    "oneh-in": 0.0028824216083547043,
    "roll-in": 0.11654753483408838,
    "unknown": 0.3312894625357058,
    "dsfb-alt": 0.03701078908529626,
    "alternate": 0.19496129779786087,
    "sfR": 0.11790358951788564,
    "sfT": 0.00009497586943810343,
    "roll-out": 0.1461651990323737,
    "oneh-out": 0.002906893538183831,
    "redirect": 0.025152435341134365,
    "sft": 0.0,
    "dsfb": 0.0
  },
  "chained-bigrams": {
    "bad-redirect": 0.0023433406336824214,
    "dsfb-red": 0.012470545915905951,
    "sfb": 0.01365942280708703,