{
  "akl": {
    "dsfb-alt": 0.026564124943884937,
    "redirect": 0.027459178033103646,
    "dsfb": 0.001399856340478765,
    "unknown": 0.22898328982286165,
    "sfb": 0.017495880971507116,
    "sft": 0.0,
    "bad-redirect": 0.002821830349182842,
    "roll-out": 0.18895204505412386,
    "oneh-in": 0.015162559905115823,
    "alternate": 0.19878170679257753,
    "oneh-out": 0.010549260383935461,
    "dsfb-red": 0.011573797861363977,
    "roll-in": 0.15227277317519633,
    "sfR": 0.11790358951788564,
    "sfT": 0.00008010684878243166
  },
  "chained-bigrams": {
    "dsfb-alt": 0.037409689833641645,
    "redirect": 0.03523062328705306,
    "dsfb": 0.0021855595935092904,
    "unknown": 0.19827168077064675,
    "sfb": 0.012361462727638108,
    "sft": 0.0,
    "bad-redirect": 0.0037724602609295835,
    "roll-out": 0.17832049549739662,
    "oneh-in": 0.006443050459415535,
    "alternate": 0.2248821349657719,
    "oneh-out": 0.008955210313036284,
    "dsfb-red": 0.017258518715233793,
    "roll-in": 0.15574482065879752,
    "sfR": 0.11914286586209158,
    "sfT": 0.000021427054838326378
  },
  "shai": {
    "dsfb-alt": 0.03240330248049856,
    "redirect": 0.02585780257385282,
    "dsfb": 0.0009583054792913002,
    "unknown": 0.19771659813978865,
    "sfb": 0.011214165045997487,
    "sft": 0.0,
    "bad-redirect": 0.0024990803908679408,
    "roll-out": 0.19433403501264696,
    "oneh-in": 0.009789479176116915,
    "alternate": 0.22464891134689297,
    "oneh-out": 0.009337550892005376,
    "dsfb-red": 0.010697891215503434,
    "roll-in": 0.18229223335902253,
    "sfR": 0.09823378925716947,
    "sfT": 0.00001685563034561512
  },
  "dutch": {
    "dsfb-alt": 0.03338210031210699,
    "redirect": 0.02107883205548333,
    "dsfb": 0.0004668461586985026,
    "unknown": 0.18706313637061145,
    "sfb": 0.022219553323115888,
    "sft": 0.0,
    "bad-redirect": 0.0024784481715233956,
    "roll-out": 0.13161289036190763,
    "oneh-in": 0.0028875571727856875,
    "alternate": 0.21840917706655721,
    "oneh-out": 0.004314292539258308,
    "dsfb-red": 0.007199142162114534,
    "roll-in": 0.18002424171657375,
    "sfR": 0.18880787437283908,
    "sfT": 0.000055908216424256074
  },
  "english-200": {
    "dsfb-alt": 0.024498886414253896,
    "redirect": 0.028953229398663696,
    "dsfb": 0.0,
    "unknown": 0.1603563474387528,
    "sfb": 0.0022271714922048997,
    "sft": 0.0,
    "bad-redirect": 0.0022271714922048997,
    "roll-out": 0.23385300668151449,
    "oneh-in": 0.008908685968819599,
    "alternate": 0.23608017817371937,
    "oneh-out": 0.015590200445434299,
    "dsfb-red": 0.015590200445434299,
    "roll-in": 0.16481069042316257,
    "sfR": 0.10690423162583519,
    "sfT": 0.0
  },
  "tr-quotes": {
    "dsfb-alt": 0.028766094172580383,
    "redirect": 0.02688680335637179,
    "dsfb": 0.0008367813966390052,
    "unknown": 0.1788654908578165,
    "sfb": 0.012365641108619773,
    "sft": 0.0,
    "bad-redirect": 0.002319641247312822,
    "roll-out": 0.21468181502970343,
    "oneh-in": 0.018435773560481726,
    "alternate": 0.22565590254501744,
    "oneh-out": 0.011905642495550265,
    "dsfb-red": 0.012210767203716973,
    "roll-in": 0.17029079309308615,
    "sfR": 0.09677191928064538,
    "sfT": 6.934652458334297e-6
  },
  "wordle": {
    "dsfb-alt": 0.0378772579378436,
    "redirect": 0.03320991809716145,
    "dsfb": 0.001750252440255806,
    "unknown": 0.20828004039044093,
    "sfb": 0.02059912487377987,
    "sft": 0.0,
    "bad-redirect": 0.0020868394479973073,
    "roll-out": 0.15689442387523841,
    "oneh-in": 0.0050039268484236505,
    "alternate": 0.2188713115673735,
    "oneh-out": 0.00789857511500056,
    "dsfb-red": 0.019499607315157635,
    "roll-in": 0.15664759340289464,
    "sfR": 0.13138112868843263,
    "sfT": 0.0
  },
  "movie": {
    "dsfb-alt": 0.029332105437767448,
    "redirect": 0.025734483726545482,
    "dsfb": 0.0005781093049015326,
    "unknown": 0.17676116400393793,
    "sfb": 0.016032169881229002,
    "sft": 0.0,
    "bad-redirect": 0.0036380222476673956,
    "roll-out": 0.20493257650539046,
    "oneh-in": 0.02957819339592039,
    "alternate": 0.21969785399456684,
    "oneh-out": 0.012175826819349988,
    "dsfb-red": 0.015769237399737252,
    "roll-in": 0.1500710167735921,
    "sfR": 0.11567713207251198,
    "sfT": 0.000022108436882189272
  },
  "french": {
    "dsfb-alt": 0.025054278076672945,
    "redirect": 0.022271311713731586,
    "dsfb": 0.0007913107375150011,
    "unknown": 0.3162012416258453,
    "sfb": 0.03645795902146602,
    "sft": 0.0,
    "bad-redirect": 0.004754426470283531,
    "roll-out": 0.13932501394846605,
    "oneh-in": 0.004156681084139158,
    "alternate": 0.14961184379042428,
    "oneh-out": 0.008247007606264345,
    "dsfb-red": 0.011928120195933081,
    "roll-in": 0.17192252777531702,
    "sfR": 0.10898279115633469,
    "sfT": 0.00029548679760703486
  },
  "monkeyracer": {
    "dsfb-alt": 0.02880960945931151,
    "redirect": 0.0269708854028184,
    "dsfb": 0.0008465364343025165,
    "unknown": 0.1786602436773699,
    "sfb": 0.012300193940910583,
    "sft": 0.0,
    "bad-redirect": 0.0023294414814583105,
    "roll-out": 0.21455495253139809,
    "oneh-in": 0.018922924128438934,
    "alternate": 0.22545924112798535,
    "oneh-out": 0.011850532555484305,
    "dsfb-red": 0.012181913446048454,
    "roll-in": 0.17019781190859753,
    "sfR": 0.09690789370786869,
    "sfT": 7.820198007413547e-6
  },
  "mt-quotes": {
    "dsfb-alt": 0.02820310538960806,
    "redirect": 0.02710940581633019,
    "dsfb": 0.0008441806815601057,
    "unknown": 0.1729016507094106,
    "sfb": 0.01169451715853265,
    "sft": 0.0,
    "bad-redirect": 0.002281529027862445,
    "roll-out": 0.22018025125207683,
    "oneh-in": 0.020278265858643812,
    "alternate": 0.2251078758322277,
    "oneh-out": 0.012411697206583713,
    "dsfb-red": 0.012172637190566691,
    "roll-in": 0.1703466967882287,
    "sfR": 0.0964592223377679,
    "sfT": 8.96475060063829e-6
  },
  "english-450k": {
    "dsfb-alt": 0.033085696611298246,
    "redirect": 0.03438897597557389,
    "dsfb": 0.0011965730008928253,
    "unknown": 0.17983705792138344,
    "sfb": 0.016571059714050335,
    "sft": 0.0,
    "bad-redirect": 0.001993508744951912,
    "roll-out": 0.16757108836397805,
    "oneh-in": 0.005020168964410358,
    "alternate": 0.2508742613142365,
    "oneh-out": 0.004688648372420995,
    "dsfb-red": 0.015489086423968646,
    "roll-in": 0.17558663650433462,
    "sfR": 0.11369548401129392,
    "sfT": 1.7540772062929275e-6
  },
  "english-1k": {
    "dsfb-alt": 0.025758645024700072,
    "redirect": 0.02611150317572336,
    "dsfb": 0.0017642907551164433,
    "unknown": 0.16266760762173607,
    "sfb": 0.008115737473535639,
    "sft": 0.0,
    "bad-redirect": 0.0017642907551164433,
    "roll-out": 0.21418489767113622,
    "oneh-in": 0.0045871559633027525,
    "alternate": 0.2399435426958363,
    "oneh-out": 0.010232886379675371,
    "dsfb-red": 0.01587861679604799,
    "roll-in": 0.1806633733239238,
    "sfR": 0.10832745236414962,
    "sfT": 0.0
  },
  "reddit": {
    "dsfb-alt": 0.029447782212111216,
    "redirect": 0.027411297567871428,
    "dsfb": 0.0007788519939611158,
    "unknown": 0.2094618924196871,
    "sfb": 0.011854447234397443,
    "sft": 0.0,
    "bad-redirect": 0.002612766947278878,
    "roll-out": 0.2022210373193827,
    "oneh-in": 0.01434952298920646,
    "alternate": 0.21426419500179514,
    "oneh-out": 0.011386604142752449,
    "dsfb-red": 0.0101612597827058,
    "roll-in": 0.16201256434013053,
    "sfR": 0.10397777127267367,
    "sfT": 0.000060006776046059135
  },
  "gutenberg": {
    "dsfb-alt": 0.027147237462411006,
    "redirect": 0.026707554700816812,
    "dsfb": 0.0008553070523902564,
    "unknown": 0.20302072097364443,
    "sfb": 0.012486535781008053,
    "sft": 0.0,
    "bad-redirect": 0.0022228511523249765,
    "roll-out": 0.21757154932384332,
    "oneh-in": 0.009282591555741961,
    "alternate": 0.20026839402698263,
    "oneh-out": 0.012643957743474566,