{
  "english-1k": {
    "sfb": 0.019407198306280876,
    "unknown": 0.0,
    "outoneh": 0.013761467889908258,
    "red-sfs": 0.02117148906139732,
    "alt-sfs": 0.04128440366972477,
    "sft": 0.0,
    "inroll": 0.24664784756527877,
    "bad-red-sfs": 0.0017642907551164433,
    "red": 0.029640084685956247,
    "sfr": 0.10832745236414962,
    "outroll": 0.23253352152434723,
    "inoneh": 0.0017642907551164433,
    "bad-red": 0.0045871559633027525,
    "alt": 0.2791107974594213
  },
  "shai": {
    "sfb": 0.01807999933738601,
    "unknown": 0.024097749651430984,
    "outoneh": 0.011119115546565198,
    "red-sfs": 0.013301522959419847,
    "alt-sfs": 0.04157125979948805,
    "sft": 0.0000527033566971851,
    "inroll": 0.26514870265445023,
    "bad-red-sfs": 0.0017024264057247372,
    "red": 0.030563708786725922,
    "sfr": 0.09823378925716947,
    "outroll": 0.2181002725387064,
    "inoneh": 0.0016598828721405808,
    "bad-red": 0.005532637144839677,
    "alt": 0.2708362296892557
  },
  "chained-bigrams": {
    "sfb": 0.019658348857126345,
    "unknown": 0.023159399756770463,
    "outoneh": 0.011391401517684788,
    "red-sfs": 0.022311407828926395,
    "alt-sfs": 0.05090159203017449,
    "sft": 0.00007596864897224807,
    "inroll": 0.23257769417619142,
    "bad-red-sfs": 0.002338146196145857,
    "red": 0.041006188523020126,
    "sfr": 0.11914286586209158,
    "outroll": 0.19680879729941192,
    "inoneh": 0.0032991171404101916,
    "bad-red": 0.004511369000505808,
    "alt": 0.27281770316256837
  },
  "english-200": {
    "sfb": 0.004454342984409799,
    "unknown": 0.0,
    "outoneh": 0.008908685968819599,
    "red-sfs": 0.022271714922048998,
    "alt-sfs": 0.035634743875278395,
    "sft": 0.0,
    "inroll": 0.3051224944320713,
    "bad-red-sfs": 0.0,
    "red": 0.0400890868596882,
    "sfr": 0.10690423162583519,
    "outroll": 0.2026726057906459,
    "inoneh": 0.0,
    "bad-red": 0.004454342984409799,
    "alt": 0.26948775055679286
  },
  "english-450k": {
    "sfb": 0.03236798668772339,
    "unknown": 0.00015377410175167997,
    "outoneh": 0.008597901772845832,
    "red-sfs": 0.018241818253044346,
    "alt-sfs": 0.04495349064287514,
    "sft": 0.000237092769050594,
    "inroll": 0.21990573589093382,
    "bad-red-sfs": 0.0020008173999781324,
    "red": 0.037260108016074364,
    "sfr": 0.11369548401129392,
    "outroll": 0.2190272355567821,
    "inoneh": 0.0019791837811005196,
    "bad-red": 0.004642457672655281,
    "alt": 0.2969369134438909
  },
  "english-5k": {
    "sfb": 0.02136308955904924,
    "unknown": 0.002157049819554486,
    "outoneh": 0.009706724187995189,
    "red-sfs": 0.014726013191189281,
    "alt-sfs": 0.0467913883934127,
    "sft": 0.0,
    "inroll": 0.21773758659310574,
    "bad-red-sfs": 0.0016177873646658647,
    "red": 0.030240179201061933,
    "sfr": 0.10644211224955408,
    "outroll": 0.24980296179532915,
    "inoneh": 0.0015348239100676153,
    "bad-red": 0.005558551458082714,
    "alt": 0.29232173227693203
  },
  "monkeyracer": {
    "sfb": 0.01579288987597166,
    "unknown": 0.013491796612290222,
    "outoneh": 0.014974701659446017,
    "red-sfs": 0.014055828393574926,
    "alt-sfs": 0.040586827658476314,
    "sft": 0.000026393168275020725,
    "inroll": 0.29060246805449114,
    "bad-red-sfs": 0.002647137025509486,
    "red": 0.03463272440058182,
    "sfr": 0.09690789370786869,
    "outroll": 0.2054258488824937,
    "inoneh": 0.001250254156435241,
    "bad-red": 0.00449661385426279,
    "alt": 0.26510862255032297
  },
  "tr-quotes": {
    "sfb": 0.015806384503363306,
    "unknown": 0.013894731975682485,
    "outoneh": 0.01478467904116872,
    "red-sfs": 0.014009153741245001,
    "alt-sfs": 0.04057465153371397,
    "sft": 0.000030050160652781953,
    "inroll": 0.2899713367698389,
    "bad-red-sfs": 0.0026374794849864775,
    "red": 0.03458542336053258,
    "sfr": 0.09677191928064538,
    "outroll": 0.20550033517486882,
    "inoneh": 0.0012736645015140658,
    "bad-red": 0.00448672014054229,
    "alt": 0.2656734703312452
  },
  "movie": {
    "sfb": 0.014082679500438813,
    "unknown": 0.030282373430185833,
    "outoneh": 0.018351186992764355,
    "red-sfs": 0.013440350450308064,
    "alt-sfs": 0.04415068005157056,
    "sft": 0.00003118868774451701,
    "inroll": 0.28909044706286124,
    "bad-red-sfs": 0.0038383141579929436,
    "red": 0.03303105748469945,
    "sfr": 0.11567713207251198,
    "outroll": 0.17689828895174295,
    "inoneh": 0.0011710891655631092,
    "bad-red": 0.003282181692135016,
    "alt": 0.25667303029948113
  },
  "gutenberg": {
    "sfb": 0.01917554841000029,
    "unknown": 0.03298207965968062,
    "outoneh": 0.015146985890369906,
    "red-sfs": 0.021100983820962545,
    "alt-sfs": 0.036382848697224336,
    "sft": 0.00016954591625454696,
    "inroll": 0.289551462963405,
    "bad-red-sfs": 0.0011949671952331644,
    "red": 0.03218000434189095,
    "sfr": 0.09863878308844841,
    "outroll": 0.2012563068239295,
    "inoneh": 0.0010123501413008926,
    "bad-red": 0.004718112391324856,
    "alt": 0.246490020659975
  },
  "keymash": {
    "sfb": 0.016797133157918503,
    "unknown": 0.012376186820900362,
    "outoneh": 0.014707753691305472,
    "red-sfs": 0.014777536502567598,
    "alt-sfs": 0.03982135600316896,
    "sft": 0.00002873409875499255,
    "inroll": 0.28801008156379176,
    "bad-red-sfs": 0.002692795540467873,
    "red": 0.033565532217082014,
    "sfr": 0.099723742164827,
    "outroll": 0.20567046914573525,
    "inoneh": 0.0011945175339575474,
    "bad-red": 0.004724706809570918,
    "alt": 0.26590945474995176
  },
  "english-10k": {
    "sfb": 0.022056695162192934,
    "unknown": 0.0,
    "outoneh": 0.008394280311070802,
    "red-sfs": 0.01327647092877405,
    "alt-sfs": 0.04594662395553926,
    "sft": 0.00007718878446961657,
    "inroll": 0.22587368055421547,
    "bad-red-sfs": 0.0014472897088053105,
    "red": 0.0316859960247776,
    "sfr": 0.10567144593890508,
    "outroll": 0.2451708766716196,
    "inoneh": 0.0025086354952625384,
    "bad-red": 0.007197854151791745,
    "alt": 0.29069296231257596
  },
  "mt-quotes": {
    "sfb": 0.014972627628166051,
    "unknown": 0.007995063410669249,
    "outoneh": 0.015116063637776263,
    "red-sfs": 0.014132929321906264,
    "alt-sfs": 0.04053710809098624,
    "sft": 7.470625500531909e-6,
    "inroll": 0.29797038046401547,
    "bad-red-sfs": 0.002747696059095636,
    "red": 0.035295717239813056,
    "sfr": 0.0964592223377679,
    "outroll": 0.2048639748508863,
    "inoneh": 0.0011340409509807438,
    "bad-red": 0.004504787176820741,
    "alt": 0.26426291820561554
  }
}