{
  "english-10k": {
    "bad-redirect": 0.00796974199648791,
    "dsfb-red": 0.01281333822195635,
    "sfb": 0.01900773817564308,
    "oneh-in": 0.00302965979043245,
    "roll-in": 0.23409428610022964,
    "unknown": 0.0,
    "dsfb-alt": 0.050114818316898554,
    "alternate": 0.35533856930587987,
    "sfR": 0.10567144593890508,
    "sfT": 0.00007718878446961657,
    "roll-out": 0.1812971575230119,
    "oneh-out": 0.006348777522625962,
    "redirect": 0.0242372783234596,
    "sft": 0.0,
    "dsfb": 0.0
  },
  "dutch": {
    "bad-redirect": 0.005527866623867056,
    "dsfb-red": 0.011429572376736459,
    "sfb": 0.04307866142604539,
    "oneh-in": 0.001773785888888104,
    "roll-in": 0.20482244048939735,
    "unknown": 0.07360270072188302,
    "dsfb-alt": 0.04315027701821937,
    "alternate": 0.2572195922329394,
    "sfR": 0.18880787437283908,
    "sfT": 0.00007409004177839195,
    "roll-out": 0.15216075573850862,
    "oneh-out": 0.0020753280555355427,
    "redirect": 0.016277055013362206,
    "sft": 0.0,
    "dsfb": 0.0
  },
  "wordle": {
    "bad-redirect": 0.005318074722315718,
    "dsfb-red": 0.015819589363850556,
    "sfb": 0.03202064400314148,
    "oneh-in": 0.0028497699988780435,
    "roll-in": 0.19775608661505667,
    "unknown": 0.0,
    "dsfb-alt": 0.06141590934589925,
    "alternate": 0.3190171659373948,
    "sfR": 0.13138112868843263,
    "sfT": 0.0001795130707954673,
    "roll-out": 0.1952429036239201,
    "oneh-out": 0.00756198810725906,
    "redirect": 0.03143722652305621,
    "sft": 0.0,
    "dsfb": 0.0
  },
  "chained-bigrams": {
    "bad-redirect": 0.003991275942157341,
    "dsfb-red": 0.015626166719368565,
    "sfb": 0.018219489659498128,
    "oneh-in": 0.01248028548628701,
    "roll-in": 0.21254729373050868,
    "unknown": 0.023159399756770463,
    "dsfb-alt": 0.060567790981027964,
    "alternate": 0.33338744205767257,
    "sfR": 0.11914286586209158,
    "sfT": 0.00004220480498458226,
    "roll-out": 0.16438641680556376,
    "oneh-out": 0.007193646683449029,
    "redirect": 0.029255721510620353,
    "sft": 0.0,
    "dsfb": 0.0
  },
  "monkeyracer": {
    "bad-redirect": 0.005500531773464504,
    "dsfb-red": 0.011660892753804527,
    "sfb": 0.017363772150710857,
    "oneh-in": 0.0020166335611617684,
    "roll-in": 0.23718856061435475,
    "unknown": 0.013491796612290222,
    "dsfb-alt": 0.058253632481974446,
    "alternate": 0.3206408261257175,
    "sfR": 0.09690789370786869,
    "sfT": 0.00001955049501853387,
    "roll-out": 0.1901432269265058,
    "oneh-out": 0.02442736600090714,
    "redirect": 0.02238531679622128,
    "sft": 0.0,
    "dsfb": 0.0
  },
  "shai": {
    "bad-redirect": 0.005990162040083192,
    "dsfb-red": 0.012192995303181508,
    "sfb": 0.01716438059680465,
    "oneh-in": 0.0025778509508665535,
    "roll-in": 0.24435295744129443,
    "unknown": 0.024097749651430984,
    "dsfb-alt": 0.05320650984183033,
    "alternate": 0.3243298154929678,
    "sfR": 0.09823378925716947,
    "sfT": 0.000032639157452255414,
    "roll-out": 0.18108604754781735,
    "oneh-out": 0.01409508835833669,
    "redirect": 0.02264001436076483,
    "sft": 0.0,
    "dsfb": 0.0
  },
  "akl": {
    "bad-redirect": 0.00480926082257157,
    "dsfb-red": 0.010743486966250174,
    "sfb": 0.02364515032641837,
    "oneh-in": 0.0027681779663169597,
    "roll-in": 0.21241486401475204,
    "unknown": 0.07331127266302054,
    "dsfb-alt": 0.056303591203041306,
    "alternate": 0.29034705657203896,
    "sfR": 0.11790358951788564,
    "sfT": 0.0001921820919745576,
    "roll-out": 0.16628335570501399,
    "oneh-out": 0.019117781353777244,
    "redirect": 0.02216023079693862,
    "sft": 0.0,
    "dsfb": 0.0
  },
  "french": {
    "bad-redirect": 0.006511331670738805,
    "dsfb-red": 0.011977665135328025,
    "sfb": 0.026927127724052157,
    "oneh-in": 0.0020991503155257554,
    "roll-in": 0.2037780211127961,
    "unknown": 0.1584254645227596,
    "dsfb-alt": 0.03627825187056117,
    "alternate": 0.25301244692627584,
    "sfR": 0.10898279115633469,
    "sfT": 0.00008545640589923069,
    "roll-out": 0.16275060139720923,
    "oneh-out": 0.011599583462944962,
    "redirect": 0.017572108299574382,
    "sft": 0.0,
    "dsfb": 0.0
  },
  "movie": {
    "bad-redirect": 0.003705926732376977,
    "dsfb-red": 0.010373726017774393,
    "sfb": 0.015857013158073086,
    "oneh-in": 0.0016747140938258374,
    "roll-in": 0.20714513096551096,
    "unknown": 0.030282373430185833,
    "dsfb-alt": 0.058844105120879855,
    "alternate": 0.3078486661703673,
    "sfR": 0.11567713207251198,
    "sfT": 0.000018160501724655473,
    "roll-out": 0.19121560739837784,
    "oneh-out": 0.03750301523547657,
    "redirect": 0.019854429102914642,
    "sft": 0.0,
    "dsfb": 0.0
  },
  "reddit": {
    "bad-redirect": 0.004522233503146516,
    "dsfb-red": 0.011199167246788355,
    "sfb": 0.01856835144492908,
    "oneh-in": 0.002229053205820807,
    "roll-in": 0.22756386161208841,
    "unknown": 0.04519941109454869,
    "dsfb-alt": 0.05680742600709406,
    "alternate": 0.3116631334961607,
    "sfR": 0.10397777127267367,
    "sfT": 0.00008544035965109918,
    "roll-out": 0.17749472459155968,
    "oneh-out": 0.018661170914992836,
    "redirect": 0.022028255250546084,
    "sft": 0.0,
    "dsfb": 0.0
  },
  "english-200": {
    "bad-redirect": 0.004454342984409799,
    "dsfb-red": 0.008908685968819599,
    "sfb": 0.008908685968819599,
    "oneh-in": 0.0,
    "roll-in": 0.267260579064588,
    "unknown": 0.0,
    "dsfb-alt": 0.07349665924276169,
    "alternate": 0.3028953229398664,
    "sfR": 0.10690423162583519,
    "sfT": 0.0,
    "roll-out": 0.1870824053452116,
    "oneh-out": 0.013363028953229399,
    "redirect": 0.026726057906458798,
    "sft": 0.0,
    "dsfb": 0.0
  },
  "english-1k": {
    "bad-redirect": 0.004940014114326041,
    "dsfb-red": 0.014114326040931546,
    "sfb": 0.01834862385321101,
    "oneh-in": 0.003175723359209598,
    "roll-in": 0.25335215243472126,
    "unknown": 0.0,
    "dsfb-alt": 0.05716302046577276,
    "alternate": 0.305575158786168,
    "sfR": 0.10832745236414962,
    "sfT": 0.0,
    "roll-out": 0.2018348623853211,
    "oneh-out": 0.009174311926605505,
    "redirect": 0.02399435426958363,
    "sft": 0.0,
    "dsfb": 0.0
  },
  "english-450k": {
    "bad-redirect": 0.004335494161554019,
    "dsfb-red": 0.013754011720743892,
    "sfb": 0.030986066195365612,
    "oneh-in": 0.0038159949622902636,
    "roll-in": 0.214565447836375,
    "unknown": 0.00015377410175167997,
    "dsfb-alt": 0.05471493029589528,
    "alternate": 0.3592426128500188,
    "sfR": 0.11369548401129392,
    "sfT": 0.00015611287136007055,
    "roll-out": 0.172181680300719,
    "oneh-out": 0.005136522752427789,
    "redirect": 0.027261867940204677,
    "sft": 0.0,
    "dsfb": 0.0
  },
  "gutenberg": {
    "bad-redirect": 0.005281876242468468,
    "dsfb-red": 0.009595541112895605,
    "sfb": 0.01786995013645131,
    "oneh-in": 0.003270815407878221,
    "roll-in": 0.2611065835721184,
    "unknown": 0.03298207965968062,
    "dsfb-alt": 0.058467956579575,
    "alternate": 0.2987507023368542,
    "sfR": 0.09863878308844841,
    "sfT": 0.00015893745669001664,
    "roll-out": 0.1809462215508583,
    "oneh-out": 0.013371394970756645,
    "redirect": 0.019559157885324824,
    "sft": 0.0,
    "dsfb": 0.0
  },
  "mt-quotes": {
    "bad-redirect": 0.005637334002701378,
    "dsfb-red": 0.011509245646119458,
    "sfb": 0.016895566632002965,
    "oneh-in": 0.001863173999832658,
    "roll-in": 0.23942159429124682,
    "unknown": 0.007995063410669249,
    "dsfb-alt": 0.059763509879155165,
    "alternate": 0.321544686293494,
    "sfR": 0.0964592223377679,
    "sfT": 8.96475060063829e-6,
    "roll-out": 0.19073702202938048,
    "oneh-out": 0.02594996473864764,
    "redirect": 0.022214651988381684,
    "sft": 0.0,
    "dsfb": 0.0
  },
  "keymash": {
    "bad-redirect": 0.0056811418109870985,
    "dsfb-red": 0.011998538665834746,
    "sfb": 0.017441597944280476,
    "oneh-in": 0.0023028327716501174,
    "roll-in": 0.2395602861916236,