{
  "english-1k": {
    "sfb": 0.0652787579393084,
    "unknown": 0.0,
    "outoneh": 0.0028228652081863093,
    "red-sfs": 0.00529287226534933,
    "alt-sfs": 0.056457304163726185,
    "sft": 0.00035285815102328866,
    "inroll": 0.15455187014820043,
    "bad-red-sfs": 0.0007057163020465773,
    "red": 0.014467184191954835,
    "sfr": 0.10832745236414962,
    "outroll": 0.22829922371206776,
    "inoneh": 0.0017642907551164433,
    "bad-red": 0.0067043048694424845,
    "alt": 0.3549752999294284
  },
  "shai": {
    "sfb": 0.05886814384173062,
    "unknown": 0.015572597567587401,
    "outoneh": 0.0034106042389336496,
    "red-sfs": 0.0088923764712585,
    "alt-sfs": 0.05681131184255301,
    "sft": 0.0004380838318161847,
    "inroll": 0.14704947512612115,
    "bad-red-sfs": 0.0016062273948773745,
    "red": 0.015242498141429691,
    "sfr": 0.09823378925716947,
    "outroll": 0.23350928340774324,
    "inoneh": 0.0019706225134558633,
    "bad-red": 0.006354770031145954,
    "alt": 0.3520402163341779
  },
  "chained-bigrams": {
    "sfb": 0.05495649983215474,
    "unknown": 0.016087822355430687,
    "outoneh": 0.012331594711802866,
    "red-sfs": 0.00847926997374861,
    "alt-sfs": 0.06058337429363766,
    "sft": 0.0006791727079057391,
    "inroll": 0.12494894841858596,
    "bad-red-sfs": 0.0017985739970352748,
    "red": 0.016698818070669023,
    "sfr": 0.11914286586209158,
    "outroll": 0.22294590837401768,
    "inoneh": 0.0016368971287097213,
    "bad-red": 0.003408200328678035,
    "alt": 0.35630205394553244
  },
  "english-200": {
    "sfb": 0.042316258351893093,
    "unknown": 0.0,
    "outoneh": 0.0022271714922048997,
    "red-sfs": 0.004454342984409799,
    "alt-sfs": 0.044543429844097995,
    "sft": 0.0,
    "inroll": 0.12249443207126949,
    "bad-red-sfs": 0.0022271714922048997,
    "red": 0.013363028953229399,
    "sfr": 0.10690423162583519,
    "outroll": 0.267260579064588,
    "inoneh": 0.004454342984409799,
    "bad-red": 0.004454342984409799,
    "alt": 0.38530066815144765
  },
  "english-450k": {
    "sfb": 0.06354407791377073,
    "unknown": 0.0,
    "outoneh": 0.004219725065938686,
    "red-sfs": 0.004569663468594124,
    "alt-sfs": 0.06342684708715016,
    "sft": 0.0008250009793597735,
    "inroll": 0.15874281778470573,
    "bad-red-sfs": 0.001555281789579729,
    "red": 0.014770791807991693,
    "sfr": 0.11369548401129392,
    "outroll": 0.1889418880068479,
    "inoneh": 0.0008302632109786523,
    "bad-red": 0.005239428615196974,
    "alt": 0.3796387302585919
  },
  "english-5k": {
    "sfb": 0.06450408595013897,
    "unknown": 0.0,
    "outoneh": 0.0030696478201352306,
    "red-sfs": 0.004562990002903721,
    "alt-sfs": 0.06126851122080723,
    "sft": 0.000622225909486871,
    "inroll": 0.16576098228730243,
    "bad-red-sfs": 0.0016177873646658647,
    "red": 0.012734890280831294,
    "sfr": 0.10644211224955408,
    "outroll": 0.19185298875845191,
    "inoneh": 0.0006637076367859958,
    "bad-red": 0.006803003277056457,
    "alt": 0.38009706724187997
  },
  "monkeyracer": {
    "sfb": 0.056019010901356026,
    "unknown": 0.009366642163379577,
    "outoneh": 0.0020420492046858627,
    "red-sfs": 0.01698351502260037,
    "alt-sfs": 0.057300545849820916,
    "sft": 0.0003489763360808296,
    "inroll": 0.1384429203747439,
    "bad-red-sfs": 0.0009266934638785054,
    "red": 0.01844784709948856,
    "sfr": 0.09690789370786869,
    "outroll": 0.25064125623660793,
    "inoneh": 0.0025014858376214088,
    "bad-red": 0.004786938705288018,
    "alt": 0.34528422509657947
  },
  "tr-quotes": {
    "sfb": 0.056272393148563374,
    "unknown": 0.009743186703959687,
    "outoneh": 0.002068837983403065,
    "red-sfs": 0.016574975150828692,
    "alt-sfs": 0.056968169945216245,
    "sft": 0.00033864219504865816,
    "inroll": 0.1383405376667206,
    "bad-red-sfs": 0.0009107510228612377,
    "red": 0.018317884468690045,
    "sfr": 0.09677191928064538,
    "outroll": 0.25007859272786115,
    "inoneh": 0.0024987864358197915,
    "bad-red": 0.0047964679503478885,
    "alt": 0.3463188553200342
  },
  "movie": {
    "sfb": 0.05802872491301054,
    "unknown": 0.02448311987944585,
    "outoneh": 0.0019689668609006897,
    "red-sfs": 0.02721535420413641,
    "alt-sfs": 0.0541243486400482,
    "sft": 0.0003207039326303289,
    "inroll": 0.12501978902497715,
    "bad-red-sfs": 0.0008115638705503645,
    "red": 0.0190181248387104,
    "sfr": 0.11567713207251198,
    "outroll": 0.22702127371179204,
    "inoneh": 0.002784610264447173,
    "bad-red": 0.0031986170646338837,
    "alt": 0.340327670722205
  },
  "gutenberg": {
    "sfb": 0.050777960015958155,
    "unknown": 0.025598023492433706,
    "outoneh": 0.0033141964300260323,
    "red-sfs": 0.008454942272930659,
    "alt-sfs": 0.059167546600500186,
    "sft": 0.00034647986684867754,
    "inroll": 0.1288594428361262,
    "bad-red-sfs": 0.0008310591448141871,
    "red": 0.01599585209231027,
    "sfr": 0.09863878308844841,
    "outroll": 0.2814916858092531,
    "inoneh": 0.0023615188737756226,
    "bad-red": 0.005119339486997628,
    "alt": 0.3190431699895772
  },
  "keymash": {
    "sfb": 0.05841231789764914,
    "unknown": 0.008566866300238493,
    "outoneh": 0.0023644058404108156,
    "red-sfs": 0.016353807062841473,
    "alt-sfs": 0.05694277398989381,
    "sft": 0.0004515358375784543,
    "inroll": 0.13700418286380447,
    "bad-red-sfs": 0.0009071765464076219,
    "red": 0.01802038479063104,
    "sfr": 0.099723742164827,
    "outroll": 0.2531268856752308,
    "inoneh": 0.001978547942843773,
    "bad-red": 0.005028467282123696,
    "alt": 0.3411189058055194
  },
  "english-10k": {
    "sfb": 0.0657069527797611,
    "unknown": 0.0,
    "outoneh": 0.0033577121244283206,
    "red-sfs": 0.0036664672623067866,
    "alt-sfs": 0.05991779394453986,
    "sft": 0.0007332934524613573,
    "inroll": 0.17683950521989156,
    "bad-red-sfs": 0.001524478493274927,
    "red": 0.014453599891935702,
    "sfr": 0.10567144593890508,
    "outroll": 0.1845583836668532,
    "inoneh": 0.0009069682175179947,
    "bad-red": 0.008278497134366377,
    "alt": 0.3743849018737577
  },
  "mt-quotes": {
    "sfb": 0.054563954530784955,
    "unknown": 0.00522794372527223,
    "outoneh": 0.0018870800014343602,
    "red-sfs": 0.01813270221489105,
    "alt-sfs": 0.05679617743034389,
    "sft": 0.0002868720192204253,
    "inroll": 0.13573977121956468,
    "bad-red-sfs": 0.0008008510536570206,
    "red": 0.018802070259738707,
    "sfr": 0.0964592223377679,
    "outroll": 0.25750499037783436,
    "inoneh": 0.0025116242932788275,
    "bad-red": 0.0047528119434384,
    "alt": 0.3465339285927732
  }
}