{
  "chained-bigrams": {
    "dsfb-alt": 0.0670218796202087,
    "redirect": 0.020249216126910496,
    "dsfb": 0.0,
    "unknown": 0.023159399756770463,
    "sfb": 0.055272061912500996,
    "sft": 0.0,
    "bad-redirect": 0.002515406377081103,
    "roll-out": 0.13644553729638617,
    "oneh-in": 0.01204784856136806,
    "alternate": 0.33087852872751217,
    "oneh-out": 0.0029348572081586435,
    "dsfb-red": 0.011445293807126639,
    "roll-in": 0.21802547741750747,
    "sfR": 0.11914286586209158,
    "sfT": 0.0008616273263775486
  },
  "akl": {
    "dsfb-alt": 0.053894933765327946,
    "redirect": 0.024829963455664482,
    "dsfb": 0.0,
    "unknown": 0.07331127266302054,
    "sfb": 0.05706835449876469,
    "sft": 0.0,
    "bad-redirect": 0.002599786307391477,
    "roll-out": 0.13832922514683468,
    "oneh-in": 0.003437717575591313,
    "alternate": 0.3032315586042004,
    "oneh-out": 0.004043506258804474,
    "dsfb-red": 0.005457488168906127,
    "roll-in": 0.21462613520326138,
    "sfR": 0.11790358951788564,
    "sfT": 0.001266468834346843
  },
  "english-450k": {
    "dsfb-alt": 0.06689845822460491,
    "redirect": 0.011804062559748255,
    "dsfb": 0.0,
    "unknown": 0.00015377410175167997,
    "sfb": 0.07328359160171222,
    "sft": 0.0,
    "bad-redirect": 0.0028594381924585206,
    "roll-out": 0.16085238797147403,
    "oneh-in": 0.007219781781101689,
    "alternate": 0.3687058593779691,
    "oneh-out": 0.0013623332968875068,
    "dsfb-red": 0.007965556939977232,
    "roll-in": 0.1840094229027522,
    "sfR": 0.11369548401129392,
    "sfT": 0.0011898490382687024
  },
  "movie": {
    "dsfb-alt": 0.06240079990430205,
    "redirect": 0.03564945967901445,
    "dsfb": 0.0,
    "unknown": 0.030282373430185833,
    "sfb": 0.04907388679085379,
    "sft": 0.0,
    "bad-redirect": 0.004056108580850225,
    "roll-out": 0.14174047879768004,
    "oneh-in": 0.004161386851717793,
    "alternate": 0.3212780940000729,
    "oneh-out": 0.0032515193957448367,
    "dsfb-red": 0.00540590761121103,
    "roll-in": 0.2266422719366688,
    "sfR": 0.11567713207251198,
    "sfT": 0.0003805809491862582
  },
  "english-10k": {
    "dsfb-alt": 0.06827347986337585,
    "redirect": 0.011829181219968739,
    "dsfb": 0.0,
    "unknown": 0.0,
    "sfb": 0.07101368171204724,
    "sft": 0.0,
    "bad-redirect": 0.004573435479824781,
    "roll-out": 0.19476660041295998,
    "oneh-in": 0.007120665367322128,
    "alternate": 0.35200015437756893,
    "oneh-out": 0.0024893382991451342,
    "dsfb-red": 0.007024179386735108,
    "roll-in": 0.17435016692074642,
    "sfR": 0.10567144593890508,
    "sfT": 0.0008876710214005905
  },
  "english-200": {
    "dsfb-alt": 0.060133630289532294,
    "redirect": 0.015590200445434299,
    "dsfb": 0.0,
    "unknown": 0.0,
    "sfb": 0.042316258351893093,
    "sft": 0.0,
    "bad-redirect": 0.0022271714922048997,
    "roll-out": 0.14253897550111358,
    "oneh-in": 0.0066815144766146995,
    "alternate": 0.34743875278396436,
    "oneh-out": 0.004454342984409799,
    "dsfb-red": 0.004454342984409799,
    "roll-in": 0.267260579064588,
    "sfR": 0.10690423162583519,
    "sfT": 0.0
  },
  "english-5k": {
    "dsfb-alt": 0.0680715144978637,
    "redirect": 0.010536358733977683,
    "dsfb": 0.0,
    "unknown": 0.002157049819554486,
    "sfb": 0.06836188658895756,
    "sft": 0.0,
    "bad-redirect": 0.0029452026382378563,
    "roll-out": 0.17920106193221885,
    "oneh-in": 0.007217820550047704,
    "alternate": 0.3586510142282325,
    "oneh-out": 0.0013274152735719916,
    "dsfb-red": 0.008379308914423197,
    "roll-in": 0.18567221139088233,
    "sfR": 0.10644211224955408,
    "sfT": 0.0010370431824781184
  },
  "dutch": {
    "dsfb-alt": 0.06753642613952618,
    "redirect": 0.009217181330069737,
    "dsfb": 0.0,
    "unknown": 0.07360270072188302,
    "sfb": 0.06720748571928789,
    "sft": 0.0,
    "bad-redirect": 0.002496916889585289,
    "roll-out": 0.15339586470699343,
    "oneh-in": 0.0077245682255782855,
    "alternate": 0.2633522824771421,
    "oneh-out": 0.0011975439545627935,
    "dsfb-red": 0.009151411176816315,
    "roll-in": 0.1558919029876612,
    "sfR": 0.18880787437283908,
    "sfT": 0.00041784129805466305
  },
  "wordle": {
    "dsfb-alt": 0.0750813418602042,
    "redirect": 0.019297655110512735,
    "dsfb": 0.0,
    "unknown": 0.0,
    "sfb": 0.07867160327611354,
    "sft": 0.0,
    "bad-redirect": 0.003702457085156513,
    "roll-out": 0.15895882418938628,
    "oneh-in": 0.005026365982273085,
    "alternate": 0.3261528105015146,
    "oneh-out": 0.005026365982273085,
    "dsfb-red": 0.006978570627173791,
    "roll-in": 0.18869067653988555,
    "sfR": 0.13138112868843263,
    "sfT": 0.001032200157073937
  },
  "tr-quotes": {
    "dsfb-alt": 0.06557060631977994,
    "redirect": 0.026152885971198078,
    "dsfb": 0.0,
    "unknown": 0.013894731975682485,
    "sfb": 0.053766672060285244,
    "sft": 0.0,
    "bad-redirect": 0.0035944615242366105,
    "roll-out": 0.15853193407457064,
    "oneh-in": 0.004155012597951966,
    "alternate": 0.32749011812024686,
    "oneh-out": 0.003645315642264395,
    "dsfb-red": 0.006518573310834238,
    "roll-in": 0.23952520746168604,
    "sfR": 0.09677191928064538,
    "sfT": 0.0003825616606181087
  },
  "keymash": {
    "dsfb-alt": 0.06523461391633452,
    "redirect": 0.02570470377196619,
    "dsfb": 0.0,
    "unknown": 0.012376186820900362,
    "sfb": 0.05557585186340631,
    "sft": 0.0,
    "bad-redirect": 0.003817530263163296,
    "roll-out": 0.15770094370990054,
    "oneh-in": 0.004441470693271705,
    "alternate": 0.3221174567859679,
    "oneh-out": 0.0031771703480520334,
    "dsfb-red": 0.006641681683653992,
    "roll-in": 0.24308226572473554,
    "sfR": 0.099723742164827,
    "sfT": 0.0004063822538206089
  },
  "french": {
    "dsfb-alt": 0.0463456726900099,
    "redirect": 0.012567065637516249,
    "dsfb": 0.0,
    "unknown": 0.1584254645227596,
    "sfb": 0.08058621476408331,
    "sft": 0.0,
    "bad-redirect": 0.0050743486462253564,
    "roll-out": 0.12771657621906132,
    "oneh-in": 0.010926809030386958,
    "alternate": 0.2483279257136932,
    "oneh-out": 0.0008009140958918256,
    "dsfb-red": 0.009122336493197804,
    "roll-in": 0.18958687925355927,
    "sfR": 0.10898279115633469,
    "sfT": 0.0015370017772805007
  },
  "shai": {
    "dsfb-alt": 0.06567734244107612,
    "redirect": 0.017316359939349147,
    "dsfb": 0.0,
    "unknown": 0.024097749651430984,
    "sfb": 0.05918790540597028,
    "sft": 0.0,
    "bad-redirect": 0.0035103678962903834,
    "roll-out": 0.16581130890104231,
    "oneh-in": 0.005572572022889288,
    "alternate": 0.32930684771303737,
    "oneh-out": 0.0031720399810133224,
    "dsfb-red": 0.0065208260505140985,
    "roll-in": 0.22107540934217604,
    "sfR": 0.09823378925716947,
    "sfT": 0.0005174813980412015
  },
  "gutenberg": {
    "dsfb-alt": 0.06964358985725182,
    "redirect": 0.019019452504979346,
    "dsfb": 0.0,
    "unknown": 0.03298207965968062,
    "sfb": 0.05194489056805649,
    "sft": 0.0,
    "bad-redirect": 0.002810673474266719,
    "roll-out": 0.14694819245109594,
    "oneh-in": 0.0037453545366130142,
    "alternate": 0.29811741518820734,
    "oneh-out": 0.003267216109097398,
    "dsfb-red": 0.006625740745160932,
    "roll-in": 0.2659349481682032,
    "sfR": 0.09863878308844841,
    "sfT": 0.0003216636489387941
  },
  "monkeyracer": {
    "dsfb-alt": 0.06542768662902544,
    "redirect": 0.026496785898618952,
    "dsfb": 0.0,
    "unknown": 0.013491796612290222,
    "sfb": 0.05356640130128095,
    "sft": 0.0,
    "bad-redirect": 0.0035894708854028183,
    "roll-out": 0.15883897430282934,
    "oneh-in": 0.004160345339944007,
    "alternate": 0.32687254641287516,
    "oneh-out": 0.0036657178159751006,
    "dsfb-red": 0.0065806966232385,
    "roll-in": 0.2399950341742653,
    "sfR": 0.09690789370786869,
    "sfT": 0.00040665029638550445
  },
  "reddit": {
    "dsfb-alt": 0.0589597289731406,
    "redirect": 0.021369266979024037,
    "dsfb": 0.0,