{
  "english-1k": {
    "sfb": 0.011997177134791814,
    "unknown": 0.0,
    "outoneh": 0.0014114326040931546,
    "red-sfs": 0.008115737473535639,
    "alt-sfs": 0.04551870148200424,
    "sft": 0.0,
    "inroll": 0.2304163726182075,
    "bad-red-sfs": 0.0028228652081863093,
    "red": 0.02928722653493296,
    "sfr": 0.10832745236414962,
    "outroll": 0.2681721947776994,
    "inoneh": 0.011291460832745237,
    "bad-red": 0.006351446718419196,
    "alt": 0.276287932251235
  },
  "shai": {
    "sfb": 0.020790938165420034,
    "unknown": 0.02085404518098496,
    "outoneh": 0.002149652143138245,
    "red-sfs": 0.007245339485941592,
    "alt-sfs": 0.0525165127121255,
    "sft": 0.00004362337764074122,
    "inroll": 0.22095424619453666,
    "bad-red-sfs": 0.003163970178654974,
    "red": 0.033272855615483245,
    "sfr": 0.09823378925716947,
    "outroll": 0.2448383725023865,
    "inoneh": 0.012990965227318399,
    "bad-red": 0.006680135947335192,
    "alt": 0.27626555401186453
  },
  "chained-bigrams": {
    "sfb": 0.020364143057406976,
    "unknown": 0.021095260140678355,
    "outoneh": 0.0045996744386273955,
    "red-sfs": 0.01356722154081302,
    "alt-sfs": 0.06606870033224921,
    "sft": 0.00006298255513083814,
    "inroll": 0.19654582889912336,
    "bad-red-sfs": 0.0040614008489009545,
    "red": 0.03854077860722845,
    "sfr": 0.11914286586209158,
    "outroll": 0.21021304336251526,
    "inoneh": 0.007786461867309392,
    "bad-red": 0.008096180205427019,
    "alt": 0.2898554582824982
  },
  "english-200": {
    "sfb": 0.008908685968819599,
    "unknown": 0.0,
    "outoneh": 0.0022271714922048997,
    "red-sfs": 0.0066815144766146995,
    "alt-sfs": 0.0645879732739421,
    "sft": 0.0,
    "inroll": 0.20489977728285078,
    "bad-red-sfs": 0.0,
    "red": 0.026726057906458798,
    "sfr": 0.10690423162583519,
    "outroll": 0.289532293986637,
    "inoneh": 0.011135857461024499,
    "bad-red": 0.0066815144766146995,
    "alt": 0.2717149220489978
  },
  "english-450k": {
    "sfb": 0.024896494827518666,
    "unknown": 0.00015377410175167997,
    "outoneh": 0.0022314785526056525,
    "red-sfs": 0.007924628471830397,
    "alt-sfs": 0.055793395431564384,
    "sft": 7.01630882517171e-6,
    "inroll": 0.21165660313593923,
    "bad-red-sfs": 0.0032158082115370337,
    "red": 0.02667863726911228,
    "sfr": 0.11369548401129392,
    "outroll": 0.21790111799034206,
    "inoneh": 0.007410976196587618,
    "bad-red": 0.008049460299678244,
    "alt": 0.32038512519141366
  },
  "english-5k": {
    "sfb": 0.016883063010743767,
    "unknown": 0.002157049819554486,
    "outoneh": 0.0026963122744431078,
    "red-sfs": 0.006885966731654706,
    "alt-sfs": 0.04998548139544531,
    "sft": 0.0,
    "inroll": 0.21956278259426723,
    "bad-red-sfs": 0.0035259468204256023,
    "red": 0.024515700833782718,
    "sfr": 0.10644211224955408,
    "outroll": 0.25013481561372214,
    "inoneh": 0.008213382005226698,
    "bad-red": 0.006844485004355581,
    "alt": 0.30215290164682457
  },
  "monkeyracer": {
    "sfb": 0.022470361449551904,
    "unknown": 0.011536747110436837,
    "outoneh": 0.0015923878192595836,
    "red-sfs": 0.009740056618233574,
    "alt-sfs": 0.05433669080501118,
    "sft": 0.000014662871263900401,
    "inroll": 0.21924022866258974,
    "bad-red-sfs": 0.004041087320330951,
    "red": 0.04110980340022209,
    "sfr": 0.09690789370786869,
    "outroll": 0.24112309773683469,
    "inoneh": 0.015012825124732157,
    "bad-red": 0.007330458107199274,
    "alt": 0.27554369926646544
  },
  "tr-quotes": {
    "sfb": 0.02253993204040591,
    "unknown": 0.011968054367675273,
    "outoneh": 0.001582256535909942,
    "red-sfs": 0.009785950394119414,
    "alt-sfs": 0.05429948452416727,
    "sft": 0.000013869304916668594,
    "inroll": 0.21938928827350268,
    "bad-red-sfs": 0.004081042971729733,
    "red": 0.04063244030420009,
    "sfr": 0.09677191928064538,
    "outroll": 0.2406220383255126,
    "inoneh": 0.014880608400175677,
    "bad-red": 0.0073461085041954645,
    "alt": 0.2760870067728439
  },
  "movie": {
    "sfb": 0.029477784245080445,
    "unknown": 0.016870316515173428,
    "outoneh": 0.0009632961784382469,
    "red-sfs": 0.013867122240837467,
    "alt-sfs": 0.059075190925434166,
    "sft": 0.000034873427224881885,
    "inroll": 0.20121941189189133,
    "bad-red-sfs": 0.005763722134322177,
    "red": 0.047842657413057585,
    "sfr": 0.11567713207251198,
    "outroll": 0.21012884875973642,
    "inoneh": 0.01629733952597669,
    "bad-red": 0.006454215993374838,
    "alt": 0.2763280886769403
  },
  "gutenberg": {
    "sfb": 0.01778394583926744,
    "unknown": 0.03543926410631495,
    "outoneh": 0.001817077573981692,
    "red-sfs": 0.00895770748157822,
    "alt-sfs": 0.050130465108965926,
    "sft": 0.00001022958600865423,
    "inroll": 0.22717031086196385,
    "bad-red-sfs": 0.0026924649248333808,
    "red": 0.03110135132831174,
    "sfr": 0.09863878308844841,
    "outroll": 0.25435865610518743,
    "inoneh": 0.0126077753188884,
    "bad-red": 0.005886179564090819,
    "alt": 0.25340578911215905
  },
  "keymash": {
    "sfb": 0.02197748067631859,
    "unknown": 0.010976425724407154,
    "outoneh": 0.0014941731352596127,
    "red-sfs": 0.010163661216765936,
    "alt-sfs": 0.05287484658043701,
    "sft": 0.00003694384125641899,
    "inroll": 0.2195285144881431,
    "bad-red-sfs": 0.0035671331168697896,
    "red": 0.04097892969587009,
    "sfr": 0.099723742164827,
    "outroll": 0.24439582452496378,
    "inoneh": 0.01430958117998629,
    "bad-red": 0.006805876533682521,
    "alt": 0.27316686712121274
  },
  "english-10k": {
    "sfb": 0.019393682097991163,
    "unknown": 0.0,
    "outoneh": 0.0029524710059628334,
    "red-sfs": 0.006348777522625962,
    "alt-sfs": 0.05092530055382953,
    "sft": 0.0,
    "inroll": 0.22077922077922077,
    "bad-red-sfs": 0.0036085756739545746,
    "red": 0.027189749329422436,
    "sfr": 0.10567144593890508,
    "outroll": 0.24955134019027037,
    "inoneh": 0.00787325601590089,
    "bad-red": 0.00685050462167847,
    "alt": 0.29885567627023796
  },
  "mt-quotes": {
    "sfb": 0.022444747253798067,
    "unknown": 0.006620468318571378,
    "outoneh": 0.0015015957256069136,
    "red-sfs": 0.00977008402959563,
    "alt-sfs": 0.05436673001757091,
    "sft": 7.470625500531909e-6,
    "inroll": 0.21938238844862,
    "bad-red-sfs": 0.004143208902594997,
    "red": 0.04246004709482316,
    "sfr": 0.0964592223377679,
    "outroll": 0.2434900969388365,
    "inoneh": 0.01543132403389871,
    "bad-red": 0.007291330488519143,
    "alt": 0.27663128578429613
  }
}