{
  "dutch": {
    "dsfb": 0.0,
    "sfb": 0.06262272507979114,
    "roll-out": 0.14371985228324816,
    "sfR": 0.18880787437283908,
    "roll-in": 0.18494619094165682,
    "alternate": 0.2790019210694327,
    "dsfb-alt": 0.03792018709421044,
    "sft": 0.0,
    "sfT": 0.00028845268685599983,
    "dsfb-red": 0.005885603899646509,
    "oneh-in": 0.004618936733308376,
    "oneh-out": 0.005733102494679126,
    "redirect": 0.016822402189220875,
    "bad-redirect": 0.0020571103685929374,
    "unknown": 0.06757564078651779
  },
  "english-1k": {
    "dsfb": 0.0,
    "sfb": 0.015172900494001412,
    "roll-out": 0.22900494001411434,
    "sfR": 0.10832745236414962,
    "roll-in": 0.20748059280169373,
    "alternate": 0.35885673959068454,
    "dsfb-alt": 0.04269583627381793,
    "sft": 0.0,
    "sfT": 0.0,
    "dsfb-red": 0.006351446718419196,
    "oneh-in": 0.0017642907551164433,
    "oneh-out": 0.011644318983768526,
    "redirect": 0.016937191249117856,
    "bad-redirect": 0.0017642907551164433,
    "unknown": 0.0
  },
  "shai": {
    "dsfb": 0.0,
    "sfb": 0.021866749256030018,
    "roll-out": 0.22429197063567285,
    "sfR": 0.09823378925716947,
    "roll-in": 0.2099977574851384,
    "alternate": 0.336289285810493,
    "dsfb-alt": 0.047511187803691624,
    "sft": 0.0,
    "sfT": 0.00022671693656833454,
    "dsfb-red": 0.00783697017586828,
    "oneh-in": 0.0048558613316126015,
    "oneh-out": 0.012065527259598845,
    "redirect": 0.01837285381961356,
    "bad-redirect": 0.0029048695316155116,
    "unknown": 0.015546460696927484
  },
  "akl": {
    "dsfb": 0.0,
    "sfb": 0.02605709133952653,
    "roll-out": 0.2165848808576352,
    "sfR": 0.11790358951788564,
    "roll-in": 0.18713808648838462,
    "alternate": 0.30033817109311217,
    "dsfb-alt": 0.03804294693581081,
    "sft": 0.0,
    "sfT": 0.0003614411104382879,
    "dsfb-red": 0.011454907650371335,
    "oneh-in": 0.005769365877158842,
    "oneh-out": 0.01567269122211083,
    "redirect": 0.020564784880585038,
    "bad-redirect": 0.0020815389832885838,
    "unknown": 0.05803050404369212
  },
  "monkeyracer": {
    "dsfb": 0.0,
    "sfb": 0.020947377887608115,
    "roll-out": 0.24454541188982906,
    "sfR": 0.09690789370786869,
    "roll-in": 0.20080899948386693,
    "alternate": 0.32721956769945415,
    "dsfb-alt": 0.04051937845066237,
    "sft": 0.0,
    "sfT": 0.00018279712842329167,
    "dsfb-red": 0.010408683547867432,
    "oneh-in": 0.004864163160611227,
    "oneh-out": 0.020447862739884574,
    "redirect": 0.020920984719333093,
    "bad-redirect": 0.0028612149459624316,
    "unknown": 0.009365664638628651
  },
  "tr-quotes": {
    "dsfb": 0.0,
    "sfb": 0.021074408820877927,
    "roll-out": 0.24399690252190195,
    "sfR": 0.09677191928064538,
    "roll-in": 0.20060678209010424,
    "alternate": 0.32790619726774695,
    "dsfb-alt": 0.040738771641894544,
    "sft": 0.0,
    "sfT": 0.00019070294260419316,
    "dsfb-red": 0.010392732484223666,
    "oneh-in": 0.004836920089688172,
    "oneh-out": 0.02006772843900973,
    "redirect": 0.020835163311065392,
    "bad-redirect": 0.002839740181687894,
    "unknown": 0.009742030928549965
  },
  "reddit": {
    "dsfb": 0.0,
    "sfb": 0.0214832873449942,
    "roll-out": 0.23112954515275788,
    "sfR": 0.10397777127267367,
    "roll-in": 0.194420868124247,
    "alternate": 0.3186894325332992,
    "dsfb-alt": 0.04354974915706774,
    "sft": 0.0,
    "sfT": 0.000337341463839456,
    "dsfb-red": 0.009703717479707915,
    "oneh-in": 0.005351315888292255,
    "oneh-out": 0.015846658339883697,
    "redirect": 0.020042000997490914,
    "bad-redirect": 0.002673785073483017,
    "unknown": 0.03279452717226308
  },
  "keymash": {
    "dsfb": 0.0,
    "sfb": 0.02147258151248086,
    "roll-out": 0.2494694453908453,
    "sfR": 0.099723742164827,
    "roll-in": 0.19806414271816364,
    "alternate": 0.32406316575880595,
    "dsfb-alt": 0.04028520645449955,
    "sft": 0.0,
    "sfT": 0.00018061433503138174,
    "dsfb-red": 0.010758867548119354,
    "oneh-in": 0.004601560672049521,
    "oneh-out": 0.019551501767147074,
    "redirect": 0.02042583934354899,
    "bad-redirect": 0.002836466034242836,
    "unknown": 0.008566866300238493
  },
  "english-10k": {
    "dsfb": 0.0,
    "sfb": 0.02371625402828969,
    "roll-out": 0.1719380174060709,
    "sfR": 0.10567144593890508,
    "roll-in": 0.2390536655024025,
    "alternate": 0.37166399722120375,
    "dsfb-alt": 0.052951506146156964,
    "sft": 0.0,
    "sfT": 0.00036664672623067866,
    "dsfb-red": 0.005248837343933927,
    "oneh-in": 0.006001427992512688,
    "oneh-out": 0.005692672854634221,
    "redirect": 0.014839543814283785,
    "bad-redirect": 0.0028559850253758127,
    "unknown": 0.0
  },
  "wordle": {
    "dsfb": 0.0,
    "sfb": 0.045349489509704924,
    "roll-out": 0.19432289913609335,
    "sfR": 0.13138112868843263,
    "roll-in": 0.17812184449680243,
    "alternate": 0.33851677325255247,
    "dsfb-alt": 0.05733198698530237,
    "sft": 0.0,
    "sfT": 0.0005385392123864019,
    "dsfb-red": 0.013800067317401549,
    "oneh-in": 0.008302479524290363,
    "oneh-out": 0.00650734881633569,
    "redirect": 0.024099629754291484,
    "bad-redirect": 0.0017278133064063726,
    "unknown": 0.0
  },
  "chained-bigrams": {
    "dsfb": 0.0,
    "sfb": 0.023800912792536114,
    "roll-out": 0.21487699896565762,
    "sfR": 0.11914286586209158,
    "roll-in": 0.18821914552801133,
    "alternate": 0.3250997169680847,
    "dsfb-alt": 0.05941137932445041,
    "sft": 0.0,
    "sfT": 0.00012726371964581727,
    "dsfb-red": 0.013249711546390548,
    "oneh-in": 0.005458704546236663,
    "oneh-out": 0.005817770040951647,
    "redirect": 0.024343082210414976,
    "bad-redirect": 0.0043769629292472155,
    "unknown": 0.01607548556628135
  },
  "english-450k": {
    "dsfb": 0.0,
    "sfb": 0.03948749372186533,
    "roll-out": 0.18020132128789026,
    "sfR": 0.11369548401129392,
    "roll-in": 0.19959381418826277,
    "alternate": 0.37903240423761664,
    "dsfb-alt": 0.051238349273022704,
    "sft": 0.0,
    "sfT": 0.0017365364342299982,
    "dsfb-red": 0.007223582281715324,
    "oneh-in": 0.0032014832476856413,
    "oneh-out": 0.00492778756487893,
    "redirect": 0.01602378762568694,
    "bad-redirect": 0.0036379561258515314,
    "unknown": 0.0
  },
  "english-200": {
    "dsfb": 0.0,
    "sfb": 0.011135857461024499,
    "roll-out": 0.26057906458797325,
    "sfR": 0.10690423162583519,
    "roll-in": 0.19599109131403117,
    "alternate": 0.34966592427616927,
    "dsfb-alt": 0.031180400890868598,
    "sft": 0.0,
    "sfT": 0.0,
    "dsfb-red": 0.0022271714922048997,
    "oneh-in": 0.0022271714922048997,
    "oneh-out": 0.011135857461024499,
    "redirect": 0.028953229398663696,
    "bad-redirect": 0.0,
    "unknown": 0.0
  },
  "english-5k": {
    "dsfb": 0.0,
    "sfb": 0.020989754013357117,
    "roll-out": 0.1804455137511926,
    "sfR": 0.10644211224955408,
    "roll-in": 0.22661467623511844,
    "alternate": 0.38183929978844316,
    "dsfb-alt": 0.050483262123034806,
    "sft": 0.0,
    "sfT": 0.00045629900029037207,
    "dsfb-red": 0.005019289003194093,
    "oneh-in": 0.0019911229103579875,
    "oneh-out": 0.0070933753681503295,
    "redirect": 0.014643049736591031,
    "bad-redirect": 0.003982245820715975,
    "unknown": 0.0
  },
  "movie": {
    "dsfb": 0.0,
    "sfb": 0.021634947858962385,
    "roll-out": 0.23802838012667346,
    "sfR": 0.11567713207251198,
    "roll-in": 0.17681235556314728,
    "alternate": 0.31342183463441925,
    "dsfb-alt": 0.03990849212696191,
    "sft": 0.0,
    "sfT": 0.00017792027776618985,
    "dsfb-red": 0.014043989735894982,
    "oneh-in": 0.004491039437371865,
    "oneh-out": 0.028087189884758456,
    "redirect": 0.020924319530606302,
    "bad-redirect": 0.002310989643381701,
    "unknown": 0.024481409107544254
  },
  "gutenberg": {
    "dsfb": 0.0,
    "sfb": 0.022949318463304013,
    "roll-out": 0.2725106776039885,
    "sfR": 0.09863878308844841,
    "roll-in": 0.19189945605123582,