{
  "shai": {
    "dsfb-alt": 0.04218811007318788,
    "redirect": 0.05083671658668338,
    "dsfb": 0.0,
    "unknown": 0.023260762136131256,
    "sfb": 0.02243830413548536,
    "sft": 0.0,
    "bad-redirect": 0.014564692799460497,
    "roll-out": 0.23741487809915243,
    "oneh-in": 0.010506247923525676,
    "alternate": 0.23363548969805548,
    "oneh-out": 0.013991775536105805,
    "dsfb-red": 0.010882970294147972,
    "roll-in": 0.24195077660526754,
    "sfR": 0.09823378925716947,
    "sfT": 0.00009548685562724928
  },
  "movie": {
    "dsfb-alt": 0.04032249892714862,
    "redirect": 0.07177293477261013,
    "dsfb": 0.0,
    "unknown": 0.03021933806550388,
    "sfb": 0.03190813312805825,
    "sft": 0.0,
    "bad-redirect": 0.014146109658636523,
    "roll-out": 0.1812274630476559,
    "oneh-in": 0.011404926680922222,
    "alternate": 0.2334160074821267,
    "oneh-out": 0.014162296192782411,
    "dsfb-red": 0.016389984404340148,
    "roll-in": 0.23919591615059477,
    "sfR": 0.11567713207251198,
    "sfT": 0.00015725941710842964
  },
  "french": {
    "dsfb-alt": 0.0305672949495339,
    "redirect": 0.03497594059089839,
    "dsfb": 0.0,
    "unknown": 0.1580534055493898,
    "sfb": 0.05139290420883736,
    "sft": 0.0,
    "bad-redirect": 0.012327101532802368,
    "roll-out": 0.19752033196517688,
    "oneh-in": 0.009472372164205801,
    "alternate": 0.18386008652940516,
    "oneh-out": 0.00838094524103628,
    "dsfb-red": 0.01197532796854677,
    "roll-in": 0.19005264962575444,
    "sfR": 0.10898279115633469,
    "sfT": 0.0024388485180782023
  },
  "english-200": {
    "dsfb-alt": 0.0378619153674833,
    "redirect": 0.062360801781737196,
    "dsfb": 0.0,
    "unknown": 0.0,
    "sfb": 0.013363028953229399,
    "sft": 0.0,
    "bad-redirect": 0.008908685968819599,
    "roll-out": 0.20935412026726058,
    "oneh-in": 0.0200445434298441,
    "alternate": 0.24276169265033407,
    "oneh-out": 0.011135857461024499,
    "dsfb-red": 0.0066815144766146995,
    "roll-in": 0.2806236080178174,
    "sfR": 0.10690423162583519,
    "sfT": 0.0
  },
  "chained-bigrams": {
    "dsfb-alt": 0.04647852846779027,
    "redirect": 0.05172620898910402,
    "dsfb": 0.0,
    "unknown": 0.02260814007320261,
    "sfb": 0.02347366322773258,
    "sft": 0.0,
    "bad-redirect": 0.020255709173831203,
    "roll-out": 0.19999298750932565,
    "oneh-in": 0.008080596892817326,
    "alternate": 0.25837197237338394,
    "oneh-out": 0.010157073298058773,
    "dsfb-red": 0.018115600908766846,
    "roll-in": 0.22143627496495377,
    "sfR": 0.11914286586209158,
    "sfT": 0.00016037825894141258
  },
  "wordle": {
    "dsfb-alt": 0.04207337596768765,
    "redirect": 0.04436216762032986,
    "dsfb": 0.0,
    "unknown": 0.0,
    "sfb": 0.0376079883316504,
    "sft": 0.0,
    "bad-redirect": 0.02412206888814092,
    "roll-out": 0.2074497924380119,
    "oneh-in": 0.015931785033097723,
    "alternate": 0.23222259620778637,
    "oneh-out": 0.016694715583978458,
    "dsfb-red": 0.016223493773140356,
    "roll-in": 0.23134746998765848,
    "sfR": 0.13138112868843263,
    "sfT": 0.0005834174800852687
  },
  "monkeyracer": {
    "dsfb-alt": 0.0391361809281011,
    "redirect": 0.06411193831427811,
    "dsfb": 0.0,
    "unknown": 0.013391111562944773,
    "sfb": 0.02490439807935937,
    "sft": 0.0,
    "bad-redirect": 0.013526987503323585,
    "roll-out": 0.22033310133412579,
    "oneh-in": 0.01167164552606472,
    "alternate": 0.23583077873531758,
    "oneh-out": 0.013756705819791357,
    "dsfb-red": 0.012423362059527347,
    "roll-in": 0.2539658179145096,
    "sfR": 0.09690789370786869,
    "sfT": 0.00004007851478799443
  },
  "reddit": {
    "dsfb-alt": 0.040863153648249044,
    "redirect": 0.05550312141989067,
    "dsfb": 0.0,
    "unknown": 0.03771549483958582,
    "sfb": 0.025127406709034746,
    "sft": 0.0,
    "bad-redirect": 0.013607941121441241,
    "roll-out": 0.2077948127850392,
    "oneh-in": 0.011821971657099107,
    "alternate": 0.23354315103372159,
    "oneh-out": 0.013876098742985397,
    "dsfb-red": 0.010839164047925263,
    "roll-in": 0.24509490491154712,
    "sfR": 0.10397777127267367,
    "sfT": 0.0002350078108071005
  },
  "english-10k": {
    "dsfb-alt": 0.04312923332239826,
    "redirect": 0.035410354875436596,
    "dsfb": 0.0,
    "unknown": 0.0,
    "sfb": 0.021728642828197062,
    "sft": 0.0,
    "bad-redirect": 0.016653480249319775,
    "roll-out": 0.2726114895505683,
    "oneh-in": 0.008008336388722719,
    "alternate": 0.2530827270797553,
    "oneh-out": 0.014743057833696763,
    "dsfb-red": 0.011057293375272573,
    "roll-in": 0.21782674977325794,
    "sfR": 0.10567144593890508,
    "sfT": 0.00007718878446961657
  },
  "keymash": {
    "dsfb-alt": 0.03985829984442538,
    "redirect": 0.06289894217467869,
    "dsfb": 0.0,
    "unknown": 0.01232282349464109,
    "sfb": 0.0244650326542508,
    "sft": 0.0,
    "bad-redirect": 0.013303887723561551,
    "roll-out": 0.21976249214943375,
    "oneh-in": 0.012786673945971685,
    "alternate": 0.23422805843694713,
    "oneh-out": 0.013221790298547286,
    "dsfb-red": 0.012240726069626826,
    "roll-in": 0.25507669951931955,
    "sfR": 0.099723742164827,
    "sfT": 0.00011083152376925698
  },
  "akl": {
    "dsfb-alt": 0.03827019513483166,
    "redirect": 0.053620662288483535,
    "dsfb": 0.0,
    "unknown": 0.06491114335210424,
    "sfb": 0.02718013607879887,
    "sft": 0.0,
    "bad-redirect": 0.014062562147859772,
    "roll-out": 0.19045387809459943,
    "oneh-in": 0.01248254284043645,
    "alternate": 0.22188989961056796,
    "oneh-out": 0.014639542103552568,
    "dsfb-red": 0.011815047721502252,
    "roll-in": 0.23266907222639174,
    "sfR": 0.11790358951788564,
    "sfT": 0.0001017288829858877
  },
  "english-5k": {
    "dsfb-alt": 0.04538100966524246,
    "redirect": 0.038702451570083375,
    "dsfb": 0.0,
    "unknown": 0.002157049819554486,
    "sfb": 0.02181938855933961,
    "sft": 0.0,
    "bad-redirect": 0.016966026465342017,
    "roll-out": 0.2584311610735471,
    "oneh-in": 0.008337827187124072,
    "alternate": 0.2542829883436346,
    "oneh-out": 0.010909694279669806,
    "dsfb-red": 0.011697847098353175,
    "roll-in": 0.22478948023395695,
    "sfR": 0.10644211224955408,
    "sfT": 0.00008296345459824948
  },
  "english-450k": {
    "dsfb-alt": 0.04008271058720073,
    "redirect": 0.037882513078107305,
    "dsfb": 0.0,
    "unknown": 0.00015377410175167997,
    "sfb": 0.027759441174389773,
    "sft": 0.0,
    "bad-redirect": 0.02382621538547893,
    "roll-out": 0.22409534929816446,
    "oneh-in": 0.010610705367066967,
    "alternate": 0.2664756086794079,
    "oneh-out": 0.011531595900370754,
    "dsfb-red": 0.012903576621892872,
    "roll-in": 0.23082282007669994,
    "sfR": 0.11369548401129392,
    "sfT": 0.00016020571817475403
  },
  "mt-quotes": {
    "dsfb-alt": 0.03863359271345071,
    "redirect": 0.06658120271094058,
    "dsfb": 0.0,
    "unknown": 0.007977133909467972,
    "sfb": 0.024387109883936362,
    "sft": 0.0,
    "bad-redirect": 0.012934640991620946,
    "roll-out": 0.21961397783913653,
    "oneh-in": 0.011817035416741372,
    "alternate": 0.2369144523732683,
    "oneh-out": 0.01396110493539403,
    "dsfb-red": 0.012307108449576266,
    "roll-in": 0.2583805476864967,
    "sfR": 0.0964592223377679,
    "sfT": 0.000032870752202340395
  },
  "tr-quotes": {
    "dsfb-alt": 0.03933450451908185,
    "redirect": 0.06336654261343935,
    "dsfb": 0.0,
    "unknown": 0.013782621760939414,
    "sfb": 0.025042185802454868,
    "sft": 0.0,
    "bad-redirect": 0.013643928711772729,
    "roll-out": 0.2203046623980028,
    "oneh-in": 0.011668708536557177,
    "alternate": 0.23617345877349114,
    "oneh-out": 0.013765285129793579,
    "dsfb-red": 0.012419962552876725,
    "roll-in": 0.2536880793324241,
    "sfR": 0.09677191928064538,
    "sfT": 0.000038140588520838634
  },
  "gutenberg": {
    "dsfb-alt": 0.03897718537108581,
    "redirect": 0.05623411809412962,
    "dsfb": 0.0,
    "unknown": 0.03276706891672094,