{
  "movie": {
    "dsfb-alt": 0.06095019692958555,
    "redirect": 0.02127542256394964,
    "dsfb": 0.0,
    "unknown": 0.030451476652766863,
    "sfb": 0.0409391663987554,
    "sft": 0.0,
    "bad-redirect": 0.006067318347936526,
    "roll-out": 0.11150245383909717,
    "oneh-in": 0.035003709085080506,
    "alternate": 0.2967412822024846,
    "oneh-out": 0.0027900057758291357,
    "dsfb-red": 0.012083181940986528,
    "roll-in": 0.2662495366111109,
    "sfR": 0.11567713207251198,
    "sfT": 0.0002691175799052206
  },
  "keymash": {
    "dsfb-alt": 0.06272243271089803,
    "redirect": 0.02000714247597624,
    "dsfb": 0.0,
    "unknown": 0.013394194891077241,
    "sfb": 0.035917623443740686,
    "sft": 0.0,
    "bad-redirect": 0.006190145846075538,
    "roll-out": 0.12813766096226392,
    "oneh-in": 0.024144852696695168,
    "alternate": 0.31264341393932177,
    "oneh-out": 0.0032674775155677243,
    "dsfb-red": 0.011505954115749159,
    "roll-in": 0.28217295464527753,
    "sfR": 0.099723742164827,
    "sfT": 0.0001724045925299553
  },
  "wordle": {
    "dsfb-alt": 0.059890048244137774,
    "redirect": 0.02984404801974644,
    "dsfb": 0.0,
    "unknown": 0.0,
    "sfb": 0.06011443958263211,
    "sft": 0.0,
    "bad-redirect": 0.009514192752159766,
    "roll-out": 0.1649949511948839,
    "oneh-in": 0.006956131493324358,
    "alternate": 0.3055088073600359,
    "oneh-out": 0.007068327162571525,
    "dsfb-red": 0.017345450465612026,
    "roll-in": 0.20619320094244362,
    "sfR": 0.13138112868843263,
    "sfT": 0.0011892740940199708
  },
  "monkeyracer": {
    "dsfb-alt": 0.06160556485290208,
    "redirect": 0.02087113095703583,
    "dsfb": 0.0,
    "unknown": 0.014352018393105714,
    "sfb": 0.03673538013982514,
    "sft": 0.0,
    "bad-redirect": 0.006096821871529787,
    "roll-out": 0.12423948574377904,
    "oneh-in": 0.025446924316123685,
    "alternate": 0.3139682421758919,
    "oneh-out": 0.002995135836839389,
    "dsfb-red": 0.010989333249917887,
    "roll-in": 0.28561122667625943,
    "sfR": 0.09690789370786869,
    "sfT": 0.0001808420789214383
  },
  "dutch": {
    "dsfb-alt": 0.051888795796189845,
    "redirect": 0.015087795085735912,
    "dsfb": 0.0,
    "unknown": 0.07325982807452426,
    "sfb": 0.0519257690939021,
    "sft": 0.0,
    "bad-redirect": 0.006100289299020344,
    "roll-out": 0.14177287285284568,
    "oneh-in": 0.017745210514517325,
    "alternate": 0.22933541411832725,
    "oneh-out": 0.003936867251408993,
    "dsfb-red": 0.013143648720822519,
    "roll-in": 0.20626106397244767,
    "sfR": 0.18880787437283908,
    "sfT": 0.0007345708474190181
  },
  "shai": {
    "dsfb-alt": 0.05754011756134521,
    "redirect": 0.022316475277531535,
    "dsfb": 0.0,
    "unknown": 0.023621906111313578,
    "sfb": 0.031509493493533165,
    "sft": 0.0,
    "bad-redirect": 0.007182031209118807,
    "roll-out": 0.13794783726200469,
    "oneh-in": 0.01787400456955945,
    "alternate": 0.31452820258524733,
    "oneh-out": 0.0030260907353869618,
    "dsfb-red": 0.010100350411331565,
    "roll-in": 0.27582664965338166,
    "sfR": 0.09823378925716947,
    "sfT": 0.00029305187307660034
  },
  "chained-bigrams": {
    "dsfb-alt": 0.06680046672021266,
    "redirect": 0.027201321464909303,
    "dsfb": 0.0,
    "unknown": 0.02365222201805197,
    "sfb": 0.028625895959311972,
    "sft": 0.0,
    "bad-redirect": 0.007848795117748159,
    "roll-out": 0.10797482515847905,
    "oneh-in": 0.017737056273289746,
    "alternate": 0.3221486271426243,
    "oneh-out": 0.0031075722562493953,
    "dsfb-red": 0.013556183361047821,
    "roll-in": 0.2619412002656955,
    "sfR": 0.11914286586209158,
    "sfT": 0.000262968400288551
  },
  "english-10k": {
    "dsfb-alt": 0.05563381640647614,
    "redirect": 0.024160089538989984,
    "dsfb": 0.0,
    "unknown": 0.0,
    "sfb": 0.028482661469288514,
    "sft": 0.0,
    "bad-redirect": 0.00899249339071033,
    "roll-out": 0.15227417456243608,
    "oneh-in": 0.012427394299608267,
    "alternate": 0.33855000868373825,
    "oneh-out": 0.0037629532428938074,
    "dsfb-red": 0.009899461608228324,
    "roll-in": 0.2599332317014338,
    "sfR": 0.10567144593890508,
    "sfT": 0.00021226915729144556
  },
  "english-1k": {
    "dsfb-alt": 0.061397318278052226,
    "redirect": 0.02328863796753705,
    "dsfb": 0.0,
    "unknown": 0.0,
    "sfb": 0.024347212420606917,
    "sft": 0.0,
    "bad-redirect": 0.006351446718419196,
    "roll-out": 0.15737473535638674,
    "oneh-in": 0.013761467889908258,
    "alternate": 0.31898376852505295,
    "oneh-out": 0.003175723359209598,
    "dsfb-red": 0.0077628793225123505,
    "roll-in": 0.27522935779816515,
    "sfR": 0.10832745236414962,
    "sfT": 0.0
  },
  "english-450k": {
    "dsfb-alt": 0.05760184903125239,
    "redirect": 0.026831241986059764,
    "dsfb": 0.0,
    "unknown": 0.00015377410175167997,
    "sfb": 0.03758753576124904,
    "sft": 0.0,
    "bad-redirect": 0.007870836770837414,
    "roll-out": 0.1426322033373073,
    "oneh-in": 0.012213639587417653,
    "alternate": 0.3403298600655674,
    "oneh-out": 0.0028386816121840543,
    "dsfb-red": 0.01166870626866265,
    "roll-in": 0.2463370482739588,
    "sfR": 0.11369548401129392,
    "sfT": 0.00023913919245793577
  },
  "french": {
    "dsfb-alt": 0.030849373001825404,
    "redirect": 0.01575135050410815,
    "dsfb": 0.0,
    "unknown": 0.15822391385155302,
    "sfb": 0.039289301740411696,
    "sft": 0.0,
    "bad-redirect": 0.004938313554085628,
    "roll-out": 0.14386061568793537,
    "oneh-in": 0.013206205842997856,
    "alternate": 0.2544594528006397,
    "oneh-out": 0.0021118399326009044,
    "dsfb-red": 0.00573375927898285,
    "roll-in": 0.22151729676458362,
    "sfR": 0.10898279115633469,
    "sfT": 0.0010757858839411218
  },
  "gutenberg": {
    "dsfb-alt": 0.06523293335652039,
    "redirect": 0.017987400938772897,
    "dsfb": 0.0,
    "unknown": 0.03802431837805746,
    "sfb": 0.030144695599724634,
    "sft": 0.0,
    "bad-redirect": 0.004955287237303284,
    "roll-out": 0.1311883785840965,
    "oneh-in": 0.015531921423140006,
    "alternate": 0.29109101565770745,
    "oneh-out": 0.0025860014556322018,
    "dsfb-red": 0.009897503336928843,
    "roll-in": 0.2944595804430017,
    "sfR": 0.09863878308844841,
    "sfT": 0.00026218050066624917
  },
  "akl": {
    "dsfb-alt": 0.052845242861290255,
    "redirect": 0.02673065797522846,
    "dsfb": 0.0,
    "unknown": 0.06692211644153111,
    "sfb": 0.036640922196486424,
    "sft": 0.0,
    "bad-redirect": 0.007276898708885764,
    "roll-out": 0.12738197064334908,
    "oneh-in": 0.019903671049682232,
    "alternate": 0.2851979766732326,
    "oneh-out": 0.005836152561603901,
    "dsfb-red": 0.00919840985736768,
    "roll-in": 0.24392411545744977,
    "sfR": 0.11790358951788564,
    "sfT": 0.0002382760560071401
  },
  "english-5k": {
    "dsfb-alt": 0.0553366242170324,
    "redirect": 0.023769029742398473,
    "dsfb": 0.0,
    "unknown": 0.002157049819554486,
    "sfb": 0.027917202472310946,
    "sft": 0.0,
    "bad-redirect": 0.006471149458663459,
    "roll-out": 0.15003940764093418,
    "oneh-in": 0.014145269009001534,
    "alternate": 0.33654125357779896,
    "oneh-out": 0.0026963122744431078,
    "dsfb-red": 0.00945783382420044,
    "roll-in": 0.2649023105322106,
    "sfR": 0.10644211224955408,
    "sfT": 0.00012444518189737422
  },
  "english-200": {
    "dsfb-alt": 0.07349665924276169,
    "redirect": 0.022271714922048998,
    "dsfb": 0.0,
    "unknown": 0.0,
    "sfb": 0.031180400890868598,
    "sft": 0.0,
    "bad-redirect": 0.0022271714922048997,
    "roll-out": 0.14253897550111358,
    "oneh-in": 0.013363028953229399,
    "alternate": 0.30957683741648107,
    "oneh-out": 0.0,
    "dsfb-red": 0.013363028953229399,
    "roll-in": 0.28507795100222716,
    "sfR": 0.10690423162583519,
    "sfT": 0.0
  },
  "mt-quotes": {
    "dsfb-alt": 0.06280256033277154,
    "redirect": 0.020553184877063386,
    "dsfb": 0.0,
    "unknown": 0.008869126594231481,
    "sfb": 0.037181303116147306,