{
  "dutch": {
    "dsfb": 0.0,
    "sfb": 0.03674502077085273,
    "roll-out": 0.2109899702667984,
    "sfR": 0.18880787437283908,
    "roll-in": 0.19749738829016572,
    "alternate": 0.18279713146022758,
    "dsfb-alt": 0.02643081551870076,
    "sft": 0.0,
    "sfT": 0.0005094317950062666,
    "dsfb-red": 0.015301332914278718,
    "oneh-in": 0.016314853127609268,
    "oneh-out": 0.011657239671136323,
    "redirect": 0.03390693465936099,
    "bad-redirect": 0.0057821790784999055,
    "unknown": 0.07325982807452426
  },
  "english-1k": {
    "dsfb": 0.0,
    "sfb": 0.021877205363443897,
    "roll-out": 0.2427664079040226,
    "sfR": 0.10832745236414962,
    "roll-in": 0.27593507410021173,
    "alternate": 0.22300635144671843,
    "dsfb-alt": 0.03634438955539873,
    "sft": 0.0,
    "sfT": 0.0,
    "dsfb-red": 0.016231474947071278,
    "oneh-in": 0.010938602681721948,
    "oneh-out": 0.027170077628793227,
    "redirect": 0.024700070571630206,
    "bad-redirect": 0.012702893436838392,
    "unknown": 0.0
  },
  "shai": {
    "dsfb": 0.0,
    "sfb": 0.018726253106777148,
    "roll-out": 0.2411160494087099,
    "sfR": 0.09823378925716947,
    "roll-in": 0.255305509944938,
    "alternate": 0.2420115613755495,
    "dsfb-alt": 0.03498091733642801,
    "sft": 0.0,
    "sfT": 0.00007323587540751534,
    "dsfb-red": 0.016440354832886583,
    "oneh-in": 0.010925030026631508,
    "oneh-out": 0.024038814936557806,
    "redirect": 0.02710394261515163,
    "bad-redirect": 0.00742263517247935,
    "unknown": 0.023621906111313578
  },
  "akl": {
    "dsfb": 0.0,
    "sfb": 0.023529605645073254,
    "roll-out": 0.2150826141373905,
    "sfR": 0.11790358951788564,
    "roll-in": 0.24271396303883627,
    "alternate": 0.2259339015033943,
    "dsfb-alt": 0.03359679998850129,
    "sft": 0.0,
    "sfT": 0.0001450349056455317,
    "dsfb-red": 0.016483238710603136,
    "oneh-in": 0.008977542946378222,
    "oneh-out": 0.0201224315160788,
    "redirect": 0.020778650961015784,
    "bad-redirect": 0.007810510687666185,
    "unknown": 0.06692211644153111
  },
  "monkeyracer": {
    "dsfb": 0.0,
    "sfb": 0.014888679481364468,
    "roll-out": 0.23434591863865994,
    "sfR": 0.09690789370786869,
    "roll-in": 0.2776551527284671,
    "alternate": 0.23843099457278258,
    "dsfb-alt": 0.033520301234027244,
    "sft": 0.0,
    "sfT": 0.000027370693025947417,
    "dsfb-red": 0.016314888092966513,
    "oneh-in": 0.01159148849648873,
    "oneh-out": 0.024655129267873062,
    "redirect": 0.02797284827251826,
    "bad-redirect": 0.009337316420851775,
    "unknown": 0.014352018393105714
  },
  "tr-quotes": {
    "dsfb": 0.0,
    "sfb": 0.01493030674279374,
    "roll-out": 0.23434271052449088,
    "sfR": 0.09677191928064538,
    "roll-in": 0.27687524560227456,
    "alternate": 0.23878204387323454,
    "dsfb-alt": 0.03352904463604632,
    "sft": 0.0,
    "sfT": 0.000031205936062504334,
    "dsfb-red": 0.016329950763967545,
    "oneh-in": 0.011568156075911329,
    "oneh-out": 0.024867663715586786,
    "redirect": 0.028019463257899724,
    "bad-redirect": 0.00918263563024433,
    "unknown": 0.01476965396084233
  },
  "reddit": {
    "dsfb": 0.0,
    "sfb": 0.016051700220081032,
    "roll-out": 0.22668226393354904,
    "sfR": 0.10397777127267367,
    "roll-in": 0.25598684645475883,
    "alternate": 0.23854704941400687,
    "dsfb-alt": 0.03428746729265496,
    "sft": 0.0,
    "sfT": 0.00010776497795537585,
    "dsfb-red": 0.01594910436515584,
    "oneh-in": 0.010898047101573455,
    "oneh-out": 0.023241051377149893,
    "redirect": 0.0249899754597757,
    "bad-redirect": 0.0080632326084762,
    "unknown": 0.041217725522189115
  },
  "keymash": {
    "dsfb": 0.0,
    "sfb": 0.01568881792022593,
    "roll-out": 0.23593978974849453,
    "sfR": 0.099723742164827,
    "roll-in": 0.27665600768431897,
    "alternate": 0.2346549650470213,
    "dsfb-alt": 0.03442755517973179,
    "sft": 0.0,
    "sfT": 0.000053363326259271875,
    "dsfb-red": 0.01613214401530296,
    "oneh-in": 0.012084740962099725,
    "oneh-out": 0.024953512333085674,
    "redirect": 0.027506742251029295,
    "bad-redirect": 0.008784424476526293,
    "unknown": 0.013394194891077241
  },
  "english-10k": {
    "dsfb": 0.0,
    "sfb": 0.024314467107929217,
    "roll-out": 0.26713108585322554,
    "sfR": 0.10567144593890508,
    "roll-in": 0.22521757588622374,
    "alternate": 0.24922328785627448,
    "dsfb-alt": 0.03757164084058586,
    "sft": 0.0,
    "sfT": 0.00011578317670442484,
    "dsfb-red": 0.018139364350359892,
    "oneh-in": 0.010478377491750448,
    "oneh-out": 0.02902298296057583,
    "redirect": 0.027479207271183498,
    "bad-redirect": 0.00563478126628201,
    "unknown": 0.0
  },
  "wordle": {
    "dsfb": 0.0,
    "sfb": 0.03742847526085493,
    "roll-out": 0.2389543363626164,
    "sfR": 0.13138112868843263,
    "roll-in": 0.2100751710983956,
    "alternate": 0.24337484573095478,
    "dsfb-alt": 0.04658364187142376,
    "sft": 0.0,
    "sfT": 0.00026926960619320093,
    "dsfb-red": 0.021406933692359475,
    "oneh-in": 0.011129810389318972,
    "oneh-out": 0.020958151015370807,
    "redirect": 0.03136990912150791,
    "bad-redirect": 0.007068327162571525,
    "unknown": 0.0
  },
  "chained-bigrams": {
    "dsfb": 0.0,
    "sfb": 0.019118127353323692,
    "roll-out": 0.2145315688694761,
    "sfR": 0.11914286586209158,
    "roll-in": 0.22623463663935475,
    "alternate": 0.24700134860584544,
    "dsfb-alt": 0.04694862506484931,
    "sft": 0.0,
    "sfT": 0.00006752768797533162,
    "dsfb-red": 0.023632093572597785,
    "oneh-in": 0.01899346085244616,
    "oneh-out": 0.02066931626268011,
    "redirect": 0.033075581014071084,
    "bad-redirect": 0.006932626197236689,
    "unknown": 0.02365222201805197
  },
  "english-450k": {
    "dsfb": 0.0,
    "sfb": 0.03477984284637616,
    "roll-out": 0.23410557556827716,
    "sfR": 0.11369548401129392,
    "roll-in": 0.225284028951629,
    "alternate": 0.2560739308460908,
    "dsfb-alt": 0.04058262259099422,
    "sft": 0.0,
    "sfT": 0.00018388576045970856,
    "dsfb-red": 0.021319346711485287,
    "oneh-in": 0.016071440056457897,
    "oneh-out": 0.01955562208055775,
    "redirect": 0.03285181965045919,
    "bad-redirect": 0.005342626824167208,
    "unknown": 0.00015377410175167997
  },
  "english-200": {
    "dsfb": 0.0,
    "sfb": 0.004454342984409799,
    "roll-out": 0.2383073496659243,
    "sfR": 0.10690423162583519,
    "roll-in": 0.2962138084632517,
    "alternate": 0.25389755011135856,
    "dsfb-alt": 0.0334075723830735,
    "sft": 0.0,
    "sfT": 0.0,
    "dsfb-red": 0.013363028953229399,
    "oneh-in": 0.008908685968819599,
    "oneh-out": 0.015590200445434299,
    "redirect": 0.015590200445434299,
    "bad-redirect": 0.013363028953229399,
    "unknown": 0.0
  },
  "english-5k": {
    "dsfb": 0.0,
    "sfb": 0.024515700833782718,
    "roll-out": 0.235450284149832,
    "sfR": 0.10644211224955408,
    "roll-in": 0.2451570083378272,
    "alternate": 0.2567718919815821,
    "dsfb-alt": 0.03679429211432364,
    "sft": 0.0,
    "sfT": 0.0,
    "dsfb-red": 0.01874974073920438,
    "oneh-in": 0.01261044509893392,
    "oneh-out": 0.028705355290994317,
    "redirect": 0.02696312274443108,
    "bad-redirect": 0.005682996639980089,
    "unknown": 0.002157049819554486
  },
  "movie": {
    "dsfb": 0.0,
    "sfb": 0.013798954560450718,
    "roll-out": 0.210477977825501,
    "sfR": 0.11567713207251198,
    "roll-in": 0.27103548680475054,
    "alternate": 0.2286703262270939,
    "dsfb-alt": 0.037855039453689995,
    "sft": 0.0,
    "sfT": 0.000048033211083327886,
    "dsfb-red": 0.019656111160167862,
    "oneh-in": 0.011911315163795224,
    "oneh-out": 0.024102012538905256,
    "redirect": 0.028022575346013486,
    "bad-redirect": 0.008293558983269835,
    "unknown": 0.030451476652766863
  },
  "gutenberg": {
    "dsfb": 0.0,
    "sfb": 0.01655203847233636,
    "roll-out": 0.2275724851415263,
    "sfR": 0.09863878308844841,
    "roll-in": 0.27960963142043865,
    "alternate": 0.22341756829101125,