{
  "english-200": {
    "dsfb-alt": 0.09131403118040089,
    "redirect": 0.011135857461024499,
    "dsfb": 0.0,
    "unknown": 0.0,
    "sfb": 0.013363028953229399,
    "sft": 0.0,
    "bad-redirect": 0.0022271714922048997,
    "roll-out": 0.24721603563474387,
    "oneh-in": 0.0066815144766146995,
    "alternate": 0.2873051224944321,
    "oneh-out": 0.0066815144766146995,
    "dsfb-red": 0.008908685968819599,
    "roll-in": 0.2182628062360802,
    "sfR": 0.10690423162583519,
    "sfT": 0.0
  },
  "chained-bigrams": {
    "dsfb-alt": 0.06662255723458535,
    "redirect": 0.020296615369431645,
    "dsfb": 0.0,
    "unknown": 0.02365222201805197,
    "sfb": 0.023740527456173558,
    "sft": 0.0,
    "bad-redirect": 0.0017979246923432043,
    "roll-out": 0.20014297689319394,
    "oneh-in": 0.007218320261747707,
    "alternate": 0.32397057610857416,
    "oneh-out": 0.005460652460312874,
    "dsfb-red": 0.013028298646394508,
    "roll-in": 0.19481932772290791,
    "sfR": 0.11914286586209158,
    "sfT": 0.0001071352741916319
  },
  "english-5k": {
    "dsfb-alt": 0.07101671713610155,
    "redirect": 0.015348239100676153,
    "dsfb": 0.0,
    "unknown": 0.002157049819554486,
    "sfb": 0.023686066287800223,
    "sft": 0.0,
    "bad-redirect": 0.00024889036379474843,
    "roll-out": 0.17650474965777574,
    "oneh-in": 0.002820757456340482,
    "alternate": 0.36383623014062305,
    "oneh-out": 0.002074086364956237,
    "dsfb-red": 0.0077156012776372004,
    "roll-in": 0.22810801841788692,
    "sfR": 0.10644211224955408,
    "sfT": 0.00004148172729912474
  },
  "gutenberg": {
    "dsfb-alt": 0.06560290338383339,
    "redirect": 0.015889767496664965,
    "dsfb": 0.0,
    "unknown": 0.03802431837805746,
    "sfb": 0.02280648313273873,
    "sft": 0.0,
    "bad-redirect": 0.001147797437526592,
    "roll-out": 0.24362952531311058,
    "oneh-in": 0.007818245262280902,
    "alternate": 0.2748562837884173,
    "oneh-out": 0.007487299211223144,
    "dsfb-red": 0.011199123438141126,
    "roll-in": 0.2127933854739121,
    "sfR": 0.09863878308844841,
    "sfT": 0.00010608459564530312
  },
  "akl": {
    "dsfb-alt": 0.07008624403705806,
    "redirect": 0.019071625435491932,
    "dsfb": 0.0,
    "unknown": 0.06692211644153111,
    "sfb": 0.031128914285176168,
    "sft": 0.0,
    "bad-redirect": 0.0022820848993819567,
    "roll-out": 0.20396752556325398,
    "oneh-in": 0.015581308699331178,
    "alternate": 0.2688068639364419,
    "oneh-out": 0.005277449110467035,
    "dsfb-red": 0.008803885175970522,
    "roll-in": 0.1900039663112599,
    "sfR": 0.11790358951788564,
    "sfT": 0.00016442658675063697
  },
  "reddit": {
    "dsfb-alt": 0.06996842527349062,
    "redirect": 0.016181302869968276,
    "dsfb": 0.0,
    "unknown": 0.041217725522189115,
    "sfb": 0.028708672533621304,
    "sft": 0.0,
    "bad-redirect": 0.0015433203412295433,
    "roll-out": 0.22179822927570286,
    "oneh-in": 0.0117889716760151,
    "alternate": 0.29085816244793183,
    "oneh-out": 0.006002213358549664,
    "dsfb-red": 0.009008807548867409,
    "roll-in": 0.19880765562103736,
    "sfR": 0.10397777127267367,
    "sfT": 0.00013874225872322285
  },
  "shai": {
    "dsfb-alt": 0.07019625759335503,
    "redirect": 0.016226766322984684,
    "dsfb": 0.0,
    "unknown": 0.023621906111313578,
    "sfb": 0.0224028511908319,
    "sft": 0.0,
    "bad-redirect": 0.001339652988435528,
    "roll-out": 0.2163995026679502,
    "oneh-in": 0.00828393272548305,
    "alternate": 0.31467429890640825,
    "oneh-out": 0.004648519661521913,
    "dsfb-red": 0.008064232840078114,
    "roll-in": 0.21583138471151367,
    "sfR": 0.09823378925716947,
    "sfT": 0.00007690502295462054
  },
  "wordle": {
    "dsfb-alt": 0.07272523280601369,
    "redirect": 0.027061595422416696,
    "dsfb": 0.0,
    "unknown": 0.0,
    "sfb": 0.03695725345001683,
    "sft": 0.0,
    "bad-redirect": 0.003163917872770111,
    "roll-out": 0.19192191181420398,
    "oneh-in": 0.0036127005497587792,
    "alternate": 0.33575675978907216,
    "oneh-out": 0.005183439919219118,
    "dsfb-red": 0.008369796925838663,
    "roll-in": 0.18355211488836531,
    "sfR": 0.13138112868843263,
    "sfT": 0.0003141478738920678
  },
  "monkeyracer": {
    "dsfb-alt": 0.0746066440402271,
    "redirect": 0.017529951358368392,
    "dsfb": 0.0,
    "unknown": 0.014352018393105714,
    "sfb": 0.025443991741870904,
    "sft": 0.0,
    "bad-redirect": 0.001150546631840718,
    "roll-out": 0.22812788369801523,
    "oneh-in": 0.017020660963135585,
    "alternate": 0.2977667469540329,
    "oneh-out": 0.006298191970220686,
    "dsfb-red": 0.009331451272346216,
    "roll-in": 0.21138679481364467,
    "sfR": 0.09690789370786869,
    "sfT": 0.00007722445532320879
  },
  "dutch": {
    "dsfb-alt": 0.05914753991834101,
    "redirect": 0.015713723250885988,
    "dsfb": 0.0,
    "unknown": 0.07325982807452426,
    "sfb": 0.07664231102978021,
    "sft": 0.0,
    "bad-redirect": 0.0005632241777108107,
    "roll-out": 0.11764661266317875,
    "oneh-in": 0.004702476303648533,
    "alternate": 0.26185201292351235,
    "oneh-out": 0.0016973110514764771,
    "dsfb-red": 0.0062718152766709,
    "roll-in": 0.19357296500995572,
    "sfR": 0.18880787437283908,
    "sfT": 0.00012230594747589824
  },
  "mt-quotes": {
    "dsfb-alt": 0.07540550555216888,
    "redirect": 0.017853300821171154,
    "dsfb": 0.0,
    "unknown": 0.008869126594231481,
    "sfb": 0.02532243219660296,
    "sft": 0.0,
    "bad-redirect": 0.0011355350760808502,
    "roll-out": 0.23318063374810247,
    "oneh-in": 0.018443480235713176,
    "alternate": 0.2947789292501883,
    "oneh-out": 0.006599550567169888,
    "dsfb-red": 0.009407011630269779,
    "roll-in": 0.21247654223592832,
    "sfR": 0.0964592223377679,
    "sfT": 0.00006872975460489356
  },
  "french": {
    "dsfb-alt": 0.03997851124963019,
    "redirect": 0.016789816628740892,
    "dsfb": 0.0,
    "unknown": 0.15822391385155302,
    "sfb": 0.022438613902489777,
    "sft": 0.0,
    "bad-redirect": 0.0010470656998406967,
    "roll-out": 0.15307195928271933,
    "oneh-in": 0.0044561830144216824,
    "alternate": 0.26347627220639913,
    "oneh-out": 0.0024225183142860983,
    "dsfb-red": 0.006055898766999199,
    "roll-in": 0.22281724091378846,
    "sfR": 0.10898279115633469,
    "sfT": 0.00023921501279681212
  },
  "movie": {
    "dsfb-alt": 0.07370544903222291,
    "redirect": 0.01762779367406558,
    "dsfb": 0.0,
    "unknown": 0.030451476652766863,
    "sfb": 0.02894389181394329,
    "sft": 0.0,
    "bad-redirect": 0.0021803129896673327,
    "roll-out": 0.2208771022261222,
    "oneh-in": 0.025906613699413956,
    "alternate": 0.28358176153971576,
    "oneh-out": 0.00609929662271255,
    "dsfb-red": 0.01092656853766771,
    "roll-in": 0.18385889342799078,
    "sfR": 0.11567713207251198,
    "sfT": 0.0001637077111990682
  },
  "english-10k": {
    "dsfb-alt": 0.0722294050674437,
    "redirect": 0.018853360606703846,
    "dsfb": 0.0,
    "unknown": 0.0,
    "sfb": 0.024874085795333938,
    "sft": 0.0,
    "bad-redirect": 0.0006561046679917408,
    "roll-out": 0.17956040987244554,
    "oneh-in": 0.0019490168078578182,
    "alternate": 0.35622624032728045,
    "oneh-out": 0.0022384747496188803,
    "dsfb-red": 0.006773315837208854,
    "roll-in": 0.23092954593697534,
    "sfR": 0.10567144593890508,
    "sfT": 0.00003859439223480828
  },
  "english-1k": {
    "dsfb-alt": 0.08186309103740297,
    "redirect": 0.013761467889908258,
    "dsfb": 0.0,
    "unknown": 0.0,
    "sfb": 0.015525758645024701,
    "sft": 0.0,
    "bad-redirect": 0.00035285815102328866,
    "roll-out": 0.21524347212420608,
    "oneh-in": 0.0028228652081863093,
    "alternate": 0.32992237120677487,
    "oneh-out": 0.0038814396612561752,
    "dsfb-red": 0.008468595624558928,
    "roll-in": 0.21983062808750883,
    "sfR": 0.10832745236414962,
    "sfT": 0.0
  },
  "keymash": {
    "dsfb-alt": 0.07571845509065608,
    "redirect": 0.01722814463924339,
    "dsfb": 0.0,
    "unknown": 0.013394194891077241,