{
  "dutch": {
    "dsfb": 0.0,
    "sfb": 0.07660257638975579,
    "roll-out": 0.11764946365946209,
    "sfR": 0.18880787437283908,
    "roll-in": 0.19346812365606456,
    "alternate": 0.261688519941679,
    "dsfb-alt": 0.0591205720038118,
    "sft": 0.0,
    "sfT": 0.000122449393829777,
    "dsfb-red": 0.0062648043361250745,
    "oneh-in": 0.004661181684525678,
    "oneh-out": 0.0017404346116112867,
    "redirect": 0.015710710877454532,
    "bad-redirect": 0.000560588350958288,
    "unknown": 0.07360270072188302
  },
  "english-1k": {
    "dsfb": 0.0,
    "sfb": 0.015525758645024701,
    "roll-out": 0.21524347212420608,
    "sfR": 0.10832745236414962,
    "roll-in": 0.21983062808750883,
    "alternate": 0.32992237120677487,
    "dsfb-alt": 0.08186309103740297,
    "sft": 0.0,
    "sfT": 0.0,
    "dsfb-red": 0.008468595624558928,
    "oneh-in": 0.0028228652081863093,
    "oneh-out": 0.0038814396612561752,
    "redirect": 0.013761467889908258,
    "bad-redirect": 0.00035285815102328866,
    "unknown": 0.0
  },
  "shai": {
    "dsfb": 0.0,
    "sfb": 0.022358600806964755,
    "roll-out": 0.2163788346849317,
    "sfR": 0.09823378925716947,
    "roll-in": 0.2156794247210132,
    "alternate": 0.3145106231884552,
    "dsfb-alt": 0.07014563264618612,
    "sft": 0.0,
    "sfT": 0.00007699791276593966,
    "dsfb-red": 0.008056921637845538,
    "oneh-in": 0.008274612781080699,
    "oneh-out": 0.004648059082874122,
    "redirect": 0.016203230367041705,
    "bad-redirect": 0.0013355232622406323,
    "unknown": 0.024097749651430984
  },
  "akl": {
    "dsfb": 0.0,
    "sfb": 0.03077280124047283,
    "roll-out": 0.20320214272500328,
    "sfR": 0.11790358951788564,
    "roll-in": 0.18916615895156552,
    "alternate": 0.26520230355824337,
    "dsfb-alt": 0.06967486779891781,
    "sft": 0.0,
    "sfT": 0.00016281577617960588,
    "dsfb-red": 0.008722601196386183,
    "oneh-in": 0.015475862561181374,
    "oneh-out": 0.005225717309435844,
    "redirect": 0.01893953896866738,
    "bad-redirect": 0.002240327733040612,
    "unknown": 0.07331127266302054
  },
  "monkeyracer": {
    "dsfb": 0.0,
    "sfb": 0.025456699563632952,
    "roll-out": 0.2284485118163192,
    "sfR": 0.09690789370786869,
    "roll-in": 0.21152560332827627,
    "alternate": 0.2980746672505748,
    "dsfb-alt": 0.07463792483225676,
    "sft": 0.0,
    "sfT": 0.00007722445532320879,
    "dsfb-red": 0.00934806919311197,
    "oneh-in": 0.01701968343838466,
    "oneh-out": 0.00631774246523922,
    "redirect": 0.017537771556375807,
    "bad-redirect": 0.0011564117803462785,
    "unknown": 0.013491796612290222
  },
  "tr-quotes": {
    "dsfb": 0.0,
    "sfb": 0.025379672222093804,
    "roll-out": 0.2282298143824692,
    "sfR": 0.09677191928064538,
    "roll-in": 0.21127112179561267,
    "alternate": 0.29882110908208315,
    "dsfb-alt": 0.07467349344675343,
    "sft": 0.0,
    "sfT": 0.00006241187212500867,
    "dsfb-red": 0.009340976861376298,
    "oneh-in": 0.01659346755738425,
    "oneh-out": 0.0063590763042925495,
    "redirect": 0.017444118258939923,
    "bad-redirect": 0.0011580869605418275,
    "unknown": 0.013894731975682485
  },
  "reddit": {
    "dsfb": 0.0,
    "sfb": 0.029069349965923117,
    "roll-out": 0.2209446871996969,
    "sfR": 0.10397777127267367,
    "roll-in": 0.19827055377227054,
    "alternate": 0.28864405475000265,
    "dsfb-alt": 0.06960482616295435,
    "sft": 0.0,
    "sfT": 0.000138405142003863,
    "dsfb-red": 0.008899207157662185,
    "oneh-in": 0.011750765114487647,
    "oneh-out": 0.005940633371146592,
    "redirect": 0.01604031316644932,
    "bad-redirect": 0.0015200218301804492,
    "unknown": 0.04519941109454869
  },
  "keymash": {
    "dsfb": 0.0,
    "sfb": 0.02444040342674652,
    "roll-out": 0.22858796533846715,
    "sfR": 0.099723742164827,
    "roll-in": 0.21303050329826406,
    "alternate": 0.2960392097301868,
    "dsfb-alt": 0.07576360867441392,
    "sft": 0.0,
    "sfT": 0.0000779925537635512,
    "dsfb-red": 0.009560245142911093,
    "oneh-in": 0.015709342276479497,
    "oneh-out": 0.006461067348622611,
    "redirect": 0.017224039767992676,
    "bad-redirect": 0.0010056934564247391,
    "unknown": 0.012376186820900362
  },
  "english-10k": {
    "dsfb": 0.0,
    "sfb": 0.024874085795333938,
    "roll-out": 0.17956040987244554,
    "sfR": 0.10567144593890508,
    "roll-in": 0.23092954593697534,
    "alternate": 0.35622624032728045,
    "dsfb-alt": 0.0722294050674437,
    "sft": 0.0,
    "sfT": 0.00003859439223480828,
    "dsfb-red": 0.006773315837208854,
    "oneh-in": 0.0019490168078578182,
    "oneh-out": 0.0022384747496188803,
    "redirect": 0.018853360606703846,
    "bad-redirect": 0.0006561046679917408,
    "unknown": 0.0
  },
  "wordle": {
    "dsfb": 0.0,
    "sfb": 0.03695725345001683,
    "roll-out": 0.19192191181420398,
    "sfR": 0.13138112868843263,
    "roll-in": 0.18355211488836531,
    "alternate": 0.33575675978907216,
    "dsfb-alt": 0.07272523280601369,
    "sft": 0.0,
    "sfT": 0.0003141478738920678,
    "dsfb-red": 0.008369796925838663,
    "oneh-in": 0.0036127005497587792,
    "oneh-out": 0.005183439919219118,
    "redirect": 0.027061595422416696,
    "bad-redirect": 0.003163917872770111,
    "unknown": 0.0
  },
  "chained-bigrams": {
    "dsfb": 0.0,
    "sfb": 0.023741176760865627,
    "roll-out": 0.20033257386327852,
    "sfR": 0.11914286586209158,
    "roll-in": 0.19486542835604492,
    "alternate": 0.32413744741443623,
    "dsfb-alt": 0.06667450160995099,
    "sft": 0.0,
    "sfT": 0.0001071352741916319,
    "dsfb-red": 0.013035440998007283,
    "oneh-in": 0.007212476519519073,
    "oneh-out": 0.005496364218376752,
    "redirect": 0.020295966064739573,
    "bad-redirect": 0.0017992233017273453,
    "unknown": 0.023159399756770463
  },
  "english-450k": {
    "dsfb": 0.0,
    "sfb": 0.03274131278646274,
    "roll-out": 0.1802399109864287,
    "sfR": 0.11369548401129392,
    "roll-in": 0.1966604124069389,
    "alternate": 0.3765822507266265,
    "dsfb-alt": 0.07014350105624682,
    "sft": 0.0,
    "sfT": 0.00014471136951916652,
    "dsfb-red": 0.006395365494144013,
    "oneh-in": 0.0020677646800183126,
    "oneh-out": 0.002717650284949842,
    "redirect": 0.017977244941095163,
    "bad-redirect": 0.0004806171545242621,
    "unknown": 0.00015377410175167997
  },
  "english-200": {
    "dsfb": 0.0,
    "sfb": 0.013363028953229399,
    "roll-out": 0.24721603563474387,
    "sfR": 0.10690423162583519,
    "roll-in": 0.2182628062360802,
    "alternate": 0.2873051224944321,
    "dsfb-alt": 0.09131403118040089,
    "sft": 0.0,
    "sfT": 0.0,
    "dsfb-red": 0.008908685968819599,
    "oneh-in": 0.0066815144766146995,
    "oneh-out": 0.0066815144766146995,
    "redirect": 0.011135857461024499,
    "bad-redirect": 0.0022271714922048997,
    "unknown": 0.0
  },
  "english-5k": {
    "dsfb": 0.0,
    "sfb": 0.023686066287800223,
    "roll-out": 0.17650474965777574,
    "sfR": 0.10644211224955408,
    "roll-in": 0.22810801841788692,
    "alternate": 0.36383623014062305,
    "dsfb-alt": 0.07101671713610155,
    "sft": 0.0,
    "sfT": 0.00004148172729912474,
    "dsfb-red": 0.0077156012776372004,
    "oneh-in": 0.002820757456340482,
    "oneh-out": 0.002074086364956237,
    "redirect": 0.015348239100676153,
    "bad-redirect": 0.00024889036379474843,
    "unknown": 0.002157049819554486
  },
  "movie": {
    "dsfb": 0.0,
    "sfb": 0.028945470988006306,
    "roll-out": 0.2209236878609811,
    "sfR": 0.11567713207251198,
    "roll-in": 0.18388455500651474,
    "alternate": 0.28365400875309865,
    "dsfb-alt": 0.07371281851118365,
    "sft": 0.0,
    "sfT": 0.00016357611336048373,
    "dsfb-red": 0.01093012167930949,
    "oneh-in": 0.025906350503736787,
    "oneh-out": 0.006105218525448851,
    "redirect": 0.017633320783286128,
    "bad-redirect": 0.002181365772376008,
    "unknown": 0.030282373430185833
  },
  "gutenberg": {
    "dsfb": 0.0,
    "sfb": 0.02289154024603291,
    "roll-out": 0.2452490203277029,
    "sfR": 0.09863878308844841,