{
  "english-10k": {
    "bad-redirect": 0.0014665869049227146,
    "dsfb-red": 0.021767237220431872,
    "sfb": 0.023561876459350456,
    "oneh-in": 0.009397734509175817,
    "roll-in": 0.25335288782539894,
    "unknown": 0.0,
    "dsfb-alt": 0.05781439956774281,
    "alternate": 0.30352559773064974,
    "sfR": 0.10567144593890508,
    "sfT": 0.0,
    "roll-out": 0.1830917967619305,
    "oneh-out": 0.0063680747187433665,
    "redirect": 0.033982362362748694,
    "sft": 0.0,
    "dsfb": 0.0
  },
  "english-450k": {
    "bad-redirect": 0.0018669228398977725,
    "dsfb-red": 0.018807508152073816,
    "sfb": 0.03266062523497326,
    "oneh-in": 0.012121258187886225,
    "roll-in": 0.24004488098878501,
    "unknown": 0.00015377410175167997,
    "dsfb-alt": 0.06057705631932625,
    "alternate": 0.30887867106433314,
    "sfR": 0.11369548401129392,
    "sfT": 0.000029526966305930944,
    "roll-out": 0.1683367430645249,
    "oneh-out": 0.005156402294099109,
    "redirect": 0.037671146774749004,
    "sft": 0.0,
    "dsfb": 0.0
  },
  "chained-bigrams": {
    "bad-redirect": 0.002605010424586831,
    "dsfb-red": 0.026117631933843644,
    "sfb": 0.02299902149782905,
    "oneh-in": 0.009835018170791807,
    "roll-in": 0.20862029895286632,
    "unknown": 0.02365222201805197,
    "dsfb-alt": 0.05840495705174114,
    "alternate": 0.27179504827255735,
    "sfR": 0.11914286586209158,
    "sfT": 0.00009869431319471544,
    "roll-out": 0.2019811584764455,
    "oneh-out": 0.0073540249423904415,
    "redirect": 0.04739404808360967,
    "sft": 0.0,
    "dsfb": 0.0
  },
  "dutch": {
    "bad-redirect": 0.0011868213396103546,
    "dsfb-red": 0.009261918661685683,
    "sfb": 0.049178287285679044,
    "oneh-in": 0.005625697037212387,
    "roll-in": 0.22437884052957668,
    "unknown": 0.07325982807452426,
    "dsfb-alt": 0.05437789485948874,
    "alternate": 0.2735648201259825,
    "sfR": 0.18880787437283908,
    "sfT": 0.00018968987221045704,
    "roll-out": 0.10343548996917303,
    "oneh-out": 0.0019286182971060164,
    "redirect": 0.014804219574911792,
    "sft": 0.0,
    "dsfb": 0.0
  },
  "shai": {
    "bad-redirect": 0.0020935312154662772,
    "dsfb-red": 0.02377347906093355,
    "sfb": 0.0217227042515357,
    "oneh-in": 0.009387138569614565,
    "roll-in": 0.22636768635940988,
    "unknown": 0.023621906111313578,
    "dsfb-alt": 0.05653236373916169,
    "alternate": 0.2753626263417546,
    "sfR": 0.09823378925716947,
    "sfT": 0.00005052818694879573,
    "roll-out": 0.22306946718094595,
    "oneh-out": 0.008132731335108355,
    "redirect": 0.03165204839063757,
    "sft": 0.0,
    "dsfb": 0.0
  },
  "tr-quotes": {
    "bad-redirect": 0.0022387369686322554,
    "dsfb-red": 0.02489309077460068,
    "sfb": 0.02348651210096854,
    "oneh-in": 0.011256096715286285,
    "roll-in": 0.21961466447839856,
    "unknown": 0.01476965396084233,
    "dsfb-alt": 0.06210212431520307,
    "alternate": 0.27790735304315667,
    "sfR": 0.09677191928064538,
    "sfT": 0.00001618085573611336,
    "roll-out": 0.22811770416772612,
    "oneh-out": 0.009910774138369433,
    "redirect": 0.028915189200434573,
    "sft": 0.0,
    "dsfb": 0.0
  },
  "english-200": {
    "bad-redirect": 0.004454342984409799,
    "dsfb-red": 0.026726057906458798,
    "sfb": 0.015590200445434299,
    "oneh-in": 0.017817371937639197,
    "roll-in": 0.1870824053452116,
    "unknown": 0.0,
    "dsfb-alt": 0.066815144766147,
    "alternate": 0.2962138084632517,
    "sfR": 0.10690423162583519,
    "sfT": 0.0,
    "roll-out": 0.24944320712694878,
    "oneh-out": 0.008908685968819599,
    "redirect": 0.0200445434298441,
    "sft": 0.0,
    "dsfb": 0.0
  },
  "akl": {
    "bad-redirect": 0.005574581706569542,
    "dsfb-red": 0.022079442451376136,
    "sfb": 0.02808188022731263,
    "oneh-in": 0.009462396928258586,
    "roll-in": 0.19467073235254795,
    "unknown": 0.06692211644153111,
    "dsfb-alt": 0.059476082622687075,
    "alternate": 0.2561501676915759,
    "sfR": 0.11790358951788564,
    "sfT": 0.00012675840108960183,
    "roll-out": 0.20697664361844556,
    "oneh-out": 0.006764846810056067,
    "redirect": 0.025810761230664232,
    "sft": 0.0,
    "dsfb": 0.0
  },
  "english-1k": {
    "bad-redirect": 0.001058574453069866,
    "dsfb-red": 0.02893436838390967,
    "sfb": 0.01587861679604799,
    "oneh-in": 0.012702893436838392,
    "roll-in": 0.221242060691602,
    "unknown": 0.0,
    "dsfb-alt": 0.05998588567395907,
    "alternate": 0.2692307692307692,
    "sfR": 0.10832745236414962,
    "sfT": 0.0,
    "roll-out": 0.23782639378969656,
    "oneh-out": 0.011997177134791814,
    "redirect": 0.032815808045165845,
    "sft": 0.0,
    "dsfb": 0.0
  },
  "gutenberg": {
    "bad-redirect": 0.002500754905560083,
    "dsfb-red": 0.025865697659660156,
    "sfb": 0.02055673195794655,
    "oneh-in": 0.011586900522580296,
    "roll-in": 0.20905371404063722,
    "unknown": 0.03802431837805746,
    "dsfb-alt": 0.05521002287259657,
    "alternate": 0.26401008106757473,
    "sfR": 0.09863878308844841,
    "sfT": 0.000034666930362661555,
    "roll-out": 0.23726274464339095,
    "oneh-out": 0.011439139835788623,
    "redirect": 0.025816444097396266,
    "sft": 0.0,
    "dsfb": 0.0
  },
  "monkeyracer": {
    "bad-redirect": 0.002214093560848961,
    "dsfb-red": 0.024778297386489827,
    "sfb": 0.023426380655958208,
    "oneh-in": 0.01136079265527003,
    "roll-in": 0.21951002549384552,
    "unknown": 0.014352018393105714,
    "dsfb-alt": 0.061936945743466226,
    "alternate": 0.27813804995542485,
    "sfR": 0.09690789370786869,
    "sfT": 0.000017595445516680483,
    "roll-out": 0.22841625349953862,
    "oneh-out": 0.00997466255845598,
    "redirect": 0.028966990944210708,
    "sft": 0.0,
    "dsfb": 0.0
  },
  "keymash": {
    "bad-redirect": 0.002171476891627294,
    "dsfb-red": 0.025639025831954782,
    "sfb": 0.02227713627762065,
    "oneh-in": 0.01112420108943283,
    "roll-in": 0.22087901712962774,
    "unknown": 0.013394194891077241,
    "dsfb-alt": 0.0626239158008809,
    "alternate": 0.27668474178307395,
    "sfR": 0.099723742164827,
    "sfT": 0.000012314613752139664,
    "roll-out": 0.22765205469330455,
    "oneh-out": 0.009482252589147542,
    "redirect": 0.028335926243673367,
    "sft": 0.0,
    "dsfb": 0.0
  },
  "french": {
    "bad-redirect": 0.002805289302070012,
    "dsfb-red": 0.012475152059291884,
    "sfb": 0.022854569662199845,
    "oneh-in": 0.0020870150264692376,
    "roll-in": 0.2189991194124878,
    "unknown": 0.15822391385155302,
    "dsfb-alt": 0.03453709258220269,
    "alternate": 0.21675716221389202,
    "sfR": 0.10898279115633469,
    "sfT": 0.00005264617993160881,
    "roll-out": 0.1799859479345461,
    "oneh-out": 0.009806706868632034,
    "redirect": 0.03243259375038906,
    "sft": 0.0,
    "dsfb": 0.0
  },
  "reddit": {
    "bad-redirect": 0.0023410134140615505,
    "dsfb-red": 0.023970384670778368,
    "sfb": 0.02662461697453851,
    "oneh-in": 0.009922131656439856,
    "roll-in": 0.20357628398862268,
    "unknown": 0.041217725522189115,
    "dsfb-alt": 0.059550806954418264,
    "alternate": 0.27309211133766603,
    "sfR": 0.10397777127267367,
    "sfT": 0.00011274681391924969,
    "roll-out": 0.21899323088356232,
    "oneh-out": 0.007751886589440718,
    "redirect": 0.028869289921689658,
    "sft": 0.0,
    "dsfb": 0.0
  },
  "wordle": {
    "bad-redirect": 0.0026253786603837093,
    "dsfb-red": 0.023583529675754517,
    "sfb": 0.034174800852687086,
    "oneh-in": 0.013732749915853248,
    "roll-in": 0.22194547290474587,
    "unknown": 0.0,
    "dsfb-alt": 0.059890048244137774,
    "alternate": 0.2920902053180747,
    "sfR": 0.13138112868843263,
    "sfT": 0.00008975653539773365,
    "roll-out": 0.17493548749018287,
    "oneh-out": 0.010411758106137103,
    "redirect": 0.03513968360821272,
    "sft": 0.0,
    "dsfb": 0.0
  },
  "movie": {
    "bad-redirect": 0.003607623146954385,
    "dsfb-red": 0.023611547394500974,
    "sfb": 0.0253354790799574,
    "oneh-in": 0.00982509462871578,