{
  "english-1k": {
    "sfb": 0.013408609738884969,
    "unknown": 0.0,
    "outoneh": 0.022582921665490474,
    "red-sfs": 0.011644318983768526,
    "alt-sfs": 0.038461538461538464,
    "sft": 0.0,
    "inroll": 0.28510938602681724,
    "bad-red-sfs": 0.0,
    "red": 0.07727593507410022,
    "sfr": 0.10832745236414962,
    "outroll": 0.1803105151729005,
    "inoneh": 0.0,
    "bad-red": 0.00035285815102328866,
    "alt": 0.26252646436132676
  },
  "shai": {
    "sfb": 0.016136299387577473,
    "unknown": 0.024097749651430984,
    "outoneh": 0.021981158540304736,
    "red-sfs": 0.011215511948261614,
    "alt-sfs": 0.04298541041660151,
    "sft": 0.00018100353817291314,
    "inroll": 0.29314913644986906,
    "bad-red-sfs": 0.0010931079475593668,
    "red": 0.07180688951345246,
    "sfr": 0.09823378925716947,
    "outroll": 0.15473150122630033,
    "inoneh": 0.003271621729156223,
    "bad-red": 0.0008329197156457096,
    "alt": 0.26028390067849816
  },
  "chained-bigrams": {
    "sfb": 0.015801478986227597,
    "unknown": 0.023159399756770463,
    "outoneh": 0.020158313470020627,
    "red-sfs": 0.01686633868122321,
    "alt-sfs": 0.047496638224956804,
    "sft": 0.000053892289441851195,
    "inroll": 0.29205854910269335,
    "bad-red-sfs": 0.0024394377281088545,
    "red": 0.06519343760733819,
    "sfr": 0.11914286586209158,
    "outroll": 0.1298070461246574,
    "inoneh": 0.002284253906704006,
    "bad-red": 0.0017161123011423217,
    "alt": 0.2638222359586237
  },
  "english-200": {
    "sfb": 0.008908685968819599,
    "unknown": 0.0,
    "outoneh": 0.028953229398663696,
    "red-sfs": 0.013363028953229399,
    "alt-sfs": 0.0400890868596882,
    "sft": 0.0,
    "inroll": 0.30957683741648107,
    "bad-red-sfs": 0.0,
    "red": 0.0645879732739421,
    "sfr": 0.10690423162583519,
    "outroll": 0.16926503340757237,
    "inoneh": 0.0,
    "bad-red": 0.0,
    "alt": 0.2583518930957684
  },
  "english-450k": {
    "sfb": 0.03337394996553238,
    "unknown": 0.00015377410175167997,
    "outoneh": 0.014141662783334629,
    "red-sfs": 0.009830433356467662,
    "alt-sfs": 0.04921151306115122,
    "sft": 0.0017274737019974847,
    "inroll": 0.23772452919106052,
    "bad-red-sfs": 0.001126994605043206,
    "red": 0.06348239286534943,
    "sfr": 0.11369548401129392,
    "outroll": 0.1699715430207899,
    "inoneh": 0.0029602976318203636,
    "bad-red": 0.0006820436870469,
    "alt": 0.3019179080173607
  },
  "english-5k": {
    "sfb": 0.016551209192350768,
    "unknown": 0.002157049819554486,
    "outoneh": 0.013564524826813789,
    "red-sfs": 0.008545235823619695,
    "alt-sfs": 0.045049155846849466,
    "sft": 0.0003733355456921226,
    "inroll": 0.2515866760691915,
    "bad-red-sfs": 0.0011200066370763678,
    "red": 0.06985522877172605,
    "sfr": 0.10644211224955408,
    "outroll": 0.1904840917575808,
    "inoneh": 0.0009125980005807441,
    "bad-red": 0.00020740863649562367,
    "alt": 0.2931513668229145
  },
  "monkeyracer": {
    "sfb": 0.018905328682922252,
    "unknown": 0.013491796612290222,
    "outoneh": 0.03306672974959726,
    "red-sfs": 0.013558268295353238,
    "alt-sfs": 0.04450767943444328,
    "sft": 0.0001681342571593913,
    "inroll": 0.30787337535386394,
    "bad-red-sfs": 0.002213116036098034,
    "red": 0.07024688365109405,
    "sfr": 0.09690789370786869,
    "outroll": 0.1429845003675493,
    "inoneh": 0.003198460985032141,
    "bad-red": 0.0006852448503996122,
    "alt": 0.2521925880163286
  },
  "tr-quotes": {
    "sfb": 0.01899516885878736,
    "unknown": 0.013894731975682485,
    "outoneh": 0.03257321837220591,
    "red-sfs": 0.013564180208501884,
    "alt-sfs": 0.044500820600540905,
    "sft": 0.0001814567393264141,
    "inroll": 0.30701902406324405,
    "bad-red-sfs": 0.0021844155243753035,
    "red": 0.07019370795866947,
    "sfr": 0.09677191928064538,
    "outroll": 0.14327916599246435,
    "inoneh": 0.0031841612537851643,
    "bad-red": 0.0006888421441945402,
    "alt": 0.2529691870275768
  },
  "movie": {
    "sfb": 0.02253126073756114,
    "unknown": 0.030282373430185833,
    "outoneh": 0.042736792873819124,
    "red-sfs": 0.016434201278104528,
    "alt-sfs": 0.04359941670574026,
    "sft": 0.00009777719406825375,
    "inroll": 0.28208707328907345,
    "bad-red-sfs": 0.0035368235097959456,
    "red": 0.06733914039502249,
    "sfr": 0.11567713207251198,
    "outroll": 0.12538378864650176,
    "inoneh": 0.002032791812614153,
    "bad-red": 0.0005910058930828097,
    "alt": 0.24767042216191823
  },
  "gutenberg": {
    "sfb": 0.015964216150394617,
    "unknown": 0.03298207965968062,
    "outoneh": 0.025630985491794926,
    "red-sfs": 0.013828127042365261,
    "alt-sfs": 0.03359471819953224,
    "sft": 0.00009092965341025981,
    "inroll": 0.3282448720411396,
    "bad-red-sfs": 0.001261838377845293,
    "red": 0.0728291587150579,
    "sfr": 0.09863878308844841,
    "outroll": 0.13626225324438898,
    "inoneh": 0.0028506446344116454,
    "bad-red": 0.0005774032991551499,
    "alt": 0.2372439904023751
  },
  "keymash": {
    "sfb": 0.01804501401813532,
    "unknown": 0.012376186820900362,
    "outoneh": 0.03170602554050892,
    "red-sfs": 0.013439348474835086,
    "alt-sfs": 0.04309704326123811,
    "sft": 0.00016829972127924207,
    "inroll": 0.30903933698119557,
    "bad-red-sfs": 0.00231925225665297,
    "red": 0.07163821306744714,
    "sfr": 0.099723742164827,
    "outroll": 0.14326411152114213,
    "inoneh": 0.0030458144680292104,
    "bad-red": 0.0006937232413705344,
    "alt": 0.25144388846243837
  },
  "english-10k": {
    "sfb": 0.016441211092028327,
    "unknown": 0.0,
    "outoneh": 0.012523880280195288,
    "red-sfs": 0.008374983114953397,
    "alt-sfs": 0.04695007815364428,
    "sft": 0.00036664672623067866,
    "inroll": 0.2610717662723606,
    "bad-red-sfs": 0.0005596186874047201,
    "red": 0.0656683583875263,
    "sfr": 0.10567144593890508,
    "outroll": 0.18878446961656473,
    "inoneh": 0.004747110244881419,
    "bad-red": 0.0007525906485787615,
    "alt": 0.28808784083672645
  },
  "mt-quotes": {
    "sfb": 0.018533127741719557,
    "unknown": 0.007995063410669249,
    "outoneh": 0.03486839746118263,
    "red-sfs": 0.013937198933792328,
    "alt-sfs": 0.045391520541231876,
    "sft": 0.0001299888837092552,
    "inroll": 0.313595940760928,
    "bad-red-sfs": 0.00230842327966436,
    "red": 0.07026870345800314,
    "sfr": 0.0964592223377679,
    "outroll": 0.14152203535697636,
    "inoneh": 0.0034110876035428695,
    "bad-red": 0.0006648856695473398,
    "alt": 0.2509144045612651
  }
}