{
  "keymash": {
    "dsfb-alt": 0.06536186492510662,
    "redirect": 0.019933254793463404,
    "dsfb": 0.0,
    "unknown": 0.010976425724407154,
    "sfb": 0.02756421044853928,
    "sft": 0.0,
    "bad-redirect": 0.009859900744213158,
    "roll-out": 0.09171103348343479,
    "oneh-in": 0.021226289237438068,
    "alternate": 0.29556714953635477,
    "oneh-out": 0.00014777536502567597,
    "dsfb-red": 0.008103015848907899,
    "roll-in": 0.3497760792732736,
    "sfR": 0.099723742164827,
    "sfT": 0.00004925845500855866
  },
  "english-5k": {
    "dsfb-alt": 0.06392334176795121,
    "redirect": 0.017629734102128012,
    "dsfb": 0.0,
    "unknown": 0.002157049819554486,
    "sfb": 0.02530385365246609,
    "sft": 0.0,
    "bad-redirect": 0.008545235823619695,
    "roll-out": 0.1095117600696893,
    "oneh-in": 0.006554112913261708,
    "alternate": 0.3573650806819596,
    "oneh-out": 0.00029037209109387317,
    "dsfb-red": 0.005226697639689717,
    "roll-in": 0.29705064918903223,
    "sfR": 0.10644211224955408,
    "sfT": 0.0
  },
  "reddit": {
    "dsfb-alt": 0.06571652192185747,
    "redirect": 0.021010799534104695,
    "dsfb": 0.0,
    "unknown": 0.04108089359154227,
    "sfb": 0.029411073947114254,
    "sft": 0.0,
    "bad-redirect": 0.010607040457939351,
    "roll-out": 0.09181006769116437,
    "oneh-in": 0.016921311526376482,
    "alternate": 0.28749321318493454,
    "oneh-out": 0.0002575197161776882,
    "dsfb-red": 0.008296817037579337,
    "roll-in": 0.32326773978409923,
    "sfR": 0.10397777127267367,
    "sfT": 0.00014923033443664145
  },
  "english-1k": {
    "dsfb-alt": 0.06422018348623854,
    "redirect": 0.017642907551164433,
    "dsfb": 0.0,
    "unknown": 0.0,
    "sfb": 0.02117148906139732,
    "sft": 0.0,
    "bad-redirect": 0.0067043048694424845,
    "roll-out": 0.11926605504587157,
    "oneh-in": 0.008821453775582216,
    "alternate": 0.3359209597741708,
    "oneh-out": 0.00035285815102328866,
    "dsfb-red": 0.0045871559633027525,
    "roll-in": 0.312985179957657,
    "sfR": 0.10832745236414962,
    "sfT": 0.0
  },
  "chained-bigrams": {
    "dsfb-alt": 0.06866007535830256,
    "redirect": 0.01966419259935498,
    "dsfb": 0.0,
    "unknown": 0.021095260140678355,
    "sfb": 0.028489541973977166,
    "sft": 0.0,
    "bad-redirect": 0.007463108130658285,
    "roll-out": 0.0760978606059701,
    "oneh-in": 0.012247185101833702,
    "alternate": 0.31845668066351146,
    "oneh-out": 0.0015167757606766794,
    "dsfb-red": 0.011398543869297563,
    "roll-in": 0.31556143104156914,
    "sfR": 0.11914286586209158,
    "sfT": 0.00020647889207841782
  },
  "gutenberg": {
    "dsfb-alt": 0.060934802301884174,
    "redirect": 0.01882868966959574,
    "dsfb": 0.0,
    "unknown": 0.03543926410631495,
    "sfb": 0.02178295622153949,
    "sft": 0.0,
    "bad-redirect": 0.009281454935074334,
    "roll-out": 0.09239854618639139,
    "oneh-in": 0.015420911471268313,
    "alternate": 0.2725112459143223,
    "oneh-out": 0.00039289187744349766,
    "dsfb-red": 0.008585653649707908,
    "roll-in": 0.36563874482221925,
    "sfR": 0.09863878308844841,
    "sfT": 0.00014605575579022985
  },
  "monkeyracer": {
    "dsfb-alt": 0.06582749425215446,
    "redirect": 0.020373570858814145,
    "dsfb": 0.0,
    "unknown": 0.011536747110436837,
    "sfb": 0.027989466193284015,
    "sft": 0.0,
    "bad-redirect": 0.010342211864804416,
    "roll-out": 0.09012093936218465,
    "oneh-in": 0.02248795689506858,
    "alternate": 0.29496418349312603,
    "oneh-out": 0.00017399940566495143,
    "dsfb-red": 0.00826301671958334,
    "roll-in": 0.3509734191469728,
    "sfR": 0.09690789370786869,
    "sfT": 0.00003910099003706774
  },
  "french": {
    "dsfb-alt": 0.03340055534378727,
    "redirect": 0.03471115158005284,
    "dsfb": 0.0,
    "unknown": 0.15503583857986075,
    "sfb": 0.035052063311510936,
    "sft": 0.0,
    "bad-redirect": 0.004121398854845209,
    "roll-out": 0.11529637754280563,
    "oneh-in": 0.005999387272775514,
    "alternate": 0.25613616022045355,
    "oneh-out": 0.0012167799645718476,
    "dsfb-red": 0.005167161134750205,
    "roll-in": 0.24408984830184532,
    "sfR": 0.10898279115633469,
    "sfT": 0.0007904867364062252
  },
  "dutch": {
    "dsfb-alt": 0.05526892981740104,
    "redirect": 0.011129572258393217,
    "dsfb": 0.0,
    "unknown": 0.0704388658715268,
    "sfb": 0.05041450796340641,
    "sft": 0.0,
    "bad-redirect": 0.005327543790675334,
    "roll-out": 0.0798470818833746,
    "oneh-in": 0.008171959472531978,
    "alternate": 0.2576296694970904,
    "oneh-out": 0.001513287310244232,
    "dsfb-red": 0.007480601839218943,
    "roll-in": 0.2638052322703086,
    "sfR": 0.18880787437283908,
    "sfT": 0.0001648736529894274
  },
  "english-200": {
    "dsfb-alt": 0.07126948775055679,
    "redirect": 0.011135857461024499,
    "dsfb": 0.0,
    "unknown": 0.0,
    "sfb": 0.028953229398663696,
    "sft": 0.0,
    "bad-redirect": 0.008908685968819599,
    "roll-out": 0.08685968819599109,
    "oneh-in": 0.017817371937639197,
    "alternate": 0.29175946547884185,
    "oneh-out": 0.0,
    "dsfb-red": 0.008908685968819599,
    "roll-in": 0.3674832962138085,
    "sfR": 0.10690423162583519,
    "sfT": 0.0
  },
  "wordle": {
    "dsfb-alt": 0.06852911477616964,
    "redirect": 0.0279367216425446,
    "dsfb": 0.0,
    "unknown": 0.0,
    "sfb": 0.04182654549534388,
    "sft": 0.0,
    "bad-redirect": 0.009559071019858633,
    "roll-out": 0.1439246045102659,
    "oneh-in": 0.005340513856165152,
    "alternate": 0.3320094244362168,
    "oneh-out": 0.0012790306294177044,
    "dsfb-red": 0.009042970941321666,
    "roll-in": 0.22917087400426345,
    "sfR": 0.13138112868843263,
    "sfT": 0.0
  },
  "mt-quotes": {
    "dsfb-alt": 0.06639294294832718,
    "redirect": 0.020533761250762003,
    "dsfb": 0.0,
    "unknown": 0.006620468318571378,
    "sfb": 0.027929680496288592,
    "sft": 0.0,
    "bad-redirect": 0.010623229461756374,
    "roll-out": 0.08933822211066088,
    "oneh-in": 0.023858189598498704,
    "alternate": 0.2917637847981736,
    "oneh-out": 0.00016584788611180836,
    "dsfb-red": 0.008523983696106907,
    "roll-in": 0.35776227872007266,
    "sfR": 0.0964592223377679,
    "sfT": 0.000028388376902021254
  },
  "tr-quotes": {
    "dsfb-alt": 0.06588960033286331,
    "redirect": 0.02039596865537089,
    "dsfb": 0.0,
    "unknown": 0.011968054367675273,
    "sfb": 0.02785187582348998,
    "sft": 0.0,
    "bad-redirect": 0.010382330505536164,
    "roll-out": 0.09011927602228335,
    "oneh-in": 0.022078777651926677,
    "alternate": 0.29587388178729107,
    "oneh-out": 0.00017683363768752455,
    "dsfb-red": 0.008186357227063637,
    "roll-in": 0.3502681398950556,
    "sfR": 0.09677191928064538,
    "sfT": 0.00003698481311111625
  },
  "english-10k": {
    "dsfb-alt": 0.06456841820883426,
    "redirect": 0.021323401709731574,
    "dsfb": 0.0,
    "unknown": 0.0,
    "sfb": 0.026823102603191755,
    "sft": 0.0,
    "bad-redirect": 0.0077574728391964646,
    "roll-out": 0.10655911696030566,
    "oneh-in": 0.005596186874047201,
    "alternate": 0.35024410953088514,
    "oneh-out": 0.00027016074564365796,
    "dsfb-red": 0.005152351363346906,
    "roll-in": 0.3059956388336775,
    "sfR": 0.10567144593890508,
    "sfT": 0.00003859439223480828
  },
  "shai": {
    "dsfb-alt": 0.06457292128857985,
    "redirect": 0.02002235625533923,
    "dsfb": 0.0,
    "unknown": 0.02085404518098496,
    "sfb": 0.02544220581719347,
    "sft": 0.0,
    "bad-redirect": 0.00952427102398322,
    "roll-out": 0.09455991207050461,
    "oneh-in": 0.012928291697539628,
    "alternate": 0.3109031893097451,
    "oneh-out": 0.00036336558983636843,
    "dsfb-red": 0.007195264136822976,
    "roll-in": 0.335328553584881,
    "sfR": 0.09823378925716947,
    "sfT": 0.00007183478742011863
  },
  "movie": {
    "dsfb-alt": 0.06621134691835368,
    "redirect": 0.022877363053038273,
    "dsfb": 0.0,
    "unknown": 0.016870316515173428,
    "sfb": 0.02890691282130106,
    "sft": 0.0,