{
  "dutch": {
    "dsfb": 0.0,
    "sfb": 0.035075735550765326,
    "roll-out": 0.1628758397573691,
    "sfR": 0.18880787437283908,
    "roll-in": 0.21687534106611983,
    "alternate": 0.23902184433352297,
    "dsfb-alt": 0.029267216135534426,
    "sft": 0.0,
    "sfT": 0.0002205308382943956,
    "dsfb-red": 0.014396903653072985,
    "oneh-in": 0.004379435114713511,
    "oneh-out": 0.010058045925712935,
    "redirect": 0.024022889160903022,
    "bad-redirect": 0.0013956433692693944,
    "unknown": 0.07360270072188302
  },
  "english-1k": {
    "dsfb": 0.0,
    "sfb": 0.016584333098094567,
    "roll-out": 0.2582921665490473,
    "sfR": 0.10832745236414962,
    "roll-in": 0.22159491884262528,
    "alternate": 0.28687367678193365,
    "dsfb-alt": 0.032462949894142556,
    "sft": 0.0,
    "sfT": 0.0,
    "dsfb-red": 0.021877205363443897,
    "oneh-in": 0.0056457304163726185,
    "oneh-out": 0.015172900494001412,
    "redirect": 0.03175723359209598,
    "bad-redirect": 0.0014114326040931546,
    "unknown": 0.0
  },
  "shai": {
    "dsfb": 0.0,
    "sfb": 0.01900988827523127,
    "roll-out": 0.2558637854517835,
    "sfR": 0.09823378925716947,
    "roll-in": 0.22714867292971058,
    "alternate": 0.2714357134386477,
    "dsfb-alt": 0.041010116319718064,
    "sft": 0.0,
    "sfT": 0.00008442909767146917,
    "dsfb-red": 0.01458479957320228,
    "oneh-in": 0.008262931887307319,
    "oneh-out": 0.009267453918138687,
    "redirect": 0.029435836827280376,
    "bad-redirect": 0.0015648333727082922,
    "unknown": 0.024097749651430984
  },
  "akl": {
    "dsfb": 0.0,
    "sfb": 0.02307393211622965,
    "roll-out": 0.25689436217539224,
    "sfR": 0.11790358951788564,
    "roll-in": 0.18932253148546102,
    "alternate": 0.23714470939800167,
    "dsfb-alt": 0.03944689225696989,
    "sft": 0.0,
    "sfT": 0.0003716016078863303,
    "dsfb-red": 0.012405223933026958,
    "oneh-in": 0.011249033668543013,
    "oneh-out": 0.00617429887301497,
    "redirect": 0.03157653376116462,
    "bad-redirect": 0.0011260185434034766,
    "unknown": 0.07331127266302054
  },
  "monkeyracer": {
    "dsfb": 0.0,
    "sfb": 0.01765800710073979,
    "roll-out": 0.2836073009368597,
    "sfR": 0.09690789370786869,
    "roll-in": 0.21140439025916136,
    "alternate": 0.267148716705507,
    "dsfb-alt": 0.039001282512473215,
    "sft": 0.0,
    "sfT": 0.00005376386130096814,
    "dsfb-red": 0.016420460766066597,
    "oneh-in": 0.008608082956660462,
    "oneh-out": 0.011576825625224831,
    "redirect": 0.032782270047077594,
    "bad-redirect": 0.00133920890876957,
    "unknown": 0.013491796612290222
  },
  "tr-quotes": {
    "dsfb": 0.0,
    "sfb": 0.01772034858186357,
    "roll-out": 0.2830031668246226,
    "sfR": 0.09677191928064538,
    "roll-in": 0.21137167425625852,
    "alternate": 0.267577032431058,
    "dsfb-alt": 0.039124153394512376,
    "sft": 0.0,
    "sfT": 0.00005432144425695199,
    "dsfb-red": 0.01638889530986339,
    "oneh-in": 0.008544647604077575,
    "oneh-out": 0.011494186449689097,
    "redirect": 0.03271769029842121,
    "bad-redirect": 0.0013372321490487968,
    "unknown": 0.013894731975682485
  },
  "reddit": {
    "dsfb": 0.0,
    "sfb": 0.017221982182632233,
    "roll-out": 0.26876252131092704,
    "sfR": 0.10397777127267367,
    "roll-in": 0.20364726578675457,
    "alternate": 0.25694481979893985,
    "dsfb-alt": 0.04113985156001698,
    "sft": 0.0,
    "sfT": 0.00013447211361133102,
    "dsfb-red": 0.013019260414612361,
    "oneh-in": 0.009056191176644104,
    "oneh-out": 0.008630600047158883,
    "redirect": 0.030903040174761306,
    "bad-redirect": 0.0013628130667189572,
    "unknown": 0.04519941109454869
  },
  "keymash": {
    "dsfb": 0.0,
    "sfb": 0.018036804275633894,
    "roll-out": 0.28234125436655677,
    "sfR": 0.099723742164827,
    "roll-in": 0.2101283593240098,
    "alternate": 0.26689872872137366,
    "dsfb-alt": 0.039119423019297,
    "sft": 0.0,
    "sfT": 0.00003283897000570577,
    "dsfb-red": 0.017347185905514075,
    "oneh-in": 0.008148169432665744,
    "oneh-out": 0.01190002175581763,
    "redirect": 0.032592677730662975,
    "bad-redirect": 0.0013546075127353631,
    "unknown": 0.012376186820900362
  },
  "english-10k": {
    "dsfb": 0.0,
    "sfb": 0.02400571197005075,
    "roll-out": 0.20767642461550337,
    "sfR": 0.10567144593890508,
    "roll-in": 0.26288570270739664,
    "alternate": 0.2939541884564173,
    "dsfb-alt": 0.04226085949711507,
    "sft": 0.0,
    "sfT": 0.0000964859805870207,
    "dsfb-red": 0.014588680264757532,
    "oneh-in": 0.010362594315046023,
    "oneh-out": 0.007564500878022423,
    "redirect": 0.029331738098454293,
    "bad-redirect": 0.0016016672777445437,
    "unknown": 0.0
  },
  "wordle": {
    "dsfb": 0.0,
    "sfb": 0.04310557612476158,
    "roll-out": 0.2152361718837653,
    "sfR": 0.13138112868843263,
    "roll-in": 0.19679120385953103,
    "alternate": 0.27445304611242005,
    "dsfb-alt": 0.05349489509704925,
    "sft": 0.0,
    "sfT": 0.00044878267698866825,
    "dsfb-red": 0.02728598676091103,
    "oneh-in": 0.013800067317401549,
    "oneh-out": 0.009379557949063167,
    "redirect": 0.033815774711096154,
    "bad-redirect": 0.0008078088185796028,
    "unknown": 0.0
  },
  "chained-bigrams": {
    "dsfb": 0.0,
    "sfb": 0.02115045103950435,
    "roll-out": 0.2294311636384178,
    "sfR": 0.11914286586209158,
    "roll-in": 0.19895150278324455,
    "alternate": 0.2740013856162129,
    "dsfb-alt": 0.049699729045152,
    "sft": 0.0,
    "sfT": 0.000174013657474893,
    "dsfb-red": 0.02343210772744007,
    "oneh-in": 0.00753647956086225,
    "oneh-out": 0.008509137989583854,
    "redirect": 0.04113085502389766,
    "bad-redirect": 0.0036809082993476436,
    "unknown": 0.023159399756770463
  },
  "english-450k": {
    "dsfb": 0.0,
    "sfb": 0.03518649641203508,
    "roll-out": 0.2177786249321026,
    "sfR": 0.11369548401129392,
    "roll-in": 0.21725444819362205,
    "alternate": 0.3032290807290646,
    "dsfb-alt": 0.041441535729675655,
    "sft": 0.0,
    "sfT": 0.0004338417623564507,
    "dsfb-red": 0.018581816884864127,
    "oneh-in": 0.0068140052540459255,
    "oneh-out": 0.008098866807655494,
    "redirect": 0.03493010879371526,
    "bad-redirect": 0.0024019163878171153,
    "unknown": 0.00015377410175167997
  },
  "english-200": {
    "dsfb": 0.0,
    "sfb": 0.004454342984409799,
    "roll-out": 0.30957683741648107,
    "sfR": 0.10690423162583519,
    "roll-in": 0.20044543429844097,
    "alternate": 0.2717149220489978,
    "dsfb-alt": 0.0334075723830735,
    "sft": 0.0,
    "sfT": 0.0,
    "dsfb-red": 0.0200445434298441,
    "oneh-in": 0.0022271714922048997,
    "oneh-out": 0.0066815144766146995,
    "redirect": 0.044543429844097995,
    "bad-redirect": 0.0,
    "unknown": 0.0
  },
  "english-5k": {
    "dsfb": 0.0,
    "sfb": 0.02144605301364749,
    "roll-out": 0.21491682913676524,
    "sfR": 0.10644211224955408,
    "roll-in": 0.254075579707139,
    "alternate": 0.2990832538266893,
    "dsfb-alt": 0.038826896751980755,
    "sft": 0.0,
    "sfT": 0.00016592690919649896,
    "dsfb-red": 0.015016385282283154,
    "oneh-in": 0.006844485004355581,
    "oneh-out": 0.008379308914423197,
    "redirect": 0.030323142655660183,
    "bad-redirect": 0.0023229767287509854,
    "unknown": 0.002157049819554486
  },
  "movie": {
    "dsfb": 0.0,
    "sfb": 0.015098351618633675,
    "roll-out": 0.28822756003526295,
    "sfR": 0.11567713207251198,
    "roll-in": 0.17690473724583358,
    "alternate": 0.2565861757260154,
    "dsfb-alt": 0.04509897407641018,
    "sft": 0.0,
    "sfT": 0.00007487917015455772,
    "dsfb-red": 0.01680254362830243,
    "oneh-in": 0.010769703914075033,
    "oneh-out": 0.01147717389430509,
    "redirect": 0.031933531510905055,
    "bad-redirect": 0.0010668636774042168,
    "unknown": 0.030282373430185833
  },
  "gutenberg": {
    "dsfb": 0.0,
    "sfb": 0.019255680167068082,
    "roll-out": 0.2835434755511,
    "sfR": 0.09863878308844841,
    "roll-in": 0.20779736932935214,