{
  "english-1k": {
    "sfb": 0.01799576570218772,
    "unknown": 0.0,
    "outoneh": 0.014820042342978124,
    "red-sfs": 0.019407198306280876,
    "alt-sfs": 0.03987297106563162,
    "sft": 0.0,
    "inroll": 0.21383203952011293,
    "bad-red-sfs": 0.0017642907551164433,
    "red": 0.03140437544107269,
    "sfr": 0.10832745236414962,
    "outroll": 0.25017642907551163,
    "inoneh": 0.004234297812279464,
    "bad-red": 0.0014114326040931546,
    "alt": 0.29675370501058573
  },
  "shai": {
    "sfb": 0.017624320627142465,
    "unknown": 0.021625131245562576,
    "outoneh": 0.011343684406246777,
    "red-sfs": 0.012506080412232598,
    "alt-sfs": 0.041240873963078774,
    "sft": 0.00005214601782927039,
    "inroll": 0.19877419508656247,
    "bad-red-sfs": 0.0020362027202471614,
    "red": 0.031834940688307306,
    "sfr": 0.09823378925716947,
    "outroll": 0.2737114480190164,
    "inoneh": 0.004597132243818415,
    "bad-red": 0.00203737158370626,
    "alt": 0.28438268372908004
  },
  "chained-bigrams": {
    "sfb": 0.018690884865941306,
    "unknown": 0.020740090474115794,
    "outoneh": 0.009909688210379915,
    "red-sfs": 0.018257798636330286,
    "alt-sfs": 0.052354086626336185,
    "sft": 0.00006557977389912012,
    "inroll": 0.17439804585259874,
    "bad-red-sfs": 0.0024732015720965203,
    "red": 0.03694154115065882,
    "sfr": 0.11914286586209158,
    "outroll": 0.25053356613070893,
    "inoneh": 0.004429556609304926,
    "bad-red": 0.004110748005498312,
    "alt": 0.28795234623003957
  },
  "english-200": {
    "sfb": 0.004454342984409799,
    "unknown": 0.0,
    "outoneh": 0.008908685968819599,
    "red-sfs": 0.022271714922048998,
    "alt-sfs": 0.0334075723830735,
    "sft": 0.0,
    "inroll": 0.18485523385300667,
    "bad-red-sfs": 0.0,
    "red": 0.042316258351893093,
    "sfr": 0.10690423162583519,
    "outroll": 0.2984409799554566,
    "inoneh": 0.0,
    "bad-red": 0.004454342984409799,
    "alt": 0.29398663697104677
  },
  "english-450k": {
    "sfb": 0.031054475206411036,
    "unknown": 0.00015377410175167997,
    "outoneh": 0.00914166570679664,
    "red-sfs": 0.01683504833359742,
    "alt-sfs": 0.04764161396151905,
    "sft": 0.0002938079320540653,
    "inroll": 0.20204835289226866,
    "bad-red-sfs": 0.0023031033718626135,
    "red": 0.0372142096625097,
    "sfr": 0.11369548401129392,
    "outroll": 0.22933770137537193,
    "inoneh": 0.003725659986166178,
    "bad-red": 0.0017903281352229811,
    "alt": 0.3047647753231741
  },
  "english-5k": {
    "sfb": 0.019579375285186874,
    "unknown": 0.002157049819554486,
    "outoneh": 0.009831169369892562,
    "red-sfs": 0.012361554735139172,
    "alt-sfs": 0.04778694984859169,
    "sft": 0.0,
    "inroll": 0.22205168623221472,
    "bad-red-sfs": 0.0019496411830588626,
    "red": 0.030862405110548802,
    "sfr": 0.10644211224955408,
    "outroll": 0.23632140042311361,
    "inoneh": 0.003774837184220351,
    "bad-red": 0.0026133488198448584,
    "alt": 0.30426846973907995
  },
  "monkeyracer": {
    "sfb": 0.014576849085818853,
    "unknown": 0.013260123246320596,
    "outoneh": 0.014932668095156169,
    "red-sfs": 0.013896491859173875,
    "alt-sfs": 0.04005212161971941,
    "sft": 0.000027370693025947417,
    "inroll": 0.19095848256877865,
    "bad-red-sfs": 0.002713608708572501,
    "red": 0.03653498756588517,
    "sfr": 0.09690789370786869,
    "outroll": 0.2935027839904906,
    "inoneh": 0.003185753163270094,
    "bad-red": 0.002110475937250731,
    "alt": 0.2773403897586687
  },
  "tr-quotes": {
    "sfb": 0.014637895564133977,
    "unknown": 0.013984882457640832,
    "outoneh": 0.01476965396084233,
    "red-sfs": 0.013935184115022769,
    "alt-sfs": 0.04003490441737362,
    "sft": 0.000028894385243059568,
    "inroll": 0.19067289244354038,
    "bad-red-sfs": 0.0026467256882642563,
    "red": 0.03642657358822034,
    "sfr": 0.09677191928064538,
    "outroll": 0.2929405237974157,
    "inoneh": 0.003218834516076836,
    "bad-red": 0.0020769284112711218,
    "alt": 0.27785418737430945
  },
  "movie": {
    "sfb": 0.014536297250039446,
    "unknown": 0.02926604332279805,
    "outoneh": 0.01853450278191251,
    "red-sfs": 0.015351151066554422,
    "alt-sfs": 0.04308881709203256,
    "sft": 0.000035268220740635265,
    "inroll": 0.1617055816828442,
    "bad-red-sfs": 0.0039554362343331125,
    "red": 0.03674882802254903,
    "sfr": 0.11567713207251198,
    "outroll": 0.2878317137368009,
    "inoneh": 0.0022662463782629847,
    "bad-red": 0.0015452218206587287,
    "alt": 0.2694577603179614
  },
  "gutenberg": {
    "sfb": 0.016438376405573534,
    "unknown": 0.033398840571144305,
    "outoneh": 0.015058329478294902,
    "red-sfs": 0.0201630823333913,
    "alt-sfs": 0.035092784239466275,
    "sft": 0.00015495928435331778,
    "inroll": 0.18637320636522728,
    "bad-red-sfs": 0.0016623077264063123,
    "red": 0.03346912161575932,
    "sfr": 0.09863878308844841,
    "outroll": 0.2974134681213896,
    "inoneh": 0.0027671030153409693,
    "bad-red": 0.002462678113194537,
    "alt": 0.25690695964200994
  },
  "keymash": {
    "sfb": 0.015709342276479497,
    "unknown": 0.011982119180831894,
    "outoneh": 0.014958150837598978,
    "red-sfs": 0.014625656266291209,
    "alt-sfs": 0.03907837430678987,
    "sft": 0.00003694384125641899,
    "inroll": 0.19024025811430426,
    "bad-red-sfs": 0.002848780647994976,
    "red": 0.03543735350740724,
    "sfr": 0.099723742164827,
    "outroll": 0.29187687028196363,
    "inoneh": 0.0033618895543341284,
    "bad-red": 0.0021427427928723017,
    "alt": 0.2779777762270486
  },
  "english-10k": {
    "sfb": 0.02138129329808379,
    "unknown": 0.0,
    "outoneh": 0.008683738252831863,
    "red-sfs": 0.011057293375272573,
    "alt-sfs": 0.04573435479824781,
    "sft": 0.00007718878446961657,
    "inroll": 0.22207213291908687,
    "bad-red-sfs": 0.001640261669979352,
    "red": 0.03178248200536462,
    "sfr": 0.10567144593890508,
    "outroll": 0.23963258138592464,
    "inoneh": 0.006715424248856641,
    "bad-red": 0.0016209644738619479,
    "alt": 0.3039308388491152
  },
  "mt-quotes": {
    "sfb": 0.01372204491937701,
    "unknown": 0.008011498786770418,
    "outoneh": 0.01497711000346637,
    "red-sfs": 0.013968575560894562,
    "alt-sfs": 0.03978705729073284,
    "sft": 0.000013447125900957435,
    "inroll": 0.19092378766689377,
    "bad-red-sfs": 0.002817919938800636,
    "red": 0.03725600937115263,
    "sfr": 0.0964592223377679,
    "outroll": 0.30020559161377464,
    "inoneh": 0.003166051087125423,
    "bad-red": 0.002082810389548296,
    "alt": 0.27660887390779454
  }
}