{
  "english-1k": {
    "sfb": 0.015525758645024701,
    "unknown": 0.0,
    "outoneh": 0.010232886379675371,
    "red-sfs": 0.011291460832745237,
    "alt-sfs": 0.053634438955539876,
    "sft": 0.0,
    "inroll": 0.2117148906139732,
    "bad-red-sfs": 0.0,
    "red": 0.02893436838390967,
    "sfr": 0.10832745236414962,
    "outroll": 0.24982357092448837,
    "inoneh": 0.0007057163020465773,
    "bad-red": 0.00035285815102328866,
    "alt": 0.3094565984474241
  },
  "shai": {
    "sfb": 0.01728335309306042,
    "unknown": 0.021625131245562576,
    "outoneh": 0.014067983885475532,
    "red-sfs": 0.010197424134568851,
    "alt-sfs": 0.055167258942424725,
    "sft": 0.000022281943490173652,
    "inroll": 0.22748567329476754,
    "bad-red-sfs": 0.0011935489264569689,
    "red": 0.029928737259001255,
    "sfr": 0.09823378925716947,
    "outroll": 0.2106390687424856,
    "inoneh": 0.0009180029124052176,
    "bad-red": 0.0005910617398323586,
    "alt": 0.3126466846232993
  },
  "chained-bigrams": {
    "sfb": 0.017985090665660678,
    "unknown": 0.020740090474115794,
    "outoneh": 0.009108446220364922,
    "red-sfs": 0.01600925648769016,
    "alt-sfs": 0.06387664769181922,
    "sft": 0.0000532429847497807,
    "inroll": 0.21286869955308357,
    "bad-red-sfs": 0.0027296769254643665,
    "red": 0.03982315537406768,
    "sfr": 0.11914286586209158,
    "outroll": 0.1712632027992824,
    "inoneh": 0.0038782969257370745,
    "bad-red": 0.00228944834424057,
    "alt": 0.3202318796916322
  },
  "english-200": {
    "sfb": 0.017817371937639197,
    "unknown": 0.0,
    "outoneh": 0.011135857461024499,
    "red-sfs": 0.015590200445434299,
    "alt-sfs": 0.06904231625835189,
    "sft": 0.0,
    "inroll": 0.22494432071269488,
    "bad-red-sfs": 0.0,
    "red": 0.026726057906458798,
    "sfr": 0.10690423162583519,
    "outroll": 0.24053452115812918,
    "inoneh": 0.0,
    "bad-red": 0.0,
    "alt": 0.2873051224944321
  },
  "english-450k": {
    "sfb": 0.029665246059027036,
    "unknown": 0.00015377410175167997,
    "outoneh": 0.004964623186211082,
    "red-sfs": 0.009038759844027454,
    "alt-sfs": 0.05954770534543335,
    "sft": 0.0000330351207185168,
    "inroll": 0.1766931668753044,
    "bad-red-sfs": 0.0022595437879063393,
    "red": 0.03102582527870825,
    "sfr": 0.11369548401129392,
    "outroll": 0.21346096388881255,
    "inoneh": 0.001568145022425877,
    "bad-red": 0.001059754978801977,
    "alt": 0.35683397249957755
  },
  "english-5k": {
    "sfb": 0.01796158792052101,
    "unknown": 0.002157049819554486,
    "outoneh": 0.00638818600406521,
    "red-sfs": 0.010245986642883809,
    "alt-sfs": 0.05367735512506741,
    "sft": 0.0,
    "inroll": 0.1838055336624217,
    "bad-red-sfs": 0.0018666777284606132,
    "red": 0.03297797320280416,
    "sfr": 0.10644211224955408,
    "outroll": 0.24407848342804994,
    "inoneh": 0.0005807441821877463,
    "bad-red": 0.0003733355456921226,
    "alt": 0.3394449744887377
  },
  "monkeyracer": {
    "sfb": 0.017252334329105213,
    "unknown": 0.013260123246320596,
    "outoneh": 0.02445180411968031,
    "red-sfs": 0.010144751865117225,
    "alt-sfs": 0.05685088446439464,
    "sft": 7.820198007413547e-6,
    "inroll": 0.24261284545724698,
    "bad-red-sfs": 0.001004895443952641,
    "red": 0.028482138667751067,
    "sfr": 0.09690789370786869,
    "outroll": 0.19364960820807983,
    "inoneh": 0.0006080203950764034,
    "bad-red": 0.0005982451475671364,
    "alt": 0.31416863474983187
  },
  "tr-quotes": {
    "sfb": 0.017173666813064887,
    "unknown": 0.013984882457640832,
    "outoneh": 0.02391414900256582,
    "red-sfs": 0.010223989274404198,
    "alt-sfs": 0.056866461709160675,
    "sft": 8.09042786805668e-6,
    "inroll": 0.2419292203139086,
    "bad-red-sfs": 0.0009188414507292943,
    "red": 0.028427451977531725,
    "sfr": 0.09677191928064538,
    "outroll": 0.19429624835302003,
    "inoneh": 0.0006137167425625853,
    "bad-red": 0.0005825108065000809,
    "alt": 0.3142888513903978
  },
  "movie": {
    "sfb": 0.016508290861227577,
    "unknown": 0.02926604332279805,
    "outoneh": 0.03723639801450445,
    "red-sfs": 0.009171316566628182,
    "alt-sfs": 0.059116249451072515,
    "sft": 8.422261669405438e-6,
    "inroll": 0.23309464556030346,
    "bad-red-sfs": 0.0011472699567793218,
    "red": 0.02388000698521327,
    "sfr": 0.11567713207251198,
    "outroll": 0.17095506736559157,
    "inoneh": 0.000568502662684867,
    "bad-red": 0.0005974541871734482,
    "alt": 0.3027732007318419
  },
  "gutenberg": {
    "sfb": 0.015498959423778786,
    "unknown": 0.033398840571144305,
    "outoneh": 0.013053898930932487,
    "red-sfs": 0.01034267976508324,
    "alt-sfs": 0.057768366558649815,
    "sft": 3.2204252249467018e-6,
    "inroll": 0.24420617086515398,
    "bad-red-sfs": 0.0014944667411532077,
    "red": 0.024861872173366478,
    "sfr": 0.09863878308844841,
    "outroll": 0.20777899396189214,
    "inoneh": 0.0011574587132014323,
    "bad-red": 0.0005279603001133211,
    "alt": 0.29126832848185746
  },
  "keymash": {
    "sfb": 0.0168587062266792,
    "unknown": 0.011982119180831894,
    "outoneh": 0.023356717416558228,
    "red-sfs": 0.01050026065932442,
    "alt-sfs": 0.05703718602866021,
    "sft": 0.000016419485002852885,
    "inroll": 0.24075890859683186,
    "bad-red-sfs": 0.0010344275551797317,
    "red": 0.028142997294889845,
    "sfr": 0.099723742164827,
    "outroll": 0.19754282406932305,
    "inoneh": 0.0006690940138662551,
    "bad-red": 0.0006855134988691079,
    "alt": 0.31169108380915633
  },
  "english-10k": {
    "sfb": 0.016981532583315643,
    "unknown": 0.0,
    "outoneh": 0.006020725188630092,
    "red-sfs": 0.009725786843171687,
    "alt-sfs": 0.05609694911329384,
    "sft": 0.0,
    "inroll": 0.19067559483607033,
    "bad-red-sfs": 0.0013122093359834816,
    "red": 0.03477354740356226,
    "sfr": 0.10567144593890508,
    "outroll": 0.23608189730032225,
    "inoneh": 0.0011385345709268443,
    "bad-red": 0.0005982130796395284,
    "alt": 0.34092356380617894
  },
  "mt-quotes": {
    "sfb": 0.01669983624388903,
    "unknown": 0.008011498786770418,
    "outoneh": 0.02606501237135583,
    "red-sfs": 0.010227286310228182,
    "alt-sfs": 0.057882406378121226,
    "sft": 1.4941251001063816e-6,
    "inroll": 0.24679061928497148,
    "bad-red-sfs": 0.0009308399373662758,
    "red": 0.028379412151420615,
    "sfr": 0.0964592223377679,
    "outroll": 0.19241492451679995,
    "inoneh": 0.0005498380368391485,
    "bad-red": 0.0006215560416442548,
    "alt": 0.3149660534777256
  }
}