{
  "french": {
    "bad-redirect": 0.0024792395542465625,
    "dsfb-red": 0.009025808508764293,
    "sfb": 0.025278586160320082,
    "oneh-in": 0.002209446609394994,
    "roll-in": 0.21556983654349932,
    "unknown": 0.1503721720862493,
    "dsfb-alt": 0.037778158616108413,
    "alternate": 0.2542518944122582,
    "sfR": 0.10898279115633469,
    "sfT": 0.00010472305000624518,
    "roll-out": 0.15714015762961428,
    "oneh-out": 0.011648933638441468,
    "redirect": 0.02515825203476212,
    "sft": 0.0,
    "dsfb": 0.0
  },
  "english-450k": {
    "bad-redirect": 0.0005952168653354,
    "dsfb-red": 0.01395076071404975,
    "sfb": 0.028390616622454175,
    "oneh-in": 0.002209552587526991,
    "roll-in": 0.216625319168965,
    "unknown": 0.0,
    "dsfb-alt": 0.06203732559356511,
    "alternate": 0.3520000280652353,
    "sfR": 0.11369548401129392,
    "sfT": 0.0001473424853286059,
    "roll-out": 0.17271024223221526,
    "oneh-out": 0.005641989334041201,
    "redirect": 0.03199612231998929,
    "sft": 0.0,
    "dsfb": 0.0
  },
  "english-1k": {
    "bad-redirect": 0.00035285815102328866,
    "dsfb-red": 0.013408609738884969,
    "sfb": 0.01305575158786168,
    "oneh-in": 0.0024700070571630206,
    "roll-in": 0.25229357798165136,
    "unknown": 0.0,
    "dsfb-alt": 0.05257586450247001,
    "alternate": 0.3101623147494707,
    "sfR": 0.10832745236414962,
    "sfT": 0.0,
    "roll-out": 0.2081863091037403,
    "oneh-out": 0.009880028228652082,
    "redirect": 0.02928722653493296,
    "sft": 0.0,
    "dsfb": 0.0
  },
  "english-5k": {
    "bad-redirect": 0.00024889036379474843,
    "dsfb-red": 0.014311195918198034,
    "sfb": 0.018708259011905256,
    "oneh-in": 0.0016177873646658647,
    "roll-in": 0.24428589206454557,
    "unknown": 0.0,
    "dsfb-alt": 0.0545069896710499,
    "alternate": 0.3496494794043224,
    "sfR": 0.10644211224955408,
    "sfT": 0.0,
    "roll-out": 0.1728958393827519,
    "oneh-out": 0.006968930186252956,
    "redirect": 0.030364624382959306,
    "sft": 0.0,
    "dsfb": 0.0
  },
  "reddit": {
    "bad-redirect": 0.0004474662588303511,
    "dsfb-red": 0.01195902833222553,
    "sfb": 0.01963326570397369,
    "oneh-in": 0.0019444143224412794,
    "roll-in": 0.19226912701939938,
    "unknown": 0.041052388500049726,
    "dsfb-alt": 0.05865823425379308,
    "alternate": 0.3110688716347558,
    "sfR": 0.10397777127267367,
    "sfT": 0.00013675701582032578,
    "roll-out": 0.21393134842754716,
    "oneh-out": 0.018702486441821053,
    "redirect": 0.026218840816669,
    "sft": 0.0,
    "dsfb": 0.0
  },
  "chained-bigrams": {
    "bad-redirect": 0.0015667722219661075,
    "dsfb-red": 0.019081766290567747,
    "sfb": 0.018088979416391957,
    "oneh-in": 0.004817191510471012,
    "roll-in": 0.1726098607306366,
    "unknown": 0.017076064096761982,
    "dsfb-alt": 0.07037229183129246,
    "alternate": 0.32580161534021296,
    "sfR": 0.11914286586209158,
    "sfT": 0.00006882629735947261,
    "roll-out": 0.20720741194292092,
    "oneh-out": 0.007209879300750791,
    "redirect": 0.03695647515857644,
    "sft": 0.0,
    "dsfb": 0.0
  },
  "english-200": {
    "bad-redirect": 0.0,
    "dsfb-red": 0.008908685968819599,
    "sfb": 0.008908685968819599,
    "oneh-in": 0.004454342984409799,
    "roll-in": 0.24944320712694878,
    "unknown": 0.0,
    "dsfb-alt": 0.0801781737193764,
    "alternate": 0.2962138084632517,
    "sfR": 0.10690423162583519,
    "sfT": 0.0,
    "roll-out": 0.20489977728285078,
    "oneh-out": 0.015590200445434299,
    "redirect": 0.024498886414253896,
    "sft": 0.0,
    "dsfb": 0.0
  },
  "gutenberg": {
    "bad-redirect": 0.0006654914008963391,
    "dsfb-red": 0.010177680331499206,
    "sfb": 0.014385071169503104,
    "oneh-in": 0.0021950039459680843,
    "roll-in": 0.2116346007032651,
    "unknown": 0.030721151714990094,
    "dsfb-alt": 0.056860017208436905,
    "alternate": 0.3009839725119658,
    "sfR": 0.09863878308844841,
    "sfT": 0.0001610212612473351,
    "roll-out": 0.23476843058828076,
    "oneh-out": 0.013388633717549007,
    "redirect": 0.025420142357949885,
    "sft": 0.0,
    "dsfb": 0.0
  },
  "wordle": {
    "bad-redirect": 0.002064400314147874,
    "dsfb-red": 0.01584202849769999,
    "sfb": 0.02650061707618086,
    "oneh-in": 0.0029844048019746438,
    "roll-in": 0.20724784023336698,
    "unknown": 0.0,
    "dsfb-alt": 0.06128127454280265,
    "alternate": 0.31915180074049143,
    "sfR": 0.13138112868843263,
    "sfT": 0.0002019522046449007,
    "roll-out": 0.19048580724784023,
    "oneh-out": 0.0065971053517334234,
    "redirect": 0.03626164030068439,
    "sft": 0.0,
    "dsfb": 0.0
  },
  "dutch": {
    "bad-redirect": 0.0005600862887197122,
    "dsfb-red": 0.011832315946045379,
    "sfb": 0.047127040286800904,
    "oneh-in": 0.0024130904265373745,
    "roll-in": 0.226153558819765,
    "unknown": 0.06864643195663445,
    "dsfb-alt": 0.049052305525385004,
    "alternate": 0.2533708727659889,
    "sfR": 0.18880787437283908,
    "sfT": 0.00008850640034320975,
    "roll-out": 0.12990553806565963,
    "oneh-out": 0.001874503160105245,
    "redirect": 0.02016787598517611,
    "sft": 0.0,
    "dsfb": 0.0
  },
  "movie": {
    "bad-redirect": 0.0007123391002576817,
    "dsfb-red": 0.01106435147466564,
    "sfb": 0.014989125412608573,
    "oneh-in": 0.001736433480121949,
    "roll-in": 0.1769731681218975,
    "unknown": 0.024744473186874588,
    "dsfb-alt": 0.060996650966605864,
    "alternate": 0.3078584044104226,
    "sfR": 0.11567713207251198,
    "sfT": 0.00003868976454383123,
    "roll-out": 0.22502085496746968,
    "oneh-out": 0.037514595845271996,
    "redirect": 0.02267378119674811,
    "sft": 0.0,
    "dsfb": 0.0
  },
  "tr-quotes": {
    "bad-redirect": 0.0007073345507500982,
    "dsfb-red": 0.01197614479554333,
    "sfb": 0.015905781188599432,
    "oneh-in": 0.002542705901389242,
    "roll-in": 0.19980236240493748,
    "unknown": 0.010735997780911213,
    "dsfb-alt": 0.06157624650377939,
    "alternate": 0.3186669286424262,
    "sfR": 0.09677191928064538,
    "sfT": 0.00003698481311111625,
    "roll-out": 0.23050900349044173,
    "oneh-out": 0.024164952266475578,
    "redirect": 0.026603638380989805,
    "sft": 0.0,
    "dsfb": 0.0
  },
  "akl": {
    "bad-redirect": 0.0004938373485264987,
    "dsfb-red": 0.011452367526009324,
    "sfb": 0.023718132436136626,
    "oneh-in": 0.0023277451836454157,
    "roll-in": 0.18365805415817738,
    "unknown": 0.06536917114255165,
    "dsfb-alt": 0.058043576391018564,
    "alternate": 0.2918003174783727,
    "sfR": 0.11790358951788564,
    "sfT": 0.0014190002045729425,
    "roll-out": 0.19783857720323883,
    "oneh-out": 0.018966798839869445,
    "redirect": 0.027008832569994985,
    "sft": 0.0,
    "dsfb": 0.0
  },
  "english-10k": {
    "bad-redirect": 0.00034734953011327456,
    "dsfb-red": 0.013083498967600008,
    "sfb": 0.018197255938712104,
    "oneh-in": 0.0017367476505663728,
    "roll-in": 0.2412921402520214,
    "unknown": 0.0,
    "dsfb-alt": 0.056444298643407116,
    "alternate": 0.3490090889793713,
    "sfR": 0.10567144593890508,
    "sfT": 0.00007718878446961657,
    "roll-out": 0.17481329962756412,
    "oneh-out": 0.0062329943459215375,
    "redirect": 0.033094691341348105,
    "sft": 0.0,
    "dsfb": 0.0
  },
  "keymash": {
    "bad-redirect": 0.0007470865676298063,
    "dsfb-red": 0.012277669910883245,
    "sfb": 0.015401476932676007,
    "oneh-in": 0.0024547130079265065,
    "roll-in": 0.2028627372102474,
    "unknown": 0.009691601022933916,
    "dsfb-alt": 0.060559165561772155,
    "alternate": 0.31632137857996084,
    "sfR": 0.099723742164827,
    "sfT": 0.00006157306876069832,
    "roll-out": 0.22905181578979775,
    "oneh-out": 0.02372615582912242,
    "redirect": 0.027120884353462254,
    "sft": 0.0,
    "dsfb": 0.0
  },
  "shai": {
    "bad-redirect": 0.0005374527074748121,
    "dsfb-red": 0.012646398213047737,
    "sfb": 0.018005807471003672,
    "oneh-in": 0.0022265029803695963,
    "roll-in": 0.2150676795165271,