{
  "french": {
    "bad-redirect": 0.0014392902276180212,
    "dsfb-red": 0.016099528427161815,
    "sfb": 0.047380003827260424,
    "oneh-in": 0.005649066946839029,
    "roll-in": 0.1699216882829874,
    "unknown": 0.1503721720862493,
    "dsfb-alt": 0.029390666311716954,
    "alternate": 0.24616451829352126,
    "sfR": 0.10898279115633469,
    "sfT": 0.00008770368165043767,
    "roll-out": 0.16289727359457135,
    "oneh-out": 0.013986549874846967,
    "redirect": 0.04762874728924235,
    "sft": 0.0,
    "dsfb": 0.0
  },
  "chained-bigrams": {
    "bad-redirect": 0.002280358078551583,
    "dsfb-red": 0.024654099157916744,
    "sfb": 0.016280016544283554,
    "oneh-in": 0.007435188028899253,
    "roll-in": 0.18855548535850383,
    "unknown": 0.017076064096761982,
    "dsfb-alt": 0.054794173659137115,
    "alternate": 0.3383994249757647,
    "sfR": 0.11914286586209158,
    "sfT": 0.00004220480498458226,
    "roll-out": 0.17924445607421294,
    "oneh-out": 0.005901530346228741,
    "redirect": 0.04619413301266339,
    "sft": 0.0,
    "dsfb": 0.0
  },
  "dutch": {
    "bad-redirect": 0.0012357724078714896,
    "dsfb-red": 0.02343472324841154,
    "sfb": 0.029133326894982818,
    "oneh-in": 0.01147536762521226,
    "roll-in": 0.14490448606596187,
    "unknown": 0.06864643195663445,
    "dsfb-alt": 0.022561063230112803,
    "alternate": 0.26729989027429774,
    "sfR": 0.18880787437283908,
    "sfT": 0.00007955893402002059,
    "roll-out": 0.1880812468672661,
    "oneh-out": 0.003846011917021018,
    "redirect": 0.05049424620536878,
    "sft": 0.0,
    "dsfb": 0.0
  },
  "akl": {
    "bad-redirect": 0.0008332846992449388,
    "dsfb-red": 0.020999084192236117,
    "sfb": 0.02162011362162134,
    "oneh-in": 0.010388055418326885,
    "roll-in": 0.20186554167656387,
    "unknown": 0.06536917114255165,
    "dsfb-alt": 0.038926910213790494,
    "alternate": 0.29817379927392096,
    "sfR": 0.11790358951788564,
    "sfT": 0.0002296024606246649,
    "roll-out": 0.1719827132765857,
    "oneh-out": 0.006163766650050536,
    "redirect": 0.04554436785659722,
    "sft": 0.0,
    "dsfb": 0.0
  },
  "reddit": {
    "bad-redirect": 0.0007221414702821311,
    "dsfb-red": 0.021370278329182115,
    "sfb": 0.01296580868588719,
    "oneh-in": 0.008158898841947882,
    "roll-in": 0.21314931255345876,
    "unknown": 0.041052388500049726,
    "dsfb-alt": 0.03573688189883614,
    "alternate": 0.3243693623081408,
    "sfR": 0.10397777127267367,
    "sfT": 0.00011102377290918806,
    "roll-out": 0.18273947413912095,
    "oneh-out": 0.007194108248553161,
    "redirect": 0.0484525499789583,
    "sft": 0.0,
    "dsfb": 0.0
  },
  "mt-quotes": {
    "bad-redirect": 0.0014463130969029775,
    "dsfb-red": 0.021318176928317854,
    "sfb": 0.010539558456150417,
    "oneh-in": 0.008302853181291163,
    "roll-in": 0.22435782503197427,
    "unknown": 0.006137865911237016,
    "dsfb-alt": 0.03618173342417614,
    "alternate": 0.35017511146173247,
    "sfR": 0.0964592223377679,
    "sfT": 0.000016435376101170198,
    "roll-out": 0.1890292370399589,
    "oneh-out": 0.007773932895853504,
    "redirect": 0.048261734858536236,
    "sft": 0.0,
    "dsfb": 0.0
  },
  "shai": {
    "bad-redirect": 0.0007568777938545959,
    "dsfb-red": 0.021722456545372183,
    "sfb": 0.014926154148164823,
    "oneh-in": 0.006505495361237639,
    "roll-in": 0.21226983065877764,
    "unknown": 0.016772683614515952,
    "dsfb-alt": 0.03307063836665033,
    "alternate": 0.3474574471774347,
    "sfR": 0.09823378925716947,
    "sfT": 0.00005492110094242906,
    "roll-out": 0.18904334099261433,
    "oneh-out": 0.006441428484289082,
    "redirect": 0.05274493649897682,
    "sft": 0.0,
    "dsfb": 0.0
  },
  "movie": {
    "bad-redirect": 0.0024200842515682184,
    "dsfb-red": 0.025090970295867474,
    "sfb": 0.01155271105365257,
    "oneh-in": 0.01059402079956478,
    "roll-in": 0.21156984509223628,
    "unknown": 0.024744473186874588,
    "dsfb-alt": 0.036551694460349504,
    "alternate": 0.32143614300421286,
    "sfR": 0.11567713207251198,
    "sfT": 0.00002974111152008795,
    "roll-out": 0.1870658011564555,
    "oneh-out": 0.008785340106059962,
    "redirect": 0.04448204340912623,
    "sft": 0.0,
    "dsfb": 0.0
  },
  "english-450k": {
    "bad-redirect": 0.001381628146156729,
    "dsfb-red": 0.027239941975126015,
    "sfb": 0.024365301780212956,
    "oneh-in": 0.0074030828491593,
    "roll-in": 0.21058924715591,
    "unknown": 0.0,
    "dsfb-alt": 0.03671400531251517,
    "alternate": 0.31185855589162376,
    "sfR": 0.11369548401129392,
    "sfT": 0.00014208025370972713,
    "roll-out": 0.19772016738574089,
    "oneh-out": 0.004621993438581864,
    "redirect": 0.06426851179996972,
    "sft": 0.0,
    "dsfb": 0.0
  },
  "english-200": {
    "bad-redirect": 0.0,
    "dsfb-red": 0.008908685968819599,
    "sfb": 0.008908685968819599,
    "oneh-in": 0.008908685968819599,
    "roll-in": 0.20044543429844097,
    "unknown": 0.0,
    "dsfb-alt": 0.035634743875278395,
    "alternate": 0.3674832962138085,
    "sfR": 0.10690423162583519,
    "sfT": 0.0,
    "roll-out": 0.21603563474387527,
    "oneh-out": 0.0022271714922048997,
    "redirect": 0.044543429844097995,
    "sft": 0.0,
    "dsfb": 0.0
  },
  "english-10k": {
    "bad-redirect": 0.0008490766291657822,
    "dsfb-red": 0.025067057756507978,
    "sfb": 0.01611315875803246,
    "oneh-in": 0.005847050423573454,
    "roll-in": 0.22542984504351518,
    "unknown": 0.0,
    "dsfb-alt": 0.03423322591227495,
    "alternate": 0.3173037957584763,
    "sfR": 0.10567144593890508,
    "sfT": 0.00007718878446961657,
    "roll-out": 0.19959089944231104,
    "oneh-out": 0.005017270990525077,
    "redirect": 0.0647999845622431,
    "sft": 0.0,
    "dsfb": 0.0
  },
  "english-5k": {
    "bad-redirect": 0.0008296345459824947,
    "dsfb-red": 0.022151242377732607,
    "sfb": 0.016343800555855145,
    "oneh-in": 0.006761521549757332,
    "roll-in": 0.21831833077529347,
    "unknown": 0.0,
    "dsfb-alt": 0.035259468204256024,
    "alternate": 0.3237233998423694,
    "sfR": 0.10644211224955408,
    "sfT": 0.00008296345459824948,
    "roll-out": 0.19898784585390136,
    "oneh-out": 0.005641514912680964,
    "redirect": 0.06545816567801883,
    "sft": 0.0,
    "dsfb": 0.0
  },
  "gutenberg": {
    "bad-redirect": 0.0011479868743045302,
    "dsfb-red": 0.017553022406960966,
    "sfb": 0.011505253271289,
    "oneh-in": 0.006690528123215743,
    "roll-in": 0.20995903240240313,
    "unknown": 0.030721151714990094,
    "dsfb-alt": 0.03160544259440487,
    "alternate": 0.35675093951170017,
    "sfR": 0.09863878308844841,
    "sfT": 0.00016310506580465356,
    "roll-out": 0.1848465353718246,
    "oneh-out": 0.006751905639267667,
    "redirect": 0.04366631393538615,
    "sft": 0.0,
    "dsfb": 0.0
  },
  "keymash": {
    "bad-redirect": 0.0013751318689889291,
    "dsfb-red": 0.02135764511746089,
    "sfb": 0.012191467614618267,
    "oneh-in": 0.007918296642625803,
    "roll-in": 0.21933558553935956,
    "unknown": 0.009691601022933916,
    "dsfb-alt": 0.03469847668227886,
    "alternate": 0.3450308481074491,
    "sfR": 0.099723742164827,
    "sfT": 0.00004104871250713222,
    "roll-out": 0.19247741294594295,
    "oneh-out": 0.007548858230061614,
    "redirect": 0.048609885350945965,
    "sft": 0.0,
    "dsfb": 0.0
  },
  "english-1k": {
    "bad-redirect": 0.0,
    "dsfb-red": 0.01587861679604799,
    "sfb": 0.011644318983768526,
    "oneh-in": 0.0045871559633027525,
    "roll-in": 0.18772053634438957,
    "unknown": 0.0,
    "dsfb-alt": 0.03387438249823571,
    "alternate": 0.3602681721947777,
    "sfR": 0.10832745236414962,
    "sfT": 0.0,
    "roll-out": 0.21877205363443897,
    "oneh-out": 0.010232886379675371,
    "redirect": 0.048694424841213835,
    "sft": 0.0,
    "dsfb": 0.0
  },
  "tr-quotes": {
    "bad-redirect": 0.0013568803310140772,
    "dsfb-red": 0.02131365433069046,
    "sfb": 0.011650216130001619,
    "oneh-in": 0.0080811816647789,
    "roll-in": 0.2206710432028848,