{
  "dutch": {
    "dsfb-alt": 0.035728021983440626,
    "redirect": 0.027630923576839137,
    "dsfb": 0.0,
    "unknown": 0.06864643195663445,
    "sfb": 0.06843943886798735,
    "sft": 0.0,
    "bad-redirect": 0.0047753111898304855,
    "roll-out": 0.14460991897827177,
    "oneh-in": 0.013142303911254904,
    "alternate": 0.2360501738049816,
    "oneh-out": 0.00533514644743091,
    "dsfb-red": 0.012491756765620384,
    "roll-in": 0.19419310152856795,
    "sfR": 0.18880787437283908,
    "sfT": 0.0001495966163013369
  },
  "movie": {
    "dsfb-alt": 0.046104907954549794,
    "redirect": 0.0610573175701933,
    "dsfb": 0.0,
    "unknown": 0.024744473186874588,
    "sfb": 0.015365626828798712,
    "sft": 0.0,
    "bad-redirect": 0.0063677562134248486,
    "roll-out": 0.2128992464576165,
    "oneh-in": 0.021457817168227703,
    "alternate": 0.22935779333585912,
    "oneh-out": 0.018557137610149037,
    "dsfb-red": 0.02922827474312431,
    "roll-in": 0.21916172440017376,
    "sfR": 0.11567713207251198,
    "sfT": 0.00002079245849634467
  },
  "tr-quotes": {
    "dsfb-alt": 0.04265504727121426,
    "redirect": 0.06162478907098773,
    "dsfb": 0.0,
    "unknown": 0.010735997780911213,
    "sfb": 0.016332262314786992,
    "sft": 0.0,
    "bad-redirect": 0.006488523150181457,
    "roll-out": 0.24310926700723515,
    "oneh-in": 0.02381590809273942,
    "alternate": 0.22694690367767736,
    "oneh-out": 0.018560597304731745,
    "dsfb-red": 0.028605441390628972,
    "roll-in": 0.22433600702711448,
    "sfR": 0.09677191928064538,
    "sfT": 0.00001733663114583574
  },
  "wordle": {
    "dsfb-alt": 0.04896219005946371,
    "redirect": 0.04963536407494671,
    "dsfb": 0.0,
    "unknown": 0.0,
    "sfb": 0.031212835184561877,
    "sft": 0.0,
    "bad-redirect": 0.008953214405923931,
    "roll-out": 0.18002917087400427,
    "oneh-in": 0.012812745428026477,
    "alternate": 0.2654100751710984,
    "oneh-out": 0.009424436216762033,
    "dsfb-red": 0.02571524739145069,
    "roll-in": 0.23630651856838325,
    "sfR": 0.13138112868843263,
    "sfT": 0.0001570739369460339
  },
  "english-5k": {
    "dsfb-alt": 0.043306923300286224,
    "redirect": 0.05546106939892977,
    "dsfb": 0.0,
    "unknown": 0.0,
    "sfb": 0.022026797195835234,
    "sft": 0.0,
    "bad-redirect": 0.006844485004355581,
    "roll-out": 0.2505911146140125,
    "oneh-in": 0.018293441738914007,
    "alternate": 0.2503007425229187,
    "oneh-out": 0.01480897664578753,
    "dsfb-red": 0.027377940017422324,
    "roll-in": 0.20446343385738583,
    "sfR": 0.10644211224955408,
    "sfT": 0.00008296345459824948
  },
  "monkeyracer": {
    "dsfb-alt": 0.0425858657741214,
    "redirect": 0.061675946634968795,
    "dsfb": 0.0,
    "unknown": 0.01033830176580071,
    "sfb": 0.01622788839013404,
    "sft": 0.0,
    "bad-redirect": 0.006515202464926412,
    "roll-out": 0.2433352362481818,
    "oneh-in": 0.023986502338239204,
    "alternate": 0.22628329449301657,
    "oneh-out": 0.01870493610898228,
    "dsfb-red": 0.028575003519089103,
    "roll-in": 0.22484731063390526,
    "sfR": 0.09690789370786869,
    "sfT": 0.00001661792076575379
  },
  "akl": {
    "dsfb-alt": 0.042662008202495244,
    "redirect": 0.05788844294217772,
    "dsfb": 0.0,
    "unknown": 0.06536917114255165,
    "sfb": 0.02402108873199594,
    "sft": 0.0,
    "bad-redirect": 0.004526687475861074,
    "roll-out": 0.2034983460073148,
    "oneh-in": 0.024718012120977823,
    "alternate": 0.2087008924262289,
    "oneh-out": 0.015157665519149998,
    "dsfb-red": 0.02738749696269276,
    "roll-in": 0.20800985469125655,
    "sfR": 0.11790358951788564,
    "sfT": 0.00015674425941187322
  },
  "english-1k": {
    "dsfb-alt": 0.040931545518701484,
    "redirect": 0.05504587155963303,
    "dsfb": 0.0,
    "unknown": 0.0,
    "sfb": 0.012350035285815103,
    "sft": 0.0,
    "bad-redirect": 0.009880028228652082,
    "roll-out": 0.2335920959774171,
    "oneh-in": 0.016231474947071278,
    "alternate": 0.23853211009174313,
    "oneh-out": 0.013761467889908258,
    "dsfb-red": 0.02928722653493296,
    "roll-in": 0.24206069160197602,
    "sfR": 0.10832745236414962,
    "sfT": 0.0
  },
  "english-200": {
    "dsfb-alt": 0.0400890868596882,
    "redirect": 0.0779510022271715,
    "dsfb": 0.0,
    "unknown": 0.0,
    "sfb": 0.011135857461024499,
    "sft": 0.0,
    "bad-redirect": 0.008908685968819599,
    "roll-out": 0.23162583518930957,
    "oneh-in": 0.022271714922048998,
    "alternate": 0.20935412026726058,
    "oneh-out": 0.013363028953229399,
    "dsfb-red": 0.026726057906458798,
    "roll-in": 0.2516703786191537,
    "sfR": 0.10690423162583519,
    "sfT": 0.0
  },
  "mt-quotes": {
    "dsfb-alt": 0.04253475334982847,
    "redirect": 0.06223479279473112,
    "dsfb": 0.0,
    "unknown": 0.006137865911237016,
    "sfb": 0.015260993772486582,
    "sft": 0.0,
    "bad-redirect": 0.006472549933660846,
    "roll-out": 0.24554750720168297,
    "oneh-in": 0.025119231182988488,
    "alternate": 0.2250197224513214,
    "oneh-out": 0.019199507536367004,
    "dsfb-red": 0.02895016793966125,
    "roll-in": 0.2270532267125662,
    "sfR": 0.0964592223377679,
    "sfT": 0.000010458875700744673
  },
  "keymash": {
    "dsfb-alt": 0.04212008390356836,
    "redirect": 0.06087113577682636,
    "dsfb": 0.0,
    "unknown": 0.009691601022933916,
    "sfb": 0.016608309080385693,
    "sft": 0.0,
    "bad-redirect": 0.006629367069901852,
    "roll-out": 0.23859564144770598,
    "oneh-in": 0.024378830357985822,
    "alternate": 0.22776699108832452,
    "oneh-out": 0.017626317150562572,
    "dsfb-red": 0.03001071371396436,
    "roll-in": 0.2259608477380107,
    "sfR": 0.099723742164827,
    "sfT": 0.000016419485002852885
  },
  "french": {
    "dsfb-alt": 0.0355370254186214,
    "redirect": 0.037788376229857236,
    "dsfb": 0.0,
    "unknown": 0.1503721720862493,
    "sfb": 0.04280255781330361,
    "sft": 0.0,
    "bad-redirect": 0.005312949403650172,
    "roll-out": 0.16987822596995905,
    "oneh-in": 0.012849982672754867,
    "alternate": 0.19408854712918538,
    "oneh-out": 0.006750456792505569,
    "dsfb-red": 0.017827953152930127,
    "roll-in": 0.21773986593621814,
    "sfR": 0.10898279115633469,
    "sfT": 0.00006909623843044389
  },
  "shai": {
    "dsfb-alt": 0.04339867718716028,
    "redirect": 0.05847894714352993,
    "dsfb": 0.0,
    "unknown": 0.016772683614515952,
    "sfb": 0.019801557173833684,
    "sft": 0.0,
    "bad-redirect": 0.006564673911865528,
    "roll-out": 0.2393584348438352,
    "oneh-in": 0.02126736613726699,
    "alternate": 0.23196977411984582,
    "oneh-out": 0.015027338245552978,
    "dsfb-red": 0.02567485996086862,
    "roll-in": 0.22339085431688369,
    "sfR": 0.09823378925716947,
    "sfT": 0.00006104408767188098
  },
  "chained-bigrams": {
    "dsfb-alt": 0.0466999413677863,
    "redirect": 0.061807313638190545,
    "dsfb": 0.0,
    "unknown": 0.017076064096761982,
    "sfb": 0.022681511503406578,
    "sft": 0.0,
    "bad-redirect": 0.008141631533871953,
    "roll-out": 0.2289889871431178,
    "oneh-in": 0.017158525792654936,
    "alternate": 0.22880653252464597,
    "oneh-out": 0.01415549159182889,
    "dsfb-red": 0.03320479264779311,
    "roll-in": 0.2020337521565032,
    "sfR": 0.11914286586209158,
    "sfT": 0.00010259014134713841
  },
  "gutenberg": {
    "dsfb-alt": 0.04453829142423495,
    "redirect": 0.055287691951551164,
    "dsfb": 0.0,
    "unknown": 0.030721151714990094,
    "sfb": 0.01673958088249502,
    "sft": 0.0,
    "bad-redirect": 0.00662403581415949,
    "roll-out": 0.24184029494548578,
    "oneh-in": 0.020053587875743115,
    "alternate": 0.2206874054473682,
    "oneh-out": 0.016369800291959963,
    "dsfb-red": 0.02775248796792305,
    "roll-in": 0.22073590126252035,
    "sfR": 0.09863878308844841,
    "sfT": 0.000010987333120406395
  },
  "english-10k": {
    "dsfb-alt": 0.04575365199436522,
    "redirect": 0.055382952856949885,
    "dsfb": 0.0,
    "unknown": 0.0,
    "sfb": 0.0242179811273422,
    "sft": 0.0,