{
  "dutch": {
    "dsfb": 0.0,
    "sfb": 0.06822898513605295,
    "roll-out": 0.13536114358876025,
    "sfR": 0.18880787437283908,
    "roll-in": 0.1861043230104914,
    "alternate": 0.24882939706377508,
    "dsfb-alt": 0.03228609844529614,
    "sft": 0.0,
    "sfT": 0.0002156357314682821,
    "dsfb-red": 0.015144725357431556,
    "oneh-in": 0.015203108023460222,
    "oneh-out": 0.006761200443722607,
    "redirect": 0.029065602285157796,
    "bad-redirect": 0.005345474584910182,
    "unknown": 0.06864643195663445
  },
  "english-1k": {
    "dsfb": 0.0,
    "sfb": 0.012702893436838392,
    "roll-out": 0.22935779816513763,
    "sfR": 0.10832745236414962,
    "roll-in": 0.2392378263937897,
    "alternate": 0.2589978828510939,
    "dsfb-alt": 0.03458009880028229,
    "sft": 0.0,
    "sfT": 0.0,
    "dsfb-red": 0.025052928722653495,
    "oneh-in": 0.015172900494001412,
    "oneh-out": 0.016937191249117856,
    "redirect": 0.04940014114326041,
    "bad-redirect": 0.010232886379675371,
    "unknown": 0.0
  },
  "shai": {
    "dsfb": 0.0,
    "sfb": 0.020394078057785512,
    "roll-out": 0.2119609178504183,
    "sfR": 0.09823378925716947,
    "roll-in": 0.2279823822087525,
    "alternate": 0.27647974630553995,
    "dsfb-alt": 0.04214826034413198,
    "sft": 0.0,
    "sfT": 0.00006048287839516131,
    "dsfb-red": 0.022213615293130828,
    "oneh-in": 0.01432711936619424,
    "oneh-out": 0.013995750445948503,
    "redirect": 0.047045829201026866,
    "bad-redirect": 0.008385345176990699,
    "unknown": 0.016772683614515952
  },
  "akl": {
    "dsfb": 0.0,
    "sfb": 0.02271949183635007,
    "roll-out": 0.1953758956571432,
    "sfR": 0.11790358951788564,
    "roll-in": 0.20494559735113355,
    "alternate": 0.2592361709744078,
    "dsfb-alt": 0.03448132085475557,
    "sft": 0.0,
    "sfT": 0.0002055642105646622,
    "dsfb-red": 0.02143195855607436,
    "oneh-in": 0.014240804532969636,
    "oneh-out": 0.011537554623515777,
    "redirect": 0.04417685163604454,
    "bad-redirect": 0.008376029106603568,
    "unknown": 0.06536917114255165
  },
  "monkeyracer": {
    "dsfb": 0.0,
    "sfb": 0.018366712545161642,
    "roll-out": 0.22928918310211616,
    "sfR": 0.09690789370786869,
    "roll-in": 0.2204513818289879,
    "alternate": 0.28093279321832426,
    "dsfb-alt": 0.03757800647512395,
    "sft": 0.0,
    "sfT": 0.000017595445516680483,
    "dsfb-red": 0.021150703035800866,
    "oneh-in": 0.012926787306254595,
    "oneh-out": 0.01443901809593819,
    "redirect": 0.04962306645604267,
    "bad-redirect": 0.007978557017063672,
    "unknown": 0.01033830176580071
  },
  "tr-quotes": {
    "dsfb": 0.0,
    "sfb": 0.018410346501467834,
    "roll-out": 0.22905966112664988,
    "sfR": 0.09677191928064538,
    "roll-in": 0.2209761679110515,
    "alternate": 0.28011372830031667,
    "dsfb-alt": 0.03773375557661635,
    "sft": 0.0,
    "sfT": 0.00001733663114583574,
    "dsfb-red": 0.021351794919211298,
    "oneh-in": 0.012899609347911513,
    "oneh-out": 0.014446036846120062,
    "redirect": 0.04947065486234715,
    "bad-redirect": 0.00801299091560528,
    "unknown": 0.010735997780911213
  },
  "reddit": {
    "dsfb": 0.0,
    "sfb": 0.018852615754175985,
    "roll-out": 0.21339031355038782,
    "sfR": 0.10397777127267367,
    "roll-in": 0.20920111390855559,
    "alternate": 0.26906832363279976,
    "dsfb-alt": 0.03773688302255854,
    "sft": 0.0,
    "sfT": 0.00008191936280445152,
    "dsfb-red": 0.021503252146262957,
    "oneh-in": 0.013407955992034306,
    "oneh-out": 0.0134603963706014,
    "redirect": 0.049095955966563264,
    "bad-redirect": 0.009171110520532561,
    "unknown": 0.041052388500049726
  },
  "keymash": {
    "dsfb": 0.0,
    "sfb": 0.019046602603309346,
    "roll-out": 0.2265478443268627,
    "sfR": 0.099723742164827,
    "roll-in": 0.22203659082232885,
    "alternate": 0.28071572535127437,
    "dsfb-alt": 0.038959333040519184,
    "sft": 0.0,
    "sfT": 0.00002052435625356611,
    "dsfb-red": 0.021640881233760102,
    "oneh-in": 0.012610164482191016,
    "oneh-out": 0.014231588626222738,
    "redirect": 0.04738252884698271,
    "bad-redirect": 0.0073928731225345115,
    "unknown": 0.009691601022933916
  },
  "english-10k": {
    "dsfb": 0.0,
    "sfb": 0.02255842226124544,
    "roll-out": 0.1775727986723529,
    "sfR": 0.10567144593890508,
    "roll-in": 0.24995658130873585,
    "alternate": 0.2973890893653152,
    "dsfb-alt": 0.04496246695355165,
    "sft": 0.0,
    "sfT": 0.0,
    "dsfb-red": 0.022346153103953995,
    "oneh-in": 0.014800949422048976,
    "oneh-out": 0.01393257559676579,
    "redirect": 0.04274328940005017,
    "bad-redirect": 0.008066227977074932,
    "unknown": 0.0
  },
  "wordle": {
    "dsfb": 0.0,
    "sfb": 0.03433187478963312,
    "roll-out": 0.18633456748569505,
    "sfR": 0.13138112868843263,
    "roll-in": 0.22641086054078313,
    "alternate": 0.2732637720184001,
    "dsfb-alt": 0.04804218557163693,
    "sft": 0.0,
    "sfT": 0.0002019522046449007,
    "dsfb-red": 0.022124985975541345,
    "oneh-in": 0.013194210703466847,
    "oneh-out": 0.011040053853921239,
    "redirect": 0.045349489509704924,
    "bad-redirect": 0.008324918658139795,
    "unknown": 0.0
  },
  "chained-bigrams": {
    "dsfb": 0.0,
    "sfb": 0.022230244742417582,
    "roll-out": 0.22106227546232118,
    "sfR": 0.11914286586209158,
    "roll-in": 0.20216750892306973,
    "alternate": 0.2596848664607505,
    "dsfb-alt": 0.05094769266331149,
    "sft": 0.0,
    "sfT": 0.00009999292257885644,
    "dsfb-red": 0.024669682470526436,
    "oneh-in": 0.011947206334097132,
    "oneh-out": 0.011640085214747787,
    "redirect": 0.05022436723634496,
    "bad-redirect": 0.009107147610980781,
    "unknown": 0.017076064096761982
  },
  "english-450k": {
    "dsfb": 0.0,
    "sfb": 0.031233975773855012,
    "roll-out": 0.19169023464290788,
    "sfR": 0.11369548401129392,
    "roll-in": 0.2318439853569635,
    "alternate": 0.2830405291232362,
    "dsfb-alt": 0.04233143756566827,
    "sft": 0.0,
    "sfT": 0.000027772889099638017,
    "dsfb-red": 0.02070629672788591,
    "oneh-in": 0.012011628362492918,
    "oneh-out": 0.013916848554728085,
    "redirect": 0.048134802002688416,
    "bad-redirect": 0.011367004989180267,
    "unknown": 0.0
  },
  "english-200": {
    "dsfb": 0.0,
    "sfb": 0.015590200445434299,
    "roll-out": 0.22494432071269488,
    "sfR": 0.10690423162583519,
    "roll-in": 0.22271714922049,
    "alternate": 0.27616926503340755,
    "dsfb-alt": 0.0378619153674833,
    "sft": 0.0,
    "sfT": 0.0,
    "dsfb-red": 0.0200445434298441,
    "oneh-in": 0.017817371937639197,
    "oneh-out": 0.011135857461024499,
    "redirect": 0.051224944320712694,
    "bad-redirect": 0.015590200445434299,
    "unknown": 0.0
  },
  "english-5k": {
    "dsfb": 0.0,
    "sfb": 0.019164558012195628,
    "roll-out": 0.18932260339320528,
    "sfR": 0.10644211224955408,
    "roll-in": 0.24470070933753682,
    "alternate": 0.29232173227693203,
    "dsfb-alt": 0.04334840502758535,
    "sft": 0.0,
    "sfT": 0.00008296345459824948,
    "dsfb-red": 0.023603102833201973,
    "oneh-in": 0.0119052557348488,
    "oneh-out": 0.014767494918488406,
    "redirect": 0.045588418301738085,
    "bad-redirect": 0.00875264446011532,
    "unknown": 0.0
  },
  "movie": {
    "dsfb": 0.0,
    "sfb": 0.016989149363415196,
    "roll-out": 0.218545056928567,
    "sfR": 0.11567713207251198,
    "roll-in": 0.20296716278613153,
    "alternate": 0.27280100340719965,
    "dsfb-alt": 0.03993454849900163,
    "sft": 0.0,
    "sfT": 0.000023950806622371713,
    "dsfb-red": 0.021662057013710784,
    "oneh-in": 0.01242875786510932,
    "oneh-out": 0.015158623428705357,
    "redirect": 0.05141672311117293,
    "bad-redirect": 0.0076513615309776704,
    "unknown": 0.024744473186874588
  },
  "gutenberg": {
    "dsfb": 0.0,
    "sfb": 0.01799781996155949,
    "roll-out": 0.23193976062010993,
    "sfR": 0.09863878308844841,
    "roll-in": 0.22008196550507822,
    "alternate": 0.25697250476717654,