{
  "dutch": {
    "dsfb": 0.0,
    "sfb": 0.07076561873486843,
    "roll-out": 0.16953668154575927,
    "sfR": 0.18880787437283908,
    "roll-in": 0.16843442183176044,
    "alternate": 0.2335614871499501,
    "dsfb-alt": 0.03067557243791633,
    "sft": 0.0,
    "sfT": 0.0002615564955037278,
    "dsfb-red": 0.015094644649133624,
    "oneh-in": 0.011955303263702201,
    "oneh-out": 0.002843608796116075,
    "redirect": 0.03638093599391414,
    "bad-redirect": 0.0030358627719021154,
    "unknown": 0.06864643195663445
  },
  "english-1k": {
    "dsfb": 0.0,
    "sfb": 0.014467184191954835,
    "roll-out": 0.20007057163020467,
    "sfR": 0.10832745236414962,
    "roll-in": 0.27417078334509526,
    "alternate": 0.23853211009174313,
    "dsfb-alt": 0.040578687367678196,
    "sft": 0.0,
    "sfT": 0.0,
    "dsfb-red": 0.02893436838390967,
    "oneh-in": 0.016584333098094567,
    "oneh-out": 0.006351446718419196,
    "redirect": 0.06633733239237827,
    "bad-redirect": 0.0056457304163726185,
    "unknown": 0.0
  },
  "shai": {
    "dsfb": 0.0,
    "sfb": 0.022621521547494715,
    "roll-out": 0.16699026251589577,
    "sfR": 0.09823378925716947,
    "roll-in": 0.280538644019305,
    "alternate": 0.26077944072902404,
    "dsfb-alt": 0.04116696076613039,
    "sft": 0.0,
    "sfT": 0.00007945949276589631,
    "dsfb-red": 0.02885524454326544,
    "oneh-in": 0.014698972762539892,
    "oneh-out": 0.006594990824034805,
    "redirect": 0.05543378690396091,
    "bad-redirect": 0.007234243023897762,
    "unknown": 0.016772683614515952
  },
  "akl": {
    "dsfb": 0.0,
    "sfb": 0.023843837614929784,
    "roll-out": 0.15998793626790803,
    "sfR": 0.11790358951788564,
    "roll-in": 0.24759682551365342,
    "alternate": 0.24805826078800108,
    "dsfb-alt": 0.03343671019944189,
    "sft": 0.0,
    "sfT": 0.00018326067958115456,
    "dsfb-red": 0.024741802554026898,
    "oneh-in": 0.015342413100796719,
    "oneh-out": 0.008273494818332163,
    "redirect": 0.043801161047477895,
    "bad-redirect": 0.011461536755413655,
    "unknown": 0.06536917114255165
  },
  "monkeyracer": {
    "dsfb": 0.0,
    "sfb": 0.020232807294680702,
    "roll-out": 0.171431448144267,
    "sfR": 0.09690789370786869,
    "roll-in": 0.28740009697045527,
    "alternate": 0.2631428202762094,
    "dsfb-alt": 0.037024727466099444,
    "sft": 0.0,
    "sfT": 0.00002541564352409403,
    "dsfb-red": 0.027009986392855467,
    "oneh-in": 0.014466388788964137,
    "oneh-out": 0.010056774637533822,
    "redirect": 0.0503601201182414,
    "bad-redirect": 0.011603218793499851,
    "unknown": 0.01033830176580071
  },
  "tr-quotes": {
    "dsfb": 0.0,
    "sfb": 0.020360139617669495,
    "roll-out": 0.17124777513233627,
    "sfR": 0.09677191928064538,
    "roll-in": 0.2875742585700747,
    "alternate": 0.2626823235708837,
    "dsfb-alt": 0.037143154342248214,
    "sft": 0.0,
    "sfT": 0.000023115508194447656,
    "dsfb-red": 0.027180370310441276,
    "oneh-in": 0.0143293035297381,
    "oneh-out": 0.010063336492452786,
    "redirect": 0.05031205936062504,
    "bad-redirect": 0.011576246503779386,
    "unknown": 0.010735997780911213
  },
  "reddit": {
    "dsfb": 0.0,
    "sfb": 0.02034476926888935,
    "roll-out": 0.15966057590398317,
    "sfR": 0.10397777127267367,
    "roll-in": 0.27158276487026534,
    "alternate": 0.25310221360202284,
    "dsfb-alt": 0.036738268384988046,
    "sft": 0.0,
    "sfT": 0.00009012253630887532,
    "dsfb-red": 0.02679298804715214,
    "oneh-in": 0.01565011929249689,
    "oneh-out": 0.00881399154249066,
    "redirect": 0.04970568773964551,
    "bad-redirect": 0.012488339039033809,
    "unknown": 0.041052388500049726
  },
  "keymash": {
    "dsfb": 0.0,
    "sfb": 0.021378169473714456,
    "roll-out": 0.1729300160500466,
    "sfR": 0.099723742164827,
    "roll-in": 0.28395036389683637,
    "alternate": 0.2632905468919967,
    "dsfb-alt": 0.03909068892054201,
    "sft": 0.0,
    "sfT": 0.000053363326259271875,
    "dsfb-red": 0.027835131951086355,
    "oneh-in": 0.013693850492379306,
    "oneh-out": 0.009194911601597616,
    "redirect": 0.04839643204590888,
    "bad-redirect": 0.010771182161871493,
    "unknown": 0.009691601022933916
  },
  "english-10k": {
    "dsfb": 0.0,
    "sfb": 0.02441095308851624,
    "roll-out": 0.1639875726057004,
    "sfR": 0.10567144593890508,
    "roll-in": 0.268636267150383,
    "alternate": 0.28480731749676774,
    "dsfb-alt": 0.04482738658072982,
    "sft": 0.0,
    "sfT": 0.00001929719611740414,
    "dsfb-red": 0.02711256054495282,
    "oneh-in": 0.01327647092877405,
    "oneh-out": 0.004882190617703248,
    "redirect": 0.058682773393025994,
    "bad-redirect": 0.0036857644584241908,
    "unknown": 0.0
  },
  "wordle": {
    "dsfb": 0.0,
    "sfb": 0.037742623134747,
    "roll-out": 0.1867609110288343,
    "sfR": 0.13138112868843263,
    "roll-in": 0.224436216762033,
    "alternate": 0.2576685739930439,
    "dsfb-alt": 0.0570851565129586,
    "sft": 0.0,
    "sfT": 0.0001795130707954673,
    "dsfb-red": 0.02598451699764389,
    "oneh-in": 0.01032200157073937,
    "oneh-out": 0.008145405587344329,
    "redirect": 0.053382699427802084,
    "bad-redirect": 0.0069112532256254905,
    "unknown": 0.0
  },
  "chained-bigrams": {
    "dsfb": 0.0,
    "sfb": 0.02479240105732776,
    "roll-out": 0.1645708193381118,
    "sfR": 0.11914286586209158,
    "roll-in": 0.26239246702668445,
    "alternate": 0.24519238573373703,
    "dsfb-alt": 0.05115157433662163,
    "sft": 0.0,
    "sfT": 0.00012921163372202877,
    "dsfb-red": 0.029312860323522556,
    "oneh-in": 0.017761729851588425,
    "oneh-out": 0.005352867881429172,
    "redirect": 0.0553227076784825,
    "bad-redirect": 0.007802045179919084,
    "unknown": 0.017076064096761982
  },
  "english-450k": {
    "dsfb": 0.0,
    "sfb": 0.03462665343702658,
    "roll-out": 0.16182210032035296,
    "sfR": 0.11369548401129392,
    "roll-in": 0.2614115877848402,
    "alternate": 0.2760622253042008,
    "dsfb-alt": 0.0450382710411793,
    "sft": 0.0,
    "sfT": 0.000055838124400324856,
    "dsfb-red": 0.024267365802861603,
    "oneh-in": 0.015389981061813097,
    "oneh-out": 0.0045816496628371265,
    "redirect": 0.05777345625126805,
    "bad-redirect": 0.005275387197925979,
    "unknown": 0.0
  },
  "english-200": {
    "dsfb": 0.0,
    "sfb": 0.017817371937639197,
    "roll-out": 0.18930957683741648,
    "sfR": 0.10690423162583519,
    "roll-in": 0.2739420935412027,
    "alternate": 0.24944320712694878,
    "dsfb-alt": 0.0378619153674833,
    "sft": 0.0,
    "sfT": 0.0,
    "dsfb-red": 0.028953229398663696,
    "oneh-in": 0.024498886414253896,
    "oneh-out": 0.013363028953229399,
    "redirect": 0.04899777282850779,
    "bad-redirect": 0.008908685968819599,
    "unknown": 0.0
  },
  "english-5k": {
    "dsfb": 0.0,
    "sfb": 0.021404571286348362,
    "roll-out": 0.1700750819264114,
    "sfR": 0.10644211224955408,
    "roll-in": 0.2707512340813871,
    "alternate": 0.27751275563114447,
    "dsfb-alt": 0.04334840502758535,
    "sft": 0.0,
    "sfT": 0.00012444518189737422,
    "dsfb-red": 0.028622391836396067,
    "oneh-in": 0.01165636537105405,
    "oneh-out": 0.005351142821587091,
    "redirect": 0.061351474675405485,
    "bad-redirect": 0.0033600199112291036,
    "unknown": 0.0
  },
  "movie": {
    "dsfb": 0.0,
    "sfb": 0.018563980697755427,
    "roll-out": 0.16734691782728284,
    "sfR": 0.11567713207251198,
    "roll-in": 0.260194062068647,
    "alternate": 0.25700241968945803,
    "dsfb-alt": 0.040457781505213446,
    "sft": 0.0,
    "sfT": 0.00002881992664999673,
    "dsfb-red": 0.026156254799208675,
    "oneh-in": 0.014617493116446058,
    "oneh-out": 0.012072917309576941,
    "redirect": 0.044882758827615915,
    "bad-redirect": 0.018254988972759116,
    "unknown": 0.024744473186874588
  },
  "gutenberg": {
    "dsfb": 0.0,
    "sfb": 0.020920640008365528,
    "roll-out": 0.16798779875600656,
    "sfR": 0.09863878308844841,
    "roll-in": 0.2892049830965563,
    "alternate": 0.23648700103773468,