{
  "english-1k": {
    "sfb": 0.06704304869442484,
    "unknown": 0.0,
    "outoneh": 0.0045871559633027525,
    "red-sfs": 0.029992942836979536,
    "alt-sfs": 0.06316160903316867,
    "sft": 0.00035285815102328866,
    "inroll": 0.19089625970359916,
    "bad-red-sfs": 0.004234297812279464,
    "red": 0.03669724770642202,
    "sfr": 0.10832745236414962,
    "outroll": 0.24135497529992944,
    "inoneh": 0.0077628793225123505,
    "bad-red": 0.004940014114326041,
    "alt": 0.24064925899788286
  },
  "shai": {
    "sfb": 0.0473471753601725,
    "unknown": 0.024097749651430984,
    "outoneh": 0.0043751952621242105,
    "red-sfs": 0.026450578904785776,
    "alt-sfs": 0.06833376656109223,
    "sft": 0.00038385940445864904,
    "inroll": 0.1921013355077806,
    "bad-red-sfs": 0.004545965439416801,
    "red": 0.041668666377882566,
    "sfr": 0.09823378925716947,
    "outroll": 0.2449958826591133,
    "inoneh": 0.007823056056214436,
    "bad-red": 0.004621341650893461,
    "alt": 0.23502163790746503
  },
  "chained-bigrams": {
    "sfb": 0.04639022302966868,
    "unknown": 0.023159399756770463,
    "outoneh": 0.004890562940674978,
    "red-sfs": 0.032678855847216005,
    "alt-sfs": 0.08395704459879139,
    "sft": 0.00041750291700132913,
    "inroll": 0.1736201788314983,
    "bad-red-sfs": 0.003889335105502273,
    "red": 0.04397156305170608,
    "sfr": 0.11914286586209158,
    "outroll": 0.22599958834082523,
    "inoneh": 0.009793462670499296,
    "bad-red": 0.0038653108318956646,
    "alt": 0.22822410621585876
  },
  "english-200": {
    "sfb": 0.060133630289532294,
    "unknown": 0.0,
    "outoneh": 0.004454342984409799,
    "red-sfs": 0.0467706013363029,
    "alt-sfs": 0.0757238307349666,
    "sft": 0.0,
    "inroll": 0.155902004454343,
    "bad-red-sfs": 0.0022271714922048997,
    "red": 0.024498886414253896,
    "sfr": 0.10690423162583519,
    "outroll": 0.27839643652561247,
    "inoneh": 0.0066815144766146995,
    "bad-red": 0.004454342984409799,
    "alt": 0.23385300668151449
  },
  "english-450k": {
    "sfb": 0.04613223052550399,
    "unknown": 0.00015377410175167997,
    "outoneh": 0.005244983193016902,
    "red-sfs": 0.023108213115703026,
    "alt-sfs": 0.06655612082317675,
    "sft": 0.00039729848722534804,
    "inroll": 0.1960663649264077,
    "bad-red-sfs": 0.004539259463685047,
    "red": 0.05074779234766278,
    "sfr": 0.11369548401129392,
    "outroll": 0.21891906746239403,
    "inoneh": 0.011991748820821598,
    "bad-red": 0.006027593973224596,
    "alt": 0.2564200687481326
  },
  "english-5k": {
    "sfb": 0.043306923300286224,
    "unknown": 0.002157049819554486,
    "outoneh": 0.0053096610942879666,
    "red-sfs": 0.02173642510474136,
    "alt-sfs": 0.06350852449495997,
    "sft": 0.00020740863649562367,
    "inroll": 0.21761314141120836,
    "bad-red-sfs": 0.0053096610942879666,
    "red": 0.04683287012071183,
    "sfr": 0.10644211224955408,
    "outroll": 0.21587090886464513,
    "inoneh": 0.011490438461857553,
    "bad-red": 0.005475588003484465,
    "alt": 0.254739287343925
  },
  "monkeyracer": {
    "sfb": 0.052420742293194864,
    "unknown": 0.013491796612290222,
    "outoneh": 0.0050107918732502305,
    "red-sfs": 0.033571132521075436,
    "alt-sfs": 0.07138569998592365,
    "sft": 0.00018572970267607177,
    "inroll": 0.17917930932011197,
    "bad-red-sfs": 0.00438126593365344,
    "red": 0.04004723399596478,
    "sfr": 0.09690789370786869,
    "outroll": 0.2665231008649139,
    "inoneh": 0.007654996324506937,
    "bad-red": 0.003862200290911366,
    "alt": 0.22537810657365845
  },
  "tr-quotes": {
    "sfb": 0.05207114953422251,
    "unknown": 0.013894731975682485,
    "outoneh": 0.005010286401146529,
    "red-sfs": 0.033501306026212985,
    "alt-sfs": 0.07109752432907238,
    "sft": 0.00017798941309724695,
    "inroll": 0.17958669471348326,
    "bad-red-sfs": 0.0043503386421950485,
    "red": 0.03998405029934583,
    "sfr": 0.09677191928064538,
    "outroll": 0.26586532904925914,
    "inoneh": 0.007637363907445505,
    "bad-red": 0.003907676660271376,
    "alt": 0.2261436397679203
  },
  "movie": {
    "sfb": 0.05271388300609996,
    "unknown": 0.030282373430185833,
    "outoneh": 0.004445638183060226,
    "red-sfs": 0.03412674108875366,
    "alt-sfs": 0.07543253906580537,
    "sft": 0.00034557592412279184,
    "inroll": 0.1531010570069993,
    "bad-red-sfs": 0.0037373786157986625,
    "red": 0.03547851408669323,
    "sfr": 0.11567713207251198,
    "outroll": 0.2652558413319596,
    "inoneh": 0.006613712573739204,
    "bad-red": 0.00404979188459817,
    "alt": 0.218739821729672
  },
  "gutenberg": {
    "sfb": 0.05082285653232947,
    "unknown": 0.03298207965968062,
    "outoneh": 0.00611141989305915,
    "red-sfs": 0.027440864468214973,
    "alt-sfs": 0.06339009238073913,
    "sft": 0.0002735467073425316,
    "inroll": 0.1824641784524758,
    "bad-red-sfs": 0.0038275700982381244,
    "red": 0.036907209698556834,
    "sfr": 0.09863878308844841,
    "outroll": 0.269359965113323,
    "inoneh": 0.006940205796538081,
    "bad-red": 0.003152417421666945,
    "alt": 0.21768881068938695
  },
  "keymash": {
    "sfb": 0.050186155911219846,
    "unknown": 0.012376186820900362,
    "outoneh": 0.005402010565938599,
    "red-sfs": 0.03260499234441512,
    "alt-sfs": 0.07053400270100528,
    "sft": 0.00022166304753851396,
    "inroll": 0.17975641693998268,
    "bad-red-sfs": 0.004285485585744603,
    "red": 0.03991576804193536,
    "sfr": 0.099723742164827,
    "outroll": 0.26648824159630236,
    "inoneh": 0.007544753358810901,
    "bad-red": 0.0038298448769154354,
    "alt": 0.22713073604446396
  },
  "english-10k": {
    "sfb": 0.042974855753459024,
    "unknown": 0.0,
    "outoneh": 0.0034349009088979372,
    "red-sfs": 0.021072538160205323,
    "alt-sfs": 0.06541749483800004,
    "sft": 0.00027016074564365796,
    "inroll": 0.22438779645317536,
    "bad-red-sfs": 0.004071708380772273,
    "red": 0.04602381274000888,
    "sfr": 0.10567144593890508,
    "outroll": 0.20165569942687328,
    "inoneh": 0.009938056000463132,
    "bad-red": 0.005075162578877289,
    "alt": 0.27000636807471873
  },
  "mt-quotes": {
    "sfb": 0.05275307490945602,
    "unknown": 0.007995063410669249,
    "outoneh": 0.005135307969065634,
    "red-sfs": 0.03492666834008678,
    "alt-sfs": 0.07226336046664515,
    "sft": 0.00016584788611180836,
    "inroll": 0.1791022698748521,
    "bad-red-sfs": 0.004214926907400103,
    "red": 0.03948524402051135,
    "sfr": 0.0964592223377679,
    "outroll": 0.2714959778152305,
    "inoneh": 0.007513955128434994,
    "bad-red": 0.003723359749465103,
    "alt": 0.22476572118430332
  }
}