{
  "dutch": {
    "bad-redirect": 0.0049227561108236405,
    "dsfb-red": 0.023505908501523884,
    "sfb": 0.06920594445993865,
    "oneh-in": 0.020412559603304847,
    "roll-in": 0.20312667148622507,
    "unknown": 0.06864643195663445,
    "dsfb-alt": 0.026458464803410898,
    "alternate": 0.14441307471916162,
    "sfR": 0.18880787437283908,
    "sfT": 0.00013191685318577676,
    "roll-out": 0.16589499102904434,
    "oneh-out": 0.017037840681952573,
    "redirect": 0.06743556542195515,
    "sft": 0.0,
    "dsfb": 0.0
  },
  "reddit": {
    "bad-redirect": 0.014198494698933231,
    "dsfb-red": 0.03292450439628295,
    "sfb": 0.018298096208242243,
    "oneh-in": 0.02709766664662695,
    "roll-in": 0.2132096189888109,
    "unknown": 0.041052388500049726,
    "dsfb-alt": 0.03162420775229862,
    "alternate": 0.17826795797353145,
    "sfR": 0.10397777127267367,
    "sfT": 0.0000859647634367701,
    "roll-out": 0.2241571098758905,
    "oneh-out": 0.027534345170437784,
    "redirect": 0.08757187375278519,
    "sft": 0.0,
    "dsfb": 0.0
  },
  "tr-quotes": {
    "bad-redirect": 0.016868542104898177,
    "dsfb-red": 0.03336839185409491,
    "sfb": 0.017337786921245463,
    "oneh-in": 0.03284713714431012,
    "roll-in": 0.21670326622130787,
    "unknown": 0.010735997780911213,
    "dsfb-alt": 0.03163935184115023,
    "alternate": 0.17871292850373316,
    "sfR": 0.09677191928064538,
    "sfT": 0.00003467326229167148,
    "roll-out": 0.24052842051732506,
    "oneh-out": 0.029843276854441644,
    "redirect": 0.09460830771364509,
    "sft": 0.0,
    "dsfb": 0.0
  },
  "english-10k": {
    "bad-redirect": 0.010092433569402365,
    "dsfb-red": 0.03241928947723896,
    "sfb": 0.022018100769958124,
    "oneh-in": 0.023426796086528628,
    "roll-in": 0.22892263754076533,
    "unknown": 0.0,
    "dsfb-alt": 0.036278728700719784,
    "alternate": 0.183593523860983,
    "sfR": 0.10567144593890508,
    "sfT": 0.00001929719611740414,
    "roll-out": 0.22394396094247507,
    "oneh-out": 0.028308986704231875,
    "redirect": 0.1053047992126744,
    "sft": 0.0,
    "dsfb": 0.0
  },
  "akl": {
    "bad-redirect": 0.01355032438627188,
    "dsfb-red": 0.031118691833475393,
    "sfb": 0.022049952227075717,
    "oneh-in": 0.02358208089713723,
    "roll-in": 0.2121350786094145,
    "unknown": 0.06536917114255165,
    "dsfb-alt": 0.028926998188829375,
    "alternate": 0.16690196891854267,
    "sfR": 0.11790358951788564,
    "sfT": 0.0004292190629270584,
    "roll-out": 0.20755926141113698,
    "oneh-out": 0.025243570046903085,
    "redirect": 0.08523009375784883,
    "sft": 0.0,
    "dsfb": 0.0
  },
  "english-450k": {
    "bad-redirect": 0.011660228228832234,
    "dsfb-red": 0.029435461945002662,
    "sfb": 0.030867373637739788,
    "oneh-in": 0.021367583834658345,
    "roll-in": 0.22725151888468756,
    "unknown": 0.0,
    "dsfb-alt": 0.03398349179471918,
    "alternate": 0.1835764581789989,
    "sfR": 0.11369548401129392,
    "sfT": 0.00003537389032690737,
    "roll-out": 0.23182147469948272,
    "oneh-out": 0.025320396819039456,
    "redirect": 0.09098515407521834,
    "sft": 0.0,
    "dsfb": 0.0
  },
  "wordle": {
    "bad-redirect": 0.012835184561875912,
    "dsfb-red": 0.032581622349377316,
    "sfb": 0.03412992258498822,
    "oneh-in": 0.020554246606081007,
    "roll-in": 0.22892404353191967,
    "unknown": 0.0,
    "dsfb-alt": 0.0386177493548749,
    "alternate": 0.18016380567710086,
    "sfR": 0.13138112868843263,
    "sfT": 0.0001570739369460339,
    "roll-out": 0.22104790755076853,
    "oneh-out": 0.023561090541905083,
    "redirect": 0.07604622461572984,
    "sft": 0.0,
    "dsfb": 0.0
  },
  "gutenberg": {
    "bad-redirect": 0.01389897639731409,
    "dsfb-red": 0.03372561901308743,
    "sfb": 0.017558894947077047,
    "oneh-in": 0.03779907804908913,
    "roll-in": 0.20539682647932128,
    "unknown": 0.030721151714990094,
    "dsfb-alt": 0.03649897344210035,
    "alternate": 0.16734674469946423,
    "sfR": 0.09863878308844841,
    "sfT": 0.00011157826220550633,
    "roll-out": 0.2364438094523648,
    "oneh-out": 0.031493485458643486,
    "redirect": 0.09036607899589415,
    "sft": 0.0,
    "dsfb": 0.0
  },
  "monkeyracer": {
    "bad-redirect": 0.016953211755321645,
    "dsfb-red": 0.033280807670050205,
    "sfb": 0.017206390665811658,
    "oneh-in": 0.03293378638347123,
    "roll-in": 0.21691860737913884,
    "unknown": 0.01033830176580071,
    "dsfb-alt": 0.03138245460375057,
    "alternate": 0.17841977258864194,
    "sfR": 0.09690789370786869,
    "sfT": 0.00003421336628243427,
    "roll-out": 0.2407614135789918,
    "oneh-out": 0.029827212725026198,
    "redirect": 0.09503593380984407,
    "sft": 0.0,
    "dsfb": 0.0
  },
  "shai": {
    "bad-redirect": 0.01329913104677838,
    "dsfb-red": 0.03357829279673573,
    "sfb": 0.01996694361247857,
    "oneh-in": 0.02988211818494547,
    "roll-in": 0.21934892060491085,
    "unknown": 0.016772683614515952,
    "dsfb-alt": 0.03336398826120491,
    "alternate": 0.17498889192672976,
    "sfR": 0.09823378925716947,
    "sfT": 0.0000705730341497006,
    "roll-out": 0.23522642897815324,
    "oneh-out": 0.02944768801904117,
    "redirect": 0.0958205506631868,
    "sft": 0.0,
    "dsfb": 0.0
  },
  "keymash": {
    "bad-redirect": 0.016587784724132127,
    "dsfb-red": 0.03382413910587694,
    "sfb": 0.017950601979368916,
    "oneh-in": 0.03285949436195934,
    "roll-in": 0.21337941735457466,
    "unknown": 0.009691601022933916,
    "dsfb-alt": 0.03230944161436376,
    "alternate": 0.17499476628915533,
    "sfR": 0.099723742164827,
    "sfT": 0.00002873409875499255,
    "roll-out": 0.24036073608551267,
    "oneh-out": 0.03218629547684237,
    "redirect": 0.09610324572169794,
    "sft": 0.0,
    "dsfb": 0.0
  },
  "french": {
    "bad-redirect": 0.014346428613645252,
    "dsfb-red": 0.024310429803023434,
    "sfb": 0.04058287860832146,
    "oneh-in": 0.021659333581162902,
    "roll-in": 0.18668342894667653,
    "unknown": 0.1503721720862493,
    "dsfb-alt": 0.02343602979006714,
    "alternate": 0.1402202986440702,
    "sfR": 0.10898279115633469,
    "sfT": 0.00008274469315944093,
    "roll-out": 0.19345210365460522,
    "oneh-out": 0.018041833877091663,
    "redirect": 0.07782952654559273,
    "sft": 0.0,
    "dsfb": 0.0
  },
  "english-1k": {
    "bad-redirect": 0.013408609738884969,
    "dsfb-red": 0.029992942836979536,
    "sfb": 0.014820042342978124,
    "oneh-in": 0.020465772759350742,
    "roll-in": 0.23429781227946367,
    "unknown": 0.0,
    "dsfb-alt": 0.03599153140437544,
    "alternate": 0.18136908962597037,
    "sfR": 0.10832745236414962,
    "sfT": 0.0,
    "roll-out": 0.23712067748764998,
    "oneh-out": 0.032815808045165845,
    "redirect": 0.09139026111503176,
    "sft": 0.0,
    "dsfb": 0.0
  },
  "movie": {
    "bad-redirect": 0.01911261208681404,
    "dsfb-red": 0.0355618155185172,
    "sfb": 0.016357479738209786,
    "oneh-in": 0.02981901744052995,
    "roll-in": 0.20585547214738326,
    "unknown": 0.024744473186874588,
    "dsfb-alt": 0.03496515091837526,
    "alternate": 0.17297562057921737,
    "sfR": 0.11567713207251198,
    "sfT": 0.00002724075258698321,
    "roll-out": 0.23174668889968283,
    "oneh-out": 0.02825905666194976,
    "redirect": 0.08489823999734698,
    "sft": 0.0,
    "dsfb": 0.0
  },
  "english-5k": {
    "bad-redirect": 0.008877089642012694,
    "dsfb-red": 0.03351723565769279,
    "sfb": 0.0194549301032895,
    "oneh-in": 0.01891566764840088,
    "roll-in": 0.2285643174181773,
    "unknown": 0.0,
    "dsfb-alt": 0.0352179864769569,
    "alternate": 0.18484257684489983,
    "sfR": 0.10644211224955408,
    "sfT": 0.00008296345459824948,
    "roll-out": 0.23657029078690836,
    "oneh-out": 0.02584311610735471,
    "redirect": 0.10167171361015473,
    "sft": 0.0,
    "dsfb": 0.0
  },
  "english-200": {
    "bad-redirect": 0.0200445434298441,
    "dsfb-red": 0.0378619153674833,
    "sfb": 0.015590200445434299,
    "oneh-in": 0.0200445434298441,
    "roll-in": 0.2383073496659243,