{
  "english-1k": {
    "sfb": 0.015172900494001412,
    "unknown": 0.0,
    "outoneh": 0.009527170077628794,
    "red-sfs": 0.0045871559633027525,
    "alt-sfs": 0.043754410726887794,
    "sft": 0.0,
    "inroll": 0.20677487649964715,
    "bad-red-sfs": 0.001058574453069866,
    "red": 0.017290049400141144,
    "sfr": 0.10832745236414962,
    "outroll": 0.22900494001411434,
    "inoneh": 0.0035285815102328866,
    "bad-red": 0.0017642907551164433,
    "alt": 0.35920959774170785
  },
  "shai": {
    "sfb": 0.01858485159149662,
    "unknown": 0.023260762136131256,
    "outoneh": 0.011496716499986221,
    "red-sfs": 0.00492033460148568,
    "alt-sfs": 0.047846461966421575,
    "sft": 0.0001956104610028446,
    "inroll": 0.2077709410016556,
    "bad-red-sfs": 0.0012060542173058053,
    "red": 0.018322708803136457,
    "sfr": 0.09823378925716947,
    "outroll": 0.22608511168296833,
    "inoneh": 0.005134341115538515,
    "bad-red": 0.002346698525807731,
    "alt": 0.3345956181398939
  },
  "chained-bigrams": {
    "sfb": 0.02068425027059773,
    "unknown": 0.022916559801936097,
    "outoneh": 0.008204614089002792,
    "red-sfs": 0.009553219934433213,
    "alt-sfs": 0.059387355050843804,
    "sft": 0.00008440960996916452,
    "inroll": 0.18592774926969455,
    "bad-red-sfs": 0.002358923946292113,
    "red": 0.024509304211585023,
    "sfr": 0.11914286586209158,
    "outroll": 0.21412120830408757,
    "inoneh": 0.0036172764395247347,
    "bad-red": 0.003978289848315931,
    "alt": 0.3255139733616257
  },
  "english-200": {
    "sfb": 0.011135857461024499,
    "unknown": 0.0,
    "outoneh": 0.013363028953229399,
    "red-sfs": 0.0022271714922048997,
    "alt-sfs": 0.0334075723830735,
    "sft": 0.0,
    "inroll": 0.19376391982182628,
    "bad-red-sfs": 0.0,
    "red": 0.028953229398663696,
    "sfr": 0.10690423162583519,
    "outroll": 0.26057906458797325,
    "inoneh": 0.0,
    "bad-red": 0.0,
    "alt": 0.34966592427616927
  },
  "english-450k": {
    "sfb": 0.03954508592347195,
    "unknown": 0.00015377410175167997,
    "outoneh": 0.003874756548701077,
    "red-sfs": 0.006176690535759495,
    "alt-sfs": 0.05075773211849844,
    "sft": 0.0017391675500394374,
    "inroll": 0.20142828659984413,
    "bad-red-sfs": 0.0014593922356357155,
    "red": 0.019246612146049145,
    "sfr": 0.11369548401129392,
    "outroll": 0.18323178200796233,
    "inoneh": 0.004213878141917709,
    "bad-red": 0.003436821939529942,
    "alt": 0.371040536139545
  },
  "english-5k": {
    "sfb": 0.020823827104160617,
    "unknown": 0.002157049819554486,
    "outoneh": 0.00472891691210022,
    "red-sfs": 0.004023727548015099,
    "alt-sfs": 0.05073215248682955,
    "sft": 0.0003733355456921226,
    "inroll": 0.22682208487161407,
    "bad-red-sfs": 0.0007466710913842452,
    "red": 0.016177873646658646,
    "sfr": 0.10644211224955408,
    "outroll": 0.18098477620608122,
    "inoneh": 0.004148172729912474,
    "bad-red": 0.0037333554569212264,
    "alt": 0.37810594433152195
  },
  "monkeyracer": {
    "sfb": 0.017109615715469914,
    "unknown": 0.013436077701487402,
    "outoneh": 0.022122362638222,
    "red-sfs": 0.005665733456371115,
    "alt-sfs": 0.04411080438556704,
    "sft": 0.0001661792076575379,
    "inroll": 0.1970250011730297,
    "bad-red-sfs": 0.0023177111844471902,
    "red": 0.021130175016031406,
    "sfr": 0.09690789370786869,
    "outroll": 0.2488103523781222,
    "inoneh": 0.004296221280322818,
    "bad-red": 0.002148599402536872,
    "alt": 0.3247532727528661
  },
  "tr-quotes": {
    "sfb": 0.01723954601141906,
    "unknown": 0.013835787429786644,
    "outoneh": 0.021632648343773837,
    "red-sfs": 0.005648274427313285,
    "alt-sfs": 0.0441806708120478,
    "sft": 0.00017914518850696933,
    "inroll": 0.1968250849494926,
    "bad-red-sfs": 0.002299993065347542,
    "red": 0.021171493955294607,
    "sfr": 0.09677191928064538,
    "outroll": 0.2481935230346039,
    "inoneh": 0.004311042278264488,
    "bad-red": 0.002128938304708629,
    "alt": 0.3255819329187952
  },
  "movie": {
    "sfb": 0.01561013561288864,
    "unknown": 0.030236445784519856,
    "outoneh": 0.032003146767516234,
    "red-sfs": 0.006925336255507205,
    "alt-sfs": 0.04676223915827917,
    "sft": 0.00008856534536734155,
    "inroll": 0.16481747577185094,
    "bad-red-sfs": 0.0036757908273411352,
    "red": 0.023936067664450254,
    "sfr": 0.11567713207251198,
    "outroll": 0.24671357427757062,
    "inoneh": 0.002626824455984405,
    "bad-red": 0.0019418577061522911,
    "alt": 0.30898540830005994
  },
  "gutenberg": {
    "sfb": 0.018810882612469562,
    "unknown": 0.032975828246008664,
    "outoneh": 0.015660359558582,
    "red-sfs": 0.006050610687341039,
    "alt-sfs": 0.0410407201931649,
    "sft": 0.0000858148604059327,
    "inroll": 0.1920218322097838,
    "bad-red-sfs": 0.0014241856965381944,
    "red": 0.020547638992605526,
    "sfr": 0.09863878308844841,
    "outroll": 0.26879317027373234,
    "inoneh": 0.004019090680733484,
    "bad-red": 0.002412477367040956,
    "alt": 0.2975186055331452
  },
  "keymash": {
    "sfb": 0.01809427247314388,
    "unknown": 0.01232282349464109,
    "outoneh": 0.020729599816101767,
    "red-sfs": 0.005755029493499936,
    "alt-sfs": 0.04365530575133511,
    "sft": 0.0001518802362763892,
    "inroll": 0.1948541334001059,
    "bad-red-sfs": 0.002479342235430786,
    "red": 0.020532565996067533,
    "sfr": 0.099723742164827,
    "outroll": 0.2519980460812847,
    "inoneh": 0.004342953783254588,
    "bad-red": 0.002171476891627294,
    "alt": 0.3231888281824041
  },
  "english-10k": {
    "sfb": 0.023870631597228922,
    "unknown": 0.0,
    "outoneh": 0.0036085756739545746,
    "red-sfs": 0.004496246695355165,
    "alt-sfs": 0.05339534165685726,
    "sft": 0.00036664672623067866,
    "inroll": 0.2394782038169854,
    "bad-red-sfs": 0.0007911850408135698,
    "red": 0.016190347542502075,
    "sfr": 0.10567144593890508,
    "outroll": 0.1734046043109936,
    "inoneh": 0.007815364427548677,
    "bad-red": 0.002566527083614751,
    "alt": 0.36834487948901024
  },
  "mt-quotes": {
    "sfb": 0.016172410083551476,
    "unknown": 0.007977133909467972,
    "outoneh": 0.023741647840690404,
    "red-sfs": 0.005767322886410633,
    "alt-sfs": 0.04370913567851209,
    "sft": 0.0001299888837092552,
    "inroll": 0.19749943223246197,
    "bad-red-sfs": 0.002438412163373615,
    "red": 0.021358518306020726,
    "sfr": 0.0964592223377679,
    "outroll": 0.2549336010805513,
    "inoneh": 0.004371810042911273,
    "bad-red": 0.00195730388113936,
    "alt": 0.32348406067343205
  }
}