{
  "chained-bigrams": {
    "dsfb-alt": 0.06055350627780241,
    "redirect": 0.02472617197873657,
    "dsfb": 0.0,
    "unknown": 0.022916559801936097,
    "sfb": 0.023049017959118477,
    "sft": 0.0,
    "bad-redirect": 0.003916605902569234,
    "roll-out": 0.21216874909503158,
    "oneh-in": 0.005121066106360005,
    "alternate": 0.3243478221346671,
    "oneh-out": 0.00562492654740671,
    "dsfb-red": 0.012028369420605945,
    "roll-in": 0.18629785294417472,
    "sfR": 0.11914286586209158,
    "sfT": 0.0001064859694995614
  },
  "english-1k": {
    "dsfb-alt": 0.043754410726887794,
    "redirect": 0.017290049400141144,
    "dsfb": 0.0,
    "unknown": 0.0,
    "sfb": 0.015172900494001412,
    "sft": 0.0,
    "bad-redirect": 0.0017642907551164433,
    "roll-out": 0.22900494001411434,
    "oneh-in": 0.0014114326040931546,
    "alternate": 0.35920959774170785,
    "oneh-out": 0.011644318983768526,
    "dsfb-red": 0.0056457304163726185,
    "roll-in": 0.20677487649964715,
    "sfR": 0.10832745236414962,
    "sfT": 0.0
  },
  "akl": {
    "dsfb-alt": 0.04250204232194131,
    "redirect": 0.02048418239778075,
    "dsfb": 0.0,
    "unknown": 0.06665478384099267,
    "sfb": 0.027009452112522304,
    "sft": 0.0,
    "bad-redirect": 0.0019194047038890295,
    "roll-out": 0.21681652780860003,
    "oneh-in": 0.005443796279052363,
    "alternate": 0.29344396380335175,
    "oneh-out": 0.016331946425431676,
    "dsfb-red": 0.010734937279373162,
    "roll-in": 0.18043791991818073,
    "sfR": 0.11790358951788564,
    "sfT": 0.0003174535909985923
  },
  "english-5k": {
    "dsfb-alt": 0.05073215248682955,
    "redirect": 0.016177873646658646,
    "dsfb": 0.0,
    "unknown": 0.002157049819554486,
    "sfb": 0.020782345376861494,
    "sft": 0.0,
    "bad-redirect": 0.0037333554569212264,
    "roll-out": 0.18102625793338034,
    "oneh-in": 0.0017837142738623636,
    "alternate": 0.37810594433152195,
    "oneh-out": 0.0070933753681503295,
    "dsfb-red": 0.004770398639399345,
    "roll-in": 0.22682208487161407,
    "sfR": 0.10644211224955408,
    "sfT": 0.0003733355456921226
  },
  "english-10k": {
    "dsfb-alt": 0.05339534165685726,
    "redirect": 0.016190347542502075,
    "dsfb": 0.0,
    "unknown": 0.0,
    "sfb": 0.023870631597228922,
    "sft": 0.0,
    "bad-redirect": 0.002566527083614751,
    "roll-out": 0.1734046043109936,
    "oneh-in": 0.0057312672468690295,
    "alternate": 0.36834487948901024,
    "oneh-out": 0.005692672854634221,
    "dsfb-red": 0.005287431736168735,
    "roll-in": 0.2394782038169854,
    "sfR": 0.10567144593890508,
    "sfT": 0.00036664672623067866
  },
  "gutenberg": {
    "dsfb-alt": 0.04328876643695563,
    "redirect": 0.019826074305439527,
    "dsfb": 0.0,
    "unknown": 0.032975828246008664,
    "sfb": 0.02116008809567921,
    "sft": 0.0,
    "bad-redirect": 0.0022429314507864087,
    "roll-out": 0.26291021113486646,
    "oneh-in": 0.0042860071008481845,
    "alternate": 0.2952705592893545,
    "oneh-out": 0.014252275988168537,
    "dsfb-red": 0.008971725803145635,
    "roll-in": 0.19606820178654036,
    "sfR": 0.09863878308844841,
    "sfT": 0.00010854727375849766
  },
  "keymash": {
    "dsfb-alt": 0.04668880560561218,
    "redirect": 0.01930520949210428,
    "dsfb": 0.0,
    "unknown": 0.01232282349464109,
    "sfb": 0.02545020175442197,
    "sft": 0.0,
    "bad-redirect": 0.0021263233078694485,
    "roll-out": 0.24755657538801296,
    "oneh-in": 0.00428138071449389,
    "alternate": 0.320155328328127,
    "oneh-out": 0.020856850824873877,
    "dsfb-red": 0.008402671450209964,
    "roll-in": 0.19290021468476642,
    "sfR": 0.099723742164827,
    "sfT": 0.0002298727900399404
  },
  "english-450k": {
    "dsfb-alt": 0.05075773211849844,
    "redirect": 0.019246612146049145,
    "dsfb": 0.0,
    "unknown": 0.00015377410175167997,
    "sfb": 0.03954508592347195,
    "sft": 0.0,
    "bad-redirect": 0.003436821939529942,
    "roll-out": 0.18323178200796233,
    "oneh-in": 0.003115533464577288,
    "alternate": 0.371040536139545,
    "oneh-out": 0.004973101226041498,
    "dsfb-red": 0.0076360827713952105,
    "roll-in": 0.20142828659984413,
    "sfR": 0.11369548401129392,
    "sfT": 0.0017391675500394374
  },
  "english-200": {
    "dsfb-alt": 0.0334075723830735,
    "redirect": 0.028953229398663696,
    "dsfb": 0.0,
    "unknown": 0.0,
    "sfb": 0.011135857461024499,
    "sft": 0.0,
    "bad-redirect": 0.0,
    "roll-out": 0.26057906458797325,
    "oneh-in": 0.0022271714922048997,
    "alternate": 0.34966592427616927,
    "oneh-out": 0.011135857461024499,
    "dsfb-red": 0.0022271714922048997,
    "roll-in": 0.19376391982182628,
    "sfR": 0.10690423162583519,
    "sfT": 0.0
  },
  "french": {
    "dsfb-alt": 0.04306026041461369,
    "redirect": 0.008532891045494555,
    "dsfb": 0.0,
    "unknown": 0.15807962376648718,
    "sfb": 0.04408049364198497,
    "sft": 0.0,
    "bad-redirect": 0.006334201396028671,
    "roll-out": 0.1660741873966993,
    "oneh-in": 0.0034389911002336974,
    "alternate": 0.2572435278196183,
    "oneh-out": 0.009921812332608856,
    "dsfb-red": 0.005377101635427961,
    "roll-in": 0.18837676620704932,
    "sfR": 0.10898279115633469,
    "sfT": 0.000497352087418787
  },
  "mt-quotes": {
    "dsfb-alt": 0.04634776060529996,
    "redirect": 0.020399289991752428,
    "dsfb": 0.0,
    "unknown": 0.007977133909467972,
    "sfb": 0.024774088284863913,
    "sft": 0.0,
    "bad-redirect": 0.0018870800014343602,
    "roll-out": 0.2504407669045314,
    "oneh-in": 0.004663164437432018,
    "alternate": 0.3208454357466442,
    "oneh-out": 0.023504081949773492,
    "dsfb-red": 0.007965180908667121,
    "roll-in": 0.19452612328325025,
    "sfR": 0.0964592223377679,
    "sfT": 0.00021067163911499983
  },
  "dutch": {
    "dsfb-alt": 0.04215572758518929,
    "redirect": 0.017740763677547084,
    "dsfb": 0.0,
    "unknown": 0.072903632847049,
    "sfb": 0.035056836493641795,
    "sft": 0.0,
    "bad-redirect": 0.0013172857984631086,
    "roll-out": 0.1617940570103865,
    "oneh-in": 0.004640740579097951,
    "alternate": 0.2840818405917248,
    "oneh-out": 0.006952701326150783,
    "dsfb-red": 0.006028117852225081,
    "roll-in": 0.17828278504969108,
    "sfR": 0.18880787437283908,
    "sfT": 0.00023763681599444058
  },
  "reddit": {
    "dsfb-alt": 0.04871355323456937,
    "redirect": 0.020012784215146392,
    "dsfb": 0.0,
    "unknown": 0.039285447401644795,
    "sfb": 0.023647164651738765,
    "sft": 0.0,
    "bad-redirect": 0.0023595173762130817,
    "roll-out": 0.23208148785340368,
    "oneh-in": 0.004973707705195924,
    "alternate": 0.31319439255031983,
    "oneh-out": 0.015909474421924422,
    "dsfb-red": 0.008400836274208493,
    "roll-in": 0.18710041602076039,
    "sfR": 0.10397777127267367,
    "sfT": 0.0003434470222011961
  },
  "tr-quotes": {
    "dsfb-alt": 0.04730242019370796,
    "redirect": 0.020102401701301405,
    "dsfb": 0.0,
    "unknown": 0.013835787429786644,
    "sfb": 0.025400476179468806,
    "sft": 0.0,
    "bad-redirect": 0.0020769284112711218,
    "roll-out": 0.24377268209241582,
    "oneh-in": 0.004517926076604794,
    "alternate": 0.32246018353713507,
    "oneh-out": 0.021529784332308545,
    "dsfb-red": 0.007893946048403874,
    "roll-in": 0.19407433947435335,
    "sfR": 0.09677191928064538,
    "sfT": 0.0002612052425972585
  },
  "wordle": {
    "dsfb-alt": 0.05683832604061483,
    "redirect": 0.027375743296308763,
    "dsfb": 0.0,
    "unknown": 0.0,
    "sfb": 0.044182654549534385,
    "sft": 0.0,
    "bad-redirect": 0.0009424436216762033,
    "roll-out": 0.197980477953551,
    "oneh-in": 0.007606866374957927,
    "alternate": 0.3348591944350948,
    "oneh-out": 0.006350274879389655,
    "dsfb-red": 0.015325928419163021,
    "roll-in": 0.17661842252889037,
    "sfR": 0.13138112868843263,
    "sfT": 0.0005385392123864019
  },
  "shai": {
    "dsfb-alt": 0.05068051849854147,
    "redirect": 0.017905714828898515,
    "dsfb": 0.0,
    "unknown": 0.023260762136131256,