{
  "english-1k": {
    "sfb": 0.014820042342978124,
    "unknown": 0.0,
    "outoneh": 0.015525758645024701,
    "red-sfs": 0.014820042342978124,
    "alt-sfs": 0.0465772759350741,
    "sft": 0.0,
    "inroll": 0.20359915314043756,
    "bad-red-sfs": 0.0045871559633027525,
    "red": 0.0748059280169372,
    "sfr": 0.10832745236414962,
    "outroll": 0.1990119971771348,
    "inoneh": 0.012702893436838392,
    "bad-red": 0.016584333098094567,
    "alt": 0.2886379675370501
  },
  "shai": {
    "sfb": 0.01872653564661991,
    "unknown": 0.031793109309943265,
    "outoneh": 0.013332900363601685,
    "red-sfs": 0.022377743848914104,
    "alt-sfs": 0.039134775530222786,
    "sft": 0.00005811031779771881,
    "inroll": 0.19008720959935696,
    "bad-red-sfs": 0.0037419925112234117,
    "red": 0.06774235261405863,
    "sfr": 0.09823378925716947,
    "outroll": 0.19173838018127756,
    "inoneh": 0.008857117047045284,
    "bad-red": 0.010947222950719168,
    "alt": 0.3032287608220501
  },
  "chained-bigrams": {
    "sfb": 0.020412191604620194,
    "unknown": 0.033665798979163164,
    "outoneh": 0.009176623213032324,
    "red-sfs": 0.021831571661486297,
    "alt-sfs": 0.046422038959580136,
    "sft": 0.00006298255513083814,
    "inroll": 0.1948043937149903,
    "bad-red-sfs": 0.005065225902841941,
    "red": 0.05035422817475906,
    "sfr": 0.11914286586209158,
    "outroll": 0.19061053470890696,
    "inoneh": 0.008029951126835827,
    "bad-red": 0.008964949883417343,
    "alt": 0.29145664365314405
  },
  "english-200": {
    "sfb": 0.015590200445434299,
    "unknown": 0.0,
    "outoneh": 0.0200445434298441,
    "red-sfs": 0.013363028953229399,
    "alt-sfs": 0.04899777282850779,
    "sft": 0.0,
    "inroll": 0.21380846325167038,
    "bad-red-sfs": 0.0022271714922048997,
    "red": 0.08908685968819599,
    "sfr": 0.10690423162583519,
    "outroll": 0.19376391982182628,
    "inoneh": 0.0022271714922048997,
    "bad-red": 0.013363028953229399,
    "alt": 0.2806236080178174
  },
  "english-450k": {
    "sfb": 0.030855972135898885,
    "unknown": 0.0001543587941537776,
    "outoneh": 0.013699635327348811,
    "red-sfs": 0.021589474601254398,
    "alt-sfs": 0.036884443147726625,
    "sft": 0.00003537389032690737,
    "inroll": 0.20877114613158737,
    "bad-red-sfs": 0.0049222329870590035,
    "red": 0.0636522460081588,
    "sfr": 0.11369548401129392,
    "outroll": 0.20467888400930598,
    "inoneh": 0.009288423499723149,
    "bad-red": 0.013435646707801726,
    "alt": 0.27833667874836066
  },
  "english-5k": {
    "sfb": 0.019040112830298255,
    "unknown": 0.0022400132741527356,
    "outoneh": 0.012071182644045298,
    "red-sfs": 0.023354212469407228,
    "alt-sfs": 0.04135728211722736,
    "sft": 0.0,
    "inroll": 0.20765752685941843,
    "bad-red-sfs": 0.0037333554569212264,
    "red": 0.07582859750280002,
    "sfr": 0.10644211224955408,
    "outroll": 0.20819678931430705,
    "inoneh": 0.008420790641722322,
    "bad-red": 0.012651926826233045,
    "alt": 0.27900609781391295
  },
  "monkeyracer": {
    "sfb": 0.016775302250652987,
    "unknown": 0.03912933825484461,
    "outoneh": 0.013106651860425107,
    "red-sfs": 0.018911193831427812,
    "alt-sfs": 0.03854086835478674,
    "sft": 0.00003323584153150758,
    "inroll": 0.1869281480207079,
    "bad-red-sfs": 0.004303063953579304,
    "red": 0.06278641475202153,
    "sfr": 0.09690789370786869,
    "outroll": 0.18731231524782208,
    "inoneh": 0.009413563351424058,
    "bad-red": 0.007961939096297919,
    "alt": 0.3178900714766098
  },
  "tr-quotes": {
    "sfb": 0.016911305795057903,
    "unknown": 0.039616513719054114,
    "outoneh": 0.013153879938050438,
    "red-sfs": 0.019030997896488756,
    "alt-sfs": 0.03874737061094288,
    "sft": 0.00003467326229167148,
    "inroll": 0.18725757610781074,
    "bad-red-sfs": 0.004338780888097825,
    "red": 0.06267885624465454,
    "sfr": 0.09677191928064538,
    "outroll": 0.18729918402256074,
    "inoneh": 0.009383740551536025,
    "bad-red": 0.008077714338549733,
    "alt": 0.3166974873442593
  },
  "movie": {
    "sfb": 0.01589780848803427,
    "unknown": 0.08496732886260383,
    "outoneh": 0.00972744903248611,
    "red-sfs": 0.018251962222471673,
    "alt-sfs": 0.04084231038955724,
    "sft": 0.000016581327661641956,
    "inroll": 0.1780172653732266,
    "bad-red-sfs": 0.004553548410699483,
    "red": 0.05599724907878223,
    "sfr": 0.11567713207251198,
    "outroll": 0.16802925262034327,
    "inoneh": 0.011181736746682977,
    "bad-red": 0.008380808350251331,
    "alt": 0.28845956702468734
  },
  "gutenberg": {
    "sfb": 0.016714575227807196,
    "unknown": 0.04011588984327138,
    "outoneh": 0.01188526344783271,
    "red-sfs": 0.01591856188691155,
    "alt-sfs": 0.04616005968016252,
    "sft": 0.00011782967587746168,
    "inroll": 0.18856271664463517,
    "bad-red-sfs": 0.006857232487801218,
    "red": 0.05765887210100163,
    "sfr": 0.09863878308844841,
    "outroll": 0.18837157493569567,
    "inoneh": 0.010736518826416429,
    "bad-red": 0.00774588041310857,
    "alt": 0.3105162417410301
  },
  "keymash": {
    "sfb": 0.01753190511179617,
    "unknown": 0.03457533054475746,
    "outoneh": 0.013349041307319396,
    "red-sfs": 0.01869358367574801,
    "alt-sfs": 0.04012511647572174,
    "sft": 0.00002462922750427933,
    "inroll": 0.19119669311572043,
    "bad-red-sfs": 0.00453588273203811,
    "red": 0.061938402302011794,
    "sfr": 0.099723742164827,
    "outroll": 0.18596708714231178,
    "inoneh": 0.0095930841129168,
    "bad-red": 0.008103015848907899,
    "alt": 0.3146424862384191
  },
  "english-10k": {
    "sfb": 0.022018100769958124,
    "unknown": 0.0,
    "outoneh": 0.015553540070627737,
    "red-sfs": 0.02585824279732155,
    "alt-sfs": 0.03899963335327377,
    "sft": 0.00001929719611740414,
    "inroll": 0.20538005827753228,
    "bad-red-sfs": 0.003840142027363424,
    "red": 0.07155400320333455,
    "sfr": 0.10567144593890508,
    "outroll": 0.21143937785839717,
    "inoneh": 0.009667895254819476,
    "bad-red": 0.012408097103490863,
    "alt": 0.27759016614885856
  },
  "mt-quotes": {
    "sfb": 0.01589450281493169,
    "unknown": 0.03468910244916987,
    "outoneh": 0.013264842638744457,
    "red-sfs": 0.018933553268548068,
    "alt-sfs": 0.03829592044082667,
    "sft": 0.000023906001601702106,
    "inroll": 0.186390612113171,
    "bad-red-sfs": 0.004107349900192444,
    "red": 0.06333446886840942,
    "sfr": 0.0964592223377679,
    "outroll": 0.1883045863664073,
    "inoneh": 0.009303916998362438,
    "bad-red": 0.00753636700493659,
    "alt": 0.32346164879693046
  }
}