{
  "english-1k": {
    "sfb": 0.021877205363443897,
    "unknown": 0.0,
    "outoneh": 0.016584333098094567,
    "red-sfs": 0.016584333098094567,
    "alt-sfs": 0.05822159491884263,
    "sft": 0.0,
    "inroll": 0.17466478475652789,
    "bad-red-sfs": 0.0,
    "red": 0.022582921665490474,
    "sfr": 0.10832745236414962,
    "outroll": 0.292166549047283,
    "inoneh": 0.002117148906139732,
    "bad-red": 0.004234297812279464,
    "alt": 0.2826393789696542
  },
  "shai": {
    "sfb": 0.02198369752848079,
    "unknown": 0.023621906111313578,
    "outoneh": 0.019573276592108144,
    "red-sfs": 0.01561383290299548,
    "alt-sfs": 0.05522810176883875,
    "sft": 0.00007281013043896937,
    "inroll": 0.1541028849098334,
    "bad-red-sfs": 0.0011292653066153338,
    "red": 0.023534167814113865,
    "sfr": 0.09823378925716947,
    "outroll": 0.291756648510837,
    "inoneh": 0.003493125225064272,
    "bad-red": 0.0027154478542918033,
    "alt": 0.28894104608789917
  },
  "chained-bigrams": {
    "sfb": 0.0217302801295233,
    "unknown": 0.02365222201805197,
    "outoneh": 0.010568083168139397,
    "red-sfs": 0.017745497234286665,
    "alt-sfs": 0.054465625484949445,
    "sft": 0.0000707742114356841,
    "inroll": 0.12543073250010225,
    "bad-red-sfs": 0.0030056314195943275,
    "red": 0.037087634706374675,
    "sfr": 0.11914286586209158,
    "outroll": 0.2892678375361744,
    "inoneh": 0.009327261901592679,
    "bad-red": 0.0030004369820577637,
    "alt": 0.28550511684562585
  },
  "english-200": {
    "sfb": 0.013363028953229399,
    "unknown": 0.0,
    "outoneh": 0.013363028953229399,
    "red-sfs": 0.015590200445434299,
    "alt-sfs": 0.0801781737193764,
    "sft": 0.0,
    "inroll": 0.1714922048997773,
    "bad-red-sfs": 0.0,
    "red": 0.0200445434298441,
    "sfr": 0.10690423162583519,
    "outroll": 0.30957683741648107,
    "inoneh": 0.0022271714922048997,
    "bad-red": 0.0,
    "alt": 0.267260579064588
  },
  "english-450k": {
    "sfb": 0.03845463459355985,
    "unknown": 0.00015377410175167997,
    "outoneh": 0.011524287245344532,
    "red-sfs": 0.014343966354460414,
    "alt-sfs": 0.05287578034509715,
    "sft": 0.00016897610420621868,
    "inroll": 0.1513444124747632,
    "bad-red-sfs": 0.0012661513967424448,
    "red": 0.034583093853070304,
    "sfr": 0.11369548401129392,
    "outroll": 0.25684572481685974,
    "inoneh": 0.003950474214772721,
    "bad-red": 0.0028965661599917206,
    "alt": 0.3178966743280861
  },
  "english-5k": {
    "sfb": 0.025179408470568713,
    "unknown": 0.002157049819554486,
    "outoneh": 0.022400132741527357,
    "red-sfs": 0.014020823827104161,
    "alt-sfs": 0.051644750487410296,
    "sft": 0.00008296345459824948,
    "inroll": 0.14195047081760484,
    "bad-red-sfs": 0.0012029700916746174,
    "red": 0.023851993196996723,
    "sfr": 0.10644211224955408,
    "outroll": 0.2760608951756751,
    "inoneh": 0.003442983365827353,
    "bad-red": 0.003484465093126478,
    "alt": 0.32807898120877754
  },
  "monkeyracer": {
    "sfb": 0.021138972738789747,
    "unknown": 0.014352018393105714,
    "outoneh": 0.027522209362341055,
    "red-sfs": 0.018097893238656803,
    "alt-sfs": 0.057813746344057435,
    "sft": 0.000029325742527800803,
    "inroll": 0.16570901825234216,
    "bad-red-sfs": 0.0009462439588970393,
    "red": 0.025192767880882743,
    "sfr": 0.09690789370786869,
    "outroll": 0.2952085646808577,
    "inoneh": 0.002851439698453165,
    "bad-red": 0.0026393168275020726,
    "alt": 0.27159058917371787
  },
  "tr-quotes": {
    "sfb": 0.021235061602829338,
    "unknown": 0.01476965396084233,
    "outoneh": 0.027197706941587112,
    "red-sfs": 0.018065925429370563,
    "alt-sfs": 0.05767781604678579,
    "sft": 0.0000335174868819491,
    "inroll": 0.16499734171655764,
    "bad-red-sfs": 0.0009465800605626314,
    "red": 0.025235200295878505,
    "sfr": 0.09677191928064538,
    "outroll": 0.2952532303922702,
    "inoneh": 0.0028281824275906706,
    "bad-red": 0.0026028062226948058,
    "alt": 0.2723850581355031
  },
  "movie": {
    "sfb": 0.019705328751798448,
    "unknown": 0.030451476652766863,
    "outoneh": 0.037900703903678806,
    "red-sfs": 0.01920341459543732,
    "alt-sfs": 0.056146481027737005,
    "sft": 0.00003000430719725687,
    "inroll": 0.1718675667783362,
    "bad-red-sfs": 0.0007626094745969454,
    "red": 0.02795098612182354,
    "sfr": 0.11567713207251198,
    "outroll": 0.2611670964871405,
    "inoneh": 0.0021993946762620792,
    "bad-red": 0.00175446238400802,
    "alt": 0.25518334276670507
  },
  "gutenberg": {
    "sfb": 0.019471827530695388,
    "unknown": 0.03802431837805746,
    "outoneh": 0.01660508077015901,
    "red-sfs": 0.015485319975767247,
    "alt-sfs": 0.056009067201939225,
    "sft": 0.0000206486087952465,
    "inroll": 0.15489525472237473,
    "bad-red-sfs": 0.0012419475161617986,
    "red": 0.022565330114423604,
    "sfr": 0.09863878308844841,
    "outroll": 0.3099536145105541,
    "inoneh": 0.003653288262535126,
    "bad-red": 0.0025835387775190073,
    "alt": 0.26085198054256964
  },
  "keymash": {
    "sfb": 0.021168821039928083,
    "unknown": 0.013394194891077241,
    "outoneh": 0.026295805232068897,
    "red-sfs": 0.018775681100762276,
    "alt-sfs": 0.056511762508568916,
    "sft": 0.00006157306876069832,
    "inroll": 0.16544683575999639,
    "bad-red-sfs": 0.0009318057739119012,
    "red": 0.024666171345535746,
    "sfr": 0.099723742164827,
    "outroll": 0.2969587008903466,
    "inoneh": 0.003008870626772791,
    "bad-red": 0.0027338442529750056,
    "alt": 0.2703221913444685
  },
  "english-10k": {
    "sfb": 0.025414407286621254,
    "unknown": 0.0,
    "outoneh": 0.019644545647517414,
    "red-sfs": 0.014665869049227146,
    "alt-sfs": 0.05154281082958646,
    "sft": 0.00015437756893923313,
    "inroll": 0.14526929237181838,
    "bad-red-sfs": 0.0011192373748094401,
    "red": 0.025549487659443083,
    "sfr": 0.10567144593890508,
    "outroll": 0.28633179599004266,
    "inoneh": 0.0033770093205457248,
    "bad-red": 0.0038980336157156364,
    "alt": 0.3173616873468285
  },
  "mt-quotes": {
    "sfb": 0.020524796500161365,
    "unknown": 0.008869126594231481,
    "outoneh": 0.028812708430451466,
    "red-sfs": 0.018398656482709986,
    "alt-sfs": 0.05880278743978676,
    "sft": 0.00002540012670180849,
    "inroll": 0.1672628225816091,
    "bad-red-sfs": 0.0008471689317603185,
    "red": 0.02488315941717168,
    "sfr": 0.0964592223377679,
    "outroll": 0.3001189323579685,
    "inoneh": 0.002776084435997657,
    "bad-red": 0.0026610368032894656,
    "alt": 0.26955809756039256
  }
}