{
  "english-1k": {
    "sfb": 0.06033874382498236,
    "unknown": 0.0,
    "outoneh": 0.014820042342978124,
    "red-sfs": 0.008468595624558928,
    "alt-sfs": 0.068454481298518,
    "sft": 0.00035285815102328866,
    "inroll": 0.23076923076923078,
    "bad-red-sfs": 0.0028228652081863093,
    "red": 0.025405786873676783,
    "sfr": 0.10832745236414962,
    "outroll": 0.14678899082568808,
    "inoneh": 0.0,
    "bad-red": 0.002117148906139732,
    "alt": 0.331333803810868
  },
  "shai": {
    "sfb": 0.052939087815860195,
    "unknown": 0.023260762136131256,
    "outoneh": 0.018385022384896366,
    "red-sfs": 0.006719923749850215,
    "alt-sfs": 0.055457330600721506,
    "sft": 0.00041799253970962026,
    "inroll": 0.19597427943051116,
    "bad-red-sfs": 0.0024756837696419376,
    "red": 0.024365833517306767,
    "sfr": 0.09823378925716947,
    "outroll": 0.1763251389554169,
    "inoneh": 0.0007561385457728479,
    "bad-red": 0.0029370364991935616,
    "alt": 0.3417519807978182
  },
  "chained-bigrams": {
    "sfb": 0.053472838610773656,
    "unknown": 0.022916559801936097,
    "outoneh": 0.010131750415068025,
    "red-sfs": 0.007167025191074138,
    "alt-sfs": 0.05789005843092924,
    "sft": 0.000442176495300008,
    "inroll": 0.1730390511320952,
    "bad-red-sfs": 0.0031296486157797922,
    "red": 0.02841746915315734,
    "sfr": 0.11914286586209158,
    "outroll": 0.1732546202898626,
    "inoneh": 0.0027426630193057764,
    "bad-red": 0.003474429407269226,
    "alt": 0.3447788435753573
  },
  "english-200": {
    "sfb": 0.015590200445434299,
    "unknown": 0.0,
    "outoneh": 0.017817371937639197,
    "red-sfs": 0.0022271714922048997,
    "alt-sfs": 0.08685968819599109,
    "sft": 0.0,
    "inroll": 0.22271714922049,
    "bad-red-sfs": 0.0,
    "red": 0.026726057906458798,
    "sfr": 0.10690423162583519,
    "outroll": 0.16926503340757237,
    "inoneh": 0.0,
    "bad-red": 0.0,
    "alt": 0.3518930957683742
  },
  "english-450k": {
    "sfb": 0.06288776069241613,
    "unknown": 0.00015377410175167997,
    "outoneh": 0.011370513143592853,
    "red-sfs": 0.00666403165290788,
    "alt-sfs": 0.05782637091365789,
    "sft": 0.00035052309505753665,
    "inroll": 0.2008807221652797,
    "bad-red-sfs": 0.0038341204267552903,
    "red": 0.026821009869023055,
    "sfr": 0.11369548401129392,
    "outroll": 0.15390098000293514,
    "inoneh": 0.0009328767275467886,
    "bad-red": 0.0037440777968322536,
    "alt": 0.3569377554009499
  },
  "english-5k": {
    "sfb": 0.06330111585846435,
    "unknown": 0.002157049819554486,
    "outoneh": 0.01269340855353217,
    "red-sfs": 0.007342265731945078,
    "alt-sfs": 0.06072924876591861,
    "sft": 0.00024889036379474843,
    "inroll": 0.22308872941469282,
    "bad-red-sfs": 0.0022400132741527356,
    "red": 0.02322976728750985,
    "sfr": 0.10644211224955408,
    "outroll": 0.14464678309204795,
    "inoneh": 0.0003733355456921226,
    "bad-red": 0.0027377940017422327,
    "alt": 0.35076948604139874
  },
  "monkeyracer": {
    "sfb": 0.04865629447737617,
    "unknown": 0.013436077701487402,
    "outoneh": 0.02708330074917497,
    "red-sfs": 0.005689194050393356,
    "alt-sfs": 0.057963307630949215,
    "sft": 0.00024633623723352676,
    "inroll": 0.19143453712247993,
    "bad-red-sfs": 0.001910083363310759,
    "red": 0.022077396499679373,
    "sfr": 0.09690789370786869,
    "outroll": 0.18310309367033173,
    "inoneh": 0.0007478064344589205,
    "bad-red": 0.0036148865289269126,
    "alt": 0.347129791826329
  },
  "tr-quotes": {
    "sfb": 0.04889970180994429,
    "unknown": 0.013835787429786644,
    "outoneh": 0.02656087469083008,
    "red-sfs": 0.00574304801091052,
    "alt-sfs": 0.05776334342710524,
    "sft": 0.00024040128522225562,
    "inroll": 0.19129123228774184,
    "bad-red-sfs": 0.0019162756293197105,
    "red": 0.02194933080603777,
    "sfr": 0.09677191928064538,
    "outroll": 0.18353135618686578,
    "inoneh": 0.000709646101569543,
    "bad-red": 0.003554009384896327,
    "alt": 0.3472330736691246
  },
  "movie": {
    "sfb": 0.05111036334294831,
    "unknown": 0.030236445784519856,
    "outoneh": 0.03856066706417987,
    "red-sfs": 0.005192192721349868,
    "alt-sfs": 0.05535163008268687,
    "sft": 0.00027332871073992333,
    "inroll": 0.18464387453514708,
    "bad-red-sfs": 0.0020466095856655213,
    "red": 0.019142221600495543,
    "sfr": 0.11567713207251198,
    "outroll": 0.16099574294151964,
    "inoneh": 0.0005562640636965123,
    "bad-red": 0.005072701883915178,
    "alt": 0.33114082561062386
  },
  "gutenberg": {
    "sfb": 0.044148809408794336,
    "unknown": 0.032975828246008664,
    "outoneh": 0.015034460444274709,
    "red-sfs": 0.006116534686063478,
    "alt-sfs": 0.062485531766084984,
    "sft": 0.00019947692716875749,
    "inroll": 0.19664958325803222,
    "bad-red-sfs": 0.0023164329206263688,
    "red": 0.02505604487075297,
    "sfr": 0.09863878308844841,
    "outroll": 0.190058320006456,
    "inoneh": 0.0008196929381379047,
    "bad-red": 0.003059403963699367,
    "alt": 0.32244109747545185
  },
  "keymash": {
    "sfb": 0.04883975814098591,
    "unknown": 0.01232282349464109,
    "outoneh": 0.02542146765566698,
    "red-sfs": 0.006202460459827678,
    "alt-sfs": 0.058034669742583526,
    "sft": 0.00026271176004564616,
    "inroll": 0.19545754947396074,
    "bad-red-sfs": 0.0019949674278466256,
    "red": 0.0232540956352904,
    "sfr": 0.099723742164827,
    "outroll": 0.1839844343282173,
    "inoneh": 0.0007224573401255269,
    "bad-red": 0.003940676400684693,
    "alt": 0.33983818597529686
  },
  "english-10k": {
    "sfb": 0.06559116960305668,
    "unknown": 0.0,
    "outoneh": 0.01136604851315104,
    "red-sfs": 0.006946990602265491,
    "alt-sfs": 0.058258235078443105,
    "sft": 0.0002894579417610621,
    "inroll": 0.21307963952837652,
    "bad-red-sfs": 0.002566527083614751,
    "red": 0.025588082051677893,
    "sfr": 0.10567144593890508,
    "outroll": 0.15761949788695703,
    "inoneh": 0.0007718878446961656,
    "bad-red": 0.003840142027363424,
    "alt": 0.34841087589973174
  },
  "mt-quotes": {
    "sfb": 0.04729055354346709,
    "unknown": 0.007977133909467972,
    "outoneh": 0.02861249566703721,
    "red-sfs": 0.00546700374128925,
    "alt-sfs": 0.058003430511229845,
    "sft": 0.00022710701521617003,
    "inroll": 0.19041877338305782,
    "bad-red-sfs": 0.0018601857496324452,
    "red": 0.021755955582649023,
    "sfr": 0.0964592223377679,
    "outroll": 0.18623223485255974,
    "inoneh": 0.0006902857962491483,
    "bad-red": 0.003789101253869784,
    "alt": 0.3512165166565066
  }
}