{
  "english-1k": {
    "dsfb-alt": 0.08362738179251941,
    "redirect": 0.011644318983768526,
    "dsfb": 0.0,
    "unknown": 0.0,
    "sfb": 0.020465772759350742,
    "sft": 0.0,
    "bad-redirect": 0.0028228652081863093,
    "roll-out": 0.11326746647847566,
    "oneh-in": 0.008115737473535639,
    "alternate": 0.3415666901905434,
    "oneh-out": 0.00035285815102328866,
    "dsfb-red": 0.004234297812279464,
    "roll-in": 0.305575158786168,
    "sfR": 0.10832745236414962,
    "sfT": 0.0
  },
  "reddit": {
    "dsfb-alt": 0.06957171380963056,
    "redirect": 0.013991093001700379,
    "dsfb": 0.0,
    "unknown": 0.03271017307759659,
    "sfb": 0.03099634659119747,
    "sft": 0.0,
    "bad-redirect": 0.007478934418998999,
    "roll-out": 0.10391559196665841,
    "oneh-in": 0.015448111462773792,
    "alternate": 0.30841093104708267,
    "oneh-out": 0.0008858678236512475,
    "dsfb-red": 0.006355399308199034,
    "roll-in": 0.3061316849074905,
    "sfR": 0.10397777127267367,
    "sfT": 0.00012638131234669382
  },
  "movie": {
    "dsfb-alt": 0.06711002855804696,
    "redirect": 0.01693848419556018,
    "dsfb": 0.0,
    "unknown": 0.023457314727679986,
    "sfb": 0.0211343496809871,
    "sft": 0.0,
    "bad-redirect": 0.00666464093727139,
    "roll-out": 0.09591640063066949,
    "oneh-in": 0.030796526185535317,
    "alternate": 0.3037403132475991,
    "oneh-out": 0.0010962099954085515,
    "dsfb-red": 0.008290269037305224,
    "roll-in": 0.30915951224050714,
    "sfR": 0.11567713207251198,
    "sfT": 0.000018818490917577773
  },
  "wordle": {
    "dsfb-alt": 0.07465499831706496,
    "redirect": 0.024817682037473355,
    "dsfb": 0.0,
    "unknown": 0.0,
    "sfb": 0.035408953214405924,
    "sft": 0.0,
    "bad-redirect": 0.007808818579602827,
    "roll-out": 0.13642993380455515,
    "oneh-in": 0.004644900706832716,
    "alternate": 0.341703130259172,
    "oneh-out": 0.0014585437002131718,
    "dsfb-red": 0.008594188264332997,
    "roll-in": 0.23307528329406485,
    "sfR": 0.13138112868843263,
    "sfT": 0.000022439133849433412
  },
  "mt-quotes": {
    "dsfb-alt": 0.07316282377690919,
    "redirect": 0.014963662877565414,
    "dsfb": 0.0,
    "unknown": 0.0052443791013734,
    "sfb": 0.023907495726802213,
    "sft": 0.0,
    "bad-redirect": 0.007076176474103824,
    "roll-out": 0.1001377583342298,
    "oneh-in": 0.02265840714311328,
    "alternate": 0.3109184685815374,
    "oneh-out": 0.0007769450520553185,
    "dsfb-red": 0.005381838610583187,
    "roll-in": 0.33930385723335843,
    "sfR": 0.0964592223377679,
    "sfT": 8.96475060063829e-6
  },
  "french": {
    "dsfb-alt": 0.04713600960803271,
    "redirect": 0.019195420447539573,
    "dsfb": 0.0,
    "unknown": 0.14688066964262908,
    "sfb": 0.023153652101008813,
    "sft": 0.0,
    "bad-redirect": 0.0006580772491451101,
    "roll-out": 0.12526974238114716,
    "oneh-in": 0.00823079725717897,
    "alternate": 0.26334970563609117,
    "oneh-out": 0.0004852617438772935,
    "dsfb-red": 0.012543424296613552,
    "roll-in": 0.24389767626144046,
    "sfR": 0.10898279115633469,
    "sfT": 0.0002167722189614251
  },
  "english-10k": {
    "dsfb-alt": 0.07740105362690801,
    "redirect": 0.01715520734837228,
    "dsfb": 0.0,
    "unknown": 0.0,
    "sfb": 0.028617741842110342,
    "sft": 0.0,
    "bad-redirect": 0.002740201848671388,
    "roll-out": 0.11586036548889446,
    "oneh-in": 0.003859439223480828,
    "alternate": 0.3599891935701742,
    "oneh-out": 0.0005210242951699118,
    "dsfb-red": 0.006464560699330387,
    "roll-in": 0.28171976611798305,
    "sfR": 0.10567144593890508,
    "sfT": 0.0
  },
  "english-200": {
    "dsfb-alt": 0.09131403118040089,
    "redirect": 0.0066815144766146995,
    "dsfb": 0.0,
    "unknown": 0.0,
    "sfb": 0.017817371937639197,
    "sft": 0.0,
    "bad-redirect": 0.004454342984409799,
    "roll-out": 0.10022271714922049,
    "oneh-in": 0.017817371937639197,
    "alternate": 0.311804008908686,
    "oneh-out": 0.0022271714922048997,
    "dsfb-red": 0.0,
    "roll-in": 0.34075723830734966,
    "sfR": 0.10690423162583519,
    "sfT": 0.0
  },
  "keymash": {
    "dsfb-alt": 0.0745403570417014,
    "redirect": 0.015541042555200257,
    "dsfb": 0.0,
    "unknown": 0.008172798660170023,
    "sfb": 0.023652268146609583,
    "sft": 0.0,
    "bad-redirect": 0.006580108614893294,
    "roll-out": 0.1004051507924454,
    "oneh-in": 0.019925045050961977,
    "alternate": 0.3110917726065522,
    "oneh-out": 0.0005828917176012774,
    "dsfb-red": 0.006099838678559847,
    "roll-in": 0.33365624987172277,
    "sfR": 0.099723742164827,
    "sfT": 0.00002873409875499255
  },
  "shai": {
    "dsfb-alt": 0.07354912694414505,
    "redirect": 0.014874712544738055,
    "dsfb": 0.0,
    "unknown": 0.013095377245649893,
    "sfb": 0.025233664320373245,
    "sft": 0.0,
    "bad-redirect": 0.005236198664058733,
    "roll-out": 0.10511144377704836,
    "oneh-in": 0.01147794501728215,
    "alternate": 0.3284229547134303,
    "oneh-out": 0.000728290954421137,
    "dsfb-red": 0.006265452607153816,
    "roll-in": 0.3177143424655371,
    "sfR": 0.09823378925716947,
    "sfT": 0.00005670148899271218
  },
  "chained-bigrams": {
    "dsfb-alt": 0.07392268988753393,
    "redirect": 0.017109178636057577,
    "dsfb": 0.0,
    "unknown": 0.013636047838172493,
    "sfb": 0.026040364675487253,
    "sft": 0.0,
    "bad-redirect": 0.0029757634037590845,
    "roll-out": 0.08591599685476807,
    "oneh-in": 0.010684308708020018,
    "alternate": 0.33824034532620745,
    "oneh-out": 0.0013940571738753555,
    "dsfb-red": 0.008885085406292672,
    "roll-in": 0.3019513553910795,
    "sfR": 0.11914286586209158,
    "sfT": 0.00010194083665506792
  },
  "akl": {
    "dsfb-alt": 0.06928598095451925,
    "redirect": 0.018941707367512998,
    "dsfb": 0.0,
    "unknown": 0.0570875603171116,
    "sfb": 0.032495625100443334,
    "sft": 0.0,
    "bad-redirect": 0.008772970003857272,
    "roll-out": 0.10325407277964321,
    "oneh-in": 0.017287528819569513,
    "alternate": 0.2872107464359887,
    "oneh-out": 0.0008966019455370076,
    "dsfb-red": 0.006520561191533927,
    "roll-in": 0.2801977728437411,
    "sfR": 0.11790358951788564,
    "sfT": 0.00014528272265645957
  },
  "english-450k": {
    "dsfb-alt": 0.07464563255239867,
    "redirect": 0.015437925838785102,
    "dsfb": 0.0,
    "unknown": 0.0,
    "sfb": 0.03418433363483971,
    "sft": 0.0,
    "bad-redirect": 0.0042168016039281974,
    "roll-out": 0.11425240352429192,
    "oneh-in": 0.004656490290305624,
    "alternate": 0.37428908712559955,
    "oneh-out": 0.0008305555571797011,
    "dsfb-red": 0.006111789679126656,
    "roll-in": 0.2576599089867807,
    "sfR": 0.11369548401129392,
    "sfT": 0.000019587195470271023
  },
  "gutenberg": {
    "dsfb-alt": 0.06794150040747851,
    "redirect": 0.014459519823232753,
    "dsfb": 0.0,
    "unknown": 0.025985611140094938,
    "sfb": 0.02298038609488585,
    "sft": 0.0,
    "bad-redirect": 0.006674615433868947,
    "roll-out": 0.09919269622713925,
    "oneh-in": 0.014160399150868587,
    "alternate": 0.2893199712207647,
    "oneh-out": 0.0006408646197643937,
    "dsfb-red": 0.00666760627308524,
    "roll-in": 0.35328386760187813,
    "sfR": 0.09863878308844841,
    "sfT": 0.00005417891849027981
  },
  "dutch": {
    "dsfb-alt": 0.059817057844276,
    "redirect": 0.014248060130129511,
    "dsfb": 0.0,
    "unknown": 0.06685882142539128,
    "sfb": 0.05290973935833362,
    "sft": 0.0,
    "bad-redirect": 0.003947392627624849,
    "roll-out": 0.10211187460034502,
    "oneh-in": 0.007633031521009386,
    "alternate": 0.25701819355209354,
    "oneh-out": 0.0013767622429400994,
    "dsfb-red": 0.009886502017268144,
    "roll-in": 0.234975491652516,
    "sfR": 0.18880787437283908,
    "sfT": 0.0004091986552334663
  },
  "tr-quotes": {
    "dsfb-alt": 0.07316520653706572,
    "redirect": 0.014751161554286771,
    "dsfb": 0.0,
    "unknown": 0.00983218141050831,
    "sfb": 0.02396731467141305,
    "sft": 0.0,