{
  "dutch": {
    "dsfb": 0.0,
    "sfb": 0.029888822979273904,
    "roll-out": 0.0968623476953855,
    "sfR": 0.18880787437283908,
    "roll-in": 0.23275194765183518,
    "alternate": 0.2853458540005162,
    "dsfb-alt": 0.044718145666114484,
    "sft": 0.0,
    "sfT": 0.00012972929628912532,
    "dsfb-red": 0.003259728737924193,
    "oneh-in": 0.008402997756247994,
    "oneh-out": 0.0014718492447674985,
    "redirect": 0.00958424261885131,
    "bad-redirect": 0.007349689110510318,
    "unknown": 0.0914267708694452
  },
  "english-1k": {
    "dsfb": 0.0,
    "sfb": 0.009527170077628794,
    "roll-out": 0.12350035285815103,
    "sfR": 0.10832745236414962,
    "roll-in": 0.3002822865208186,
    "alternate": 0.36203246294989416,
    "dsfb-alt": 0.0652787579393084,
    "sft": 0.0,
    "sfT": 0.0,
    "dsfb-red": 0.003175723359209598,
    "oneh-in": 0.007410021171489062,
    "oneh-out": 0.0,
    "redirect": 0.006351446718419196,
    "bad-redirect": 0.007057163020465773,
    "unknown": 0.007057163020465773
  },
  "shai": {
    "dsfb": 0.0,
    "sfb": 0.01831281603823097,
    "roll-out": 0.1169049741874696,
    "sfR": 0.09823378925716947,
    "roll-in": 0.30715905259204374,
    "alternate": 0.34796928938984706,
    "dsfb-alt": 0.05635715807337861,
    "sft": 0.0,
    "sfT": 0.00005179381062801873,
    "dsfb-red": 0.004818449960103826,
    "oneh-in": 0.011414013604641766,
    "oneh-out": 0.0005434170074432606,
    "redirect": 0.008951241518773186,
    "bad-redirect": 0.00985384020413465,
    "unknown": 0.019430164356135822
  },
  "akl": {
    "dsfb": 0.0,
    "sfb": 0.02521531890765731,
    "roll-out": 0.11680507866269516,
    "sfR": 0.11790358951788564,
    "roll-in": 0.26620893625663233,
    "alternate": 0.31062524107948597,
    "dsfb-alt": 0.04863755783274607,
    "sft": 0.0,
    "sfT": 0.0001025962425241352,
    "dsfb-red": 0.0050231269030023154,
    "oneh-in": 0.017454061850913038,
    "oneh-out": 0.0018362001424699996,
    "redirect": 0.014891757866424401,
    "bad-redirect": 0.01109854678865707,
    "unknown": 0.06419798794890658
  },
  "monkeyracer": {
    "dsfb": 0.0,
    "sfb": 0.019897516305112845,
    "roll-out": 0.11698429704240111,
    "sfR": 0.09690789370786869,
    "roll-in": 0.3175821511800679,
    "alternate": 0.3348686988754555,
    "dsfb-alt": 0.05412065783505638,
    "sft": 0.0,
    "sfT": 0.000012707821762047014,
    "dsfb-red": 0.004844612665592693,
    "oneh-in": 0.02117611867932496,
    "oneh-out": 0.0006666718801320049,
    "redirect": 0.00982412374681327,
    "bad-redirect": 0.009911123449645745,
    "unknown": 0.013203426810766849
  },
  "tr-quotes": {
    "dsfb": 0.0,
    "sfb": 0.019611197152169392,
    "roll-out": 0.11671713552622455,
    "sfR": 0.09677191928064538,
    "roll-in": 0.31735281200157184,
    "alternate": 0.33531240609324797,
    "dsfb-alt": 0.054277524791382536,
    "sft": 0.0,
    "sfT": 0.00001271352950694621,
    "dsfb-red": 0.004866970250340954,
    "oneh-in": 0.020763505235662606,
    "oneh-out": 0.0006599477589514806,
    "redirect": 0.009714292318716627,
    "bad-redirect": 0.009984743764591665,
    "unknown": 0.013954832296988049
  },
  "reddit": {
    "dsfb": 0.0,
    "sfb": 0.02532840318859976,
    "roll-out": 0.11817701511987215,
    "sfR": 0.10397777127267367,
    "roll-in": 0.2922256576913086,
    "alternate": 0.33009206844892786,
    "dsfb-alt": 0.051608936364911616,
    "sft": 0.0,
    "sfT": 0.00006712368456587888,
    "dsfb-red": 0.0052642648598708805,
    "oneh-in": 0.015400990036889934,
    "oneh-out": 0.0013148301203300672,
    "redirect": 0.009888082867784509,
    "bad-redirect": 0.010489461637709276,
    "unknown": 0.03616539470655582
  },
  "keymash": {
    "dsfb": 0.0,
    "sfb": 0.019194377968335022,
    "roll-out": 0.11650035096649193,
    "sfR": 0.099723742164827,
    "roll-in": 0.31840665317532313,
    "alternate": 0.3327695976815687,
    "dsfb-alt": 0.055231042678346394,
    "sft": 0.0,
    "sfT": 0.00002052435625356611,
    "dsfb-red": 0.005118774449639387,
    "oneh-in": 0.02003177170348052,
    "oneh-out": 0.0005459478763448584,
    "redirect": 0.010089773534253098,
    "bad-redirect": 0.009987151752985268,
    "unknown": 0.012380291692151076
  },
  "english-10k": {
    "dsfb": 0.0,
    "sfb": 0.01682715501437641,
    "roll-out": 0.12467918411454816,
    "sfR": 0.10567144593890508,
    "roll-in": 0.27594990447887924,
    "alternate": 0.37853379903899964,
    "dsfb-alt": 0.06028444067077054,
    "sft": 0.0,
    "sfT": 0.0,
    "dsfb-red": 0.004534841087589973,
    "oneh-in": 0.0038980336157156364,
    "oneh-out": 0.00044383551070029527,
    "redirect": 0.009359140116941009,
    "bad-redirect": 0.009474923293645434,
    "unknown": 0.01034329711892862
  },
  "wordle": {
    "dsfb": 0.0,
    "sfb": 0.028968921799618536,
    "roll-out": 0.14013239088971166,
    "sfR": 0.13138112868843263,
    "roll-in": 0.21983619432289914,
    "alternate": 0.35483002356109056,
    "dsfb-alt": 0.06648715359587119,
    "sft": 0.0,
    "sfT": 0.0,
    "dsfb-red": 0.0050039268484236505,
    "oneh-in": 0.004308313699091215,
    "oneh-out": 0.0019522046449007068,
    "redirect": 0.016223493773140356,
    "bad-redirect": 0.008998092673622797,
    "unknown": 0.021878155503197577
  },
  "chained-bigrams": {
    "dsfb": 0.0,
    "sfb": 0.018114302299382705,
    "roll-out": 0.09695417661996651,
    "sfR": 0.11914286586209158,
    "roll-in": 0.2917566224208806,
    "alternate": 0.35020053775414595,
    "dsfb-alt": 0.06430713670266196,
    "sft": 0.0,
    "sfT": 0.000060385336362556154,
    "dsfb-red": 0.006735237570847258,
    "oneh-in": 0.010857023756110768,
    "oneh-out": 0.0026147499949678884,
    "redirect": 0.013928884254296286,
    "bad-redirect": 0.0064800608268635535,
    "unknown": 0.018848016601422365
  },
  "english-450k": {
    "dsfb": 0.0,
    "sfb": 0.023078101456994998,
    "roll-out": 0.1148140005765067,
    "sfR": 0.11369548401129392,
    "roll-in": 0.2564408253284071,
    "alternate": 0.38725171768010425,
    "dsfb-alt": 0.062271787246806265,
    "sft": 0.0,
    "sfT": 8.185693629366994e-6,
    "dsfb-red": 0.004315029927480602,
    "oneh-in": 0.004599482781101104,
    "oneh-out": 0.0009068579156534434,
    "redirect": 0.008837040965303768,
    "bad-redirect": 0.006588606333037284,
    "unknown": 0.017192880083681177
  },
  "english-200": {
    "dsfb": 0.0,
    "sfb": 0.013363028953229399,
    "roll-out": 0.111358574610245,
    "sfR": 0.10690423162583519,
    "roll-in": 0.33184855233853006,
    "alternate": 0.3363028953229399,
    "dsfb-alt": 0.06904231625835189,
    "sft": 0.0,
    "sfT": 0.0,
    "dsfb-red": 0.0,
    "oneh-in": 0.017817371937639197,
    "oneh-out": 0.0,
    "redirect": 0.0066815144766146995,
    "bad-redirect": 0.0066815144766146995,
    "unknown": 0.0
  },
  "english-5k": {
    "dsfb": 0.0,
    "sfb": 0.014518604554693658,
    "roll-out": 0.11581698261915627,
    "sfR": 0.10644211224955408,
    "roll-in": 0.2808727755423736,
    "alternate": 0.3845770937901854,
    "dsfb-alt": 0.06259592649437923,
    "sft": 0.0,
    "sfT": 0.0,
    "dsfb-red": 0.005185215912390592,
    "oneh-in": 0.00472891691210022,
    "oneh-out": 0.000622225909486871,
    "redirect": 0.00779856473223545,
    "bad-redirect": 0.007300784004645953,
    "unknown": 0.00954079727879869
  },
  "movie": {
    "dsfb": 0.0,
    "sfb": 0.018132208189359816,
    "roll-out": 0.11161352241486244,
    "sfR": 0.11567713207251198,
    "roll-in": 0.29159738588789524,
    "alternate": 0.3274185807462624,
    "dsfb-alt": 0.04724243967127386,
    "sft": 0.0,
    "sfT": 0.000018423697401824393,
    "dsfb-red": 0.007297758138701226,
    "oneh-in": 0.03061426317909584,
    "oneh-out": 0.0010747595477192844,
    "redirect": 0.013595372704160558,
    "bad-redirect": 0.008568335270234187,
    "unknown": 0.027149818480521348
  },
  "gutenberg": {
    "dsfb": 0.0,
    "sfb": 0.018152968682690746,
    "roll-out": 0.11252052073897013,
    "sfR": 0.09863878308844841,
    "roll-in": 0.3438004730615219,