{
  "english-5k": {
    "dsfb-alt": 0.051976604305803295,
    "redirect": 0.025635707470859085,
    "dsfb": 0.0,
    "unknown": 0.002157049819554486,
    "sfb": 0.022980876923715105,
    "sft": 0.0,
    "bad-redirect": 0.0035259468204256023,
    "roll-out": 0.1436927033641681,
    "oneh-in": 0.021694943377442235,
    "alternate": 0.32774712739038453,
    "oneh-out": 0.0041896544572115986,
    "dsfb-red": 0.013688970008711162,
    "roll-in": 0.2762683038121707,
    "sfR": 0.10644211224955408,
    "sfT": 0.0
  },
  "shai": {
    "dsfb-alt": 0.05770867386480136,
    "redirect": 0.024712893074847822,
    "dsfb": 0.0,
    "unknown": 0.023260762136131256,
    "sfb": 0.023801965269738077,
    "sft": 0.0,
    "bad-redirect": 0.002664865481619738,
    "roll-out": 0.15216720831747757,
    "oneh-in": 0.01229814656959475,
    "alternate": 0.28660988725344333,
    "oneh-out": 0.01049467927160764,
    "dsfb-red": 0.0157717610638732,
    "roll-in": 0.2922302588250739,
    "sfR": 0.09823378925716947,
    "sfT": 0.00004510961462184713
  },
  "english-10k": {
    "dsfb-alt": 0.052025240732521565,
    "redirect": 0.027054668956600605,
    "dsfb": 0.0,
    "unknown": 0.0,
    "sfb": 0.02398641477393335,
    "sft": 0.0,
    "bad-redirect": 0.0039752224001852535,
    "roll-out": 0.1463306381582756,
    "oneh-in": 0.018698983037764613,
    "alternate": 0.3168792574438934,
    "oneh-out": 0.004438355107002952,
    "dsfb-red": 0.01439570830358349,
    "roll-in": 0.2865054707550993,
    "sfR": 0.10567144593890508,
    "sfT": 0.00003859439223480828
  },
  "monkeyracer": {
    "dsfb-alt": 0.06149803713030014,
    "redirect": 0.02777538827283107,
    "dsfb": 0.0,
    "unknown": 0.013436077701487402,
    "sfb": 0.026455729859080034,
    "sft": 0.0,
    "bad-redirect": 0.0024643398970861942,
    "roll-out": 0.16141768459577396,
    "oneh-in": 0.009450709291959273,
    "alternate": 0.2682933981888421,
    "oneh-out": 0.019713741651938628,
    "dsfb-red": 0.01713503135899401,
    "roll-in": 0.295431440324069,
    "sfR": 0.09690789370786869,
    "sfT": 0.00002052801976946056
  },
  "wordle": {
    "dsfb-alt": 0.06103444407045888,
    "redirect": 0.03511724447436329,
    "dsfb": 0.0,
    "unknown": 0.0,
    "sfb": 0.03722652305621003,
    "sft": 0.0,
    "bad-redirect": 0.0029844048019746438,
    "roll-out": 0.17437450914394703,
    "oneh-in": 0.005340513856165152,
    "alternate": 0.2944687535061147,
    "oneh-out": 0.006933692359474925,
    "dsfb-red": 0.020150342196791203,
    "roll-in": 0.23089868731066981,
    "sfR": 0.13138112868843263,
    "sfT": 0.00008975653539773365
  },
  "english-450k": {
    "dsfb-alt": 0.05220104531307647,
    "redirect": 0.035247889114255325,
    "dsfb": 0.0,
    "unknown": 0.00015377410175167997,
    "sfb": 0.038681202899372685,
    "sft": 0.0,
    "bad-redirect": 0.002835465803972517,
    "roll-out": 0.1512301051101531,
    "oneh-in": 0.010380921253042593,
    "alternate": 0.3185714093601068,
    "oneh-out": 0.00510670343992081,
    "dsfb-red": 0.015065476778648905,
    "roll-in": 0.2567109532181762,
    "sfR": 0.11369548401129392,
    "sfT": 0.00011956959622896788
  },
  "french": {
    "dsfb-alt": 0.03433753449549551,
    "redirect": 0.0247454274792654,
    "dsfb": 0.0,
    "unknown": 0.15807962376648718,
    "sfb": 0.031206719809943995,
    "sft": 0.0,
    "bad-redirect": 0.0036657861690455053,
    "roll-out": 0.13265815581390536,
    "oneh-in": 0.0198048067220752,
    "alternate": 0.2207946927377022,
    "oneh-out": 0.010898238664669947,
    "dsfb-red": 0.012511423089916365,
    "roll-in": 0.24224446036414587,
    "sfR": 0.10898279115633469,
    "sfT": 0.00007033973101277842
  },
  "movie": {
    "dsfb-alt": 0.05763880051728478,
    "redirect": 0.031731528828677906,
    "dsfb": 0.0,
    "unknown": 0.030236445784519856,
    "sfb": 0.024266773032813,
    "sft": 0.0,
    "bad-redirect": 0.001474027389984536,
    "roll-out": 0.1683524569119067,
    "oneh-in": 0.006463691037752919,
    "alternate": 0.2537873528950011,
    "oneh-out": 0.03129251843916015,
    "dsfb-red": 0.017312880046332968,
    "roll-in": 0.261728098073026,
    "sfR": 0.11567713207251198,
    "sfT": 0.00003829497102807785
  },
  "mt-quotes": {
    "dsfb-alt": 0.06269647745066399,
    "redirect": 0.027572584597363167,
    "dsfb": 0.0,
    "unknown": 0.007977133909467972,
    "sfb": 0.02612178912515987,
    "sft": 0.0,
    "bad-redirect": 0.0024757652908762745,
    "roll-out": 0.16279538853229103,
    "oneh-in": 0.009294952247761801,
    "alternate": 0.26605288007554295,
    "oneh-out": 0.021040269659698067,
    "dsfb-red": 0.017233238904627007,
    "roll-in": 0.30026535661777887,
    "sfR": 0.0964592223377679,
    "sfT": 0.000014941251001063817
  },
  "akl": {
    "dsfb-alt": 0.05702244639749031,
    "redirect": 0.02358672746609213,
    "dsfb": 0.0,
    "unknown": 0.06665478384099267,
    "sfb": 0.028889082186157412,
    "sft": 0.0,
    "bad-redirect": 0.0022601530939148407,
    "roll-out": 0.14647800605441738,
    "oneh-in": 0.0076201252690208535,
    "alternate": 0.2501186733711081,
    "oneh-out": 0.015569165665795713,
    "dsfb-red": 0.016004951879512362,
    "roll-in": 0.26776274891515006,
    "sfR": 0.11790358951788564,
    "sfT": 0.00012954634246254028
  },
  "chained-bigrams": {
    "dsfb-alt": 0.0548253402843565,
    "redirect": 0.03689024607998525,
    "dsfb": 0.0,
    "unknown": 0.022916559801936097,
    "sfb": 0.02340743414914139,
    "sft": 0.0,
    "bad-redirect": 0.0030303049978930062,
    "roll-out": 0.12310362448372161,
    "oneh-in": 0.014254185905023605,
    "alternate": 0.28545382177495227,
    "oneh-out": 0.005583371047114198,
    "dsfb-red": 0.021042017155928575,
    "roll-in": 0.2902930896449537,
    "sfR": 0.11914286586209158,
    "sfT": 0.000057138812902203675
  },
  "english-200": {
    "dsfb-alt": 0.0757238307349666,
    "redirect": 0.024498886414253896,
    "dsfb": 0.0,
    "unknown": 0.0,
    "sfb": 0.013363028953229399,
    "sft": 0.0,
    "bad-redirect": 0.0,
    "roll-out": 0.1714922048997773,
    "oneh-in": 0.008908685968819599,
    "alternate": 0.2717149220489978,
    "oneh-out": 0.0066815144766146995,
    "dsfb-red": 0.011135857461024499,
    "roll-in": 0.30957683741648107,
    "sfR": 0.10690423162583519,
    "sfT": 0.0
  },
  "gutenberg": {
    "dsfb-alt": 0.06173687761967384,
    "redirect": 0.025040321618184112,
    "dsfb": 0.0,
    "unknown": 0.032975828246008664,
    "sfb": 0.02488403627638523,
    "sft": 0.0,
    "bad-redirect": 0.002454721768521139,
    "roll-out": 0.15107393603780855,
    "oneh-in": 0.009534921343955432,
    "alternate": 0.25734209592093366,
    "oneh-out": 0.010083340816086061,
    "dsfb-red": 0.015384729046682147,
    "roll-in": 0.31082786524073813,
    "sfR": 0.09863878308844841,
    "sfT": 0.000022542976574626913
  },
  "dutch": {
    "dsfb-alt": 0.04328707104743703,
    "redirect": 0.027570927139329335,
    "dsfb": 0.0,
    "unknown": 0.072903632847049,
    "sfb": 0.05856755044802062,
    "sft": 0.0,
    "bad-redirect": 0.0020108130578785598,
    "roll-out": 0.10760683821679112,
    "oneh-in": 0.00566720682586606,
    "alternate": 0.2062868484545574,
    "oneh-out": 0.002761754720433994,
    "dsfb-red": 0.017587724348752658,
    "roll-in": 0.26681914775006726,
    "sfR": 0.18880787437283908,
    "sfT": 0.00012261077097789065
  },
  "tr-quotes": {
    "dsfb-alt": 0.061357804951341854,
    "redirect": 0.027835694967753868,
    "dsfb": 0.0,
    "unknown": 0.013835787429786644,
    "sfb": 0.02645569912854534,
    "sft": 0.0,
    "bad-redirect": 0.0024444649915628396,
    "roll-out": 0.16079956542844595,
    "oneh-in": 0.009518966274473545,
    "alternate": 0.2690899424423846,
    "oneh-out": 0.019326876401377684,
    "dsfb-red": 0.017055777721273202,
    "roll-in": 0.2954878528004438,
    "sfR": 0.09677191928064538,
    "sfT": 0.000019648181965280506
  },
  "keymash": {
    "dsfb-alt": 0.060875240648077075,
    "redirect": 0.027588839676043562,
    "dsfb": 0.0,
    "unknown": 0.01232282349464109,