{
  "english-1k": {
    "sfb": 0.019760056457304165,
    "unknown": 0.0,
    "outoneh": 0.016584333098094567,
    "red-sfs": 0.011644318983768526,
    "alt-sfs": 0.05963302752293578,
    "sft": 0.0,
    "inroll": 0.292166549047283,
    "bad-red-sfs": 0.00035285815102328866,
    "red": 0.027522935779816515,
    "sfr": 0.10832745236414962,
    "outroll": 0.17642907551164433,
    "inoneh": 0.0024700070571630206,
    "bad-red": 0.0038814396612561752,
    "alt": 0.28122794636556103
  },
  "shai": {
    "sfb": 0.023801965269738077,
    "unknown": 0.023260762136131256,
    "outoneh": 0.019201198712051802,
    "red-sfs": 0.014520937827920386,
    "alt-sfs": 0.05770867386480136,
    "sft": 0.00004510961462184713,
    "inroll": 0.2922302588250739,
    "bad-red-sfs": 0.0012508232359528157,
    "red": 0.024712893074847822,
    "sfr": 0.09823378925716947,
    "outroll": 0.15216720831747757,
    "inoneh": 0.003591627129150588,
    "bad-red": 0.002664865481619738,
    "alt": 0.28660988725344333
  },
  "chained-bigrams": {
    "sfb": 0.02340743414914139,
    "unknown": 0.022916559801936097,
    "outoneh": 0.010359656361984769,
    "red-sfs": 0.018048073220791515,
    "alt-sfs": 0.0548253402843565,
    "sft": 0.000057138812902203675,
    "inroll": 0.2902930896449537,
    "bad-red-sfs": 0.0029939439351370583,
    "red": 0.03689024607998525,
    "sfr": 0.11914286586209158,
    "outroll": 0.12310362448372161,
    "inoneh": 0.009477900590153035,
    "bad-red": 0.0030303049978930062,
    "alt": 0.28545382177495227
  },
  "english-200": {
    "sfb": 0.013363028953229399,
    "unknown": 0.0,
    "outoneh": 0.013363028953229399,
    "red-sfs": 0.011135857461024499,
    "alt-sfs": 0.0757238307349666,
    "sft": 0.0,
    "inroll": 0.30957683741648107,
    "bad-red-sfs": 0.0,
    "red": 0.024498886414253896,
    "sfr": 0.10690423162583519,
    "outroll": 0.1714922048997773,
    "inoneh": 0.0022271714922048997,
    "bad-red": 0.0,
    "alt": 0.2717149220489978
  },
  "english-450k": {
    "sfb": 0.038681202899372685,
    "unknown": 0.00015377410175167997,
    "outoneh": 0.011524287245344532,
    "red-sfs": 0.01368764913310581,
    "alt-sfs": 0.05220104531307647,
    "sft": 0.00011956959622896788,
    "inroll": 0.2567109532181762,
    "bad-red-sfs": 0.0013778276455430945,
    "red": 0.035247889114255325,
    "sfr": 0.11369548401129392,
    "outroll": 0.1512301051101531,
    "inoneh": 0.00396333744761887,
    "bad-red": 0.002835465803972517,
    "alt": 0.3185714093601068
  },
  "english-5k": {
    "sfb": 0.022980876923715105,
    "unknown": 0.002157049819554486,
    "outoneh": 0.022400132741527357,
    "red-sfs": 0.012237109553241797,
    "alt-sfs": 0.051976604305803295,
    "sft": 0.0,
    "inroll": 0.2762683038121707,
    "bad-red-sfs": 0.0014518604554693657,
    "red": 0.025635707470859085,
    "sfr": 0.10644211224955408,
    "outroll": 0.1436927033641681,
    "inoneh": 0.003484465093126478,
    "bad-red": 0.0035259468204256023,
    "alt": 0.32774712739038453
  },
  "monkeyracer": {
    "sfb": 0.026455729859080034,
    "unknown": 0.013436077701487402,
    "outoneh": 0.026227966592114113,
    "red-sfs": 0.01567167680685675,
    "alt-sfs": 0.06149803713030014,
    "sft": 0.00002052801976946056,
    "inroll": 0.295431440324069,
    "bad-red-sfs": 0.0014633545521372602,
    "red": 0.02777538827283107,
    "sfr": 0.09690789370786869,
    "outroll": 0.16141768459577396,
    "inoneh": 0.002936484351783787,
    "bad-red": 0.0024643398970861942,
    "alt": 0.2682933981888421
  },
  "tr-quotes": {
    "sfb": 0.02645569912854534,
    "unknown": 0.013835787429786644,
    "outoneh": 0.0259321328679411,
    "red-sfs": 0.015622616213217448,
    "alt-sfs": 0.061357804951341854,
    "sft": 0.000019648181965280506,
    "inroll": 0.2954878528004438,
    "bad-red-sfs": 0.0014331615080557547,
    "red": 0.027835694967753868,
    "sfr": 0.09677191928064538,
    "outroll": 0.16079956542844595,
    "inoneh": 0.002913709807910127,
    "bad-red": 0.0024444649915628396,
    "alt": 0.2690899424423846
  },
  "movie": {
    "sfb": 0.024266773032813,
    "unknown": 0.030236445784519856,
    "outoneh": 0.03552220456910327,
    "red-sfs": 0.015702122502059178,
    "alt-sfs": 0.05763880051728478,
    "sft": 0.00003829497102807785,
    "inroll": 0.261728098073026,
    "bad-red-sfs": 0.0016107575442737899,
    "red": 0.031731528828677906,
    "sfr": 0.11567713207251198,
    "outroll": 0.1683524569119067,
    "inoneh": 0.002234004907809792,
    "bad-red": 0.001474027389984536,
    "alt": 0.2537873528950011
  },
  "gutenberg": {
    "sfb": 0.02488403627638523,
    "unknown": 0.032975828246008664,
    "outoneh": 0.01578519839524317,
    "red-sfs": 0.013697605102365952,
    "alt-sfs": 0.06173687761967384,
    "sft": 0.000022542976574626913,
    "inroll": 0.31082786524073813,
    "bad-red-sfs": 0.0016871239443161958,
    "red": 0.025040321618184112,
    "sfr": 0.09863878308844841,
    "outroll": 0.15107393603780855,
    "inoneh": 0.0038330637647983274,
    "bad-red": 0.002454721768521139,
    "alt": 0.25734209592093366
  },
  "keymash": {
    "sfb": 0.026308119845821036,
    "unknown": 0.01232282349464109,
    "outoneh": 0.025138231539367766,
    "red-sfs": 0.016041836847787268,
    "alt-sfs": 0.060875240648077075,
    "sft": 0.00006157306876069832,
    "inroll": 0.29729119546165433,
    "bad-red-sfs": 0.0014449146802510539,
    "red": 0.027588839676043562,
    "sfr": 0.099723742164827,
    "outroll": 0.1610382040367304,
    "inoneh": 0.0031607508630491807,
    "bad-red": 0.0025819640166986164,
    "alt": 0.2664225636562909
  },
  "english-10k": {
    "sfb": 0.02398641477393335,
    "unknown": 0.0,
    "outoneh": 0.019644545647517414,
    "red-sfs": 0.01314139055595222,
    "alt-sfs": 0.052025240732521565,
    "sft": 0.00003859439223480828,
    "inroll": 0.2865054707550993,
    "bad-red-sfs": 0.0012543177476312692,
    "red": 0.027054668956600605,
    "sfr": 0.10567144593890508,
    "outroll": 0.1463306381582756,
    "inoneh": 0.0034927924972501497,
    "bad-red": 0.0039752224001852535,
    "alt": 0.3168792574438934
  },
  "mt-quotes": {
    "sfb": 0.02612178912515987,
    "unknown": 0.007977133909467972,
    "outoneh": 0.027475466465856253,
    "red-sfs": 0.015825773060326793,
    "alt-sfs": 0.06269647745066399,
    "sft": 0.000014941251001063817,
    "inroll": 0.30026535661777887,
    "bad-red-sfs": 0.0014074658443002117,
    "red": 0.027572584597363167,
    "sfr": 0.0964592223377679,
    "outroll": 0.16279538853229103,
    "inoneh": 0.0028597554416036146,
    "bad-red": 0.0024757652908762745,
    "alt": 0.26605288007554295
  }
}