{
  "dutch": {
    "dsfb": 0.0,
    "sfb": 0.061819353774893004,
    "roll-out": 0.15347260850631858,
    "sfR": 0.18880787437283908,
    "roll-in": 0.17660573579569996,
    "alternate": 0.2770391804708978,
    "dsfb-alt": 0.036059813399962254,
    "sft": 0.0,
    "sfT": 0.0003582393380180283,
    "dsfb-red": 0.00685453022771499,
    "oneh-in": 0.0036231142138876227,
    "oneh-out": 0.006879095415816732,
    "redirect": 0.018984049088202976,
    "bad-redirect": 0.0019152598554010546,
    "unknown": 0.06758114554034789
  },
  "english-1k": {
    "dsfb": 0.0,
    "sfb": 0.01587861679604799,
    "roll-out": 0.22159491884262528,
    "sfR": 0.10832745236414962,
    "roll-in": 0.20359915314043756,
    "alternate": 0.36520818630910373,
    "dsfb-alt": 0.0497529992942837,
    "sft": 0.0,
    "sfT": 0.0,
    "dsfb-red": 0.0067043048694424845,
    "oneh-in": 0.0014114326040931546,
    "oneh-out": 0.01058574453069866,
    "redirect": 0.015172900494001412,
    "bad-redirect": 0.0017642907551164433,
    "unknown": 0.0
  },
  "shai": {
    "dsfb": 0.0,
    "sfb": 0.02117720496415537,
    "roll-out": 0.2144218979370102,
    "sfR": 0.09823378925716947,
    "roll-in": 0.21116903994974043,
    "alternate": 0.3458857631811416,
    "dsfb-alt": 0.05175557098902569,
    "sft": 0.0,
    "sfT": 0.00022459595254321467,
    "dsfb-red": 0.006433645092182301,
    "oneh-in": 0.004626361571113498,
    "oneh-out": 0.011385887343856097,
    "redirect": 0.016432826887760932,
    "bad-redirect": 0.002680819306713797,
    "unknown": 0.015572597567587401
  },
  "akl": {
    "dsfb": 0.0,
    "sfb": 0.027666291099986605,
    "roll-out": 0.20897349113824956,
    "sfR": 0.11790358951788564,
    "roll-in": 0.18254932085128614,
    "alternate": 0.3064680487669183,
    "dsfb-alt": 0.0429947025396659,
    "sft": 0.0,
    "sfT": 0.00032371097052452083,
    "dsfb-red": 0.011067321845280158,
    "oneh-in": 0.005922826561175922,
    "oneh-out": 0.015377974841864867,
    "redirect": 0.020273785755502993,
    "bad-redirect": 0.0020547747461083744,
    "unknown": 0.05842416136555103
  },
  "monkeyracer": {
    "dsfb": 0.0,
    "sfb": 0.019960077889172152,
    "roll-out": 0.23571640833945914,
    "sfR": 0.09690789370786869,
    "roll-in": 0.20249913977821918,
    "alternate": 0.3349302829347639,
    "dsfb-alt": 0.04656145893614026,
    "sft": 0.0,
    "sfT": 0.0001798645541705116,
    "dsfb-red": 0.00825128642257222,
    "oneh-in": 0.004680388507437008,
    "oneh-out": 0.020009931651469415,
    "redirect": 0.018671700267450773,
    "bad-redirect": 0.002264924847897149,
    "unknown": 0.009366642163379577
  },
  "tr-quotes": {
    "dsfb": 0.0,
    "sfb": 0.02008622084556529,
    "roll-out": 0.2352731097293174,
    "sfR": 0.09677191928064538,
    "roll-in": 0.20224913894731975,
    "alternate": 0.33548346085388686,
    "dsfb-alt": 0.046797346339659276,
    "sft": 0.0,
    "sfT": 0.000187235616375026,
    "dsfb-red": 0.008233744018862255,
    "oneh-in": 0.004649684473313146,
    "oneh-out": 0.019618131804627726,
    "redirect": 0.018658838214558146,
    "bad-redirect": 0.0022479831719100347,
    "unknown": 0.009743186703959687
  },
  "reddit": {
    "dsfb": 0.0,
    "sfb": 0.020561610234264283,
    "roll-out": 0.22325183911216942,
    "sfR": 0.10397777127267367,
    "roll-in": 0.19395392401052028,
    "alternate": 0.3268912201134323,
    "dsfb-alt": 0.048107604660226615,
    "sft": 0.0,
    "sfT": 0.0002899952934760236,
    "dsfb-red": 0.008398401542346449,
    "oneh-in": 0.0052217506958182735,
    "oneh-out": 0.014624123285831715,
    "redirect": 0.019001508971893268,
    "bad-redirect": 0.0025218952627047587,
    "unknown": 0.03319835554464296
  },
  "keymash": {
    "dsfb": 0.0,
    "sfb": 0.020434049086050416,
    "roll-out": 0.2391621136803044,
    "sfR": 0.099723742164827,
    "roll-in": 0.19945979894340615,
    "alternate": 0.33380402523674846,
    "dsfb-alt": 0.045876041097970964,
    "sft": 0.0,
    "sfT": 0.00018061433503138174,
    "dsfb-red": 0.008357517866452118,
    "oneh-in": 0.004449680435773132,
    "oneh-out": 0.019128700028323613,
    "redirect": 0.018570437538226615,
    "bad-redirect": 0.0022864132866472642,
    "unknown": 0.008566866300238493
  },
  "english-10k": {
    "dsfb": 0.0,
    "sfb": 0.0242179811273422,
    "roll-out": 0.16462438007757474,
    "sfR": 0.10567144593890508,
    "roll-in": 0.23936242064028096,
    "alternate": 0.3751760869145713,
    "dsfb-alt": 0.05744775284151213,
    "sft": 0.0,
    "sfT": 0.00036664672623067866,
    "dsfb-red": 0.005133054167229502,
    "oneh-in": 0.005692672854634221,
    "oneh-out": 0.00517164855946431,
    "redirect": 0.014183439146292044,
    "bad-redirect": 0.0029524710059628334,
    "unknown": 0.0
  },
  "wordle": {
    "dsfb": 0.0,
    "sfb": 0.04564119824974756,
    "roll-out": 0.19477168181308202,
    "sfR": 0.13138112868843263,
    "roll-in": 0.1793784359923707,
    "alternate": 0.3366767642768989,
    "dsfb-alt": 0.057174913048356334,
    "sft": 0.0,
    "sfT": 0.00047122181083810165,
    "dsfb-red": 0.013104454168069112,
    "oneh-in": 0.008751262201279031,
    "oneh-out": 0.0058566139347021205,
    "redirect": 0.02499719510826882,
    "bad-redirect": 0.001795130707954673,
    "unknown": 0.0
  },
  "chained-bigrams": {
    "dsfb": 0.0,
    "sfb": 0.02286656334064667,
    "roll-out": 0.2121577109152664,
    "sfR": 0.11914286586209158,
    "roll-in": 0.18150143918384998,
    "alternate": 0.3393590973106449,
    "dsfb-alt": 0.06467074733022143,
    "sft": 0.0,
    "sfT": 0.00009999292257885644,
    "dsfb-red": 0.009217529408632765,
    "oneh-in": 0.004274372787900077,
    "oneh-out": 0.005657391782010235,
    "redirect": 0.02070957315358848,
    "bad-redirect": 0.004254893647137962,
    "unknown": 0.016087822355430687
  },
  "english-450k": {
    "dsfb": 0.0,
    "sfb": 0.03968921260058902,
    "roll-out": 0.1780367900153248,
    "sfR": 0.11369548401129392,
    "roll-in": 0.20192118229481243,
    "alternate": 0.375771282364917,
    "dsfb-alt": 0.05282608149091885,
    "sft": 0.0,
    "sfT": 0.0017339053184205588,
    "dsfb-red": 0.00735601511079044,
    "oneh-in": 0.0030868835368745035,
    "oneh-out": 0.004720221762134267,
    "redirect": 0.017415940235081428,
    "bad-redirect": 0.0037470012588427417,
    "unknown": 0.0
  },
  "english-200": {
    "dsfb": 0.0,
    "sfb": 0.015590200445434299,
    "roll-out": 0.24498886414253898,
    "sfR": 0.10690423162583519,
    "roll-in": 0.1870824053452116,
    "alternate": 0.36302895322939865,
    "dsfb-alt": 0.042316258351893093,
    "sft": 0.0,
    "sfT": 0.0,
    "dsfb-red": 0.0022271714922048997,
    "oneh-in": 0.0022271714922048997,
    "oneh-out": 0.011135857461024499,
    "redirect": 0.024498886414253896,
    "bad-redirect": 0.0,
    "unknown": 0.0
  },
  "english-5k": {
    "dsfb": 0.0,
    "sfb": 0.021072717467955367,
    "roll-out": 0.17065582610859917,
    "sfR": 0.10644211224955408,
    "roll-in": 0.22810801841788692,
    "alternate": 0.3861948811548513,
    "dsfb-alt": 0.05595885012651927,
    "sft": 0.0,
    "sfT": 0.00045629900029037207,
    "dsfb-red": 0.004480026548305471,
    "oneh-in": 0.0016177873646658647,
    "oneh-out": 0.00638818600406521,
    "redirect": 0.014518604554693658,
    "bad-redirect": 0.004106691002613349,
    "unknown": 0.0
  },
  "movie": {
    "dsfb": 0.0,
    "sfb": 0.020798380399080975,
    "roll-out": 0.22956782348623994,
    "sfR": 0.11567713207251198,
    "roll-in": 0.17496380072455137,
    "alternate": 0.31774153368595415,
    "dsfb-alt": 0.04770211092144938,
    "sft": 0.0,
    "sfT": 0.0001771306907346831,
    "dsfb-red": 0.012879348864422512,
    "oneh-in": 0.004289826342176226,
    "oneh-out": 0.028162332250590182,
    "redirect": 0.021499270487381806,
    "bad-redirect": 0.0020581901954609535,
    "unknown": 0.02448311987944585
  },
  "gutenberg": {
    "dsfb": 0.0,
    "sfb": 0.02006173365719445,
    "roll-out": 0.25963882741665445,
    "sfR": 0.09863878308844841,
    "roll-in": 0.19614947016427578,
    "alternate": 0.31106693445449596,