{
  "dutch": {
    "dsfb": 0.0,
    "sfb": 0.05546806921817326,
    "roll-out": 0.14729451749111322,
    "sfR": 0.18880787437283908,
    "roll-in": 0.15421228963009453,
    "alternate": 0.22641429049873393,
    "dsfb-alt": 0.04131606435275983,
    "sft": 0.0,
    "sfT": 0.0002949974267517194,
    "dsfb-red": 0.008474308524919984,
    "oneh-in": 0.0035676363365250026,
    "oneh-out": 0.003323275472692494,
    "redirect": 0.023953550779596863,
    "bad-redirect": 0.000376205993841346,
    "unknown": 0.14649691990195873
  },
  "english-1k": {
    "dsfb": 0.0,
    "sfb": 0.019760056457304165,
    "roll-out": 0.2268877911079746,
    "sfR": 0.10832745236414962,
    "roll-in": 0.17219477769936486,
    "alternate": 0.32815808045165845,
    "dsfb-alt": 0.06633733239237827,
    "sft": 0.0,
    "sfT": 0.0,
    "dsfb-red": 0.005998588567395907,
    "oneh-in": 0.0017642907551164433,
    "oneh-out": 0.009174311926605505,
    "redirect": 0.02081863091037403,
    "bad-redirect": 0.00035285815102328866,
    "unknown": 0.04022582921665491
  },
  "shai": {
    "dsfb": 0.0,
    "sfb": 0.02340395178027968,
    "roll-out": 0.22924648094690636,
    "sfR": 0.09823378925716947,
    "roll-in": 0.17241715235136623,
    "alternate": 0.30002382623660334,
    "dsfb-alt": 0.05858380038846519,
    "sft": 0.0,
    "sfT": 0.00007985814487280752,
    "dsfb-red": 0.011287938908228892,
    "oneh-in": 0.0022879108864691435,
    "oneh-out": 0.012329044043084771,
    "redirect": 0.023103588704970503,
    "bad-redirect": 0.0006387954916239709,
    "unknown": 0.06836386285995963
  },
  "akl": {
    "dsfb": 0.0,
    "sfb": 0.02948365714962609,
    "roll-out": 0.21889292458891185,
    "sfR": 0.11790358951788564,
    "roll-in": 0.14737491777121806,
    "alternate": 0.26439039307619094,
    "dsfb-alt": 0.05651343025704448,
    "sft": 0.0,
    "sfT": 0.00012310310017841586,
    "dsfb-red": 0.011025254907675154,
    "oneh-in": 0.0020389144574089915,
    "oneh-out": 0.017509201135844487,
    "redirect": 0.02544405400874373,
    "bad-redirect": 0.0005212211282340274,
    "unknown": 0.10877933890103812
  },
  "monkeyracer": {
    "dsfb": 0.0,
    "sfb": 0.025588665405008055,
    "roll-out": 0.2501280557423714,
    "sfR": 0.09690789370786869,
    "roll-in": 0.15494647074463924,
    "alternate": 0.2902388288471464,
    "dsfb-alt": 0.0642175109873782,
    "sft": 0.0,
    "sfT": 0.00003323584153150758,
    "dsfb-red": 0.012468328198069974,
    "oneh-in": 0.0021329590065220453,
    "oneh-out": 0.022429305410012982,
    "redirect": 0.022655113627477047,
    "bad-redirect": 0.0006803572266449786,
    "unknown": 0.057573275255329466
  },
  "tr-quotes": {
    "dsfb": 0.0,
    "sfb": 0.02564665634173967,
    "roll-out": 0.249696031067243,
    "sfR": 0.09677191928064538,
    "roll-in": 0.1552772705207924,
    "alternate": 0.29082661057303344,
    "dsfb-alt": 0.06430734379695338,
    "sft": 0.0,
    "sfT": 0.000030050160652781953,
    "dsfb-red": 0.012450012713529506,
    "oneh-in": 0.0020803957375002888,
    "oneh-out": 0.022009431127343333,
    "redirect": 0.02262892674695453,
    "bad-redirect": 0.0006923094704237073,
    "unknown": 0.05758304246318855
  },
  "reddit": {
    "dsfb": 0.0,
    "sfb": 0.026333348129011572,
    "roll-out": 0.2367700322714344,
    "sfR": 0.10397777127267367,
    "roll-in": 0.15194873128931974,
    "alternate": 0.2822097701294734,
    "dsfb-alt": 0.05868108327588303,
    "sft": 0.0,
    "sfT": 0.00011802830918922118,
    "dsfb-red": 0.011935804736002961,
    "oneh-in": 0.0021395674455373893,
    "oneh-out": 0.016747808788145926,
    "redirect": 0.022426202809043793,
    "bad-redirect": 0.000439750031698336,
    "unknown": 0.08627210151258653
  },
  "keymash": {
    "dsfb": 0.0,
    "sfb": 0.025212119221880606,
    "roll-out": 0.24901790955326686,
    "sfR": 0.099723742164827,
    "roll-in": 0.15724530300107137,
    "alternate": 0.2878089428725068,
    "dsfb-alt": 0.06584213486144007,
    "sft": 0.0,
    "sfT": 0.00006567794001141154,
    "dsfb-red": 0.01335314617857011,
    "oneh-in": 0.002093484337863743,
    "oneh-out": 0.021119562584919524,
    "redirect": 0.023110425141515435,
    "bad-redirect": 0.0006690940138662551,
    "unknown": 0.05473845812826081
  },
  "english-10k": {
    "dsfb": 0.0,
    "sfb": 0.023503984870998244,
    "roll-out": 0.18917041353891278,
    "sfR": 0.10567144593890508,
    "roll-in": 0.21271299280214584,
    "alternate": 0.32376835645780666,
    "dsfb-alt": 0.054919820150132186,
    "sft": 0.0,
    "sfT": 0.00005789158835221242,
    "dsfb-red": 0.008780224233418885,
    "oneh-in": 0.0017946392389185852,
    "oneh-out": 0.004013816792420062,
    "redirect": 0.025279326913799426,
    "bad-redirect": 0.0005596186874047201,
    "unknown": 0.04976746878678528
  },
  "wordle": {
    "dsfb": 0.0,
    "sfb": 0.03709188825311343,
    "roll-out": 0.19048580724784023,
    "sfR": 0.13138112868843263,
    "roll-in": 0.1686300908784921,
    "alternate": 0.30741613373723775,
    "dsfb-alt": 0.05589588241893863,
    "sft": 0.0,
    "sfT": 0.00026926960619320093,
    "dsfb-red": 0.013800067317401549,
    "oneh-in": 0.0036800179513070794,
    "oneh-out": 0.005250757320767419,
    "redirect": 0.030270391562885673,
    "bad-redirect": 0.0023112307864916414,
    "unknown": 0.05351733423089869
  },
  "chained-bigrams": {
    "dsfb": 0.0,
    "sfb": 0.024694356048825115,
    "roll-out": 0.22478473926196132,
    "sfR": 0.11914286586209158,
    "roll-in": 0.14827067434837404,
    "alternate": 0.3097897616337545,
    "dsfb-alt": 0.060383388448479944,
    "sft": 0.0,
    "sfT": 0.00008181239120088253,
    "dsfb-red": 0.014123026357225366,
    "oneh-in": 0.004008157864151173,
    "oneh-out": 0.007230007746204976,
    "redirect": 0.022649695573495124,
    "bad-redirect": 0.0014895049636097185,
    "unknown": 0.06335200950062625
  },
  "english-450k": {
    "dsfb": 0.0,
    "sfb": 0.034966359722645314,
    "roll-out": 0.18750208296668247,
    "sfR": 0.11369548401129392,
    "roll-in": 0.1782806067469995,
    "alternate": 0.34556870398836226,
    "dsfb-alt": 0.05693091449984535,
    "sft": 0.0,
    "sfT": 0.00045225957302252645,
    "dsfb-red": 0.008348530463351187,
    "oneh-in": 0.001784188865000956,
    "oneh-out": 0.004107756470936987,
    "redirect": 0.024096927967650138,
    "bad-redirect": 0.0005335318169140987,
    "unknown": 0.043732652907295264
  },
  "english-200": {
    "dsfb": 0.0,
    "sfb": 0.015590200445434299,
    "roll-out": 0.2806236080178174,
    "sfR": 0.10690423162583519,
    "roll-in": 0.133630289532294,
    "alternate": 0.30734966592427615,
    "dsfb-alt": 0.07126948775055679,
    "sft": 0.0,
    "sfT": 0.0,
    "dsfb-red": 0.004454342984409799,
    "oneh-in": 0.0022271714922048997,
    "oneh-out": 0.015590200445434299,
    "redirect": 0.015590200445434299,
    "bad-redirect": 0.0,
    "unknown": 0.0467706013363029
  },
  "english-5k": {
    "dsfb": 0.0,
    "sfb": 0.022814950014518606,
    "roll-out": 0.18770481602853942,
    "sfR": 0.10644211224955408,
    "roll-in": 0.20384120794789895,
    "alternate": 0.332890861575476,
    "dsfb-alt": 0.05600033185381839,
    "sft": 0.0,
    "sfT": 0.00004148172729912474,
    "dsfb-red": 0.00883560791471357,
    "oneh-in": 0.0013274152735719916,
    "oneh-out": 0.004106691002613349,
    "redirect": 0.022731986559920356,
    "bad-redirect": 0.00020740863649562367,
    "unknown": 0.05305512921558054
  },
  "movie": {
    "dsfb": 0.0,
    "sfb": 0.02395791290565527,
    "roll-out": 0.24790690347785452,
    "sfR": 0.11567713207251198,
    "roll-in": 0.13048412607651966,
    "alternate": 0.27513739143342814,
    "dsfb-alt": 0.06438305814689978,
    "sft": 0.0,
    "sfT": 0.00003895296022100015,
    "dsfb-red": 0.012980152808778208,
    "oneh-in": 0.002276642607511157,
    "oneh-out": 0.035001998313178906,
    "redirect": 0.024721311967283725,
    "bad-redirect": 0.0006902306633754925,
    "unknown": 0.06674418656678215
  },
  "gutenberg": {
    "dsfb": 0.0,
    "sfb": 0.026661900437333744,