{
  "akl": {
    "bad-redirect": 0.0005212211282340274,
    "dsfb-red": 0.011025254907675154,
    "sfb": 0.02948365714962609,
    "oneh-in": 0.0020389144574089915,
    "roll-in": 0.14737491777121806,
    "unknown": 0.10877933890103812,
    "dsfb-alt": 0.05651343025704448,
    "alternate": 0.26439039307619094,
    "sfR": 0.11790358951788564,
    "sfT": 0.00012310310017841586,
    "roll-out": 0.21889292458891185,
    "oneh-out": 0.017509201135844487,
    "redirect": 0.02544405400874373,
    "sft": 0.0,
    "dsfb": 0.0
  },
  "movie": {
    "bad-redirect": 0.0006902306633754925,
    "dsfb-red": 0.012980152808778208,
    "sfb": 0.02395791290565527,
    "oneh-in": 0.002276642607511157,
    "roll-in": 0.13048412607651966,
    "unknown": 0.06674418656678215,
    "dsfb-alt": 0.06438305814689978,
    "alternate": 0.27513739143342814,
    "sfR": 0.11567713207251198,
    "sfT": 0.00003895296022100015,
    "roll-out": 0.24790690347785452,
    "oneh-out": 0.035001998313178906,
    "redirect": 0.024721311967283725,
    "sft": 0.0,
    "dsfb": 0.0
  },
  "english-450k": {
    "bad-redirect": 0.0005335318169140987,
    "dsfb-red": 0.008348530463351187,
    "sfb": 0.034966359722645314,
    "oneh-in": 0.001784188865000956,
    "roll-in": 0.1782806067469995,
    "unknown": 0.043732652907295264,
    "dsfb-alt": 0.05693091449984535,
    "alternate": 0.34556870398836226,
    "sfR": 0.11369548401129392,
    "sfT": 0.00045225957302252645,
    "roll-out": 0.18750208296668247,
    "oneh-out": 0.004107756470936987,
    "redirect": 0.024096927967650138,
    "sft": 0.0,
    "dsfb": 0.0
  },
  "monkeyracer": {
    "bad-redirect": 0.0006803572266449786,
    "dsfb-red": 0.012468328198069974,
    "sfb": 0.025588665405008055,
    "oneh-in": 0.0021329590065220453,
    "roll-in": 0.15494647074463924,
    "unknown": 0.057573275255329466,
    "dsfb-alt": 0.0642175109873782,
    "alternate": 0.2902388288471464,
    "sfR": 0.09690789370786869,
    "sfT": 0.00003323584153150758,
    "roll-out": 0.2501280557423714,
    "oneh-out": 0.022429305410012982,
    "redirect": 0.022655113627477047,
    "sft": 0.0,
    "dsfb": 0.0
  },
  "english-200": {
    "bad-redirect": 0.0,
    "dsfb-red": 0.004454342984409799,
    "sfb": 0.015590200445434299,
    "oneh-in": 0.0022271714922048997,
    "roll-in": 0.133630289532294,
    "unknown": 0.0467706013363029,
    "dsfb-alt": 0.07126948775055679,
    "alternate": 0.30734966592427615,
    "sfR": 0.10690423162583519,
    "sfT": 0.0,
    "roll-out": 0.2806236080178174,
    "oneh-out": 0.015590200445434299,
    "redirect": 0.015590200445434299,
    "sft": 0.0,
    "dsfb": 0.0
  },
  "shai": {
    "bad-redirect": 0.0006387954916239709,
    "dsfb-red": 0.011287938908228892,
    "sfb": 0.02340395178027968,
    "oneh-in": 0.0022879108864691435,
    "roll-in": 0.17241715235136623,
    "unknown": 0.06836386285995963,
    "dsfb-alt": 0.05858380038846519,
    "alternate": 0.30002382623660334,
    "sfR": 0.09823378925716947,
    "sfT": 0.00007985814487280752,
    "roll-out": 0.22924648094690636,
    "oneh-out": 0.012329044043084771,
    "redirect": 0.023103588704970503,
    "sft": 0.0,
    "dsfb": 0.0
  },
  "tr-quotes": {
    "bad-redirect": 0.0006923094704237073,
    "dsfb-red": 0.012450012713529506,
    "sfb": 0.02564665634173967,
    "oneh-in": 0.0020803957375002888,
    "roll-in": 0.1552772705207924,
    "unknown": 0.05758304246318855,
    "dsfb-alt": 0.06430734379695338,
    "alternate": 0.29082661057303344,
    "sfR": 0.09677191928064538,
    "sfT": 0.000030050160652781953,
    "roll-out": 0.249696031067243,
    "oneh-out": 0.022009431127343333,
    "redirect": 0.02262892674695453,
    "sft": 0.0,
    "dsfb": 0.0
  },
  "gutenberg": {
    "bad-redirect": 0.0008969831435366255,
    "dsfb-red": 0.01575280470621576,
    "sfb": 0.026661900437333744,
    "oneh-in": 0.0044798009246788005,
    "roll-in": 0.14968687994974622,
    "unknown": 0.07527895512735266,
    "dsfb-alt": 0.06029317993500803,
    "alternate": 0.2759726347208062,
    "sfR": 0.09863878308844841,
    "sfT": 0.000044517642815439706,
    "roll-out": 0.2566777411407049,
    "oneh-out": 0.014666574221519032,
    "redirect": 0.020949244961834174,
    "sft": 0.0,
    "dsfb": 0.0
  },
  "english-10k": {
    "bad-redirect": 0.0005596186874047201,
    "dsfb-red": 0.008780224233418885,
    "sfb": 0.023503984870998244,
    "oneh-in": 0.0017946392389185852,
    "roll-in": 0.21271299280214584,
    "unknown": 0.04976746878678528,
    "dsfb-alt": 0.054919820150132186,
    "alternate": 0.32376835645780666,
    "sfR": 0.10567144593890508,
    "sfT": 0.00005789158835221242,
    "roll-out": 0.18917041353891278,
    "oneh-out": 0.004013816792420062,
    "redirect": 0.025279326913799426,
    "sft": 0.0,
    "dsfb": 0.0
  },
  "dutch": {
    "bad-redirect": 0.000376205993841346,
    "dsfb-red": 0.008474308524919984,
    "sfb": 0.05546806921817326,
    "oneh-in": 0.0035676363365250026,
    "roll-in": 0.15421228963009453,
    "unknown": 0.14649691990195873,
    "dsfb-alt": 0.04131606435275983,
    "alternate": 0.22641429049873393,
    "sfR": 0.18880787437283908,
    "sfT": 0.0002949974267517194,
    "roll-out": 0.14729451749111322,
    "oneh-out": 0.003323275472692494,
    "redirect": 0.023953550779596863,
    "sft": 0.0,
    "dsfb": 0.0
  },
  "english-5k": {
    "bad-redirect": 0.00020740863649562367,
    "dsfb-red": 0.00883560791471357,
    "sfb": 0.022814950014518606,
    "oneh-in": 0.0013274152735719916,
    "roll-in": 0.20384120794789895,
    "unknown": 0.05305512921558054,
    "dsfb-alt": 0.05600033185381839,
    "alternate": 0.332890861575476,
    "sfR": 0.10644211224955408,
    "sfT": 0.00004148172729912474,
    "roll-out": 0.18770481602853942,
    "oneh-out": 0.004106691002613349,
    "redirect": 0.022731986559920356,
    "sft": 0.0,
    "dsfb": 0.0
  },
  "keymash": {
    "bad-redirect": 0.0006690940138662551,
    "dsfb-red": 0.01335314617857011,
    "sfb": 0.025212119221880606,
    "oneh-in": 0.002093484337863743,
    "roll-in": 0.15724530300107137,
    "unknown": 0.05473845812826081,
    "dsfb-alt": 0.06584213486144007,
    "alternate": 0.2878089428725068,
    "sfR": 0.099723742164827,
    "sfT": 0.00006567794001141154,
    "roll-out": 0.24901790955326686,
    "oneh-out": 0.021119562584919524,
    "redirect": 0.023110425141515435,
    "sft": 0.0,
    "dsfb": 0.0
  },
  "chained-bigrams": {
    "bad-redirect": 0.0014895049636097185,
    "dsfb-red": 0.014123026357225366,
    "sfb": 0.024694356048825115,
    "oneh-in": 0.004008157864151173,
    "roll-in": 0.14827067434837404,
    "unknown": 0.06335200950062625,
    "dsfb-alt": 0.060383388448479944,
    "alternate": 0.3097897616337545,
    "sfR": 0.11914286586209158,
    "sfT": 0.00008181239120088253,
    "roll-out": 0.22478473926196132,
    "oneh-out": 0.007230007746204976,
    "redirect": 0.022649695573495124,
    "sft": 0.0,
    "dsfb": 0.0
  },
  "french": {
    "bad-redirect": 0.0019002364478672552,
    "dsfb-red": 0.0071386212420923795,
    "sfb": 0.02631490988207001,
    "oneh-in": 0.001728110107163142,
    "roll-in": 0.1826127885601319,
    "unknown": 0.21950357289128042,
    "dsfb-alt": 0.042914247418138596,
    "alternate": 0.22344369150219492,
    "sfR": 0.10898279115633469,
    "sfT": 0.00008066221762998914,
    "roll-out": 0.16125923429951658,
    "oneh-out": 0.00490370550751704,
    "redirect": 0.01921742876806306,
    "sft": 0.0,
    "dsfb": 0.0
  },
  "mt-quotes": {
    "bad-redirect": 0.000700744671949893,
    "dsfb-red": 0.012395261830482543,
    "sfb": 0.02533737344760402,
    "oneh-in": 0.0020977516405493598,
    "roll-in": 0.15376340230214797,
    "unknown": 0.05246022638983517,
    "dsfb-alt": 0.06478675846571282,
    "alternate": 0.28932238438459973,
    "sfR": 0.0964592223377679,
    "sfT": 0.00001942362630138296,
    "roll-out": 0.2558494997669165,
    "oneh-out": 0.024024037484610513,
    "redirect": 0.022783913651522214,
    "sft": 0.0,
    "dsfb": 0.0
  },
  "english-1k": {
    "bad-redirect": 0.00035285815102328866,