{
  "english-200": {
    "dsfb-alt": 0.062360801781737196,
    "redirect": 0.004454342984409799,
    "dsfb": 0.0,
    "unknown": 0.0,
    "sfb": 0.024498886414253896,
    "sft": 0.0,
    "bad-redirect": 0.008908685968819599,
    "roll-out": 0.09799554565701558,
    "oneh-in": 0.017817371937639197,
    "alternate": 0.3184855233853007,
    "oneh-out": 0.0,
    "dsfb-red": 0.0022271714922048997,
    "roll-in": 0.35634743875278396,
    "sfR": 0.10690423162583519,
    "sfT": 0.0
  },
  "shai": {
    "dsfb-alt": 0.05938874478926862,
    "redirect": 0.012459051074843488,
    "dsfb": 0.0,
    "unknown": 0.023621906111313578,
    "sfb": 0.02465095105233319,
    "sft": 0.0,
    "bad-redirect": 0.0060564156980065535,
    "roll-out": 0.09826171425669727,
    "oneh-in": 0.01353690187089369,
    "alternate": 0.32682515319852135,
    "oneh-out": 0.0018858489494007523,
    "dsfb-red": 0.004216280147001223,
    "roll-in": 0.33082433437483455,
    "sfR": 0.09823378925716947,
    "sfT": 0.00003890921971629594
  },
  "wordle": {
    "dsfb-alt": 0.06615056658812969,
    "redirect": 0.02255132951868058,
    "dsfb": 0.0,
    "unknown": 0.0,
    "sfb": 0.040659710535173345,
    "sft": 0.0,
    "bad-redirect": 0.005362952990014586,
    "roll-out": 0.14448558285650173,
    "oneh-in": 0.007023448894872658,
    "alternate": 0.34771681813082017,
    "oneh-out": 0.0021990351172444743,
    "dsfb-red": 0.007988331650398294,
    "roll-in": 0.22441377762818354,
    "sfR": 0.13138112868843263,
    "sfT": 0.00006731740154830023
  },
  "english-1k": {
    "dsfb-alt": 0.05504587155963303,
    "redirect": 0.011291460832745237,
    "dsfb": 0.0,
    "unknown": 0.0,
    "sfb": 0.019054340155257588,
    "sft": 0.0,
    "bad-redirect": 0.0038814396612561752,
    "roll-out": 0.12173606210303459,
    "oneh-in": 0.010938602681721948,
    "alternate": 0.3567395906845448,
    "oneh-out": 0.0017642907551164433,
    "dsfb-red": 0.0024700070571630206,
    "roll-in": 0.30875088214537755,
    "sfR": 0.10832745236414962,
    "sfT": 0.0
  },
  "english-450k": {
    "dsfb-alt": 0.06286261891912594,
    "redirect": 0.011474003698764135,
    "dsfb": 0.0,
    "unknown": 0.00015377410175167997,
    "sfb": 0.03396244286824366,
    "sft": 0.0,
    "bad-redirect": 0.004563816544573148,
    "roll-out": 0.11020896321758568,
    "oneh-in": 0.006222296543123111,
    "alternate": 0.3846416507971404,
    "oneh-out": 0.0022367407842245313,
    "dsfb-red": 0.0046217010923808146,
    "roll-in": 0.2653234723010745,
    "sfR": 0.11369548401129392,
    "sfT": 0.0000330351207185168
  },
  "gutenberg": {
    "dsfb-alt": 0.05069536558077717,
    "redirect": 0.01198888536536482,
    "dsfb": 0.0,
    "unknown": 0.03802431837805746,
    "sfb": 0.021236999427522055,
    "sft": 0.0,
    "bad-redirect": 0.006864241648584926,
    "roll-out": 0.0929907255542257,
    "oneh-in": 0.01654313494377327,
    "alternate": 0.29163886681950424,
    "oneh-out": 0.0011250650241740273,
    "dsfb-red": 0.006104979042609256,
    "roll-in": 0.3641050646680329,
    "sfR": 0.09863878308844841,
    "sfT": 0.0000435704589257495
  },
  "mt-quotes": {
    "dsfb-alt": 0.0560267030037891,
    "redirect": 0.012245849320471904,
    "dsfb": 0.0,
    "unknown": 0.008869126594231481,
    "sfb": 0.027940139371989338,
    "sft": 0.0,
    "bad-redirect": 0.00820872329998446,
    "roll-out": 0.09140609124920811,
    "oneh-in": 0.024439404262440085,
    "alternate": 0.31606124717610357,
    "oneh-out": 0.0010160050680723396,
    "dsfb-red": 0.004065514397389464,
    "roll-in": 0.3532470326675512,
    "sfR": 0.0964592223377679,
    "sfT": 0.000014941251001063817
  },
  "chained-bigrams": {
    "dsfb-alt": 0.0681289441201889,
    "redirect": 0.015281385927879131,
    "dsfb": 0.0,
    "unknown": 0.02365222201805197,
    "sfb": 0.026652659000109734,
    "sft": 0.0,
    "bad-redirect": 0.007779968820388687,
    "roll-out": 0.08574912554890596,
    "oneh-in": 0.011977074349932375,
    "alternate": 0.32237913030830934,
    "oneh-out": 0.003036148740121641,
    "dsfb-red": 0.00886950209368298,
    "roll-in": 0.3072237094906919,
    "sfR": 0.11914286586209158,
    "sfT": 0.00012726371964581727
  },
  "english-5k": {
    "dsfb-alt": 0.06043887667482474,
    "redirect": 0.011283029825361928,
    "dsfb": 0.0,
    "unknown": 0.002157049819554486,
    "sfb": 0.023769029742398473,
    "sft": 0.0,
    "bad-redirect": 0.0038578006388186002,
    "roll-out": 0.11594142780105364,
    "oneh-in": 0.007134857095449454,
    "alternate": 0.37437258887460073,
    "oneh-out": 0.0026548305471439833,
    "dsfb-red": 0.004314099639108972,
    "roll-in": 0.2876342970921309,
    "sfR": 0.10644211224955408,
    "sfT": 0.0
  },
  "dutch": {
    "dsfb-alt": 0.05074794901299764,
    "redirect": 0.008269377477609906,
    "dsfb": 0.0,
    "unknown": 0.07325982807452426,
    "sfb": 0.04700182955065896,
    "sft": 0.0,
    "bad-redirect": 0.004136239752506268,
    "roll-out": 0.07989124542957503,
    "oneh-in": 0.008166131964405653,
    "alternate": 0.28937201660721473,
    "oneh-out": 0.002687700540244072,
    "dsfb-red": 0.004567744315767885,
    "roll-in": 0.24298171679393527,
    "sfR": 0.18880787437283908,
    "sfT": 0.00011034610772125461
  },
  "french": {
    "dsfb-alt": 0.03378413535084162,
    "redirect": 0.016268433672622533,
    "dsfb": 0.0,
    "unknown": 0.15822391385155302,
    "sfb": 0.0321708760164035,
    "sft": 0.0,
    "bad-redirect": 0.0013708681719129393,
    "roll-out": 0.11918444924732217,
    "oneh-in": 0.007580989982798303,
    "alternate": 0.26741207604787137,
    "oneh-out": 0.002999528836166002,
    "dsfb-red": 0.011723168647423005,
    "roll-in": 0.23952612565180922,
    "sfR": 0.10898279115633469,
    "sfT": 0.0007726433669416418
  },
  "movie": {
    "dsfb-alt": 0.05069819891250178,
    "redirect": 0.014303105880067784,
    "dsfb": 0.0,
    "unknown": 0.030451476652766863,
    "sfb": 0.027483682197010122,
    "sft": 0.0,
    "bad-redirect": 0.0070514069848711175,
    "roll-out": 0.08158302724772727,
    "oneh-in": 0.03355047415359231,
    "alternate": 0.31026717124787256,
    "oneh-out": 0.0007243145035688676,
    "dsfb-red": 0.00537432412995076,
    "roll-in": 0.32280502372116837,
    "sfR": 0.11567713207251198,
    "sfT": 0.00003066229639017917
  },
  "akl": {
    "dsfb-alt": 0.05156495822858418,
    "redirect": 0.016961277724682984,
    "dsfb": 0.0,
    "unknown": 0.06692211644153111,
    "sfb": 0.027614931024471805,
    "sft": 0.0,
    "bad-redirect": 0.00952868797868179,
    "roll-out": 0.10168384224415154,
    "oneh-in": 0.01864643339899245,
    "alternate": 0.29096418288350206,
    "oneh-out": 0.0014917964515330023,
    "dsfb-red": 0.004803127351551105,
    "roll-in": 0.29179368837333036,
    "sfR": 0.11790358951788564,
    "sfT": 0.00012136838110192082
  },
  "keymash": {
    "dsfb-alt": 0.05593708053346907,
    "redirect": 0.01233513810839323,
    "dsfb": 0.0,
    "unknown": 0.013394194891077241,
    "sfb": 0.02706341615595227,
    "sft": 0.0,
    "bad-redirect": 0.007491390032551629,
    "roll-out": 0.09316826277743799,
    "oneh-in": 0.02200621477507358,
    "alternate": 0.31702741643508353,
    "oneh-out": 0.0011534688214504152,
    "dsfb-red": 0.004691867839565212,
    "roll-in": 0.3459708636238624,
    "sfR": 0.099723742164827,
    "sfT": 0.00003694384125641899
  },
  "reddit": {
    "dsfb-alt": 0.054669506687740205,
    "redirect": 0.013159987916238482,
    "dsfb": 0.0,
    "unknown": 0.041217725522189115,
    "sfb": 0.02956022936672437,
    "sft": 0.0,
    "bad-redirect": 0.008184182595899874,
    "roll-out": 0.09921367525209307,
    "oneh-in": 0.017010085595807915,
    "alternate": 0.3089631656908074,
    "oneh-out": 0.001488108114081047,
    "dsfb-red": 0.004408999742854858,
    "roll-in": 0.3180814987160535,
    "sfR": 0.10397777127267367,
    "sfT": 0.00006506352683645738
  },
  "english-10k": {
    "dsfb-alt": 0.062079079909689125,
    "redirect": 0.014434302695818298,
    "dsfb": 0.0,
    "unknown": 0.0,
    "sfb": 0.02605121475849559,
    "sft": 0.0,