{
  "english-1k": {
    "sfb": 0.0187014820042343,
    "unknown": 0.0,
    "outoneh": 0.0045871559633027525,
    "red-sfs": 0.0,
    "alt-sfs": 0.07868736767819337,
    "sft": 0.0,
    "inroll": 0.13267466478475654,
    "bad-red-sfs": 0.0024700070571630206,
    "red": 0.011644318983768526,
    "sfr": 0.10832745236414962,
    "outroll": 0.2861679604798871,
    "inoneh": 0.0067043048694424845,
    "bad-red": 0.0028228652081863093,
    "alt": 0.34721242060691604
  },
  "shai": {
    "sfb": 0.030742846787854845,
    "unknown": 0.015546460696927484,
    "outoneh": 0.005132626524437916,
    "red-sfs": 0.001747241869277407,
    "alt-sfs": 0.07208629819549156,
    "sft": 0.00011437058018666517,
    "inroll": 0.10241995762366808,
    "bad-red-sfs": 0.002576871737438898,
    "red": 0.01073933555298698,
    "sfr": 0.09823378925716947,
    "outroll": 0.31426833946767324,
    "inoneh": 0.010015948406521731,
    "bad-red": 0.004970069354629458,
    "alt": 0.33140584394573624
  },
  "chained-bigrams": {
    "sfb": 0.030689386270712007,
    "unknown": 0.01607548556628135,
    "outoneh": 0.005641159164708472,
    "red-sfs": 0.004484098203438847,
    "alt-sfs": 0.07609721130127803,
    "sft": 0.00018245461847180946,
    "inroll": 0.0872029187544518,
    "bad-red-sfs": 0.0029705689662225206,
    "red": 0.015131396544010845,
    "sfr": 0.11914286586209158,
    "outroll": 0.2952342983516102,
    "inoneh": 0.0067735465476794175,
    "bad-red": 0.0033997593676811187,
    "alt": 0.33697485048136205
  },
  "english-200": {
    "sfb": 0.015590200445434299,
    "unknown": 0.0,
    "outoneh": 0.0022271714922048997,
    "red-sfs": 0.0,
    "alt-sfs": 0.0801781737193764,
    "sft": 0.0,
    "inroll": 0.0935412026726058,
    "bad-red-sfs": 0.0,
    "red": 0.011135857461024499,
    "sfr": 0.10690423162583519,
    "outroll": 0.34966592427616927,
    "inoneh": 0.013363028953229399,
    "bad-red": 0.004454342984409799,
    "alt": 0.32293986636971045
  },
  "english-450k": {
    "sfb": 0.03662688614460262,
    "unknown": 0.0,
    "outoneh": 0.004736008456990904,
    "red-sfs": 0.0015219543226601634,
    "alt-sfs": 0.07572526707287197,
    "sft": 0.00004034377574473733,
    "inroll": 0.11760035221870302,
    "bad-red-sfs": 0.0020063719777980603,
    "red": 0.010301987778759411,
    "sfr": 0.11369548401129392,
    "outroll": 0.24806130616774474,
    "inoneh": 0.003666313707353267,
    "bad-red": 0.002629069386032049,
    "alt": 0.38338865497944513
  },
  "english-5k": {
    "sfb": 0.027294976562824078,
    "unknown": 0.0,
    "outoneh": 0.005060770730493218,
    "red-sfs": 0.0007051893640851205,
    "alt-sfs": 0.077819720413158,
    "sft": 0.00004148172729912474,
    "inroll": 0.12353258389679346,
    "bad-red-sfs": 0.003442983365827353,
    "red": 0.01086821255237068,
    "sfr": 0.10644211224955408,
    "outroll": 0.26635417098767994,
    "inoneh": 0.0037333554569212264,
    "bad-red": 0.00236445845605011,
    "alt": 0.37233998423694364
  },
  "monkeyracer": {
    "sfb": 0.03496997043965153,
    "unknown": 0.009365664638628651,
    "outoneh": 0.004281558409058917,
    "red-sfs": 0.0018543644525079374,
    "alt-sfs": 0.07212275364812237,
    "sft": 0.00003910099003706774,
    "inroll": 0.09255595351674305,
    "bad-red-sfs": 0.002218981184603594,
    "red": 0.010298223251012716,
    "sfr": 0.09690789370786869,
    "outroll": 0.3332802211551997,
    "inoneh": 0.019267012840765128,
    "bad-red": 0.006254203356428985,
    "alt": 0.31658409840937174
  },
  "tr-quotes": {
    "sfb": 0.03491481935230346,
    "unknown": 0.009742030928549965,
    "outoneh": 0.004282147893021428,
    "red-sfs": 0.0018376829014585885,
    "alt-sfs": 0.07210536048635029,
    "sft": 0.00003467326229167148,
    "inroll": 0.09262268555974203,
    "bad-red-sfs": 0.0022364254178128106,
    "red": 0.0103222301842306,
    "sfr": 0.09677191928064538,
    "outroll": 0.3326911074639976,
    "inoneh": 0.018891149071912347,
    "bad-red": 0.00631053373708421,
    "alt": 0.3172372344605996
  },
  "movie": {
    "sfb": 0.0325859935946068,
    "unknown": 0.024481409107544254,
    "outoneh": 0.0022884864129837585,
    "red-sfs": 0.003333241653505786,
    "alt-sfs": 0.06509566044283462,
    "sft": 0.0000496123851463414,
    "inroll": 0.08545292488698049,
    "bad-red-sfs": 0.002413372761800411,
    "red": 0.013226240766931147,
    "sfr": 0.11567713207251198,
    "outroll": 0.31088054877351473,
    "inoneh": 0.030951943232903567,
    "bad-red": 0.00639907649900795,
    "alt": 0.30716435740972814
  },
  "gutenberg": {
    "sfb": 0.03303531139428121,
    "unknown": 0.025597834055655768,
    "outoneh": 0.003427479623232981,
    "red-sfs": 0.0018540177456796102,
    "alt-sfs": 0.06662320986980769,
    "sft": 0.000053800044934403725,
    "inroll": 0.09343609141915804,
    "bad-red-sfs": 0.002889479173888944,
    "red": 0.011587279396136171,
    "sfr": 0.09863878308844841,
    "outroll": 0.35173124376989795,
    "inoneh": 0.012433114609629526,
    "bad-red": 0.005946420459475116,
    "alt": 0.29274593534977417
  },
  "keymash": {
    "sfb": 0.034160738548435425,
    "unknown": 0.008566866300238493,
    "outoneh": 0.004228017388234618,
    "red-sfs": 0.0018964505178295083,
    "alt-sfs": 0.07330068592398599,
    "sft": 0.00006157306876069832,
    "inroll": 0.09516323020528461,
    "bad-red-sfs": 0.0025162860766872047,
    "red": 0.010799916260626485,
    "sfr": 0.099723742164827,
    "outroll": 0.33103323714251703,
    "inoneh": 0.018192789383160997,
    "bad-red": 0.006083419193556994,
    "alt": 0.31427304782585497
  },
  "english-10k": {
    "sfb": 0.030914108180081435,
    "unknown": 0.0,
    "outoneh": 0.007699581250844252,
    "red-sfs": 0.0013893981204530983,
    "alt-sfs": 0.07471874336658883,
    "sft": 0.00003859439223480828,
    "inroll": 0.11582177109665966,
    "bad-red-sfs": 0.003126145771019471,
    "red": 0.010131027961637173,
    "sfr": 0.10567144593890508,
    "outroll": 0.27797611007120665,
    "inoneh": 0.0029717682020802376,
    "bad-red": 0.0021419887690318595,
    "alt": 0.3673993168792574
  },
  "mt-quotes": {
    "sfb": 0.03486391508588231,
    "unknown": 0.00522794372527223,
    "outoneh": 0.004337445165608826,
    "red-sfs": 0.0018243267472298921,
    "alt-sfs": 0.07214233633353653,
    "sft": 0.00003137662710223402,
    "inroll": 0.09109531322838599,
    "bad-red-sfs": 0.0020678691385472322,
    "red": 0.01001810879621329,
    "sfr": 0.0964592223377679,
    "outroll": 0.34064408744815383,
    "inoneh": 0.02063835000776945,
    "bad-red": 0.006505420685863186,
    "alt": 0.3141442846726671
  }
}