{
  "english-1k": {
    "sfb": 0.010232886379675371,
    "unknown": 0.0,
    "outoneh": 0.02081863091037403,
    "red-sfs": 0.007410021171489062,
    "alt-sfs": 0.02858151023288638,
    "sft": 0.0,
    "inroll": 0.2455892731122089,
    "bad-red-sfs": 0.0007057163020465773,
    "red": 0.05857445306986592,
    "sfr": 0.10832745236414962,
    "outroll": 0.2784050811573747,
    "inoneh": 0.0007057163020465773,
    "bad-red": 0.0014114326040931546,
    "alt": 0.2392378263937897
  },
  "shai": {
    "sfb": 0.011792736976616229,
    "unknown": 0.024097749651430984,
    "outoneh": 0.014614981021063385,
    "red-sfs": 0.00691342096764555,
    "alt-sfs": 0.03494281316174314,
    "sft": 0.00005225051886700439,
    "inroll": 0.24962629267783676,
    "bad-red-sfs": 0.0007152941216540703,
    "red": 0.055561545228203946,
    "sfr": 0.09823378925716947,
    "outroll": 0.2512823748085309,
    "inoneh": 0.0016988269255361213,
    "bad-red": 0.003653456909809876,
    "alt": 0.24681446777389257
  },
  "chained-bigrams": {
    "sfb": 0.012921163372202877,
    "unknown": 0.023159399756770463,
    "outoneh": 0.013709419268376459,
    "red-sfs": 0.01253222986165265,
    "alt-sfs": 0.045322766115904786,
    "sft": 0.000051295070673569206,
    "inroll": 0.21767615149317354,
    "bad-red-sfs": 0.0022719171175546666,
    "red": 0.06508500372376241,
    "sfr": 0.11914286586209158,
    "outroll": 0.21573992490141933,
    "inoneh": 0.002519951509925596,
    "bad-red": 0.0038769983163529334,
    "alt": 0.26599091363013916
  },
  "english-200": {
    "sfb": 0.0,
    "unknown": 0.0,
    "outoneh": 0.0200445434298441,
    "red-sfs": 0.011135857461024499,
    "alt-sfs": 0.0400890868596882,
    "sft": 0.0,
    "inroll": 0.267260579064588,
    "bad-red-sfs": 0.0,
    "red": 0.060133630289532294,
    "sfr": 0.10690423162583519,
    "outroll": 0.24498886414253898,
    "inoneh": 0.0,
    "bad-red": 0.0022271714922048997,
    "alt": 0.24721603563474387
  },
  "english-450k": {
    "sfb": 0.022301922293210378,
    "unknown": 0.00015377410175167997,
    "outoneh": 0.01289626796686665,
    "red-sfs": 0.009898842367513087,
    "alt-sfs": 0.037128844571803446,
    "sft": 0.00024177030826737515,
    "inroll": 0.21908979764380657,
    "bad-red-sfs": 0.0014158326516794412,
    "red": 0.06117665837767738,
    "sfr": 0.11369548401129392,
    "outroll": 0.2505091209091265,
    "inoneh": 0.0019978939379676442,
    "bad-red": 0.003113487041169946,
    "alt": 0.266380303817866
  },
  "english-5k": {
    "sfb": 0.01244451818973742,
    "unknown": 0.002157049819554486,
    "outoneh": 0.01252748164433567,
    "red-sfs": 0.00779856473223545,
    "alt-sfs": 0.03592317584104202,
    "sft": 0.00004148172729912474,
    "inroll": 0.21574646368274775,
    "bad-red-sfs": 0.00078815281868337,
    "red": 0.05239142157879454,
    "sfr": 0.10644211224955408,
    "outroll": 0.28809059609242127,
    "inoneh": 0.001244451818973742,
    "bad-red": 0.0029866843655369808,
    "alt": 0.2614178454390841
  },
  "monkeyracer": {
    "sfb": 0.01348104384003003,
    "unknown": 0.013491796612290222,
    "outoneh": 0.017255266903357994,
    "red-sfs": 0.007516187809875346,
    "alt-sfs": 0.03239321519620877,
    "sft": 0.000026393168275020725,
    "inroll": 0.27266879897399005,
    "bad-red-sfs": 0.0007624693057228209,
    "red": 0.056150976742731125,
    "sfr": 0.09690789370786869,
    "outroll": 0.23297542893786072,
    "inoneh": 0.0012219059386583669,
    "bad-red": 0.0029521247477986142,
    "alt": 0.2521964981153323
  },
  "tr-quotes": {
    "sfb": 0.013657798016689397,
    "unknown": 0.013894731975682485,
    "outoneh": 0.01711818959339821,
    "red-sfs": 0.007533344120570491,
    "alt-sfs": 0.032496937195164236,
    "sft": 0.00002542705901389242,
    "inroll": 0.27206375257160026,
    "bad-red-sfs": 0.000758188668777883,
    "red": 0.05588867571253554,
    "sfr": 0.09677191928064538,
    "outroll": 0.23294768960495596,
    "inoneh": 0.0012551720949585076,
    "bad-red": 0.0029691870275768014,
    "alt": 0.25261898707843095
  },
  "movie": {
    "sfb": 0.01983429463361122,
    "unknown": 0.030282373430185833,
    "outoneh": 0.01862254173592551,
    "red-sfs": 0.009579138268401425,
    "alt-sfs": 0.035330071724769964,
    "sft": 0.000023556013106618333,
    "inroll": 0.26803492448718624,
    "bad-red-sfs": 0.0009122362170674764,
    "red": 0.05305801135399832,
    "sfr": 0.11567713207251198,
    "outroll": 0.1968651026088087,
    "inoneh": 0.0012053046035950688,
    "bad-red": 0.002274537042093806,
    "alt": 0.2483007758087378
  },
  "gutenberg": {
    "sfb": 0.00935722964624955,
    "unknown": 0.03298207965968062,
    "outoneh": 0.019512745874730005,
    "red-sfs": 0.009908111796493374,
    "alt-sfs": 0.030303254182858775,
    "sft": 0.000015344379012981343,
    "inroll": 0.27012528969619265,
    "bad-red-sfs": 0.0009746522224912225,
    "red": 0.05907851131486931,
    "sfr": 0.09863878308844841,
    "outroll": 0.23129359177056327,
    "inoneh": 0.0010888825995878613,
    "bad-red": 0.003215878742276189,
    "alt": 0.23350564502654578
  },
  "keymash": {
    "sfb": 0.013037071092265191,
    "unknown": 0.012376186820900362,
    "outoneh": 0.01778640712934039,
    "red-sfs": 0.007294356212517394,
    "alt-sfs": 0.03263783131442082,
    "sft": 0.00002052435625356611,
    "inroll": 0.26959973400434295,
    "bad-red-sfs": 0.0007265622113762402,
    "red": 0.05664311838859174,
    "sfr": 0.099723742164827,
    "outroll": 0.23407207332942,
    "inoneh": 0.001428495195248201,
    "bad-red": 0.003066338824282776,
    "alt": 0.2515875589562133
  },
  "english-10k": {
    "sfb": 0.013392254105478474,
    "unknown": 0.0,
    "outoneh": 0.011520426082090272,
    "red-sfs": 0.007043476582852512,
    "alt-sfs": 0.03710850813376816,
    "sft": 0.00003859439223480828,
    "inroll": 0.22211072731132167,
    "bad-red-sfs": 0.0007911850408135698,
    "red": 0.05210242951699118,
    "sfr": 0.10567144593890508,
    "outroll": 0.2854441249686421,
    "inoneh": 0.002450743906910326,
    "bad-red": 0.005017270990525077,
    "alt": 0.25730881302946684
  },
  "mt-quotes": {
    "sfb": 0.013027276747827542,
    "unknown": 0.007995063410669249,
    "outoneh": 0.01745885179474307,
    "red-sfs": 0.007555790631237972,
    "alt-sfs": 0.03233734954160242,
    "sft": 0.000013447125900957435,
    "inroll": 0.2783510237745186,
    "bad-red-sfs": 0.0007261447986517015,
    "red": 0.056301622022208675,
    "sfr": 0.0964592223377679,
    "outroll": 0.2317656972783017,
    "inoneh": 0.0010966878234780842,
    "bad-red": 0.0029314734464087207,
    "alt": 0.2539803492666834
  }
}