{
  "monkeyracer": {
    "dsfb-alt": 0.03875494627523969,
    "redirect": 0.034173287767646277,
    "dsfb": 0.0,
    "unknown": 0.03912933825484461,
    "sfb": 0.014539703145283639,
    "sft": 0.0,
    "bad-redirect": 0.002452609600075074,
    "roll-out": 0.23913187981919704,
    "oneh-in": 0.005562115832772886,
    "alternate": 0.31572778672755997,
    "oneh-out": 0.012264025525126296,
    "dsfb-red": 0.01140575879381266,
    "roll-in": 0.1899496770258223,
    "sfR": 0.09690789370786869,
    "sfT": 9.775247509266934e-7
  },
  "akl": {
    "dsfb-alt": 0.04232528683889701,
    "redirect": 0.03021391192657777,
    "dsfb": 0.0,
    "unknown": 0.08788458567040264,
    "sfb": 0.018348371489098965,
    "sft": 0.0,
    "bad-redirect": 0.0029615371890934247,
    "roll-out": 0.20838758977016336,
    "oneh-in": 0.005690931793200174,
    "alternate": 0.28671740472148405,
    "oneh-out": 0.010913179664483028,
    "dsfb-red": 0.01122784531410868,
    "roll-in": 0.17725824180521807,
    "sfR": 0.11790358951788564,
    "sfT": 0.00016752429938723528
  },
  "english-200": {
    "dsfb-alt": 0.0556792873051225,
    "redirect": 0.022271714922048998,
    "dsfb": 0.0,
    "unknown": 0.0,
    "sfb": 0.015590200445434299,
    "sft": 0.0,
    "bad-redirect": 0.0022271714922048997,
    "roll-out": 0.22717149220489977,
    "oneh-in": 0.011135857461024499,
    "alternate": 0.32293986636971045,
    "oneh-out": 0.013363028953229399,
    "dsfb-red": 0.008908685968819599,
    "roll-in": 0.21380846325167038,
    "sfR": 0.10690423162583519,
    "sfT": 0.0
  },
  "keymash": {
    "dsfb-alt": 0.03936571529433979,
    "redirect": 0.034784678978543836,
    "dsfb": 0.0,
    "unknown": 0.03457533054475746,
    "sfb": 0.01492120699634256,
    "sft": 0.0,
    "bad-redirect": 0.002413664295419374,
    "roll-out": 0.23981889308041854,
    "oneh-in": 0.005718085652243517,
    "alternate": 0.3130333767081396,
    "oneh-out": 0.0122325163271254,
    "dsfb-red": 0.01103389392191714,
    "roll-in": 0.19237889603592584,
    "sfR": 0.099723742164827,
    "sfT": 0.0
  },
  "chained-bigrams": {
    "dsfb-alt": 0.05382800827733621,
    "redirect": 0.044718912752279225,
    "dsfb": 0.0,
    "unknown": 0.033665798979163164,
    "sfb": 0.016773488110257133,
    "sft": 0.0,
    "bad-redirect": 0.003950369746556899,
    "roll-out": 0.20552376487638213,
    "oneh-in": 0.0067248486957741304,
    "alternate": 0.30820351027102627,
    "oneh-out": 0.008233183495453893,
    "dsfb-red": 0.021778977981428586,
    "roll-in": 0.17742575363172347,
    "sfR": 0.11914286586209158,
    "sfT": 0.000030517320527313326
  },
  "reddit": {
    "dsfb-alt": 0.03992675577410708,
    "redirect": 0.03343145302737369,
    "dsfb": 0.0,
    "unknown": 0.06027830483479689,
    "sfb": 0.014808114099775687,
    "sft": 0.0,
    "bad-redirect": 0.0027331176160903564,
    "roll-out": 0.22289138642434717,
    "oneh-in": 0.0050250992761916745,
    "alternate": 0.30364968178991,
    "oneh-out": 0.011288990123791132,
    "dsfb-red": 0.011988245114570053,
    "roll-in": 0.18995703072837625,
    "sfR": 0.10397777127267367,
    "sfT": 0.00004404991799635802
  },
  "english-5k": {
    "dsfb-alt": 0.04384618575517484,
    "redirect": 0.04251877048160285,
    "dsfb": 0.0,
    "unknown": 0.0022400132741527356,
    "sfb": 0.015804538100966523,
    "sft": 0.0,
    "bad-redirect": 0.002820757456340482,
    "roll-out": 0.19280706848633178,
    "oneh-in": 0.0053926245488862155,
    "alternate": 0.3163396523831252,
    "oneh-out": 0.007425229186543328,
    "dsfb-red": 0.01709047164723939,
    "roll-in": 0.24727257643008255,
    "sfR": 0.10644211224955408,
    "sfT": 0.0
  },
  "english-1k": {
    "dsfb-alt": 0.04128440366972477,
    "redirect": 0.040578687367678196,
    "dsfb": 0.0,
    "unknown": 0.0,
    "sfb": 0.01587861679604799,
    "sft": 0.0,
    "bad-redirect": 0.0014114326040931546,
    "roll-out": 0.21347918136908964,
    "oneh-in": 0.007410021171489062,
    "alternate": 0.3172194777699365,
    "oneh-out": 0.008468595624558928,
    "dsfb-red": 0.014467184191954835,
    "roll-in": 0.23147494707127736,
    "sfR": 0.10832745236414962,
    "sfT": 0.0
  },
  "movie": {
    "dsfb-alt": 0.04238226829667259,
    "redirect": 0.027779645735986572,
    "dsfb": 0.0,
    "unknown": 0.08496732886260383,
    "sfb": 0.012950674892935289,
    "sft": 0.0,
    "bad-redirect": 0.0017382758498621315,
    "roll-out": 0.23040360135908983,
    "oneh-in": 0.004796214825049228,
    "alternate": 0.289289422994801,
    "oneh-out": 0.013607479705310328,
    "dsfb-red": 0.010147246137570539,
    "roll-in": 0.16625584014757908,
    "sfR": 0.11567713207251198,
    "sfT": 4.8691200276250184e-6
  },
  "mt-quotes": {
    "dsfb-alt": 0.03896528848567433,
    "redirect": 0.03360586175159274,
    "dsfb": 0.0,
    "unknown": 0.03468910244916987,
    "sfb": 0.013811692425383392,
    "sft": 0.0,
    "bad-redirect": 0.0024922006669774446,
    "roll-out": 0.24434174824589713,
    "oneh-in": 0.005620898626600208,
    "alternate": 0.3191600626337242,
    "oneh-out": 0.012588003968396266,
    "dsfb-red": 0.010790571472968288,
    "roll-in": 0.18747534693584825,
    "sfR": 0.0964592223377679,
    "sfT": 0.0
  },
  "english-10k": {
    "dsfb-alt": 0.04118021651454044,
    "redirect": 0.04324501649910268,
    "dsfb": 0.0,
    "unknown": 0.0,
    "sfb": 0.017000829779433048,
    "sft": 0.0,
    "bad-redirect": 0.0019683140039752226,
    "roll-out": 0.18529167711931457,
    "oneh-in": 0.00582775322745605,
    "alternate": 0.3205264275100828,
    "oneh-out": 0.006657532660504429,
    "dsfb-red": 0.016749966229906793,
    "roll-in": 0.2558808205167789,
    "sfR": 0.10567144593890508,
    "sfT": 0.0
  },
  "gutenberg": {
    "dsfb-alt": 0.04410410232920096,
    "redirect": 0.033911645929022585,
    "dsfb": 0.0,
    "unknown": 0.04011588984327138,
    "sfb": 0.014522602270286122,
    "sft": 0.0,
    "bad-redirect": 0.0021269961426883277,
    "roll-out": 0.24553923747150397,
    "oneh-in": 0.005627030051871579,
    "alternate": 0.31045334873075464,
    "oneh-out": 0.01040651995924836,
    "dsfb-red": 0.01161247448760193,
    "roll-in": 0.18294004363865615,
    "sfR": 0.09863878308844841,
    "sfT": 1.326057445566289e-6
  },
  "dutch": {
    "dsfb-alt": 0.028841305980074082,
    "redirect": 0.03248165168722139,
    "dsfb": 0.0,
    "unknown": 0.07489958127650687,
    "sfb": 0.035836126741882524,
    "sft": 0.0,
    "bad-redirect": 0.0008707910912211584,
    "roll-out": 0.18174859240575636,
    "oneh-in": 0.005059442555275887,
    "alternate": 0.2718170338887349,
    "oneh-out": 0.0067232050907389635,
    "dsfb-red": 0.01652790682470773,
    "roll-in": 0.15614684302009227,
    "sfR": 0.18880787437283908,
    "sfT": 0.00023964506494874357
  },
  "wordle": {
    "dsfb-alt": 0.050218781555031976,
    "redirect": 0.04483338943116796,
    "dsfb": 0.0,
    "unknown": 0.0,
    "sfb": 0.029911365421294737,
    "sft": 0.0,
    "bad-redirect": 0.0025356221249859755,
    "roll-out": 0.19223605968809604,
    "oneh-in": 0.006462470548636822,
    "alternate": 0.3071917423987434,
    "oneh-out": 0.007853696847301694,
    "dsfb-red": 0.02158644676315494,
    "roll-in": 0.20572197913160553,
    "sfR": 0.13138112868843263,
    "sfT": 0.00006731740154830023
  },
  "english-450k": {
    "dsfb-alt": 0.04598459569397433,
    "redirect": 0.0440963315814,
    "dsfb": 0.0,
    "unknown": 0.0001543587941537776,
    "sfb": 0.02660145787203539,
    "sft": 0.0,
    "bad-redirect": 0.004881012172711119,
    "roll-out": 0.18545332078973234,
    "oneh-in": 0.005649882681469519,
    "alternate": 0.3250866367966808,
    "oneh-out": 0.007283513252930332,
    "dsfb-red": 0.01760391884235582,
    "roll-in": 0.22348668450758083,
    "sfR": 0.11369548401129392,
    "sfT": 0.000022803003681808054
  },
  "shai": {
    "dsfb-alt": 0.039911806542724824,
    "redirect": 0.03775524184946091,
    "dsfb": 0.0,
    "unknown": 0.031793109309943265,
    "sfb": 0.01610414403122584,
    "sft": 0.0,
    "bad-redirect": 0.0021481504245219195,