{
  "english-1k": {
    "sfb": 0.020112914608327453,
    "unknown": 0.0,
    "outoneh": 0.008821453775582216,
    "red-sfs": 0.00035285815102328866,
    "alt-sfs": 0.056810162314749474,
    "sft": 0.0014114326040931546,
    "inroll": 0.3383909668313338,
    "bad-red-sfs": 0.0007057163020465773,
    "red": 0.008468595624558928,
    "sfr": 0.10832745236414962,
    "outroll": 0.0995059985885674,
    "inoneh": 0.0024700070571630206,
    "bad-red": 0.0038814396612561752,
    "alt": 0.3507410021171489
  },
  "shai": {
    "sfb": 0.02800307728463265,
    "unknown": 0.024097749651430984,
    "outoneh": 0.011312403762285065,
    "red-sfs": 0.002023778707983229,
    "alt-sfs": 0.05993019949944777,
    "sft": 0.0004678356642999375,
    "inroll": 0.34197595748495263,
    "bad-red-sfs": 0.0017310558196550507,
    "red": 0.01178627339391194,
    "sfr": 0.09823378925716947,
    "outroll": 0.08772460369336083,
    "inoneh": 0.0022232866706526715,
    "bad-red": 0.005326046334057152,
    "alt": 0.3251639427761606
  },
  "chained-bigrams": {
    "sfb": 0.029556349583048994,
    "unknown": 0.023159399756770463,
    "outoneh": 0.007468302568194848,
    "red-sfs": 0.004228921459455142,
    "alt-sfs": 0.06711732740994306,
    "sft": 0.0002830968457427364,
    "inroll": 0.3122116681351774,
    "bad-red-sfs": 0.004939260792580265,
    "red": 0.015145681247236397,
    "sfr": 0.11914286586209158,
    "outroll": 0.07840548948158864,
    "inoneh": 0.005989835784350328,
    "bad-red": 0.0077001043432640155,
    "alt": 0.3246516967305561
  },
  "english-200": {
    "sfb": 0.026726057906458798,
    "unknown": 0.0,
    "outoneh": 0.013363028953229399,
    "red-sfs": 0.0,
    "alt-sfs": 0.066815144766147,
    "sft": 0.0,
    "inroll": 0.39420935412026725,
    "bad-red-sfs": 0.0022271714922048997,
    "red": 0.0,
    "sfr": 0.10690423162583519,
    "outroll": 0.0645879732739421,
    "inoneh": 0.004454342984409799,
    "bad-red": 0.0066815144766146995,
    "alt": 0.31403118040089084
  },
  "english-450k": {
    "sfb": 0.03726040036227541,
    "unknown": 0.00015377410175167997,
    "outoneh": 0.00444190817873579,
    "red-sfs": 0.002529964023876499,
    "alt-sfs": 0.06302282463730069,
    "sft": 0.0008323096343859941,
    "inroll": 0.28197726599002165,
    "bad-red-sfs": 0.0018306719109677187,
    "red": 0.013021976833317643,
    "sfr": 0.11369548401129392,
    "outroll": 0.09665900914517386,
    "inoneh": 0.001992339360147717,
    "bad-red": 0.003983801681692287,
    "alt": 0.37859827012905917
  },
  "english-5k": {
    "sfb": 0.025967561289252084,
    "unknown": 0.002157049819554486,
    "outoneh": 0.004397063093707222,
    "red-sfs": 0.0014518604554693657,
    "alt-sfs": 0.06147591985730286,
    "sft": 0.00078815281868337,
    "inroll": 0.3142240842908699,
    "bad-red-sfs": 0.002530385365246609,
    "red": 0.012485999917036545,
    "sfr": 0.10644211224955408,
    "outroll": 0.0925872153316464,
    "inoneh": 0.002779275729041357,
    "bad-red": 0.0034015016385282285,
    "alt": 0.3693118181441075
  },
  "monkeyracer": {
    "sfb": 0.032012958068098285,
    "unknown": 0.013491796612290222,
    "outoneh": 0.020654120462330106,
    "red-sfs": 0.001351916730531617,
    "alt-sfs": 0.0566113909004176,
    "sft": 0.00027957207876503433,
    "inroll": 0.3499323552872359,
    "bad-red-sfs": 0.0016090057400253374,
    "red": 0.01091504136884746,
    "sfr": 0.09690789370786869,
    "outroll": 0.08928320065064048,
    "inoneh": 0.0020303189076747424,
    "bad-red": 0.006584606722242207,
    "alt": 0.31833582276303235
  },
  "tr-quotes": {
    "sfb": 0.031929451468990545,
    "unknown": 0.013894731975682485,
    "outoneh": 0.02027114491112087,
    "red-sfs": 0.0013326090474099074,
    "alt-sfs": 0.056656110584591204,
    "sft": 0.000280853424562539,
    "inroll": 0.3495816093016805,
    "bad-red-sfs": 0.00157647765886133,
    "red": 0.010853886872702896,
    "sfr": 0.09677191928064538,
    "outroll": 0.08914726890270683,
    "inoneh": 0.0020295416194725043,
    "bad-red": 0.006673447215737038,
    "alt": 0.319000947735836
  },
  "movie": {
    "sfb": 0.03238609647779701,
    "unknown": 0.030282373430185833,
    "outoneh": 0.03261560310828831,
    "red-sfs": 0.0011922764175752072,
    "alt-sfs": 0.049608963602538206,
    "sft": 0.0001892376918844534,
    "inroll": 0.31982459587290757,
    "bad-red-sfs": 0.001547853777430418,
    "red": 0.011472567969954633,
    "sfr": 0.11567713207251198,
    "outroll": 0.08897856258049676,
    "inoneh": 0.0014873187716815664,
    "bad-red": 0.005635282643863744,
    "alt": 0.30910213558288435
  },
  "gutenberg": {
    "sfb": 0.026344783271065465,
    "unknown": 0.03298207965968062,
    "outoneh": 0.014117775875832527,
    "red-sfs": 0.002087593292877215,
    "alt-sfs": 0.05327265294462422,
    "sft": 0.00034098620028847433,
    "inroll": 0.36688145008549283,
    "bad-red-sfs": 0.0025130682961260558,
    "red": 0.010760766733992497,
    "sfr": 0.09863878308844841,
    "outroll": 0.09063507922056617,
    "inoneh": 0.0022577075194655763,
    "bad-red": 0.006730688720138607,
    "alt": 0.29243658509140136
  },
  "keymash": {
    "sfb": 0.03143510403796185,
    "unknown": 0.012376186820900362,
    "outoneh": 0.019633599192161337,
    "red-sfs": 0.0013792367402396424,
    "alt-sfs": 0.057033081157409495,
    "sft": 0.00040227738256989567,
    "inroll": 0.3494066408607094,
    "bad-red-sfs": 0.0018512969340716628,
    "red": 0.010886118556891464,
    "sfr": 0.099723742164827,
    "outroll": 0.09045083800946584,
    "inoneh": 0.002167372020376581,
    "bad-red": 0.006190145846075538,
    "alt": 0.31706436027633994
  },
  "english-10k": {
    "sfb": 0.028308986704231875,
    "unknown": 0.0,
    "outoneh": 0.0037436560467764032,
    "red-sfs": 0.002836687829258409,
    "alt-sfs": 0.06260010420485904,
    "sft": 0.0008104822369309739,
    "inroll": 0.31838443874105093,
    "bad-red-sfs": 0.002006908396210031,
    "red": 0.015804403620153992,
    "sfr": 0.10567144593890508,
    "outroll": 0.09349491518882307,
    "inoneh": 0.0022384747496188803,
    "bad-red": 0.0032226317516064916,
    "alt": 0.36087686459157486
  },
  "mt-quotes": {
    "sfb": 0.03214908977898902,
    "unknown": 0.007995063410669249,
    "outoneh": 0.022048804102269875,
    "red-sfs": 0.0011579469525824458,
    "alt-sfs": 0.05700386081925868,
    "sft": 0.00024951889171776577,
    "inroll": 0.3566685791467948,
    "bad-red-sfs": 0.0016031962324141475,
    "red": 0.010799536223568927,
    "sfr": 0.0964592223377679,
    "outroll": 0.08890343170652992,
    "inoneh": 0.002008104134542977,
    "bad-red": 0.006748963077180526,
    "alt": 0.31620468318571376
  }
}