{
  "akl": {
    "dsfb-alt": 0.05316102368746508,
    "redirect": 0.015532117022661999,
    "dsfb": 0.0,
    "unknown": 0.07331127266302054,
    "sfb": 0.03333429981967595,
    "sft": 0.0,
    "bad-redirect": 0.004460954013712459,
    "roll-out": 0.08594188616748638,
    "oneh-in": 0.017904655131032624,
    "alternate": 0.2870872096560411,
    "oneh-out": 0.0007386805553232271,
    "dsfb-red": 0.0036200489413814882,
    "roll-in": 0.3066954208744446,
    "sfR": 0.11790358951788564,
    "sfT": 0.00030884194986884907
  },
  "english-450k": {
    "dsfb-alt": 0.06302282463730069,
    "redirect": 0.013021976833317643,
    "dsfb": 0.0,
    "unknown": 0.00015377410175167997,
    "sfb": 0.03726040036227541,
    "sft": 0.0,
    "bad-redirect": 0.003983801681692287,
    "roll-out": 0.09665900914517386,
    "oneh-in": 0.005716245269107602,
    "alternate": 0.37859827012905917,
    "oneh-out": 0.000718002269775905,
    "dsfb-red": 0.0043606359348442175,
    "roll-in": 0.28197726599002165,
    "sfR": 0.11369548401129392,
    "sfT": 0.0008323096343859941
  },
  "monkeyracer": {
    "dsfb-alt": 0.0566113909004176,
    "redirect": 0.01091504136884746,
    "dsfb": 0.0,
    "unknown": 0.013491796612290222,
    "sfb": 0.032012958068098285,
    "sft": 0.0,
    "bad-redirect": 0.006584606722242207,
    "roll-out": 0.08928320065064048,
    "oneh-in": 0.021494791748127063,
    "alternate": 0.31833582276303235,
    "oneh-out": 0.0011896476218777859,
    "dsfb-red": 0.0029609224705569545,
    "roll-in": 0.3499323552872359,
    "sfR": 0.09690789370786869,
    "sfT": 0.00027957207876503433
  },
  "mt-quotes": {
    "dsfb-alt": 0.05700386081925868,
    "redirect": 0.010799536223568927,
    "dsfb": 0.0,
    "unknown": 0.007995063410669249,
    "sfb": 0.03214908977898902,
    "sft": 0.0,
    "bad-redirect": 0.006748963077180526,
    "roll-out": 0.08890343170652992,
    "oneh-in": 0.02284367865552647,
    "alternate": 0.31620468318571376,
    "oneh-out": 0.001213229581286382,
    "dsfb-red": 0.0027611431849965933,
    "roll-in": 0.3566685791467948,
    "sfR": 0.0964592223377679,
    "sfT": 0.00024951889171776577
  },
  "english-10k": {
    "dsfb-alt": 0.06260010420485904,
    "redirect": 0.015804403620153992,
    "dsfb": 0.0,
    "unknown": 0.0,
    "sfb": 0.028308986704231875,
    "sft": 0.0,
    "bad-redirect": 0.0032226317516064916,
    "roll-out": 0.09349491518882307,
    "oneh-in": 0.005576889677929797,
    "alternate": 0.36087686459157486,
    "oneh-out": 0.00040524111846548696,
    "dsfb-red": 0.004843596225468439,
    "roll-in": 0.31838443874105093,
    "sfR": 0.10567144593890508,
    "sfT": 0.0008104822369309739
  },
  "gutenberg": {
    "dsfb-alt": 0.05327265294462422,
    "redirect": 0.010760766733992497,
    "dsfb": 0.0,
    "unknown": 0.03298207965968062,
    "sfb": 0.026344783271065465,
    "sft": 0.0,
    "bad-redirect": 0.006730688720138607,
    "roll-out": 0.09063507922056617,
    "oneh-in": 0.015246629635565315,
    "alternate": 0.29243658509140136,
    "oneh-out": 0.0011288537597327882,
    "dsfb-red": 0.0046006615890032704,
    "roll-in": 0.36688145008549283,
    "sfR": 0.09863878308844841,
    "sfT": 0.00034098620028847433
  },
  "movie": {
    "dsfb-alt": 0.049608963602538206,
    "redirect": 0.011472567969954633,
    "dsfb": 0.0,
    "unknown": 0.030282373430185833,
    "sfb": 0.03238609647779701,
    "sft": 0.0,
    "bad-redirect": 0.005635282643863744,
    "roll-out": 0.08897856258049676,
    "oneh-in": 0.031845097763376295,
    "alternate": 0.30910213558288435,
    "oneh-out": 0.0022578241165935793,
    "dsfb-red": 0.0027401301950056253,
    "roll-in": 0.31982459587290757,
    "sfR": 0.11567713207251198,
    "sfT": 0.0001892376918844534
  },
  "english-1k": {
    "dsfb-alt": 0.056810162314749474,
    "redirect": 0.008468595624558928,
    "dsfb": 0.0,
    "unknown": 0.0,
    "sfb": 0.020112914608327453,
    "sft": 0.0,
    "bad-redirect": 0.0038814396612561752,
    "roll-out": 0.0995059985885674,
    "oneh-in": 0.01058574453069866,
    "alternate": 0.3507410021171489,
    "oneh-out": 0.0007057163020465773,
    "dsfb-red": 0.001058574453069866,
    "roll-in": 0.3383909668313338,
    "sfR": 0.10832745236414962,
    "sfT": 0.0014114326040931546
  },
  "french": {
    "dsfb-alt": 0.03296151257119313,
    "redirect": 0.013732892369889064,
    "dsfb": 0.0,
    "unknown": 0.1584254645227596,
    "sfb": 0.04588610479888807,
    "sft": 0.0,
    "bad-redirect": 0.001777610101043061,
    "roll-out": 0.11181489794903578,
    "oneh-in": 0.003897914772306845,
    "alternate": 0.2667686060911091,
    "oneh-out": 0.0014275145026816966,
    "dsfb-red": 0.005881240495615393,
    "roll-in": 0.24496886272101076,
    "sfR": 0.10898279115633469,
    "sfT": 0.0034745879481328156
  },
  "chained-bigrams": {
    "dsfb-alt": 0.06711732740994306,
    "redirect": 0.015145681247236397,
    "dsfb": 0.0,
    "unknown": 0.023159399756770463,
    "sfb": 0.029556349583048994,
    "sft": 0.0,
    "bad-redirect": 0.0077001043432640155,
    "roll-out": 0.07840548948158864,
    "oneh-in": 0.011806956520609905,
    "alternate": 0.3246516967305561,
    "oneh-out": 0.001651181831935272,
    "dsfb-red": 0.009168182252035409,
    "roll-in": 0.3122116681351774,
    "sfR": 0.11914286586209158,
    "sfT": 0.0002830968457427364
  },
  "wordle": {
    "dsfb-alt": 0.07106473690115561,
    "redirect": 0.019297655110512735,
    "dsfb": 0.0,
    "unknown": 0.0,
    "sfb": 0.04860316391787277,
    "sft": 0.0,
    "bad-redirect": 0.004398070234488949,
    "roll-out": 0.13517334230898687,
    "oneh-in": 0.0046000224391338496,
    "alternate": 0.3434533826994278,
    "oneh-out": 0.0011892740940199708,
    "dsfb-red": 0.005811735667003254,
    "roll-in": 0.23352406597105352,
    "sfR": 0.13138112868843263,
    "sfT": 0.0015034219679120385
  },
  "english-200": {
    "dsfb-alt": 0.066815144766147,
    "redirect": 0.0,
    "dsfb": 0.0,
    "unknown": 0.0,
    "sfb": 0.026726057906458798,
    "sft": 0.0,
    "bad-redirect": 0.0066815144766146995,
    "roll-out": 0.0645879732739421,
    "oneh-in": 0.017817371937639197,
    "alternate": 0.31403118040089084,
    "oneh-out": 0.0,
    "dsfb-red": 0.0022271714922048997,
    "roll-in": 0.39420935412026725,
    "sfR": 0.10690423162583519,
    "sfT": 0.0
  },
  "english-5k": {
    "dsfb-alt": 0.06147591985730286,
    "redirect": 0.012485999917036545,
    "dsfb": 0.0,
    "unknown": 0.002157049819554486,
    "sfb": 0.025967561289252084,
    "sft": 0.0,
    "bad-redirect": 0.0034015016385282285,
    "roll-out": 0.0925872153316464,
    "oneh-in": 0.006803003277056457,
    "alternate": 0.3693118181441075,
    "oneh-out": 0.0003733355456921226,
    "dsfb-red": 0.003982245820715975,
    "roll-in": 0.3142240842908699,
    "sfR": 0.10644211224955408,
    "sfT": 0.00078815281868337
  },
  "tr-quotes": {
    "dsfb-alt": 0.056656110584591204,
    "redirect": 0.010853886872702896,
    "dsfb": 0.0,
    "unknown": 0.013894731975682485,
    "sfb": 0.031929451468990545,
    "sft": 0.0,
    "bad-redirect": 0.006673447215737038,
    "roll-out": 0.08914726890270683,
    "oneh-in": 0.02111832828644738,
    "alternate": 0.319000947735836,
    "oneh-out": 0.0011823582441459976,
    "dsfb-red": 0.002909086706271237,
    "roll-in": 0.3495816093016805,
    "sfR": 0.09677191928064538,
    "sfT": 0.000280853424562539
  },
  "reddit": {
    "dsfb-alt": 0.05518110003807546,
    "redirect": 0.011606554073428142,
    "dsfb": 0.0,
    "unknown": 0.04519941109454869,
    "sfb": 0.033388451916948676,
    "sft": 0.0,
    "bad-redirect": 0.006142716115696211,
    "roll-out": 0.0861187883201043,
    "oneh-in": 0.016077995324191102,
    "alternate": 0.3072642097974734,
    "oneh-out": 0.0010146464104467227,
    "dsfb-red": 0.0033013091178648074,
    "roll-in": 0.3304065234332641,
    "sfR": 0.10397777127267367,
    "sfT": 0.0003205230852847241
  },
  "dutch": {
    "dsfb-alt": 0.044317446207348336,
    "redirect": 0.01011949475755576,
    "dsfb": 0.0,
    "unknown": 0.07360270072188302,