{
  "dutch": {
    "dsfb-alt": 0.051194031311972185,
    "redirect": 0.019232605757886437,
    "dsfb": 0.0,
    "unknown": 0.07325982807452426,
    "sfb": 0.04789564378167766,
    "sft": 0.0,
    "bad-redirect": 0.000663098701598914,
    "roll-out": 0.1254165457981712,
    "oneh-in": 0.002746405960568964,
    "alternate": 0.25236102836547647,
    "oneh-out": 0.0025703076303885217,
    "dsfb-red": 0.014400023611269849,
    "roll-in": 0.22138846818264837,
    "sfR": 0.18880787437283908,
    "sfT": 0.0000641384509780513
  },
  "english-5k": {
    "dsfb-alt": 0.05226697639689717,
    "redirect": 0.03608910275023852,
    "dsfb": 0.0,
    "unknown": 0.002157049819554486,
    "sfb": 0.015887501555564773,
    "sft": 0.0,
    "bad-redirect": 0.0011200066370763678,
    "roll-out": 0.18496702202679718,
    "oneh-in": 0.0019496411830588626,
    "alternate": 0.32828638984527314,
    "oneh-out": 0.009499315551499564,
    "dsfb-red": 0.01866677728460613,
    "roll-in": 0.2426681046998797,
    "sfR": 0.10644211224955408,
    "sfT": 0.0
  },
  "shai": {
    "dsfb-alt": 0.05829607419790422,
    "redirect": 0.03187289391704878,
    "dsfb": 0.0,
    "unknown": 0.023621906111313578,
    "sfb": 0.016521970143356844,
    "sft": 0.0,
    "bad-redirect": 0.0012271518157016602,
    "roll-out": 0.22082735484186594,
    "oneh-in": 0.002234328946973232,
    "alternate": 0.31384492061481906,
    "oneh-out": 0.010590034533335521,
    "dsfb-red": 0.015509800184726872,
    "roll-in": 0.20717218875952778,
    "sfR": 0.09823378925716947,
    "sfT": 0.000047586676257023634
  },
  "english-450k": {
    "dsfb-alt": 0.05687039883622824,
    "redirect": 0.04009586616624793,
    "dsfb": 0.0,
    "unknown": 0.00015377410175167997,
    "sfb": 0.024904972867349082,
    "sft": 0.0,
    "bad-redirect": 0.0010758340198596622,
    "roll-out": 0.18320254738785746,
    "oneh-in": 0.002932524742720726,
    "alternate": 0.3323567021243629,
    "oneh-out": 0.007789272180744793,
    "dsfb-red": 0.018621575968206766,
    "roll-in": 0.21828759966812858,
    "sfR": 0.11369548401129392,
    "sfT": 0.000013447925248245777
  },
  "french": {
    "dsfb-alt": 0.03327409364634768,
    "redirect": 0.029066878821483053,
    "dsfb": 0.0,
    "unknown": 0.15822391385155302,
    "sfb": 0.024689470313060343,
    "sft": 0.0,
    "bad-redirect": 0.0024273424662320225,
    "roll-out": 0.15901347171398209,
    "oneh-in": 0.0025194358265164846,
    "alternate": 0.24974308019974326,
    "oneh-out": 0.012277976084880984,
    "dsfb-red": 0.011164615750379681,
    "roll-in": 0.20843996469499831,
    "sfR": 0.10898279115633469,
    "sfT": 0.00017696547448837883
  },
  "gutenberg": {
    "dsfb-alt": 0.0593329249076401,
    "redirect": 0.027334211562235856,
    "dsfb": 0.0,
    "unknown": 0.03802431837805746,
    "sfb": 0.014205674540795778,
    "sft": 0.0,
    "bad-redirect": 0.001284760227975796,
    "roll-out": 0.23255637733229825,
    "oneh-in": 0.002339733644312748,
    "alternate": 0.29796567632907894,
    "oneh-out": 0.01235733989845431,
    "dsfb-red": 0.011955733929225661,
    "roll-in": 0.20400048798913997,
    "sfR": 0.09863878308844841,
    "sfT": 3.978172336698867e-6
  },
  "wordle": {
    "dsfb-alt": 0.05690564344216313,
    "redirect": 0.04633681139908,
    "dsfb": 0.0,
    "unknown": 0.0,
    "sfb": 0.021092785818467408,
    "sft": 0.0,
    "bad-redirect": 0.0037922136205542465,
    "roll-out": 0.19849657803208795,
    "oneh-in": 0.004196118029844048,
    "alternate": 0.31318299113654213,
    "oneh-out": 0.008841018736676764,
    "dsfb-red": 0.019118142039717265,
    "roll-in": 0.196634129922585,
    "sfR": 0.13138112868843263,
    "sfT": 0.000022439133849433412
  },
  "akl": {
    "dsfb-alt": 0.060917324403990794,
    "redirect": 0.02922524596148106,
    "dsfb": 0.0,
    "unknown": 0.06692211644153111,
    "sfb": 0.021659702389117068,
    "sft": 0.0,
    "bad-redirect": 0.0016538068224270926,
    "roll-out": 0.21583665934739124,
    "oneh-in": 0.0022195730583754033,
    "alternate": 0.2880889479684643,
    "oneh-out": 0.009010440654578896,
    "dsfb-red": 0.013383419629411964,
    "roll-in": 0.17301034846665084,
    "sfR": 0.11790358951788564,
    "sfT": 0.00016882533869460654
  },
  "mt-quotes": {
    "dsfb-alt": 0.06622858918731547,
    "redirect": 0.029387946593992423,
    "dsfb": 0.0,
    "unknown": 0.008869126594231481,
    "sfb": 0.016135056956048815,
    "sft": 0.0,
    "bad-redirect": 0.0015942314818135092,
    "roll-out": 0.24696393779658382,
    "oneh-in": 0.0031212273341222315,
    "alternate": 0.31510201886183525,
    "oneh-out": 0.013535279281863712,
    "dsfb-red": 0.013469537777459031,
    "roll-in": 0.18913233167186622,
    "sfR": 0.0964592223377679,
    "sfT": 1.4941251001063816e-6
  },
  "english-10k": {
    "dsfb-alt": 0.05547943883753691,
    "redirect": 0.038227745508577604,
    "dsfb": 0.0,
    "unknown": 0.0,
    "sfb": 0.016479805484263137,
    "sft": 0.0,
    "bad-redirect": 0.0009069682175179947,
    "roll-out": 0.18284093321240424,
    "oneh-in": 0.0017946392389185852,
    "alternate": 0.3341116535767353,
    "oneh-out": 0.00843287470330561,
    "dsfb-red": 0.01719380174060709,
    "roll-in": 0.23886069354122846,
    "sfR": 0.10567144593890508,
    "sfT": 0.0
  },
  "english-1k": {
    "dsfb-alt": 0.05434015525758645,
    "redirect": 0.03493295695130558,
    "dsfb": 0.0,
    "unknown": 0.0,
    "sfb": 0.015172900494001412,
    "sft": 0.0,
    "bad-redirect": 0.001058574453069866,
    "roll-out": 0.21347918136908964,
    "oneh-in": 0.0024700070571630206,
    "alternate": 0.3045165843330981,
    "oneh-out": 0.010938602681721948,
    "dsfb-red": 0.016231474947071278,
    "roll-in": 0.23853211009174313,
    "sfR": 0.10832745236414962,
    "sfT": 0.0
  },
  "english-200": {
    "dsfb-alt": 0.08463251670378619,
    "redirect": 0.028953229398663696,
    "dsfb": 0.0,
    "unknown": 0.0,
    "sfb": 0.013363028953229399,
    "sft": 0.0,
    "bad-redirect": 0.0022271714922048997,
    "roll-out": 0.21380846325167038,
    "oneh-in": 0.004454342984409799,
    "alternate": 0.2962138084632517,
    "oneh-out": 0.011135857461024499,
    "dsfb-red": 0.024498886414253896,
    "roll-in": 0.21380846325167038,
    "sfR": 0.10690423162583519,
    "sfT": 0.0
  },
  "movie": {
    "dsfb-alt": 0.06197337012457973,
    "redirect": 0.024099643777810736,
    "dsfb": 0.0,
    "unknown": 0.030451476652766863,
    "sfb": 0.014786201545511336,
    "sft": 0.0,
    "bad-redirect": 0.0022624300409440357,
    "roll-out": 0.24452325985217088,
    "oneh-in": 0.002143202399186515,
    "alternate": 0.3098663242315443,
    "oneh-out": 0.015559470445033623,
    "dsfb-red": 0.012457446193920732,
    "roll-in": 0.16618819885854666,
    "sfR": 0.11567713207251198,
    "sfT": 0.000011843805472601396
  },
  "keymash": {
    "dsfb-alt": 0.06339152672476428,
    "redirect": 0.02967411427140588,
    "dsfb": 0.0,
    "unknown": 0.013394194891077241,
    "sfb": 0.015733971503983778,
    "sft": 0.0,
    "bad-redirect": 0.0017897238653109646,
    "roll-out": 0.23975321514040712,
    "oneh-in": 0.002856990390496402,
    "alternate": 0.31275014059184036,
    "oneh-out": 0.013439348474835086,
    "dsfb-red": 0.014313686051237003,
    "roll-in": 0.19315882157356135,
    "sfR": 0.099723742164827,
    "sfT": 0.00002052435625356611
  },
  "reddit": {
    "dsfb-alt": 0.0597104504497418,
    "redirect": 0.030142355026232363,
    "dsfb": 0.0,
    "unknown": 0.041217725522189115,
    "sfb": 0.019492276000454733,
    "sft": 0.0,
    "bad-redirect": 0.0015745223664769637,
    "roll-out": 0.2264457952836247,
    "oneh-in": 0.002195154246818508,
    "alternate": 0.3057011868568679,
    "oneh-out": 0.011324687038630018,
    "dsfb-red": 0.014724097121828551,
    "roll-in": 0.1833658370036916,
    "sfR": 0.10397777127267367,
    "sfT": 0.00012814181077001766
  },
  "monkeyracer": {
    "dsfb-alt": 0.06437782504653018,
    "redirect": 0.029701112032156654,
    "dsfb": 0.0,
    "unknown": 0.014352018393105714,
    "sfb": 0.016533853637174092,
    "sft": 0.0,