{
  "dutch": {
    "dsfb": 0.0,
    "sfb": 0.038349055830719535,
    "roll-out": 0.12374519853674677,
    "sfR": 0.18880787437283908,
    "roll-in": 0.30467164609604114,
    "alternate": 0.16484326029319932,
    "dsfb-alt": 0.028311594456788203,
    "sft": 0.0,
    "sfT": 0.0002221804713640016,
    "dsfb-red": 0.029657605387615537,
    "oneh-in": 0.0067607342430725005,
    "oneh-out": 0.005965969719407098,
    "redirect": 0.039949845416829825,
    "bad-redirect": 0.0011480908240630828,
    "unknown": 0.0675669443513139
  },
  "english-1k": {
    "dsfb": 0.0,
    "sfb": 0.021877205363443897,
    "roll-out": 0.16231474947071278,
    "sfR": 0.10832745236414962,
    "roll-in": 0.34438955539872973,
    "alternate": 0.21242060691601977,
    "dsfb-alt": 0.04022582921665491,
    "sft": 0.0,
    "sfT": 0.0,
    "dsfb-red": 0.024347212420606917,
    "oneh-in": 0.014820042342978124,
    "oneh-out": 0.015525758645024701,
    "redirect": 0.05539872971065632,
    "bad-redirect": 0.00035285815102328866,
    "unknown": 0.0
  },
  "shai": {
    "dsfb": 0.0,
    "sfb": 0.026316140254945376,
    "roll-out": 0.15400670138062125,
    "sfR": 0.09823378925716947,
    "roll-in": 0.3420720016794478,
    "alternate": 0.22182895858445836,
    "dsfb-alt": 0.03999046099045929,
    "sft": 0.0,
    "sfT": 0.00009013795065879002,
    "dsfb-red": 0.02156255447600393,
    "oneh-in": 0.02138756555311393,
    "oneh-out": 0.010254408163404324,
    "redirect": 0.04724131580894795,
    "bad-redirect": 0.003080918946518072,
    "unknown": 0.013935046954251459
  },
  "akl": {
    "dsfb": 0.0,
    "sfb": 0.02956971160667079,
    "roll-out": 0.1454918802136827,
    "sfR": 0.11790358951788564,
    "roll-in": 0.31102571336914536,
    "alternate": 0.19867873882453702,
    "dsfb-alt": 0.035634289498097445,
    "sft": 0.0,
    "sfT": 0.00022123863650584953,
    "dsfb-red": 0.020936572351229563,
    "oneh-in": 0.01909306160693719,
    "oneh-out": 0.00792729445406594,
    "redirect": 0.043418097902836156,
    "bad-redirect": 0.006331105086679575,
    "unknown": 0.06376870693172679
  },
  "monkeyracer": {
    "dsfb": 0.0,
    "sfb": 0.02239411451897962,
    "roll-out": 0.16097095578460047,
    "sfR": 0.09690789370786869,
    "roll-in": 0.3563820635938502,
    "alternate": 0.20862724244177863,
    "dsfb-alt": 0.036968031030545696,
    "sft": 0.0,
    "sfT": 0.000024438118773167336,
    "dsfb-red": 0.01732369363592286,
    "oneh-in": 0.026871177878223875,
    "oneh-out": 0.011140849586311525,
    "redirect": 0.048965192298669004,
    "bad-redirect": 0.004233659696263509,
    "unknown": 0.009190687708212773
  },
  "tr-quotes": {
    "dsfb": 0.0,
    "sfb": 0.022494856799426734,
    "roll-out": 0.1605383601858487,
    "sfR": 0.09677191928064538,
    "roll-in": 0.3562146043780772,
    "alternate": 0.2088463049860151,
    "dsfb-alt": 0.0370495365340607,
    "sft": 0.0,
    "sfT": 0.000023115508194447656,
    "dsfb-red": 0.017392108365502416,
    "oneh-in": 0.026549316936732854,
    "oneh-out": 0.011033032061209865,
    "redirect": 0.04896442523288874,
    "bad-redirect": 0.004230137999583921,
    "unknown": 0.009892281731813874
  },
  "reddit": {
    "dsfb": 0.0,
    "sfb": 0.024841756475497138,
    "roll-out": 0.15514377372575966,
    "sfR": 0.10397777127267367,
    "roll-in": 0.33120586463227963,
    "alternate": 0.205315281856734,
    "dsfb-alt": 0.03876295394405024,
    "sft": 0.0,
    "sfT": 0.0001363449842744415,
    "dsfb-red": 0.018783169709987852,
    "oneh-in": 0.020768974474083872,
    "oneh-out": 0.010086232583941595,
    "redirect": 0.047403630035376655,
    "bad-redirect": 0.004941793989096522,
    "unknown": 0.0386324523162447
  },
  "keymash": {
    "dsfb": 0.0,
    "sfb": 0.0227574062139541,
    "roll-out": 0.16110798684799252,
    "sfR": 0.099723742164827,
    "roll-in": 0.35860565733355776,
    "alternate": 0.20478381695558118,
    "dsfb-alt": 0.03829434389790364,
    "sft": 0.0,
    "sfT": 0.00002462922750427933,
    "dsfb-red": 0.016990062106702022,
    "oneh-in": 0.02570059890071548,
    "oneh-out": 0.011079047505674984,
    "redirect": 0.048831548398484484,
    "bad-redirect": 0.003874998460673281,
    "unknown": 0.008226161986429295
  },
  "english-10k": {
    "dsfb": 0.0,
    "sfb": 0.03232280349665194,
    "roll-out": 0.1532583315644237,
    "sfR": 0.10567144593890508,
    "roll-in": 0.32317014337816713,
    "alternate": 0.23976766175874645,
    "dsfb-alt": 0.04139248567183188,
    "sft": 0.0,
    "sfT": 0.00001929719611740414,
    "dsfb-red": 0.02628278111190444,
    "oneh-in": 0.020609405453387623,
    "oneh-out": 0.008317091526601185,
    "redirect": 0.04789564076339708,
    "bad-redirect": 0.0012929121398660775,
    "unknown": 0.0
  },
  "wordle": {
    "dsfb": 0.0,
    "sfb": 0.04658364187142376,
    "roll-out": 0.18485358465163246,
    "sfR": 0.13138112868843263,
    "roll-in": 0.2511836643105576,
    "alternate": 0.22228205991248737,
    "dsfb-alt": 0.051408055649051945,
    "sft": 0.0,
    "sfT": 0.000022439133849433412,
    "dsfb-red": 0.03406260518343992,
    "oneh-in": 0.008257601256591496,
    "oneh-out": 0.01137664086166274,
    "redirect": 0.0565466173005722,
    "bad-redirect": 0.0020419611802984404,
    "unknown": 0.0
  },
  "chained-bigrams": {
    "dsfb": 0.0,
    "sfb": 0.02779024082061724,
    "roll-out": 0.12121869296264096,
    "sfR": 0.11914286586209158,
    "roll-in": 0.32174735684292477,
    "alternate": 0.22996489209529974,
    "dsfb-alt": 0.049849718429020286,
    "sft": 0.0,
    "sfT": 0.00014544425102379116,
    "dsfb-red": 0.03226914458651953,
    "oneh-in": 0.01742733793517212,
    "oneh-out": 0.006902758181401446,
    "redirect": 0.05651353248373979,
    "bad-redirect": 0.0031452319283894843,
    "unknown": 0.013882783621159281
  },
  "english-450k": {
    "dsfb": 0.0,
    "sfb": 0.04373382229209946,
    "roll-out": 0.15090033859537005,
    "sfR": 0.11369548401129392,
    "roll-in": 0.28788412098221305,
    "alternate": 0.24868195715257138,
    "dsfb-alt": 0.04829120722024954,
    "sft": 0.0,
    "sfT": 0.00012044663483211435,
    "dsfb-red": 0.027511239249699324,
    "oneh-in": 0.01348183740756744,
    "oneh-out": 0.006923050387037136,
    "redirect": 0.05799242355585362,
    "bad-redirect": 0.0007840725112129385,
    "unknown": 0.0
  },
  "english-200": {
    "dsfb": 0.0,
    "sfb": 0.0066815144766146995,
    "roll-out": 0.155902004454343,
    "sfR": 0.10690423162583519,
    "roll-in": 0.3830734966592428,
    "alternate": 0.23162583518930957,
    "dsfb-alt": 0.031180400890868598,
    "sft": 0.0,
    "sfT": 0.0,
    "dsfb-red": 0.017817371937639197,
    "oneh-in": 0.008908685968819599,
    "oneh-out": 0.0066815144766146995,
    "redirect": 0.04899777282850779,
    "bad-redirect": 0.0022271714922048997,
    "unknown": 0.0
  },
  "english-5k": {
    "dsfb": 0.0,
    "sfb": 0.029037209109387317,
    "roll-out": 0.1460571618202182,
    "sfR": 0.10644211224955408,
    "roll-in": 0.3179574397477911,
    "alternate": 0.25179408470568715,
    "dsfb-alt": 0.04268469739079935,
    "sft": 0.0,
    "sfT": 0.00008296345459824948,
    "dsfb-red": 0.0270046044717302,
    "oneh-in": 0.02285643174181773,
    "oneh-out": 0.008877089642012694,
    "redirect": 0.0466254614842162,
    "bad-redirect": 0.0005807441821877463,
    "unknown": 0.0
  },
  "movie": {
    "dsfb": 0.0,
    "sfb": 0.018586878721669125,
    "roll-out": 0.16530004504594015,
    "sfR": 0.11567713207251198,
    "roll-in": 0.3362741940981265,
    "alternate": 0.19111164510589612,
    "dsfb-alt": 0.034852634766385546,
    "sft": 0.0,
    "sfT": 0.00002605637203972307,
    "dsfb-red": 0.01795586708565664,
    "oneh-in": 0.03382840878868269,
    "oneh-out": 0.009898657820484493,
    "redirect": 0.04532229560848801,
    "bad-redirect": 0.0076628105429345185,
    "unknown": 0.023503373971184547
  },
  "gutenberg": {
    "dsfb": 0.0,
    "sfb": 0.027766506289490463,
    "roll-out": 0.15652194833452868,
    "sfR": 0.09863878308844841,
    "roll-in": 0.3625043238944564,
    "alternate": 0.1997012203138361,