{
  "english-1k": {
    "sfb": 0.33909668313338037,
    "unknown": 0.0,
    "outoneh": 0.0028228652081863093,
    "red-sfs": 0.031051517290049402,
    "alt-sfs": 0.1460832745236415,
    "sft": 0.0652787579393084,
    "inroll": 0.08539167254763586,
    "bad-red-sfs": 0.0,
    "red": 0.004234297812279464,
    "sfr": 0.10832745236414962,
    "outroll": 0.10479887085391673,
    "inoneh": 0.001058574453069866,
    "bad-red": 0.0,
    "alt": 0.1118560338743825
  },
  "shai": {
    "sfb": 0.31545441850513667,
    "unknown": 0.024097749651430984,
    "outoneh": 0.002051092182919855,
    "red-sfs": 0.03084227759005435,
    "alt-sfs": 0.15174081312025237,
    "sft": 0.057124532415912276,
    "inroll": 0.08755740203298641,
    "bad-red-sfs": 0.00007762491899234372,
    "red": 0.006019840334799651,
    "sfr": 0.09823378925716947,
    "outroll": 0.1009378000534426,
    "inoneh": 0.0015179162771745273,
    "bad-red": 0.00003111034597429491,
    "alt": 0.12431363331375422
  },
  "chained-bigrams": {
    "sfb": 0.31919234287962733,
    "unknown": 0.023159399756770463,
    "outoneh": 0.0011284915548185226,
    "red-sfs": 0.029845939475712433,
    "alt-sfs": 0.1541235068426975,
    "sft": 0.052272923539827376,
    "inroll": 0.09367388931562635,
    "bad-red-sfs": 0.00003376384398766581,
    "red": 0.007848145813056089,
    "sfr": 0.11914286586209158,
    "outroll": 0.09268759548837127,
    "inoneh": 0.0010356409838524416,
    "bad-red": 0.00002792010175903134,
    "alt": 0.10582757454180192
  },
  "english-200": {
    "sfb": 0.34521158129175944,
    "unknown": 0.0,
    "outoneh": 0.0022271714922048997,
    "red-sfs": 0.0467706013363029,
    "alt-sfs": 0.1403118040089087,
    "sft": 0.044543429844097995,
    "inroll": 0.0957683741648107,
    "bad-red-sfs": 0.0,
    "red": 0.0066815144766146995,
    "sfr": 0.10690423162583519,
    "outroll": 0.11581291759465479,
    "inoneh": 0.0,
    "bad-red": 0.0,
    "alt": 0.0957683741648107
  },
  "english-450k": {
    "sfb": 0.34413971575763563,
    "unknown": 0.00015377410175167997,
    "outoneh": 0.0018716003791145535,
    "red-sfs": 0.039489832491473725,
    "alt-sfs": 0.13568634994658835,
    "sft": 0.05682742394467406,
    "inroll": 0.09241531169074917,
    "bad-red-sfs": 0.000023972388486003343,
    "red": 0.005300236625015129,
    "sfr": 0.11369548401129392,
    "outroll": 0.10487919962626462,
    "inoneh": 0.0003470149406449508,
    "bad-red": 0.00007776408947898645,
    "alt": 0.1050923200068292
  },
  "english-5k": {
    "sfb": 0.3433027751275563,
    "unknown": 0.002157049819554486,
    "outoneh": 0.001742232546563239,
    "red-sfs": 0.03600613929564027,
    "alt-sfs": 0.14854606545816568,
    "sft": 0.05720330194549301,
    "inroll": 0.0900568299663998,
    "bad-red-sfs": 0.00008296345459824948,
    "red": 0.004687435184801095,
    "sfr": 0.10644211224955408,
    "outroll": 0.1019620857012486,
    "inoneh": 0.0008296345459824947,
    "bad-red": 0.0,
    "alt": 0.10698137470444269
  },
  "monkeyracer": {
    "sfb": 0.31977669424589833,
    "unknown": 0.013491796612290222,
    "outoneh": 0.0020449817789386427,
    "red-sfs": 0.029172271141905314,
    "alt-sfs": 0.14660134194597807,
    "sft": 0.0602184572313371,
    "inroll": 0.09069670144048048,
    "bad-red-sfs": 0.000011730297011120321,
    "red": 0.007585592067191141,
    "sfr": 0.09690789370786869,
    "outroll": 0.10430677854763283,
    "inoneh": 0.0021916104915776467,
    "bad-red": 0.000015640396014827094,
    "alt": 0.12697851009587563
  },
  "tr-quotes": {
    "sfb": 0.31999722613901666,
    "unknown": 0.013894731975682485,
    "outoneh": 0.002053812903076674,
    "red-sfs": 0.029363630059406856,
    "alt-sfs": 0.14678116548392317,
    "sft": 0.05981368900395275,
    "inroll": 0.09073992741730427,
    "bad-red-sfs": 0.000011557754097223828,
    "red": 0.007543746099257992,
    "sfr": 0.09677191928064538,
    "outroll": 0.10375049120454913,
    "inoneh": 0.0021821039735558587,
    "bad-red": 0.00001618085573611336,
    "alt": 0.12707981784979544
  },
  "movie": {
    "sfb": 0.3115952566348669,
    "unknown": 0.030282373430185833,
    "outoneh": 0.002760133066470463,
    "red-sfs": 0.025144925409687102,
    "alt-sfs": 0.12102553142826161,
    "sft": 0.06702343718025838,
    "inroll": 0.09348815731310903,
    "bad-red-sfs": 0.000017239316854564252,
    "red": 0.009147760553521565,
    "sfr": 0.11567713207251198,
    "outroll": 0.10021780758264114,
    "inoneh": 0.002591029843889432,
    "bad-red": 0.00004145331915410488,
    "alt": 0.12098776284858787
  },
  "gutenberg": {
    "sfb": 0.30339398720089356,
    "unknown": 0.03298207965968062,
    "outoneh": 0.0016922387373205228,
    "red-sfs": 0.027205583990015925,
    "alt-sfs": 0.15966243123918553,
    "sft": 0.06576240915085722,
    "inroll": 0.08597190349484334,
    "bad-red-sfs": 0.000025763401799573614,
    "red": 0.005696742786152778,
    "sfr": 0.09863878308844841,
    "outroll": 0.09279579510972746,
    "inoneh": 0.002159579268493671,
    "bad-red": 0.00003353030969503331,
    "alt": 0.12397917256288637
  },
  "keymash": {
    "sfb": 0.31617360321493515,
    "unknown": 0.012376186820900362,
    "outoneh": 0.0020524356253566107,
    "red-sfs": 0.030121545237733617,
    "alt-sfs": 0.14821048137825157,
    "sft": 0.05987365206290305,
    "inroll": 0.09012655318065949,
    "bad-red-sfs": 0.0,
    "red": 0.007228678272505983,
    "sfr": 0.099723742164827,
    "outroll": 0.10384913777179379,
    "inoneh": 0.002204315861633,
    "bad-red": 0.000016419485002852885,
    "alt": 0.12804324892349753
  },
  "english-10k": {
    "sfb": 0.34138669651299663,
    "unknown": 0.0,
    "outoneh": 0.00247004110302773,
    "red-sfs": 0.03386657918604427,
    "alt-sfs": 0.15055672410798712,
    "sft": 0.05326026128403543,
    "inroll": 0.08660581617490978,
    "bad-red-sfs": 0.00003859439223480828,
    "red": 0.005538295285694989,
    "sfr": 0.10567144593890508,
    "outroll": 0.10432064221068679,
    "inoneh": 0.0006561046679917408,
    "bad-red": 0.00007718878446961657,
    "alt": 0.115551610351016
  },
  "mt-quotes": {
    "sfb": 0.321404238534084,
    "unknown": 0.007995063410669249,
    "outoneh": 0.0019677627568401045,
    "red-sfs": 0.02909958044967189,
    "alt-sfs": 0.14870728296338795,
    "sft": 0.06095133933373974,
    "inroll": 0.09054547519154683,
    "bad-red-sfs": 0.000010458875700744673,
    "red": 0.007524414004135738,
    "sfr": 0.0964592223377679,
    "outroll": 0.10508331241558193,
    "inoneh": 0.002191881521856062,
    "bad-red": 0.000014941251001063817,
    "alt": 0.12804502695401682
  }
}