{
  "dutch": {
    "dsfb": 0.0,
    "sfb": 0.07174358218323128,
    "roll-out": 0.14127792913958115,
    "sfR": 0.18880787437283908,
    "roll-in": 0.22549011943307562,
    "alternate": 0.1931753675785922,
    "dsfb-alt": 0.04110046448288002,
    "sft": 0.0,
    "sfT": 0.00012895827213702684,
    "dsfb-red": 0.016797837001119132,
    "oneh-in": 0.004535863363618325,
    "oneh-out": 0.004939826226935216,
    "redirect": 0.034986978119302826,
    "bad-redirect": 0.0037553717521638615,
    "unknown": 0.07325982807452426
  },
  "english-1k": {
    "dsfb": 0.0,
    "sfb": 0.020112914608327453,
    "roll-out": 0.2173606210303458,
    "sfR": 0.10832745236414962,
    "roll-in": 0.24523641496118562,
    "alternate": 0.257939308398024,
    "dsfb-alt": 0.05822159491884263,
    "sft": 0.0,
    "sfT": 0.0,
    "dsfb-red": 0.014820042342978124,
    "oneh-in": 0.011291460832745237,
    "oneh-out": 0.008115737473535639,
    "redirect": 0.05010585744530699,
    "bad-redirect": 0.008468595624558928,
    "unknown": 0.0
  },
  "shai": {
    "dsfb": 0.0,
    "sfb": 0.024905751675190338,
    "roll-out": 0.24602759818220832,
    "sfR": 0.09823378925716947,
    "roll-in": 0.21646940225096784,
    "alternate": 0.2415326060267529,
    "dsfb-alt": 0.05242469113363655,
    "sft": 0.0,
    "sfT": 0.00023626136468137403,
    "dsfb-red": 0.020429294907501873,
    "oneh-in": 0.006738815215227241,
    "oneh-out": 0.008017679562972016,
    "redirect": 0.05433890243876007,
    "bad-redirect": 0.007023301873618458,
    "unknown": 0.023621906111313578
  },
  "akl": {
    "dsfb": 0.0,
    "sfb": 0.029795844629142462,
    "roll-out": 0.21448060466359398,
    "sfR": 0.11790358951788564,
    "roll-in": 0.19466899763347145,
    "alternate": 0.22263006706795677,
    "dsfb-alt": 0.05711859939773032,
    "sft": 0.0,
    "sfT": 0.0006496522941473923,
    "dsfb-red": 0.02109889249338731,
    "oneh-in": 0.004958198846139216,
    "oneh-out": 0.007361961897886753,
    "redirect": 0.05800268658421547,
    "bad-redirect": 0.0044087885329121435,
    "unknown": 0.06692211644153111
  },
  "monkeyracer": {
    "dsfb": 0.0,
    "sfb": 0.02237651907346294,
    "roll-out": 0.25535976820933104,
    "sfR": 0.09690789370786869,
    "roll-in": 0.20801237937344574,
    "alternate": 0.2402149772432238,
    "dsfb-alt": 0.05515292397203497,
    "sft": 0.0,
    "sfT": 0.00020039257393997216,
    "dsfb-red": 0.024423455901903438,
    "oneh-in": 0.005689194050393356,
    "oneh-out": 0.009006913055038554,
    "redirect": 0.061419835150226004,
    "bad-redirect": 0.006883729296025775,
    "unknown": 0.014352018393105714
  },
  "tr-quotes": {
    "dsfb": 0.0,
    "sfb": 0.02256998220105869,
    "roll-out": 0.2552252606273549,
    "sfR": 0.09677191928064538,
    "roll-in": 0.2083493215598345,
    "alternate": 0.23998405029934583,
    "dsfb-alt": 0.05508310025195904,
    "sft": 0.0,
    "sfT": 0.00021728577702780796,
    "dsfb-red": 0.02439495157301033,
    "oneh-in": 0.005678324587966067,
    "oneh-out": 0.009010425094195695,
    "redirect": 0.06115785580545988,
    "bad-redirect": 0.006787868981299554,
    "unknown": 0.01476965396084233
  },
  "reddit": {
    "dsfb": 0.0,
    "sfb": 0.02407792490425417,
    "roll-out": 0.23615513137532196,
    "sfR": 0.10397777127267367,
    "roll-in": 0.20334120126298907,
    "alternate": 0.23489307875027834,
    "dsfb-alt": 0.05545322814542541,
    "sft": 0.0,
    "sfT": 0.00031217008212725147,
    "dsfb-red": 0.0241642267844103,
    "oneh-in": 0.0054610286517372654,
    "oneh-out": 0.008086156545392673,
    "redirect": 0.05725994901671481,
    "bad-redirect": 0.005600407686485946,
    "unknown": 0.041217725522189115
  },
  "keymash": {
    "dsfb": 0.0,
    "sfb": 0.023122739755267577,
    "roll-out": 0.2516080833124669,
    "sfR": 0.099723742164827,
    "roll-in": 0.21128593301671092,
    "alternate": 0.24085742550684897,
    "dsfb-alt": 0.0546112071194887,
    "sft": 0.0,
    "sfT": 0.0002093484337863743,
    "dsfb-red": 0.024288523190470132,
    "oneh-in": 0.005594939514722121,
    "oneh-out": 0.008004498938890782,
    "redirect": 0.06089166013307993,
    "bad-redirect": 0.006407704022363339,
    "unknown": 0.013394194891077241
  },
  "english-10k": {
    "dsfb": 0.0,
    "sfb": 0.029987842766446036,
    "roll-out": 0.23361185619729452,
    "sfR": 0.10567144593890508,
    "roll-in": 0.2227861291754308,
    "alternate": 0.2572316242449972,
    "dsfb-alt": 0.05437949865884487,
    "sft": 0.0,
    "sfT": 0.00044383551070029527,
    "dsfb-red": 0.017714826035777002,
    "oneh-in": 0.008471469095540418,
    "oneh-out": 0.00773817564307906,
    "redirect": 0.05314447810733101,
    "bad-redirect": 0.008818818625653693,
    "unknown": 0.0
  },
  "wordle": {
    "dsfb": 0.0,
    "sfb": 0.0459329069897902,
    "roll-out": 0.20015707393694604,
    "sfR": 0.13138112868843263,
    "roll-in": 0.2079883316503983,
    "alternate": 0.2576012565914956,
    "dsfb-alt": 0.054886121395714124,
    "sft": 0.0,
    "sfT": 0.0005385392123864019,
    "dsfb-red": 0.02313474699876585,
    "oneh-in": 0.009155166610568833,
    "oneh-out": 0.00769662291035566,
    "redirect": 0.051318299113654216,
    "bad-redirect": 0.010209805901492203,
    "unknown": 0.0
  },
  "chained-bigrams": {
    "dsfb": 0.0,
    "sfb": 0.026133864551145407,
    "roll-out": 0.22749948217950808,
    "sfR": 0.11914286586209158,
    "roll-in": 0.20658602735260945,
    "alternate": 0.24113423140829643,
    "dsfb-alt": 0.052033979413145436,
    "sft": 0.0,
    "sfT": 0.00016167686832555358,
    "dsfb-red": 0.029797890928499216,
    "oneh-in": 0.008061117752055211,
    "oneh-out": 0.010068767859937187,
    "redirect": 0.04789531130588809,
    "bad-redirect": 0.007832562500446397,
    "unknown": 0.02365222201805197
  },
  "english-450k": {
    "dsfb": 0.0,
    "sfb": 0.05053701073670658,
    "roll-out": 0.23116603451673126,
    "sfR": 0.11369548401129392,
    "roll-in": 0.20401759690253354,
    "alternate": 0.25249912149966586,
    "dsfb-alt": 0.046597938023774765,
    "sft": 0.0,
    "sfT": 0.001947610391387247,
    "dsfb-red": 0.01811669407899545,
    "oneh-in": 0.009926030564210627,
    "oneh-out": 0.007977835480421282,
    "redirect": 0.0537066282484779,
    "bad-redirect": 0.009658241444049908,
    "unknown": 0.00015377410175167997
  },
  "english-200": {
    "dsfb": 0.0,
    "sfb": 0.022271714922048998,
    "roll-out": 0.22717149220489977,
    "sfR": 0.10690423162583519,
    "roll-in": 0.22271714922049,
    "alternate": 0.2717149220489978,
    "dsfb-alt": 0.0556792873051225,
    "sft": 0.0,
    "sfT": 0.0,
    "dsfb-red": 0.022271714922048998,
    "oneh-in": 0.0066815144766146995,
    "oneh-out": 0.008908685968819599,
    "redirect": 0.051224944320712694,
    "bad-redirect": 0.004454342984409799,
    "unknown": 0.0
  },
  "english-5k": {
    "dsfb": 0.0,
    "sfb": 0.030240179201061933,
    "roll-out": 0.21910648359397686,
    "sfR": 0.10644211224955408,
    "roll-in": 0.23590658315012236,
    "alternate": 0.25366076243414776,
    "dsfb-alt": 0.05156178703281205,
    "sft": 0.0,
    "sfT": 0.0003733355456921226,
    "dsfb-red": 0.017837142738623635,
    "oneh-in": 0.00954079727879869,
    "oneh-out": 0.007300784004645953,
    "redirect": 0.05633218567221139,
    "bad-redirect": 0.00954079727879869,
    "unknown": 0.002157049819554486
  },
  "movie": {
    "dsfb": 0.0,
    "sfb": 0.021263183964961286,
    "roll-out": 0.23889903142674823,
    "sfR": 0.11567713207251198,
    "roll-in": 0.19282847050806898,
    "alternate": 0.2272765735186459,
    "dsfb-alt": 0.0537821942597286,
    "sft": 0.0,
    "sfT": 0.00012896588181277076,
    "dsfb-red": 0.027715294392918772,
    "oneh-in": 0.005222986615578631,
    "oneh-out": 0.009520050838877001,
    "redirect": 0.07014335873741875,
    "bad-redirect": 0.007091281129962209,
    "unknown": 0.030451476652766863
  },
  "gutenberg": {
    "dsfb": 0.0,
    "sfb": 0.020722678575420275,
    "roll-out": 0.2554170393835273,
    "sfR": 0.09863878308844841,
    "roll-in": 0.21842287820389686,