{
  "dutch": {
    "dsfb": 0.0,
    "sfb": 0.05579851582512728,
    "roll-out": 0.13391685397473171,
    "sfR": 0.18880787437283908,
    "roll-in": 0.2400214143889388,
    "alternate": 0.16147167926083816,
    "dsfb-alt": 0.03702115500206939,
    "sft": 0.0,
    "sfT": 0.0005757757336752043,
    "dsfb-red": 0.046287394985165674,
    "oneh-in": 0.013325771797865869,
    "oneh-out": 0.008484116669366446,
    "redirect": 0.043531091226179076,
    "bad-redirect": 0.0031830566617759826,
    "unknown": 0.06757530010142733
  },
  "english-1k": {
    "dsfb": 0.0,
    "sfb": 0.015525758645024701,
    "roll-out": 0.19195483415666903,
    "sfR": 0.10832745236414962,
    "roll-in": 0.26323218066337334,
    "alternate": 0.23747353563867327,
    "dsfb-alt": 0.053634438955539876,
    "sft": 0.0,
    "sfT": 0.0,
    "dsfb-red": 0.03458009880028229,
    "oneh-in": 0.022230063514467185,
    "oneh-out": 0.008115737473535639,
    "redirect": 0.056457304163726185,
    "bad-redirect": 0.008468595624558928,
    "unknown": 0.0
  },
  "shai": {
    "dsfb": 0.0,
    "sfb": 0.0274906274180379,
    "roll-out": 0.21045381936585364,
    "sfR": 0.09823378925716947,
    "roll-in": 0.24894906402677952,
    "alternate": 0.22738163670609013,
    "dsfb-alt": 0.05358915393792422,
    "sft": 0.0,
    "sfT": 0.00014125831015474513,
    "dsfb-red": 0.03070581858681776,
    "oneh-in": 0.014839584714424208,
    "oneh-out": 0.009272442875088284,
    "redirect": 0.05238700109269381,
    "bad-redirect": 0.01100934301203883,
    "unknown": 0.015546460696927484
  },
  "akl": {
    "dsfb": 0.0,
    "sfb": 0.03519937064391905,
    "roll-out": 0.192781127644223,
    "sfR": 0.11790358951788564,
    "roll-in": 0.2225830437901332,
    "alternate": 0.19798943580864115,
    "dsfb-alt": 0.052328234622241995,
    "sft": 0.0,
    "sfT": 0.00034874048862823493,
    "dsfb-red": 0.03525711200746524,
    "oneh-in": 0.01381226696682263,
    "oneh-out": 0.00977898315971893,
    "redirect": 0.04908740766183287,
    "bad-redirect": 0.014947330831124974,
    "unknown": 0.0579833568573631
  },
  "monkeyracer": {
    "dsfb": 0.0,
    "sfb": 0.030168368863099614,
    "roll-out": 0.22073877410576037,
    "sfR": 0.09690789370786869,
    "roll-in": 0.23515433160767632,
    "alternate": 0.22163809687661293,
    "dsfb-alt": 0.05106882556266325,
    "sft": 0.0,
    "sfT": 0.0001348984156278837,
    "dsfb-red": 0.036302336675164616,
    "oneh-in": 0.014913117600137636,
    "oneh-out": 0.010727356616669534,
    "redirect": 0.053596704568559674,
    "bad-redirect": 0.019752842641975694,
    "unknown": 0.008896452758183838
  },
  "tr-quotes": {
    "dsfb": 0.0,
    "sfb": 0.030265134878990314,
    "roll-out": 0.22114491112087098,
    "sfR": 0.09677191928064538,
    "roll-in": 0.23486280945886595,
    "alternate": 0.22148470909132936,
    "dsfb-alt": 0.05108296155890987,
    "sft": 0.0,
    "sfT": 0.00011904486720140542,
    "dsfb-red": 0.03619079540463697,
    "oneh-in": 0.014952266475578466,
    "oneh-out": 0.010878158156307067,
    "redirect": 0.05386606874552137,
    "bad-redirect": 0.019365016989898523,
    "unknown": 0.009016203971244308
  },
  "reddit": {
    "dsfb": 0.0,
    "sfb": 0.03165878094473964,
    "roll-out": 0.20920628303158578,
    "sfR": 0.10397777127267367,
    "roll-in": 0.2325267066674383,
    "alternate": 0.21248403143650865,
    "dsfb-alt": 0.05137224297050772,
    "sft": 0.0,
    "sfT": 0.0002475560442499406,
    "dsfb-red": 0.034286980346282546,
    "oneh-in": 0.015563105721488776,
    "oneh-out": 0.010217970306384785,
    "redirect": 0.050817611052334184,
    "bad-redirect": 0.015046942566735532,
    "unknown": 0.03259401763907048
  },
  "keymash": {
    "dsfb": 0.0,
    "sfb": 0.029300570987590976,
    "roll-out": 0.21948746577563594,
    "sfR": 0.099723742164827,
    "roll-in": 0.23562781953344034,
    "alternate": 0.22048905436080998,
    "dsfb-alt": 0.05192662132152225,
    "sft": 0.0,
    "sfT": 0.00013956562252424954,
    "dsfb-red": 0.036447151835082695,
    "oneh-in": 0.015007409292607538,
    "oneh-out": 0.0102457586417802,
    "redirect": 0.05404063001563956,
    "bad-redirect": 0.018997344148300788,
    "unknown": 0.008566866300238493
  },
  "english-10k": {
    "dsfb": 0.0,
    "sfb": 0.029659790432450164,
    "roll-out": 0.1905212172671311,
    "sfR": 0.10567144593890508,
    "roll-in": 0.27523590822253524,
    "alternate": 0.22720518708631635,
    "dsfb-alt": 0.05306728932286139,
    "sft": 0.0,
    "sfT": 0.00001929719611740414,
    "dsfb-red": 0.030393083884911524,
    "oneh-in": 0.013025607379247794,
    "oneh-out": 0.009031087782945138,
    "redirect": 0.06171243318345845,
    "bad-redirect": 0.004457652303120356,
    "unknown": 0.0
  },
  "wordle": {
    "dsfb": 0.0,
    "sfb": 0.04232020644003141,
    "roll-out": 0.21249859755413442,
    "sfR": 0.13138112868843263,
    "roll-in": 0.22084595534612364,
    "alternate": 0.21442836306518567,
    "dsfb-alt": 0.04810950297318523,
    "sft": 0.0,
    "sfT": 0.00008975653539773365,
    "dsfb-red": 0.035812857623695724,
    "oneh-in": 0.014899584876023785,
    "oneh-out": 0.010725905980029172,
    "redirect": 0.06267250084146751,
    "bad-redirect": 0.006215640076293055,
    "unknown": 0.0
  },
  "chained-bigrams": {
    "dsfb": 0.0,
    "sfb": 0.028446038559608443,
    "roll-out": 0.21547955371989905,
    "sfR": 0.11914286586209158,
    "roll-in": 0.23195890680464823,
    "alternate": 0.22381857388016044,
    "dsfb-alt": 0.051156119469466126,
    "sft": 0.0,
    "sfT": 0.0001746629621669635,
    "dsfb-red": 0.03596109106563237,
    "oneh-in": 0.01032329529922882,
    "oneh-out": 0.009433747871092241,
    "redirect": 0.05213397233572429,
    "bad-redirect": 0.005896335908692177,
    "unknown": 0.016074836261589277
  },
  "english-450k": {
    "dsfb": 0.0,
    "sfb": 0.03682392748410952,
    "roll-out": 0.21019077928388044,
    "sfR": 0.11369548401129392,
    "roll-in": 0.24219654902850435,
    "alternate": 0.22888807291815885,
    "dsfb-alt": 0.04581620428217022,
    "sft": 0.0,
    "sfT": 0.00013535629108560424,
    "dsfb-red": 0.03316696885518982,
    "oneh-in": 0.01119247430715412,
    "oneh-out": 0.010018119617541005,
    "redirect": 0.062284358133451366,
    "bad-redirect": 0.005591705787460804,
    "unknown": 0.0
  },
  "english-200": {
    "dsfb": 0.0,
    "sfb": 0.013363028953229399,
    "roll-out": 0.22271714922049,
    "sfR": 0.10690423162583519,
    "roll-in": 0.24944320712694878,
    "alternate": 0.24276169265033407,
    "dsfb-alt": 0.05790645879732739,
    "sft": 0.0,
    "sfT": 0.0,
    "dsfb-red": 0.035634743875278395,
    "oneh-in": 0.024498886414253896,
    "oneh-out": 0.004454342984409799,
    "redirect": 0.0400890868596882,
    "bad-redirect": 0.0022271714922048997,
    "unknown": 0.0
  },
  "english-5k": {
    "dsfb": 0.0,
    "sfb": 0.02654830547143983,
    "roll-out": 0.18554776620898494,
    "sfR": 0.10644211224955408,
    "roll-in": 0.2725349483552495,
    "alternate": 0.2297672875098519,
    "dsfb-alt": 0.05243290330609367,
    "sft": 0.0,
    "sfT": 0.00008296345459824948,
    "dsfb-red": 0.03214833865682167,
    "oneh-in": 0.013564524826813789,
    "oneh-out": 0.009125980005807442,
    "redirect": 0.06645372713319783,
    "bad-redirect": 0.005351142821587091,
    "unknown": 0.0
  },
  "movie": {
    "dsfb": 0.0,
    "sfb": 0.03493027749115037,
    "roll-out": 0.2117067068443641,
    "sfR": 0.11567713207251198,
    "roll-in": 0.2166047783964777,
    "alternate": 0.19839650665641606,
    "dsfb-alt": 0.050596736978953165,
    "sft": 0.0,
    "sfT": 0.0001541010689824026,
    "dsfb-red": 0.03963292625296605,
    "oneh-in": 0.014127685961234699,
    "oneh-out": 0.011289120582967898,
    "redirect": 0.05295931297505997,
    "bad-redirect": 0.029443305611371318,
    "unknown": 0.024481409107544254
  },
  "gutenberg": {
    "dsfb": 0.0,
    "sfb": 0.025860203993099955,
    "roll-out": 0.22888812356430602,
    "sfR": 0.09863878308844841,
    "roll-in": 0.2244297289955342,
    "alternate": 0.22331697736192616,