{
  "english-1k": {
    "sfb": 0.019407198306280876,
    "unknown": 0.0,
    "outoneh": 0.0077628793225123505,
    "red-sfs": 0.0038814396612561752,
    "alt-sfs": 0.062103034580098804,
    "sft": 0.0,
    "inroll": 0.22900494001411434,
    "bad-red-sfs": 0.001058574453069866,
    "red": 0.014467184191954835,
    "sfr": 0.10832745236414962,
    "outroll": 0.20148200423429782,
    "inoneh": 0.0014114326040931546,
    "bad-red": 0.0,
    "alt": 0.3510938602681722
  },
  "shai": {
    "sfb": 0.022055013681121043,
    "unknown": 0.02445852593777683,
    "outoneh": 0.010519984004374492,
    "red-sfs": 0.005657295271629934,
    "alt-sfs": 0.0589554641347794,
    "sft": 0.000026454244181924075,
    "inroll": 0.21390235361107593,
    "bad-red-sfs": 0.0011170851301061141,
    "red": 0.019756532708205547,
    "sfr": 0.09823378925716947,
    "outroll": 0.21788603380012528,
    "inoneh": 0.0016381737491535416,
    "bad-red": 0.000940304207939416,
    "alt": 0.3248529902623611
  },
  "chained-bigrams": {
    "sfb": 0.02319900734298676,
    "unknown": 0.023895061972886336,
    "outoneh": 0.006573560702521705,
    "red-sfs": 0.008825998679314256,
    "alt-sfs": 0.06499929550440911,
    "sft": 0.00006168394574669716,
    "inroll": 0.18474406681605005,
    "bad-red-sfs": 0.002169326976207528,
    "red": 0.023089274850026847,
    "sfr": 0.11914286586209158,
    "outroll": 0.21037731744960908,
    "inoneh": 0.004024390481452936,
    "bad-red": 0.0027660379882203144,
    "alt": 0.3261321114284768
  },
  "english-200": {
    "sfb": 0.0066815144766146995,
    "unknown": 0.0,
    "outoneh": 0.008908685968819599,
    "red-sfs": 0.0022271714922048997,
    "alt-sfs": 0.051224944320712694,
    "sft": 0.0,
    "inroll": 0.21158129175946547,
    "bad-red-sfs": 0.0,
    "red": 0.017817371937639197,
    "sfr": 0.10690423162583519,
    "outroll": 0.26057906458797325,
    "inoneh": 0.0066815144766146995,
    "bad-red": 0.0,
    "alt": 0.3273942093541203
  },
  "english-450k": {
    "sfb": 0.03750947932556901,
    "unknown": 0.00015377410175167997,
    "outoneh": 0.0027202814007592814,
    "red-sfs": 0.004762319615085298,
    "alt-sfs": 0.0644816321805343,
    "sft": 0.000029234620104882124,
    "inroll": 0.20530801303396304,
    "bad-red-sfs": 0.0015105528208192592,
    "red": 0.020984902657485437,
    "sfr": 0.11369548401129392,
    "outroll": 0.16943508774186533,
    "inoneh": 0.0011842944604487748,
    "bad-red": 0.0012910008238315946,
    "alt": 0.3769339432064882
  },
  "english-5k": {
    "sfb": 0.026423860289542456,
    "unknown": 0.002157049819554486,
    "outoneh": 0.0037333554569212264,
    "red-sfs": 0.004894843821296718,
    "alt-sfs": 0.06437964076824158,
    "sft": 0.0,
    "inroll": 0.24084290869871822,
    "bad-red-sfs": 0.001078524909777243,
    "red": 0.017629734102128012,
    "sfr": 0.10644211224955408,
    "outroll": 0.1618202181938856,
    "inoneh": 0.0012029700916746174,
    "bad-red": 0.0011200066370763678,
    "alt": 0.3682747749616294
  },
  "monkeyracer": {
    "sfb": 0.020420492046858627,
    "unknown": 0.014397962056399267,
    "outoneh": 0.021185893926834228,
    "red-sfs": 0.006164271079343729,
    "alt-sfs": 0.0552819572391573,
    "sft": 8.797722758340242e-6,
    "inroll": 0.20247079156044231,
    "bad-red-sfs": 0.0013753773245538576,
    "red": 0.021441027886826093,
    "sfr": 0.09690789370786869,
    "outroll": 0.24114655833085694,
    "inoneh": 0.002105588313496098,
    "bad-red": 0.0009364687113877723,
    "alt": 0.3161569200932168
  },
  "tr-quotes": {
    "sfb": 0.02054853100945424,
    "unknown": 0.01482859850673817,
    "outoneh": 0.020776218765169552,
    "red-sfs": 0.006185709992834193,
    "alt-sfs": 0.05570375164697996,
    "sft": 6.934652458334297e-6,
    "inroll": 0.20236356071288228,
    "bad-red-sfs": 0.0013441668015071312,
    "red": 0.021393402833961305,
    "sfr": 0.09677191928064538,
    "outroll": 0.24051108388617923,
    "inoneh": 0.002056124453896119,
    "bad-red": 0.0009419569589237419,
    "alt": 0.31656804049837034
  },
  "movie": {
    "sfb": 0.02251138946393489,
    "unknown": 0.03049740429843284,
    "outoneh": 0.03345282855736264,
    "red-sfs": 0.008636766146298106,
    "alt-sfs": 0.05883528806569469,
    "sft": 0.000013817773051368296,
    "inroll": 0.16858183194455942,
    "bad-red-sfs": 0.0020601641630397204,
    "red": 0.020948533532905843,
    "sfr": 0.11567713207251198,
    "outroll": 0.2388137560273455,
    "inoneh": 0.0011676676217599131,
    "bad-red": 0.0007282624387264014,
    "alt": 0.29807515789437666
  },
  "gutenberg": {
    "sfb": 0.021051351385142778,
    "unknown": 0.03803056979172942,
    "outoneh": 0.014292247148313463,
    "red-sfs": 0.0059647958269351065,
    "alt-sfs": 0.052498803706747324,
    "sft": 0.000013639448011538974,
    "inroll": 0.1953348920191422,
    "bad-red-sfs": 0.0012762355729685842,
    "red": 0.020909463238467183,
    "sfr": 0.09863878308844841,
    "outroll": 0.2616815241931603,
    "inoneh": 0.0013328771695720585,
    "bad-red": 0.0014535483971185909,
    "alt": 0.287521269014243
  },
  "keymash": {
    "sfb": 0.020828116726118884,
    "unknown": 0.013447558217336513,
    "outoneh": 0.020146708098500492,
    "red-sfs": 0.006506220932380456,
    "alt-sfs": 0.05664311838859174,
    "sft": 8.209742501426442e-6,
    "inroll": 0.20198018989134406,
    "bad-red-sfs": 0.0014038659677439217,
    "red": 0.021004626189899553,
    "sfr": 0.099723742164827,
    "outroll": 0.24159630233197735,
    "inoneh": 0.001797933607812391,
    "bad-red": 0.000944120387664041,
    "alt": 0.31396928735330215
  },
  "english-10k": {
    "sfb": 0.029331738098454293,
    "unknown": 0.0,
    "outoneh": 0.002817390633141005,
    "red-sfs": 0.004805001833233631,
    "alt-sfs": 0.0656876555836437,
    "sft": 0.0,
    "inroll": 0.24310607668705736,
    "bad-red-sfs": 0.0009841570019876113,
    "red": 0.021477779278670808,
    "sfr": 0.10567144593890508,
    "outroll": 0.16333146793770864,
    "inoneh": 0.0009841570019876113,
    "bad-red": 0.0009262654136353987,
    "alt": 0.36087686459157486
  },
  "mt-quotes": {
    "sfb": 0.019520744432889876,
    "unknown": 0.008884067845232546,
    "outoneh": 0.02274805464911966,
    "red-sfs": 0.006178207288939888,
    "alt-sfs": 0.054090316874051234,
    "sft": 0.000010458875700744673,
    "inroll": 0.20280805871313992,
    "bad-red-sfs": 0.0013656303414972329,
    "red": 0.021808249961152746,
    "sfr": 0.0964592223377679,
    "outroll": 0.2478454716056466,
    "inoneh": 0.002203834522656913,
    "bad-red": 0.000896475060063829,
    "alt": 0.3151812074921409
  }
}