{
  "dutch": {
    "dsfb": 0.0,
    "sfb": 0.031145144077338528,
    "roll-out": 0.14155011859606614,
    "sfR": 0.18880787437283908,
    "roll-in": 0.2708853498202922,
    "alternate": 0.18062366816784473,
    "dsfb-alt": 0.028631641203086006,
    "sft": 0.0,
    "sfT": 0.00018074240588726787,
    "dsfb-red": 0.017082416636420406,
    "oneh-in": 0.0054883292225792165,
    "oneh-out": 0.014214314375379528,
    "redirect": 0.04725793508471529,
    "bad-redirect": 0.0012288331905026034,
    "unknown": 0.072903632847049
  },
  "english-1k": {
    "dsfb": 0.0,
    "sfb": 0.025758645024700072,
    "roll-out": 0.12103034580098801,
    "sfR": 0.10832745236414962,
    "roll-in": 0.39273112208892025,
    "alternate": 0.221242060691602,
    "dsfb-alt": 0.038108680310515175,
    "sft": 0.0,
    "sfT": 0.0,
    "dsfb-red": 0.015525758645024701,
    "oneh-in": 0.02117148906139732,
    "oneh-out": 0.004940014114326041,
    "redirect": 0.051164431898376855,
    "bad-redirect": 0.0,
    "unknown": 0.0
  },
  "shai": {
    "dsfb": 0.0,
    "sfb": 0.023238739510031015,
    "roll-out": 0.12410372169221705,
    "sfR": 0.09823378925716947,
    "roll-in": 0.3698955694037062,
    "alternate": 0.2372076525413259,
    "dsfb-alt": 0.03857183618076729,
    "sft": 0.0,
    "sfT": 0.00024731912263715414,
    "dsfb-red": 0.016896730216715027,
    "oneh-in": 0.015029846270458594,
    "oneh-out": 0.004596698758032259,
    "redirect": 0.04721194714693589,
    "bad-redirect": 0.0015053877638728612,
    "unknown": 0.023260762136131256
  },
  "akl": {
    "dsfb": 0.0,
    "sfb": 0.02859802110682264,
    "roll-out": 0.11300753078723658,
    "sfR": 0.11790358951788564,
    "roll-in": 0.347460637675298,
    "alternate": 0.21463988904736786,
    "dsfb-alt": 0.039368024493242094,
    "sft": 0.0,
    "sfT": 0.0015264288788101711,
    "dsfb-red": 0.013853528499142119,
    "oneh-in": 0.012090682191906767,
    "oneh-out": 0.003452214870730593,
    "redirect": 0.03701964854343693,
    "bad-redirect": 0.0044250205471279185,
    "unknown": 0.06665478384099267
  },
  "monkeyracer": {
    "dsfb": 0.0,
    "sfb": 0.02004121244349907,
    "roll-out": 0.11287478298950529,
    "sfR": 0.09690789370786869,
    "roll-in": 0.4028936687676932,
    "alternate": 0.22886493736021396,
    "dsfb-alt": 0.03978623488746735,
    "sft": 0.0,
    "sfT": 0.00018768475217792514,
    "dsfb-red": 0.014721522748956004,
    "oneh-in": 0.01711450333922455,
    "oneh-out": 0.0036657178159751006,
    "redirect": 0.04666703160924034,
    "bad-redirect": 0.002838731876691118,
    "unknown": 0.013436077701487402
  },
  "tr-quotes": {
    "dsfb": 0.0,
    "sfb": 0.020243406301287535,
    "roll-out": 0.11309262384133516,
    "sfR": 0.09677191928064538,
    "roll-in": 0.4019093409768614,
    "alternate": 0.22912438454959433,
    "dsfb-alt": 0.0398430456993597,
    "sft": 0.0,
    "sfT": 0.00019879337047224983,
    "dsfb-red": 0.014622870483807587,
    "oneh-in": 0.01694829060816902,
    "oneh-out": 0.0037100390652088488,
    "redirect": 0.046840110029819006,
    "bad-redirect": 0.002859388363653175,
    "unknown": 0.013835787429786644
  },
  "reddit": {
    "dsfb": 0.0,
    "sfb": 0.021095228543597713,
    "roll-out": 0.11312734378058047,
    "sfR": 0.10397777127267367,
    "roll-in": 0.3729443980284665,
    "alternate": 0.22853625606037536,
    "dsfb-alt": 0.04072208902990356,
    "sft": 0.0,
    "sfT": 0.0003229952745600299,
    "dsfb-red": 0.014821374024070508,
    "oneh-in": 0.014225950982854431,
    "oneh-out": 0.0038844835849441424,
    "redirect": 0.04384450154202806,
    "bad-redirect": 0.0032121604743007496,
    "unknown": 0.039285447401644795
  },
  "keymash": {
    "dsfb": 0.0,
    "sfb": 0.020947157992389567,
    "roll-out": 0.11183721722568171,
    "sfR": 0.099723742164827,
    "roll-in": 0.4038372336451667,
    "alternate": 0.2262153497555549,
    "dsfb-alt": 0.04059307179830304,
    "sft": 0.0,
    "sfT": 0.00018061433503138174,
    "dsfb-red": 0.013993506093681371,
    "oneh-in": 0.017347185905514075,
    "oneh-out": 0.003706698739394039,
    "redirect": 0.04679142738688001,
    "bad-redirect": 0.002503971462935065,
    "unknown": 0.01232282349464109
  },
  "english-10k": {
    "dsfb": 0.0,
    "sfb": 0.028965091372223615,
    "roll-out": 0.1589703016151753,
    "sfR": 0.10567144593890508,
    "roll-in": 0.32743482372011345,
    "alternate": 0.2487794523455742,
    "dsfb-alt": 0.03801547635128616,
    "sft": 0.0,
    "sfT": 0.0004245383145828911,
    "dsfb-red": 0.019393682097991163,
    "oneh-in": 0.010825727021863723,
    "oneh-out": 0.0067540186410914495,
    "redirect": 0.053974257540379385,
    "bad-redirect": 0.0007911850408135698,
    "unknown": 0.0
  },
  "wordle": {
    "dsfb": 0.0,
    "sfb": 0.04658364187142376,
    "roll-out": 0.16106810277123304,
    "sfR": 0.13138112868843263,
    "roll-in": 0.2814764950072927,
    "alternate": 0.23964994951194885,
    "dsfb-alt": 0.05030853809042971,
    "sft": 0.0,
    "sfT": 0.0006731740154830024,
    "dsfb-red": 0.021025468416919105,
    "oneh-in": 0.012633232357231012,
    "oneh-out": 0.007001009761023224,
    "redirect": 0.04624705486368226,
    "bad-redirect": 0.0019522046449007068,
    "unknown": 0.0
  },
  "chained-bigrams": {
    "dsfb": 0.0,
    "sfb": 0.023395097359992054,
    "roll-out": 0.0963665558736427,
    "sfR": 0.11914286586209158,
    "roll-in": 0.34268353733404583,
    "alternate": 0.24263867037982376,
    "dsfb-alt": 0.049876339921395174,
    "sft": 0.0,
    "sfT": 0.00008051378181674155,
    "dsfb-red": 0.02475084555703525,
    "oneh-in": 0.019133061361241314,
    "oneh-out": 0.0031452319283894843,
    "redirect": 0.05306442595946131,
    "bad-redirect": 0.002806294879128685,
    "unknown": 0.022916559801936097
  },
  "english-450k": {
    "dsfb": 0.0,
    "sfb": 0.03997775830102421,
    "roll-out": 0.1627096633867372,
    "sfR": 0.11369548401129392,
    "roll-in": 0.2879957972310137,
    "alternate": 0.2508444420017295,
    "dsfb-alt": 0.04581240378155658,
    "sft": 0.0,
    "sfT": 0.002165408311168619,
    "dsfb-red": 0.022091433028455225,
    "oneh-in": 0.009430796099633924,
    "oneh-out": 0.007246677631598181,
    "redirect": 0.05714900476582777,
    "bad-redirect": 0.0007273573482094672,
    "unknown": 0.00015377410175167997
  },
  "english-200": {
    "dsfb": 0.0,
    "sfb": 0.0066815144766146995,
    "roll-out": 0.08908685968819599,
    "sfR": 0.10690423162583519,
    "roll-in": 0.44320712694877507,
    "alternate": 0.2516703786191537,
    "dsfb-alt": 0.035634743875278395,
    "sft": 0.0,
    "sfT": 0.0,
    "dsfb-red": 0.013363028953229399,
    "oneh-in": 0.017817371937639197,
    "oneh-out": 0.0,
    "redirect": 0.035634743875278395,
    "bad-redirect": 0.0,
    "unknown": 0.0
  },
  "english-5k": {
    "dsfb": 0.0,
    "sfb": 0.028788318745592567,
    "roll-out": 0.14443937445555233,
    "sfR": 0.10644211224955408,
    "roll-in": 0.3310241838470154,
    "alternate": 0.2535777989795495,
    "dsfb-alt": 0.039988385116356245,
    "sft": 0.0,
    "sfT": 0.00041481727299124733,
    "dsfb-red": 0.01970382046708425,
    "oneh-in": 0.012734890280831294,
    "oneh-out": 0.005475588003484465,
    "redirect": 0.05508773385323765,
    "bad-redirect": 0.00016592690919649896,
    "unknown": 0.002157049819554486
  },
  "movie": {
    "dsfb": 0.0,
    "sfb": 0.019974446331703668,
    "roll-out": 0.10429194506737743,
    "sfR": 0.11567713207251198,
    "roll-in": 0.3883249555955993,
    "alternate": 0.21516509804236372,
    "dsfb-alt": 0.044451381112736055,
    "sft": 0.0,
    "sfT": 0.00010488347735181459,
    "dsfb-red": 0.014821601364090555,
    "oneh-in": 0.01569304225119685,
    "oneh-out": 0.002823694822506757,
    "redirect": 0.04282219987106044,
    "bad-redirect": 0.005613174206981555,
    "unknown": 0.030236445784519856
  },
  "gutenberg": {
    "dsfb": 0.0,
    "sfb": 0.025504441724132312,
    "roll-out": 0.1043351470010453,
    "sfR": 0.09863878308844841,
    "roll-in": 0.400296013909206,
    "alternate": 0.22321847023739838,