{
  "dutch": {
    "dsfb": 0.0,
    "sfb": 0.07632927522402824,
    "roll-out": 0.2153101261757715,
    "sfR": 0.18880787437283908,
    "roll-in": 0.16403056497529908,
    "alternate": 0.1386341769760067,
    "dsfb-alt": 0.024837879620465332,
    "sft": 0.0,
    "sfT": 0.0003724763886404976,
    "dsfb-red": 0.02340850842724019,
    "oneh-in": 0.02250153299325311,
    "oneh-out": 0.01741331151323029,
    "redirect": 0.053335577790617025,
    "bad-redirect": 0.0063722635859745184,
    "unknown": 0.06864643195663445
  },
  "english-1k": {
    "dsfb": 0.0,
    "sfb": 0.010938602681721948,
    "roll-out": 0.26323218066337334,
    "sfR": 0.10832745236414962,
    "roll-in": 0.21559633027522937,
    "alternate": 0.223712067748765,
    "dsfb-alt": 0.02611150317572336,
    "sft": 0.0,
    "sfT": 0.0,
    "dsfb-red": 0.027875793930839804,
    "oneh-in": 0.025758645024700072,
    "oneh-out": 0.020112914608327453,
    "redirect": 0.06633733239237827,
    "bad-redirect": 0.011997177134791814,
    "unknown": 0.0
  },
  "shai": {
    "dsfb": 0.0,
    "sfb": 0.021690049612448227,
    "roll-out": 0.24617421313814913,
    "sfR": 0.09823378925716947,
    "roll-in": 0.20968238883489237,
    "alternate": 0.23309685651589515,
    "dsfb-alt": 0.026582981719594764,
    "sft": 0.0,
    "sfT": 0.00004622042194887159,
    "dsfb-red": 0.03753498462518806,
    "oneh-in": 0.016329637918611806,
    "oneh-out": 0.015727150731987195,
    "redirect": 0.0687045362429725,
    "bad-redirect": 0.009424507366626486,
    "unknown": 0.016772683614515952
  },
  "akl": {
    "dsfb": 0.0,
    "sfb": 0.02457421630038693,
    "roll-out": 0.22144358117388688,
    "sfR": 0.11790358951788564,
    "roll-in": 0.19244645077096492,
    "alternate": 0.21527690267395794,
    "dsfb-alt": 0.03198685677700843,
    "sft": 0.0,
    "sfT": 0.00012279332891475603,
    "dsfb-red": 0.03021211525324854,
    "oneh-in": 0.015521646753950296,
    "oneh-out": 0.0108102116964425,
    "redirect": 0.06533639734285644,
    "bad-redirect": 0.008996067267945081,
    "unknown": 0.06536917114255165
  },
  "monkeyracer": {
    "dsfb": 0.0,
    "sfb": 0.019064665217323303,
    "roll-out": 0.2508719520778266,
    "sfR": 0.09690789370786869,
    "roll-in": 0.2071462924441247,
    "alternate": 0.259267912163536,
    "dsfb-alt": 0.03003933559597729,
    "sft": 0.0,
    "sfT": 0.000013685346512973709,
    "dsfb-red": 0.030749996089900995,
    "oneh-in": 0.013267943444328011,
    "oneh-out": 0.012422384534776421,
    "redirect": 0.061658351189452114,
    "bad-redirect": 0.00825128642257222,
    "unknown": 0.01033830176580071
  },
  "tr-quotes": {
    "dsfb": 0.0,
    "sfb": 0.019153510089919328,
    "roll-out": 0.25094542428515293,
    "sfR": 0.09677191928064538,
    "roll-in": 0.20737153556320936,
    "alternate": 0.2583296733778692,
    "dsfb-alt": 0.02979820161346247,
    "sft": 0.0,
    "sfT": 0.000015025080326390976,
    "dsfb-red": 0.030978248306789025,
    "oneh-in": 0.013360763736390745,
    "oneh-out": 0.012493932179098957,
    "redirect": 0.06178659762834886,
    "bad-redirect": 0.008259171077876147,
    "unknown": 0.010735997780911213
  },
  "reddit": {
    "dsfb": 0.0,
    "sfb": 0.020440585332014084,
    "roll-out": 0.23869377010175494,
    "sfR": 0.10397777127267367,
    "roll-in": 0.20186077191862678,
    "alternate": 0.23263724349397508,
    "dsfb-alt": 0.028741560142465525,
    "sft": 0.0,
    "sfT": 0.00005292732493950159,
    "dsfb-red": 0.032905700774825325,
    "oneh-in": 0.014226512844053364,
    "oneh-out": 0.01209432450892863,
    "redirect": 0.06463636249561514,
    "bad-redirect": 0.008680081290078261,
    "unknown": 0.041052388500049726
  },
  "keymash": {
    "dsfb": 0.0,
    "sfb": 0.01877157622951156,
    "roll-out": 0.24705988596667666,
    "sfR": 0.099723742164827,
    "roll-in": 0.20903235870006937,
    "alternate": 0.2582784990948759,
    "dsfb-alt": 0.029706953241411583,
    "sft": 0.0,
    "sfT": 0.000016419485002852885,
    "dsfb-red": 0.031266804316682606,
    "oneh-in": 0.013451663088587227,
    "oneh-out": 0.013266943882305132,
    "redirect": 0.06159359311695189,
    "bad-redirect": 0.008139959690164318,
    "unknown": 0.009691601022933916
  },
  "english-10k": {
    "dsfb": 0.0,
    "sfb": 0.026707319426487332,
    "roll-out": 0.25644043920418363,
    "sfR": 0.10567144593890508,
    "roll-in": 0.2194091198548851,
    "alternate": 0.19847166206750158,
    "dsfb-alt": 0.027710773624592348,
    "sft": 0.0,
    "sfT": 0.00003859439223480828,
    "dsfb-red": 0.03849790625422126,
    "oneh-in": 0.022809285810771695,
    "oneh-out": 0.01709731576002007,
    "redirect": 0.07647478821327261,
    "bad-redirect": 0.01067134945292449,
    "unknown": 0.0
  },
  "wordle": {
    "dsfb": 0.0,
    "sfb": 0.037652866599349265,
    "roll-out": 0.23096600471221812,
    "sfR": 0.13138112868843263,
    "roll-in": 0.21501178054527095,
    "alternate": 0.19535509929316727,
    "dsfb-alt": 0.033456748569505215,
    "sft": 0.0,
    "sfT": 0.00029170874004263433,
    "dsfb-red": 0.03518456187591159,
    "oneh-in": 0.019970829125995737,
    "oneh-out": 0.01777179400875126,
    "redirect": 0.07452036351396836,
    "bad-redirect": 0.008437114327386962,
    "unknown": 0.0
  },
  "chained-bigrams": {
    "dsfb": 0.0,
    "sfb": 0.024526186133578858,
    "roll-out": 0.2170365863714841,
    "sfR": 0.11914286586209158,
    "roll-in": 0.21889489640018986,
    "alternate": 0.22236802719807494,
    "dsfb-alt": 0.043579383017695504,
    "sft": 0.0,
    "sfT": 0.00009349987565815147,
    "dsfb-red": 0.03706036390930772,
    "oneh-in": 0.015029455707355779,
    "oneh-out": 0.01490089337832582,
    "redirect": 0.06198457381912579,
    "bad-redirect": 0.00830720423034993,
    "unknown": 0.017076064096761982
  },
  "english-450k": {
    "dsfb": 0.0,
    "sfb": 0.04387444081480395,
    "roll-out": 0.2384165126489431,
    "sfR": 0.11369548401129392,
    "roll-in": 0.223888952880224,
    "alternate": 0.19379249617464997,
    "dsfb-alt": 0.02954246065458653,
    "sft": 0.0,
    "sfT": 0.0000894579375209393,
    "dsfb-red": 0.03177247747618694,
    "oneh-in": 0.022764998675671708,
    "oneh-out": 0.017145227652910218,
    "redirect": 0.07416092255105973,
    "bad-redirect": 0.010856568522149026,
    "unknown": 0.0
  },
  "english-200": {
    "dsfb": 0.0,
    "sfb": 0.015590200445434299,
    "roll-out": 0.2561247216035635,
    "sfR": 0.10690423162583519,
    "roll-in": 0.20935412026726058,
    "alternate": 0.2561247216035635,
    "dsfb-alt": 0.026726057906458798,
    "sft": 0.0,
    "sfT": 0.0,
    "dsfb-red": 0.0334075723830735,
    "oneh-in": 0.011135857461024499,
    "oneh-out": 0.013363028953229399,
    "redirect": 0.066815144766147,
    "bad-redirect": 0.004454342984409799,
    "unknown": 0.0
  },
  "english-5k": {
    "dsfb": 0.0,
    "sfb": 0.024557182561081844,
    "roll-out": 0.25814078898245324,
    "sfR": 0.10644211224955408,
    "roll-in": 0.21956278259426723,
    "alternate": 0.20297009167461733,
    "dsfb-alt": 0.029825361928070684,
    "sft": 0.0,
    "sfT": 0.0,
    "dsfb-red": 0.03480316920396565,
    "oneh-in": 0.02306384037831335,
    "oneh-out": 0.01601194673746215,
    "redirect": 0.07504044468411665,
    "bad-redirect": 0.009582279006097814,
    "unknown": 0.0
  },
  "movie": {
    "dsfb": 0.0,
    "sfb": 0.018447253414931013,
    "roll-out": 0.24349271717821597,
    "sfR": 0.11567713207251198,
    "roll-in": 0.19004175467820447,
    "alternate": 0.2590171825981861,
    "dsfb-alt": 0.0321042139075491,
    "sft": 0.0,
    "sfT": 0.000020002871464837914,
    "dsfb-red": 0.026758709704248332,
    "oneh-in": 0.013554314178522207,
    "oneh-out": 0.010539012903036476,
    "redirect": 0.05685776734528601,
    "bad-redirect": 0.008745465960968871,
    "unknown": 0.024744473186874588
  },
  "gutenberg": {
    "dsfb": 0.0,
    "sfb": 0.018769017084545255,
    "roll-out": 0.23132598545959068,
    "sfR": 0.09863878308844841,
    "roll-in": 0.21477697797570133,
    "alternate": 0.2567724595296739,