{
  "french": {
    "dsfb-alt": 0.037067285368648284,
    "redirect": 0.037742966277844514,
    "dsfb": 0.0,
    "unknown": 0.1502279269466985,
    "sfb": 0.04281644597744607,
    "sft": 0.0,
    "bad-redirect": 0.01633703551038771,
    "roll-out": 0.15722486494359644,
    "oneh-in": 0.013187942982059712,
    "alternate": 0.22633192026132282,
    "oneh-out": 0.01523519620957093,
    "dsfb-red": 0.01630725161576505,
    "roll-in": 0.1784692315663798,
    "sfR": 0.10898279115633469,
    "sfT": 0.00006914118394546802
  },
  "tr-quotes": {
    "dsfb-alt": 0.040098472064908346,
    "redirect": 0.04235801299091561,
    "dsfb": 0.0,
    "unknown": 0.009802131249855527,
    "sfb": 0.01635075472134255,
    "sft": 0.0,
    "bad-redirect": 0.01973833244723885,
    "roll-out": 0.20792861931069553,
    "oneh-in": 0.011548507893946049,
    "alternate": 0.31924250479646793,
    "oneh-out": 0.012610665495480919,
    "dsfb-red": 0.03121402649037239,
    "roll-in": 0.19231871662698505,
    "sfR": 0.09677191928064538,
    "sfT": 0.00001733663114583574
  },
  "dutch": {
    "dsfb-alt": 0.026672935033253912,
    "redirect": 0.05637117160060562,
    "dsfb": 0.0,
    "unknown": 0.06828908915832815,
    "sfb": 0.06845932411879381,
    "sft": 0.0,
    "bad-redirect": 0.008093404662989108,
    "roll-out": 0.19648440600066222,
    "oneh-in": 0.01607637356428579,
    "alternate": 0.1918613272538856,
    "oneh-out": 0.006983076091584615,
    "dsfb-red": 0.02157275371347645,
    "roll-in": 0.15017841678187502,
    "sfR": 0.18880787437283908,
    "sfT": 0.00014984764742062478
  },
  "chained-bigrams": {
    "dsfb-alt": 0.05133727547855379,
    "redirect": 0.04445659365668274,
    "dsfb": 0.0,
    "unknown": 0.016332610224341265,
    "sfb": 0.022702938558244904,
    "sft": 0.0,
    "bad-redirect": 0.01079339189628786,
    "roll-out": 0.2123330231821254,
    "oneh-in": 0.010691451059632793,
    "alternate": 0.2910384914314506,
    "oneh-out": 0.00960256709103057,
    "dsfb-red": 0.028658361193915495,
    "roll-in": 0.1828078402242958,
    "sfR": 0.11914286586209158,
    "sfT": 0.00010259014134713841
  },
  "movie": {
    "dsfb-alt": 0.0410170723191974,
    "redirect": 0.04427017088900525,
    "dsfb": 0.0,
    "unknown": 0.024529179122950412,
    "sfb": 0.015373654296952366,
    "sft": 0.0,
    "bad-redirect": 0.028769393079980297,
    "roll-out": 0.20370634784546043,
    "oneh-in": 0.0108885367623168,
    "alternate": 0.2842501469618862,
    "oneh-out": 0.014275338736126462,
    "dsfb-red": 0.03433150732559108,
    "roll-in": 0.18289072812952492,
    "sfR": 0.11567713207251198,
    "sfT": 0.00002079245849634467
  },
  "gutenberg": {
    "dsfb-alt": 0.04094770673519731,
    "redirect": 0.035813401742742584,
    "dsfb": 0.0,
    "unknown": 0.025604274906105663,
    "sfb": 0.016846991535585887,
    "sft": 0.0,
    "bad-redirect": 0.014834983517105951,
    "roll-out": 0.1920288413705675,
    "oneh-in": 0.01219669751076285,
    "alternate": 0.31816475165027847,
    "oneh-out": 0.01323159062863837,
    "dsfb-red": 0.03175282440764067,
    "roll-in": 0.19992816557380588,
    "sfR": 0.09863878308844841,
    "sfT": 0.000010987333120406395
  },
  "monkeyracer": {
    "dsfb-alt": 0.04003257112470088,
    "redirect": 0.04248029310102132,
    "dsfb": 0.0,
    "unknown": 0.009422361074182399,
    "sfb": 0.01624548383565072,
    "sft": 0.0,
    "bad-redirect": 0.020004066502963855,
    "roll-out": 0.20728412343400535,
    "oneh-in": 0.011597353644994292,
    "alternate": 0.3197072899885825,
    "oneh-out": 0.012608114237452492,
    "dsfb-red": 0.03118108450505967,
    "roll-in": 0.19251274692275208,
    "sfR": 0.09690789370786869,
    "sfT": 0.00001661792076575379
  },
  "wordle": {
    "dsfb-alt": 0.03944799730730394,
    "redirect": 0.057533939189947265,
    "dsfb": 0.0,
    "unknown": 0.0,
    "sfb": 0.031212835184561877,
    "sft": 0.0,
    "bad-redirect": 0.01249859755413441,
    "roll-out": 0.20552002692696061,
    "oneh-in": 0.016874228654773924,
    "alternate": 0.25147537305060025,
    "oneh-out": 0.011556153932458207,
    "dsfb-red": 0.03522944014361046,
    "roll-in": 0.2071132054302704,
    "sfR": 0.13138112868843263,
    "sfT": 0.0001570739369460339
  },
  "keymash": {
    "dsfb-alt": 0.040749056905830146,
    "redirect": 0.04163160422473349,
    "dsfb": 0.0,
    "unknown": 0.008620229626497765,
    "sfb": 0.016624728565388547,
    "sft": 0.0,
    "bad-redirect": 0.019514557925890654,
    "roll-out": 0.20825653803368457,
    "oneh-in": 0.011834343815806217,
    "alternate": 0.31690427029756213,
    "oneh-out": 0.011678358708279114,
    "dsfb-red": 0.031447418651713986,
    "roll-in": 0.19299873159478353,
    "sfR": 0.099723742164827,
    "sfT": 0.000016419485002852885
  },
  "english-5k": {
    "dsfb-alt": 0.04338988675488447,
    "redirect": 0.042643215663500225,
    "dsfb": 0.0,
    "unknown": 0.0,
    "sfb": 0.022026797195835234,
    "sft": 0.0,
    "bad-redirect": 0.01252748164433567,
    "roll-out": 0.23283693532998714,
    "oneh-in": 0.009001534823910067,
    "alternate": 0.30107437673704734,
    "oneh-out": 0.018334923466213134,
    "dsfb-red": 0.027294976562824078,
    "roll-in": 0.18434479611731033,
    "sfR": 0.10644211224955408,
    "sfT": 0.00008296345459824948
  },
  "akl": {
    "dsfb-alt": 0.03839936975177781,
    "redirect": 0.042949475935171566,
    "dsfb": 0.0,
    "unknown": 0.06510202440477142,
    "sfb": 0.024051756087098263,
    "sft": 0.0,
    "bad-redirect": 0.018055327873676766,
    "roll-out": 0.1918649481548227,
    "oneh-in": 0.012965786011745783,
    "alternate": 0.2705776403880269,
    "oneh-out": 0.012187578643179561,
    "dsfb-red": 0.031671323767844525,
    "roll-in": 0.17411189508022518,
    "sfR": 0.11790358951788564,
    "sfT": 0.00015928438377388384
  },
  "shai": {
    "dsfb-alt": 0.038470164411869706,
    "redirect": 0.042978819110406664,
    "dsfb": 0.0,
    "unknown": 0.016411783475088346,
    "sfb": 0.01981697301210385,
    "sft": 0.0,
    "bad-redirect": 0.015057570008728547,
    "roll-out": 0.20778951509351062,
    "oneh-in": 0.011521758044954334,
    "alternate": 0.30960282484108875,
    "oneh-out": 0.013184659835962786,
    "dsfb-red": 0.030625143785687103,
    "roll-in": 0.19624573055204725,
    "sfR": 0.09823378925716947,
    "sfT": 0.00006126857138256886
  },
  "english-200": {
    "dsfb-alt": 0.0334075723830735,
    "redirect": 0.0378619153674833,
    "dsfb": 0.0,
    "unknown": 0.0,
    "sfb": 0.011135857461024499,
    "sft": 0.0,
    "bad-redirect": 0.008908685968819599,
    "roll-out": 0.18262806236080179,
    "oneh-in": 0.013363028953229399,
    "alternate": 0.3429844097995546,
    "oneh-out": 0.011135857461024499,
    "dsfb-red": 0.0334075723830735,
    "roll-in": 0.2182628062360802,
    "sfR": 0.10690423162583519,
    "sfT": 0.0
  },
  "english-450k": {
    "dsfb-alt": 0.036754349088259905,
    "redirect": 0.0493921830133994,
    "dsfb": 0.0,
    "unknown": 0.0,
    "sfb": 0.028792007956494208,
    "sft": 0.0,
    "bad-redirect": 0.012303097524938593,
    "roll-out": 0.22683346381718775,
    "oneh-in": 0.009779857463686217,
    "alternate": 0.2850819826451601,
    "oneh-out": 0.013068167533083357,
    "dsfb-red": 0.027414180310951112,
    "roll-in": 0.1968592078236521,
    "sfR": 0.11369548401129392,
    "sfT": 0.00002601881189334509
  },
  "reddit": {
    "dsfb-alt": 0.03893713091571951,
    "redirect": 0.044293016608429756,
    "dsfb": 0.0,
    "unknown": 0.03912123410190327,
    "sfb": 0.020066273401284827,
    "sft": 0.0,
    "bad-redirect": 0.015756610718401346,
    "roll-out": 0.20059418694657843,
    "oneh-in": 0.011670718622346306,
    "alternate": 0.28906282863027416,
    "oneh-out": 0.012981990288416463,
    "dsfb-red": 0.032007322175144494,
    "roll-in": 0.19140741922730226,
    "sfR": 0.10397777127267367,
    "sfT": 0.00012349709152550373
  },
  "english-1k": {
    "dsfb-alt": 0.04128440366972477,
    "redirect": 0.04904728299223712,
    "dsfb": 0.0,
    "unknown": 0.0,
    "sfb": 0.012350035285815103,