{
  "english-10k": {
    "dsfb-alt": 0.049053472530441324,
    "redirect": 0.041604754829123326,
    "dsfb": 0.0,
    "unknown": 0.0,
    "sfb": 0.0330753941452307,
    "sft": 0.0,
    "bad-redirect": 0.0017946392389185852,
    "roll-out": 0.1877617182223423,
    "oneh-in": 0.018120067154242487,
    "alternate": 0.2708168503116497,
    "oneh-out": 0.009957353196580537,
    "dsfb-red": 0.02628278111190444,
    "roll-in": 0.2558036317323093,
    "sfR": 0.10567144593890508,
    "sfT": 0.00005789158835221242
  },
  "dutch": {
    "dsfb-alt": 0.03938158268593902,
    "redirect": 0.027305156907180418,
    "dsfb": 0.0,
    "unknown": 0.072903632847049,
    "sfb": 0.06739986521063358,
    "sft": 0.0,
    "bad-redirect": 0.0024779102476963502,
    "roll-out": 0.14044158310408514,
    "oneh-in": 0.008558152918762134,
    "alternate": 0.17502201632570125,
    "oneh-out": 0.009079293522403756,
    "dsfb-red": 0.03963490894688895,
    "roll-in": 0.22890139924387276,
    "sfR": 0.18880787437283908,
    "sfT": 0.00008662366694855071
  },
  "movie": {
    "dsfb-alt": 0.0454316534123517,
    "redirect": 0.03699057325202868,
    "dsfb": 0.0,
    "unknown": 0.030236445784519856,
    "sfb": 0.026962554756215663,
    "sft": 0.0,
    "bad-redirect": 0.002020421615787214,
    "roll-out": 0.2877894708306153,
    "oneh-in": 0.006753864271831654,
    "alternate": 0.18848929497642358,
    "oneh-out": 0.01161495683130302,
    "dsfb-red": 0.03481012866452276,
    "roll-in": 0.21310124913984363,
    "sfR": 0.11567713207251198,
    "sfT": 0.0001222543920449633
  },
  "english-5k": {
    "dsfb-alt": 0.0467913883934127,
    "redirect": 0.04102542829883436,
    "dsfb": 0.0,
    "unknown": 0.002157049819554486,
    "sfb": 0.033102418384701536,
    "sft": 0.0,
    "bad-redirect": 0.0019496411830588626,
    "roll-out": 0.19118928112166592,
    "oneh-in": 0.020243082921972872,
    "alternate": 0.27962832372339985,
    "oneh-out": 0.010992657734268056,
    "dsfb-red": 0.02576015265275646,
    "roll-in": 0.2406769817895217,
    "sfR": 0.10644211224955408,
    "sfT": 0.00004148172729912474
  },
  "shai": {
    "dsfb-alt": 0.04963736591742777,
    "redirect": 0.03645339114382346,
    "dsfb": 0.0,
    "unknown": 0.023260762136131256,
    "sfb": 0.03086546133879608,
    "sft": 0.0,
    "bad-redirect": 0.001995621483927121,
    "roll-out": 0.24409990624321712,
    "oneh-in": 0.01175717179010742,
    "alternate": 0.23469477027265948,
    "oneh-out": 0.01191755379016749,
    "dsfb-red": 0.030265342842360106,
    "roll-in": 0.226707779181102,
    "sfR": 0.09823378925716947,
    "sfT": 0.00011108460311125134
  },
  "chained-bigrams": {
    "dsfb-alt": 0.056342116045033176,
    "redirect": 0.047990759095622455,
    "dsfb": 0.0,
    "unknown": 0.022916559801936097,
    "sfb": 0.032212005773617325,
    "sft": 0.0,
    "bad-redirect": 0.002897846840710625,
    "roll-out": 0.21730150268584886,
    "oneh-in": 0.008446155434453016,
    "alternate": 0.22926234441847948,
    "oneh-out": 0.011796567645536778,
    "dsfb-red": 0.041452260846472556,
    "roll-in": 0.21014097054169542,
    "sfR": 0.11914286586209158,
    "sfT": 0.00009804500850264495
  },
  "mt-quotes": {
    "dsfb-alt": 0.048236334731834425,
    "redirect": 0.03560798938573529,
    "dsfb": 0.0,
    "unknown": 0.007977133909467972,
    "sfb": 0.028235976141810403,
    "sft": 0.0,
    "bad-redirect": 0.0019468450054386153,
    "roll-out": 0.2883780973213325,
    "oneh-in": 0.009057386356844886,
    "alternate": 0.21073289824410418,
    "oneh-out": 0.01323047776144201,
    "dsfb-red": 0.03797020116900348,
    "roll-in": 0.22211215500651438,
    "sfR": 0.0964592223377679,
    "sfT": 0.000055282628703936124
  },
  "english-200": {
    "dsfb-alt": 0.0556792873051225,
    "redirect": 0.026726057906458798,
    "dsfb": 0.0,
    "unknown": 0.0,
    "sfb": 0.0200445434298441,
    "sft": 0.0,
    "bad-redirect": 0.0,
    "roll-out": 0.2739420935412027,
    "oneh-in": 0.011135857461024499,
    "alternate": 0.23608017817371937,
    "oneh-out": 0.013363028953229399,
    "dsfb-red": 0.044543429844097995,
    "roll-in": 0.21158129175946547,
    "sfR": 0.10690423162583519,
    "sfT": 0.0
  },
  "akl": {
    "dsfb-alt": 0.045813868855981266,
    "redirect": 0.03321392270661774,
    "dsfb": 0.0,
    "unknown": 0.06665478384099267,
    "sfb": 0.030249039987876793,
    "sft": 0.0,
    "bad-redirect": 0.001481078365810372,
    "roll-out": 0.23949797973377265,
    "oneh-in": 0.0070866991529986295,
    "alternate": 0.20823778438705745,
    "oneh-out": 0.010862624994253743,
    "dsfb-red": 0.03391499703053267,
    "roll-in": 0.20477045267866026,
    "sfR": 0.11790358951788564,
    "sfT": 0.00031317874756008664
  },
  "french": {
    "dsfb-alt": 0.02910604134690742,
    "redirect": 0.04039346322617139,
    "dsfb": 0.0,
    "unknown": 0.15807962376648718,
    "sfb": 0.032187296111225644,
    "sft": 0.0,
    "bad-redirect": 0.004313406095028332,
    "roll-out": 0.15260064563033784,
    "oneh-in": 0.016075257849048778,
    "alternate": 0.19830457127499473,
    "oneh-out": 0.01365945139833962,
    "dsfb-red": 0.026666413773235465,
    "roll-in": 0.21944601266837283,
    "sfR": 0.10898279115633469,
    "sfT": 0.0001850257035160412
  },
  "gutenberg": {
    "dsfb-alt": 0.044567464688037406,
    "redirect": 0.03344525258173913,
    "dsfb": 0.0,
    "unknown": 0.032975828246008664,
    "sfb": 0.028645492939122975,
    "sft": 0.0,
    "bad-redirect": 0.0021080524648945235,
    "roll-out": 0.28232160833339964,
    "oneh-in": 0.008254897035428088,
    "alternate": 0.20779680101901832,
    "oneh-out": 0.01671324917036163,
    "dsfb-red": 0.03330753204417817,
    "roll-in": 0.2110977368745887,
    "sfR": 0.09863878308844841,
    "sfT": 0.00012730151477436375
  },
  "monkeyracer": {
    "dsfb-alt": 0.047778477251044,
    "redirect": 0.03606284311118758,
    "dsfb": 0.0,
    "unknown": 0.013436077701487402,
    "sfb": 0.029552528270015796,
    "sft": 0.0,
    "bad-redirect": 0.0020586671254516162,
    "roll-out": 0.2802455933184228,
    "oneh-in": 0.009188732658710919,
    "alternate": 0.21336334986001845,
    "oneh-out": 0.013075371068395451,
    "dsfb-red": 0.03671289707055383,
    "roll-in": 0.22155011964902951,
    "sfR": 0.09690789370786869,
    "sfT": 0.00006744920781394185
  },
  "english-1k": {
    "dsfb-alt": 0.04693013408609739,
    "redirect": 0.037755822159491886,
    "dsfb": 0.0,
    "unknown": 0.0,
    "sfb": 0.022582921665490474,
    "sft": 0.0,
    "bad-redirect": 0.0014114326040931546,
    "roll-out": 0.23253352152434723,
    "oneh-in": 0.011644318983768526,
    "alternate": 0.2572335920959774,
    "oneh-out": 0.017290049400141144,
    "dsfb-red": 0.028228652081863093,
    "roll-in": 0.2360621030345801,
    "sfR": 0.10832745236414962,
    "sfT": 0.0
  },
  "wordle": {
    "dsfb-alt": 0.049029507461012006,
    "redirect": 0.050532929428924046,
    "dsfb": 0.0,
    "unknown": 0.0,
    "sfb": 0.04440704588802872,
    "sft": 0.0,
    "bad-redirect": 0.003500504880511612,
    "roll-out": 0.2150342196791204,
    "oneh-in": 0.007876135981151127,
    "alternate": 0.24959048580724785,
    "oneh-out": 0.013620554246606081,
    "dsfb-red": 0.03242454841243128,
    "roll-in": 0.2024907438572871,
    "sfR": 0.13138112868843263,
    "sfT": 0.00011219566924716706
  },
  "tr-quotes": {
    "dsfb-alt": 0.04789417720348582,
    "redirect": 0.036007027114491115,
    "dsfb": 0.0,
    "unknown": 0.013835787429786644,
    "sfb": 0.029783176533136082,
    "sft": 0.0,
    "bad-redirect": 0.0020769284112711218,
    "roll-out": 0.2790816208594346,
    "oneh-in": 0.009269318785973509,
    "alternate": 0.21414784679041168,
    "oneh-out": 0.0131261413282171,
    "dsfb-red": 0.03632370957675504,
    "roll-in": 0.221615311712628,
    "sfR": 0.09677191928064538,
    "sfT": 0.0000670349737638982
  },
  "keymash": {
    "dsfb-alt": 0.047497465242002684,
    "redirect": 0.034669742583523865,
    "dsfb": 0.0,
    "unknown": 0.01232282349464109,
    "sfb": 0.027748929654821376,
    "sft": 0.0,