{
  "dutch": {
    "dsfb": 0.0,
    "sfb": 0.06769979360579988,
    "roll-out": 0.1289536639229085,
    "sfR": 0.18880787437283908,
    "roll-in": 0.24418017521900404,
    "alternate": 0.15633312604139812,
    "dsfb-alt": 0.04002196307124238,
    "sft": 0.0,
    "sfT": 0.00013650713650989785,
    "dsfb-red": 0.0344112920395988,
    "oneh-in": 0.016206730438373132,
    "oneh-out": 0.011387470871873036,
    "redirect": 0.035586960425195074,
    "bad-redirect": 0.0033708100082090763,
    "unknown": 0.072903632847049
  },
  "english-1k": {
    "dsfb": 0.0,
    "sfb": 0.019760056457304165,
    "roll-out": 0.19971771347918138,
    "sfR": 0.10832745236414962,
    "roll-in": 0.2537050105857445,
    "alternate": 0.2205363443895554,
    "dsfb-alt": 0.04693013408609739,
    "sft": 0.0,
    "sfT": 0.0,
    "dsfb-red": 0.03599153140437544,
    "oneh-in": 0.02893436838390967,
    "oneh-out": 0.020112914608327453,
    "redirect": 0.05575158786167961,
    "bad-redirect": 0.010232886379675371,
    "unknown": 0.0
  },
  "shai": {
    "dsfb": 0.0,
    "sfb": 0.02797835698359535,
    "roll-out": 0.21431004699295556,
    "sfR": 0.09823378925716947,
    "roll-in": 0.2550521839478356,
    "alternate": 0.20278304067366168,
    "dsfb-alt": 0.046758551977887274,
    "sft": 0.0,
    "sfT": 0.00009389224719960442,
    "dsfb-red": 0.03639442546567985,
    "oneh-in": 0.022801874856988393,
    "oneh-out": 0.01498960563011339,
    "redirect": 0.0495872441234035,
    "bad-redirect": 0.007756225707379136,
    "unknown": 0.023260762136131256
  },
  "akl": {
    "dsfb": 0.0,
    "sfb": 0.029952836705565263,
    "roll-out": 0.19698484760059234,
    "sfR": 0.11790358951788564,
    "roll-in": 0.23333123927959099,
    "alternate": 0.18234542940554524,
    "dsfb-alt": 0.04432015182261358,
    "sft": 0.0,
    "sfT": 0.0002576057828595134,
    "dsfb-red": 0.0396153458701481,
    "oneh-in": 0.017748530414148072,
    "oneh-out": 0.013775404186447111,
    "redirect": 0.04729463745052798,
    "bad-redirect": 0.009815598123083523,
    "unknown": 0.06665478384099267
  },
  "monkeyracer": {
    "dsfb": 0.0,
    "sfb": 0.028399049063922297,
    "roll-out": 0.23293241784881993,
    "sfR": 0.09690789370786869,
    "roll-in": 0.2458689804025838,
    "alternate": 0.19487640177049284,
    "dsfb-alt": 0.04668951467851166,
    "sft": 0.0,
    "sfT": 0.00005571891080282153,
    "dsfb-red": 0.044765745968687924,
    "oneh-in": 0.019267012840765128,
    "oneh-out": 0.018768475217792513,
    "redirect": 0.05110597150319846,
    "bad-redirect": 0.00692674038506655,
    "unknown": 0.013436077701487402
  },
  "tr-quotes": {
    "dsfb": 0.0,
    "sfb": 0.02845403481195534,
    "roll-out": 0.23226578211321977,
    "sfR": 0.09677191928064538,
    "roll-in": 0.24548091814798548,
    "alternate": 0.1952347379857146,
    "dsfb-alt": 0.04670488430688149,
    "sft": 0.0,
    "sfT": 0.000055477219666674374,
    "dsfb-red": 0.04459559418413814,
    "oneh-in": 0.01946094634890548,
    "oneh-out": 0.018859943135849842,
    "redirect": 0.05132567439495157,
    "bad-redirect": 0.006954300640299577,
    "unknown": 0.013835787429786644
  },
  "reddit": {
    "dsfb": 0.0,
    "sfb": 0.0301087182691229,
    "roll-out": 0.21778635302825394,
    "sfR": 0.10397777127267367,
    "roll-in": 0.24028968065120462,
    "alternate": 0.1903685378704749,
    "dsfb-alt": 0.0466077723757945,
    "sft": 0.0,
    "sfT": 0.00018548911047445996,
    "dsfb-red": 0.039569824083131484,
    "oneh-in": 0.019503850341152755,
    "oneh-out": 0.016198795481961726,
    "redirect": 0.048047410597114246,
    "bad-redirect": 0.00807034951699602,
    "unknown": 0.039285447401644795
  },
  "keymash": {
    "dsfb": 0.0,
    "sfb": 0.02729328894599221,
    "roll-out": 0.23392019309314363,
    "sfR": 0.099723742164827,
    "roll-in": 0.24517985493385,
    "alternate": 0.19375813277616546,
    "dsfb-alt": 0.04696383197940997,
    "sft": 0.0,
    "sfT": 0.00006157306876069832,
    "dsfb-red": 0.04491960609655478,
    "oneh-in": 0.01961307483590777,
    "oneh-out": 0.018447291400705217,
    "redirect": 0.05067874046130543,
    "bad-redirect": 0.007117846748736726,
    "unknown": 0.01232282349464109
  },
  "english-10k": {
    "dsfb": 0.0,
    "sfb": 0.03290171938017406,
    "roll-out": 0.17645356129754347,
    "sfR": 0.10567144593890508,
    "roll-in": 0.28733525018814765,
    "alternate": 0.21304104513614172,
    "dsfb-alt": 0.04409409312826846,
    "sft": 0.0,
    "sfT": 0.0000964859805870207,
    "dsfb-red": 0.03413673993168793,
    "oneh-in": 0.029524710059628336,
    "oneh-out": 0.013025607379247794,
    "redirect": 0.055363655660832484,
    "bad-redirect": 0.008355685918835993,
    "unknown": 0.0
  },
  "wordle": {
    "dsfb": 0.0,
    "sfb": 0.03776506226859643,
    "roll-out": 0.21133176259396388,
    "sfR": 0.13138112868843263,
    "roll-in": 0.21489958487602379,
    "alternate": 0.20868394479973074,
    "dsfb-alt": 0.05302367328621115,
    "sft": 0.0,
    "sfT": 0.00013463480309660046,
    "dsfb-red": 0.034982609671266686,
    "oneh-in": 0.018377650622685964,
    "oneh-out": 0.016290811174688658,
    "redirect": 0.06305396611690789,
    "bad-redirect": 0.010075171098395602,
    "unknown": 0.0
  },
  "chained-bigrams": {
    "dsfb": 0.0,
    "sfb": 0.028670697983064836,
    "roll-out": 0.20366805206644464,
    "sfR": 0.11914286586209158,
    "roll-in": 0.24761429223516,
    "alternate": 0.1935895446361264,
    "dsfb-alt": 0.05308585301429964,
    "sft": 0.0,
    "sfT": 0.00012986093841409926,
    "dsfb-red": 0.04470527735374574,
    "oneh-in": 0.01745136220877873,
    "oneh-out": 0.009388945847339377,
    "redirect": 0.05220020141431548,
    "bad-redirect": 0.007436486638283394,
    "unknown": 0.022916559801936097
  },
  "english-450k": {
    "dsfb": 0.0,
    "sfb": 0.04339177723687234,
    "roll-out": 0.1967878753505962,
    "sfR": 0.11369548401129392,
    "roll-in": 0.2453287462265414,
    "alternate": 0.2228446922500776,
    "dsfb-alt": 0.043683538745519064,
    "sft": 0.0,
    "sfT": 0.00036163225069739185,
    "dsfb-red": 0.0340016172591842,
    "oneh-in": 0.019139613436465277,
    "oneh-out": 0.013326893921011565,
    "redirect": 0.05723817035714766,
    "bad-redirect": 0.010046184852841693,
    "unknown": 0.00015377410175167997
  },
  "english-200": {
    "dsfb": 0.0,
    "sfb": 0.017817371937639197,
    "roll-out": 0.23608017817371937,
    "sfR": 0.10690423162583519,
    "roll-in": 0.24053452115812918,
    "alternate": 0.18930957683741648,
    "dsfb-alt": 0.04899777282850779,
    "sft": 0.0,
    "sfT": 0.0,
    "dsfb-red": 0.053452115812917596,
    "oneh-in": 0.022271714922048998,
    "oneh-out": 0.031180400890868598,
    "redirect": 0.042316258351893093,
    "bad-redirect": 0.011135857461024499,
    "unknown": 0.0
  },
  "english-5k": {
    "dsfb": 0.0,
    "sfb": 0.03335130874849629,
    "roll-out": 0.17293732111005103,
    "sfR": 0.10644211224955408,
    "roll-in": 0.28278093499813334,
    "alternate": 0.21462645704567138,
    "dsfb-alt": 0.04073505620774049,
    "sft": 0.0,
    "sfT": 0.00016592690919649896,
    "dsfb-red": 0.03550835856805078,
    "oneh-in": 0.029991288837267184,
    "oneh-out": 0.013066744099224292,
    "redirect": 0.059899614219936115,
    "bad-redirect": 0.008337827187124072,
    "unknown": 0.002157049819554486
  },
  "movie": {
    "dsfb": 0.0,
    "sfb": 0.024736182523043767,
    "roll-out": 0.23858648656011014,
    "sfR": 0.11567713207251198,
    "roll-in": 0.21945400319966984,
    "alternate": 0.17998912738657616,
    "dsfb-alt": 0.0489662397588917,
    "sft": 0.0,
    "sfT": 0.00009251328052487534,
    "dsfb-red": 0.04298564438658234,
    "oneh-in": 0.01664462622200108,
    "oneh-out": 0.023467052967735238,
    "redirect": 0.05145817643032704,
    "bad-redirect": 0.007706369427505975,
    "unknown": 0.030236445784519856
  },
  "gutenberg": {
    "dsfb": 0.0,
    "sfb": 0.02695060208691132,
    "roll-out": 0.23468583615309976,
    "sfR": 0.09863878308844841,
    "roll-in": 0.23161051950005362,