{
  "english-10k": {
    "bad-redirect": 0.0011385345709268443,
    "dsfb-red": 0.03274734181123483,
    "sfb": 0.022211072731132167,
    "oneh-in": 0.022481233476775823,
    "roll-in": 0.3401323787653654,
    "unknown": 0.0,
    "dsfb-alt": 0.03421392871615754,
    "alternate": 0.21288666756720248,
    "sfR": 0.10567144593890508,
    "sfT": 0.00001929719611740414,
    "roll-out": 0.16809787537870746,
    "oneh-out": 0.008587252272244843,
    "redirect": 0.05181297157523012,
    "sft": 0.0,
    "dsfb": 0.0
  },
  "shai": {
    "bad-redirect": 0.00111332309274769,
    "dsfb-red": 0.026523319367866255,
    "sfb": 0.0204766493592306,
    "oneh-in": 0.018645214487218828,
    "roll-in": 0.354668382599509,
    "unknown": 0.024097749651430984,
    "dsfb-alt": 0.032224590224338184,
    "alternate": 0.21251129772330168,
    "sfR": 0.09823378925716947,
    "sfT": 0.000044490349213053,
    "roll-out": 0.1499209236777058,
    "oneh-out": 0.00994602173064246,
    "redirect": 0.051594248479626015,
    "sft": 0.0,
    "dsfb": 0.0
  },
  "chained-bigrams": {
    "bad-redirect": 0.0023985315325084134,
    "dsfb-red": 0.03914528127554608,
    "sfb": 0.020847225748307423,
    "oneh-in": 0.017422143497635555,
    "roll-in": 0.3259256325363984,
    "unknown": 0.023159399756770463,
    "dsfb-alt": 0.04448256584436556,
    "alternate": 0.22235828762769388,
    "sfR": 0.11914286586209158,
    "sfT": 0.00007272212551189558,
    "roll-out": 0.11456202125953423,
    "oneh-out": 0.006470321256482496,
    "redirect": 0.06401300167715401,
    "sft": 0.0,
    "dsfb": 0.0
  },
  "dutch": {
    "bad-redirect": 0.0011848310214502863,
    "dsfb-red": 0.03736198353888538,
    "sfb": 0.03469816681656213,
    "oneh-in": 0.011910637655263196,
    "roll-in": 0.30706711055184566,
    "unknown": 0.07360270072188302,
    "dsfb-alt": 0.025777758061873362,
    "alternate": 0.15050086625460027,
    "sfR": 0.18880787437283908,
    "sfT": 0.00011454191357220905,
    "roll-out": 0.11235710008707553,
    "oneh-out": 0.005705489071557461,
    "redirect": 0.05091093993259241,
    "sft": 0.0,
    "dsfb": 0.0
  },
  "english-1k": {
    "bad-redirect": 0.00035285815102328866,
    "dsfb-red": 0.03175723359209598,
    "sfb": 0.016584333098094567,
    "oneh-in": 0.016584333098094567,
    "roll-in": 0.36450247000705716,
    "unknown": 0.0,
    "dsfb-alt": 0.030345800988002825,
    "alternate": 0.18172194777699366,
    "sfR": 0.10832745236414962,
    "sfT": 0.0,
    "roll-out": 0.17819336626676077,
    "oneh-out": 0.015525758645024701,
    "redirect": 0.0561044460127029,
    "sft": 0.0,
    "dsfb": 0.0
  },
  "french": {
    "bad-redirect": 0.001539264034870049,
    "dsfb-red": 0.02995133164796641,
    "sfb": 0.051615354544530166,
    "oneh-in": 0.023269926148376262,
    "roll-in": 0.24477833868282345,
    "unknown": 0.1584254645227596,
    "dsfb-alt": 0.024232674062031674,
    "alternate": 0.1482053787706122,
    "sfR": 0.10898279115633469,
    "sfT": 0.000439372373037647,
    "roll-out": 0.13585417145991857,
    "oneh-out": 0.018306518015068822,
    "redirect": 0.05439941458167044,
    "sft": 0.0,
    "dsfb": 0.0
  },
  "tr-quotes": {
    "bad-redirect": 0.0015510505998474376,
    "dsfb-red": 0.024895402325420125,
    "sfb": 0.022990684450197637,
    "oneh-in": 0.01705462194586348,
    "roll-in": 0.3662051270197175,
    "unknown": 0.013894731975682485,
    "dsfb-alt": 0.033697787845865794,
    "alternate": 0.20866138092045955,
    "sfR": 0.09677191928064538,
    "sfT": 8.09042786805668e-6,
    "roll-out": 0.1496810059869166,
    "oneh-out": 0.011890617415223874,
    "redirect": 0.05269757980629204,
    "sft": 0.0,
    "dsfb": 0.0
  },
  "mt-quotes": {
    "bad-redirect": 0.0015703254802118072,
    "dsfb-red": 0.024307921253630724,
    "sfb": 0.022718172147117535,
    "oneh-in": 0.01695981401130754,
    "roll-in": 0.373343015263982,
    "unknown": 0.007995063410669249,
    "dsfb-alt": 0.034098923034627845,
    "alternate": 0.20931198527390302,
    "sfR": 0.0964592223377679,
    "sfT": 4.482375300319145e-6,
    "roll-out": 0.14883129534669678,
    "oneh-out": 0.01211586043676265,
    "redirect": 0.05228391962802262,
    "sft": 0.0,
    "dsfb": 0.0
  },
  "english-450k": {
    "bad-redirect": 0.0011705541889994802,
    "dsfb-red": 0.035819133591104724,
    "sfb": 0.03690052218878431,
    "oneh-in": 0.015720039922797215,
    "roll-in": 0.3029525212228725,
    "unknown": 0.00015377410175167997,
    "dsfb-alt": 0.038009098983161446,
    "alternate": 0.2137904380573946,
    "sfR": 0.11369548401129392,
    "sfT": 0.00004589835356466493,
    "roll-out": 0.1699271063982305,
    "oneh-out": 0.0077082922830542695,
    "redirect": 0.06410713669699077,
    "sft": 0.0,
    "dsfb": 0.0
  },
  "gutenberg": {
    "bad-redirect": 0.001022958600865423,
    "dsfb-red": 0.024670162154093178,
    "sfb": 0.01844830061949615,
    "oneh-in": 0.013970962372930546,
    "roll-in": 0.3708359428249494,
    "unknown": 0.03298207965968062,
    "dsfb-alt": 0.03019262310454296,
    "alternate": 0.20152454930148977,
    "sfR": 0.09863878308844841,
    "sfT": 0.000010987333120406395,
    "roll-out": 0.14548820320352746,
    "oneh-out": 0.011415081364990491,
    "redirect": 0.050799366371865155,
    "sft": 0.0,
    "dsfb": 0.0
  },
  "english-5k": {
    "bad-redirect": 0.0004977807275894969,
    "dsfb-red": 0.03239722902061642,
    "sfb": 0.02128012610445099,
    "oneh-in": 0.02480607292487659,
    "roll-in": 0.3385738582154561,
    "unknown": 0.002157049819554486,
    "dsfb-alt": 0.03422242502177791,
    "alternate": 0.21840129422989174,
    "sfR": 0.10644211224955408,
    "sfT": 0.0,
    "roll-out": 0.16099058364790308,
    "oneh-out": 0.009167461733106567,
    "redirect": 0.05106400630522255,
    "sft": 0.0,
    "dsfb": 0.0
  },
  "keymash": {
    "bad-redirect": 0.0015064877490117523,
    "dsfb-red": 0.02459228366302291,
    "sfb": 0.022626050333931277,
    "oneh-in": 0.017080369274217713,
    "roll-in": 0.3695902928004663,
    "unknown": 0.012376186820900362,
    "dsfb-alt": 0.03332744968454064,
    "alternate": 0.20626567547708866,
    "sfR": 0.099723742164827,
    "sfT": 0.00002052435625356611,
    "roll-out": 0.14844445903954223,
    "oneh-out": 0.012010853279586885,
    "redirect": 0.05243562535661069,
    "sft": 0.0,
    "dsfb": 0.0
  },
  "wordle": {
    "bad-redirect": 0.0019970829125995735,
    "dsfb-red": 0.03370357904184899,
    "sfb": 0.03289577022326938,
    "oneh-in": 0.008459553461236396,
    "roll-in": 0.2681027712330304,
    "unknown": 0.0,
    "dsfb-alt": 0.044878267698866825,
    "alternate": 0.20132390889711657,
    "sfR": 0.13138112868843263,
    "sfT": 0.000022439133849433412,
    "roll-out": 0.20592393133625042,
    "oneh-out": 0.011219566924716706,
    "redirect": 0.06009200044878268,
    "sft": 0.0,
    "dsfb": 0.0
  },
  "reddit": {
    "bad-redirect": 0.0009553138678393833,
    "dsfb-red": 0.022689603339103647,
    "sfb": 0.02147785602007118,
    "oneh-in": 0.01565442689502204,
    "roll-in": 0.34212762227644805,
    "unknown": 0.04519941109454869,
    "dsfb-alt": 0.03572871618274498,
    "alternate": 0.21011882053347972,
    "sfR": 0.10397777127267367,
    "sfT": 0.00008042106627396315,
    "roll-out": 0.14167247724789897,
    "oneh-out": 0.010222839770108872,
    "redirect": 0.050094720433786814,
    "sft": 0.0,
    "dsfb": 0.0
  },
  "monkeyracer": {
    "bad-redirect": 0.0015699047499882696,
    "dsfb-red": 0.024807623129017627,
    "sfb": 0.022898517290457793,
    "oneh-in": 0.01707931244819119,
    "roll-in": 0.36681029763673617,
    "unknown": 0.013491796612290222,
    "dsfb-alt": 0.03362391885762547,
    "alternate": 0.20841511957082753,
    "sfR": 0.09690789370786869,
    "sfT": 9.775247509266934e-6,
    "roll-out": 0.14966099441637862,
    "oneh-out": 0.011961970377089948,
    "redirect": 0.05276287595601921,
    "sft": 0.0,
    "dsfb": 0.0
  },
  "akl": {
    "bad-redirect": 0.0009550867601159833,
    "dsfb-red": 0.02316692544958033,
    "sfb": 0.02531810101293964,
    "oneh-in": 0.012480684212854492,