{
  "english-1k": {
    "sfb": 0.011644318983768526,
    "unknown": 0.0,
    "outoneh": 0.02364149611856034,
    "red-sfs": 0.014820042342978124,
    "alt-sfs": 0.026817219477769938,
    "sft": 0.0,
    "inroll": 0.2205363443895554,
    "bad-red-sfs": 0.008115737473535639,
    "red": 0.06422018348623854,
    "sfr": 0.10832745236414962,
    "outroll": 0.21524347212420608,
    "inoneh": 0.011291460832745237,
    "bad-red": 0.021524347212420608,
    "alt": 0.273817925194072
  },
  "shai": {
    "sfb": 0.013581098069037565,
    "unknown": 0.031793109309943265,
    "outoneh": 0.01959018640817703,
    "red-sfs": 0.017803528295629874,
    "alt-sfs": 0.026777241407924677,
    "sft": 0.0000362038039616266,
    "inroll": 0.21189276769218052,
    "bad-red-sfs": 0.007972732505519976,
    "red": 0.06696934295630494,
    "sfr": 0.09823378925716947,
    "outroll": 0.20571946564826407,
    "inoneh": 0.01270562707899009,
    "bad-red": 0.0163647231744288,
    "alt": 0.2705601843924681
  },
  "chained-bigrams": {
    "sfb": 0.01458598060267163,
    "unknown": 0.033665798979163164,
    "outoneh": 0.024916418253513227,
    "red-sfs": 0.020021959484685825,
    "alt-sfs": 0.045452627054318885,
    "sft": 0.00002077775014625588,
    "inroll": 0.20563284806464996,
    "bad-red-sfs": 0.011466720861964964,
    "red": 0.05011268682930883,
    "sfr": 0.11914286586209158,
    "outroll": 0.20756128300009935,
    "inoneh": 0.009699313490149073,
    "bad-red": 0.018061708619324997,
    "alt": 0.23965901114791227
  },
  "english-200": {
    "sfb": 0.008908685968819599,
    "unknown": 0.0,
    "outoneh": 0.026726057906458798,
    "red-sfs": 0.0066815144766146995,
    "alt-sfs": 0.026726057906458798,
    "sft": 0.0,
    "inroll": 0.24053452115812918,
    "bad-red-sfs": 0.011135857461024499,
    "red": 0.08463251670378619,
    "sfr": 0.10690423162583519,
    "outroll": 0.2026726057906459,
    "inoneh": 0.017817371937639197,
    "bad-red": 0.0334075723830735,
    "alt": 0.23385300668151449
  },
  "english-450k": {
    "sfb": 0.024354192624573102,
    "unknown": 0.0001543587941537776,
    "outoneh": 0.020555738434345768,
    "red-sfs": 0.024455052063934946,
    "alt-sfs": 0.0335057981022054,
    "sft": 0.00014208025370972713,
    "inroll": 0.2151834677053922,
    "bad-red-sfs": 0.005972340541226369,
    "red": 0.062372646686168105,
    "sfr": 0.11369548401129392,
    "outroll": 0.23307505520958008,
    "inoneh": 0.013726238831644255,
    "bad-red": 0.015370393866342825,
    "alt": 0.23743715287542952
  },
  "english-5k": {
    "sfb": 0.015970465010163023,
    "unknown": 0.0022400132741527356,
    "outoneh": 0.01804455137511926,
    "red-sfs": 0.020118637740075496,
    "alt-sfs": 0.030157215746463684,
    "sft": 0.0,
    "inroll": 0.2080723441324097,
    "bad-red-sfs": 0.006968930186252956,
    "red": 0.060853693947815986,
    "sfr": 0.10644211224955408,
    "outroll": 0.23254656323889328,
    "inoneh": 0.012403036462438295,
    "bad-red": 0.0155971294644709,
    "alt": 0.27058530717219065
  },
  "monkeyracer": {
    "sfb": 0.01066968265636486,
    "unknown": 0.03912933825484461,
    "outoneh": 0.02075089541267185,
    "red-sfs": 0.014777241659758826,
    "alt-sfs": 0.026173225206062217,
    "sft": 0.000021505544520387257,
    "inroll": 0.21382669659195772,
    "bad-red-sfs": 0.010909176220341899,
    "red": 0.06710023147786102,
    "sfr": 0.09690789370786869,
    "outroll": 0.21301241847443578,
    "inoneh": 0.01215943037677714,
    "bad-red": 0.01643121353832679,
    "alt": 0.25813105087820826
  },
  "tr-quotes": {
    "sfb": 0.010762580615334829,
    "unknown": 0.039616513719054114,
    "outoneh": 0.020640993042232034,
    "red-sfs": 0.014941864496890963,
    "alt-sfs": 0.02615057442037863,
    "sft": 0.000023115508194447656,
    "inroll": 0.21379533529044636,
    "bad-red-sfs": 0.010752178636647326,
    "red": 0.06704190841635653,
    "sfr": 0.09677191928064538,
    "outroll": 0.21233327939714755,
    "inoneh": 0.01218880747093225,
    "bad-red": 0.016329950763967545,
    "alt": 0.258650978941772
  },
  "movie": {
    "sfb": 0.009877470568472395,
    "unknown": 0.08496732886260383,
    "outoneh": 0.01647999732593192,
    "red-sfs": 0.014210987393058662,
    "alt-sfs": 0.026078875270121014,
    "sft": 0.000016054936307304115,
    "inroll": 0.21132796826491804,
    "bad-red-sfs": 0.010197516511909801,
    "red": 0.06143210821448184,
    "sfr": 0.11567713207251198,
    "outroll": 0.1966636263179359,
    "inoneh": 0.01050703462826045,
    "bad-red": 0.014630389704627334,
    "alt": 0.22793350992885952
  },
  "gutenberg": {
    "sfb": 0.010423758706040722,
    "unknown": 0.04011588984327138,
    "outoneh": 0.019555937460099877,
    "red-sfs": 0.013147291262455943,
    "alt-sfs": 0.025906805440472712,
    "sft": 0.00015268604301806128,
    "inroll": 0.1976115432164016,
    "bad-red-sfs": 0.008608007189504597,
    "red": 0.061597641587889385,
    "sfr": 0.09863878308844841,
    "outroll": 0.214533362279273,
    "inoneh": 0.011844345103798094,
    "bad-red": 0.018239541290208428,
    "alt": 0.2796244074891178
  },
  "keymash": {
    "sfb": 0.011271976454458505,
    "unknown": 0.03457533054475746,
    "outoneh": 0.020824011854868173,
    "red-sfs": 0.0151510797863825,
    "alt-sfs": 0.025823745038236874,
    "sft": 0.00002873409875499255,
    "inroll": 0.21505009995361496,
    "bad-red-sfs": 0.010401743749307303,
    "red": 0.06853493040190795,
    "sfr": 0.099723742164827,
    "outroll": 0.2097835501389499,
    "inoneh": 0.012458284245914627,
    "bad-red": 0.015467154872687417,
    "alt": 0.26090561669533235
  },
  "english-10k": {
    "sfb": 0.01611315875803246,
    "unknown": 0.0,
    "outoneh": 0.01896914378340827,
    "red-sfs": 0.0228285830068891,
    "alt-sfs": 0.02964049323633276,
    "sft": 0.00007718878446961657,
    "inroll": 0.21630227127998303,
    "bad-red-sfs": 0.006831207425561066,
    "red": 0.06620867987881361,
    "sfr": 0.10567144593890508,
    "outroll": 0.2204125740529901,
    "inoneh": 0.012890527006425966,
    "bad-red": 0.016286833523089093,
    "alt": 0.26776789332509987
  },
  "mt-quotes": {
    "sfb": 0.009853755035201587,
    "unknown": 0.03468910244916987,
    "outoneh": 0.021114975914703387,
    "red-sfs": 0.014388424714024456,
    "alt-sfs": 0.026141212751461255,
    "sft": 7.470625500531909e-6,
    "inroll": 0.215252626671926,
    "bad-red-sfs": 0.011681070032631692,
    "red": 0.06835024682946654,
    "sfr": 0.0964592223377679,
    "outroll": 0.21358368893510715,
    "inoneh": 0.012187578441567756,
    "bad-red": 0.0168806253810019,
    "alt": 0.25940999988047
  }
}