{
  "shai": {
    "bad-redirect": 0.0163647231744288,
    "dsfb-red": 0.025776260801149854,
    "sfb": 0.013581098069037565,
    "oneh-in": 0.01804649707877025,
    "roll-in": 0.20571946564826407,
    "unknown": 0.031793109309943265,
    "dsfb-alt": 0.026777241407924677,
    "alternate": 0.2705601843924681,
    "sfR": 0.09823378925716947,
    "sfT": 0.0000362038039616266,
    "roll-out": 0.21189276769218052,
    "oneh-out": 0.014249316408396868,
    "redirect": 0.06696934295630494,
    "sft": 0.0,
    "dsfb": 0.0
  },
  "gutenberg": {
    "bad-redirect": 0.018239541290208428,
    "dsfb-red": 0.021755298451960538,
    "sfb": 0.010423758706040722,
    "oneh-in": 0.017648309106263804,
    "roll-in": 0.214533362279273,
    "unknown": 0.04011588984327138,
    "dsfb-alt": 0.025906805440472712,
    "alternate": 0.2796244074891178,
    "sfR": 0.09863878308844841,
    "sfT": 0.00015268604301806128,
    "roll-out": 0.1976115432164016,
    "oneh-out": 0.013751973457634169,
    "redirect": 0.061597641587889385,
    "sft": 0.0,
    "dsfb": 0.0
  },
  "english-5k": {
    "bad-redirect": 0.0155971294644709,
    "dsfb-red": 0.02708756792632845,
    "sfb": 0.015970465010163023,
    "oneh-in": 0.019330484921392128,
    "roll-in": 0.23254656323889328,
    "unknown": 0.0022400132741527356,
    "dsfb-alt": 0.030157215746463684,
    "alternate": 0.27058530717219065,
    "sfR": 0.10644211224955408,
    "sfT": 0.0,
    "roll-out": 0.2080723441324097,
    "oneh-out": 0.011117102916165428,
    "redirect": 0.060853693947815986,
    "sft": 0.0,
    "dsfb": 0.0
  },
  "tr-quotes": {
    "bad-redirect": 0.016329950763967545,
    "dsfb-red": 0.02569404313353829,
    "sfb": 0.010762580615334829,
    "oneh-in": 0.018008136658884445,
    "roll-in": 0.21233327939714755,
    "unknown": 0.039616513719054114,
    "dsfb-alt": 0.02615057442037863,
    "alternate": 0.258650978941772,
    "sfR": 0.09677191928064538,
    "sfT": 0.000023115508194447656,
    "roll-out": 0.21379533529044636,
    "oneh-out": 0.014821663854279837,
    "redirect": 0.06704190841635653,
    "sft": 0.0,
    "dsfb": 0.0
  },
  "wordle": {
    "bad-redirect": 0.015011780545270952,
    "dsfb-red": 0.031145517783013575,
    "sfb": 0.030696735106024907,
    "oneh-in": 0.016941546056322226,
    "roll-in": 0.19010434197239987,
    "unknown": 0.0,
    "dsfb-alt": 0.04043531919667901,
    "alternate": 0.23356894423875238,
    "sfR": 0.13138112868843263,
    "sfT": 0.0001795130707954673,
    "roll-out": 0.22607427353304163,
    "oneh-out": 0.024705486368226188,
    "redirect": 0.059755413441041176,
    "sft": 0.0,
    "dsfb": 0.0
  },
  "akl": {
    "bad-redirect": 0.01349927408202074,
    "dsfb-red": 0.02673164924327217,
    "sfb": 0.02093867879582245,
    "oneh-in": 0.017560870982622948,
    "roll-in": 0.1895068453873386,
    "unknown": 0.08788458567040264,
    "dsfb-alt": 0.0295949269875327,
    "alternate": 0.22012290236839957,
    "sfR": 0.11790358951788564,
    "sfT": 0.0002263808394826027,
    "roll-out": 0.1917671223897589,
    "oneh-out": 0.015892195139540183,
    "redirect": 0.06837097859592085,
    "sft": 0.0,
    "dsfb": 0.0
  },
  "english-1k": {
    "bad-redirect": 0.021524347212420608,
    "dsfb-red": 0.022935779816513763,
    "sfb": 0.011644318983768526,
    "oneh-in": 0.021524347212420608,
    "roll-in": 0.21524347212420608,
    "unknown": 0.0,
    "dsfb-alt": 0.026817219477769938,
    "alternate": 0.273817925194072,
    "sfR": 0.10832745236414962,
    "sfT": 0.0,
    "roll-out": 0.2205363443895554,
    "oneh-out": 0.013408609738884969,
    "redirect": 0.06422018348623854,
    "sft": 0.0,
    "dsfb": 0.0
  },
  "mt-quotes": {
    "bad-redirect": 0.0168806253810019,
    "dsfb-red": 0.02606949474665615,
    "sfb": 0.009853755035201587,
    "oneh-in": 0.018282114724901686,
    "roll-in": 0.21358368893510715,
    "unknown": 0.03468910244916987,
    "dsfb-alt": 0.026141212751461255,
    "alternate": 0.25940999988047,
    "sfR": 0.0964592223377679,
    "sfT": 7.470625500531909e-6,
    "roll-out": 0.215252626671926,
    "oneh-out": 0.015020439631369455,
    "redirect": 0.06835024682946654,
    "sft": 0.0,
    "dsfb": 0.0
  },
  "english-10k": {
    "bad-redirect": 0.016286833523089093,
    "dsfb-red": 0.029659790432450164,
    "sfb": 0.01611315875803246,
    "oneh-in": 0.018467416684355763,
    "roll-in": 0.2204125740529901,
    "unknown": 0.0,
    "dsfb-alt": 0.02964049323633276,
    "alternate": 0.26776789332509987,
    "sfR": 0.10567144593890508,
    "sfT": 0.00007718878446961657,
    "roll-out": 0.21630227127998303,
    "oneh-out": 0.013392254105478474,
    "redirect": 0.06620867987881361,
    "sft": 0.0,
    "dsfb": 0.0
  },
  "dutch": {
    "bad-redirect": 0.00935481810661643,
    "dsfb-red": 0.024630617569904725,
    "sfb": 0.02785946948015651,
    "oneh-in": 0.0164237468409975,
    "roll-in": 0.1764364153057403,
    "unknown": 0.07489958127650687,
    "dsfb-alt": 0.020432122099815066,
    "alternate": 0.20860865320764516,
    "sfR": 0.18880787437283908,
    "sfT": 0.000045831110064271494,
    "roll-out": 0.18400475252115037,
    "oneh-out": 0.01087361017069076,
    "redirect": 0.057622507937872956,
    "sft": 0.0,
    "dsfb": 0.0
  },
  "french": {
    "bad-redirect": 0.009464237025986434,
    "dsfb-red": 0.018257886967812702,
    "sfb": 0.03465523935936281,
    "oneh-in": 0.008640625445007417,
    "roll-in": 0.15165427286598956,
    "unknown": 0.18457858553258105,
    "dsfb-alt": 0.025554956132203516,
    "alternate": 0.21694916945407514,
    "sfR": 0.10898279115633469,
    "sfT": 0.00004200907470922911,
    "roll-out": 0.19096155281241092,
    "oneh-out": 0.019087191647361446,
    "redirect": 0.03117148252616507,
    "sft": 0.0,
    "dsfb": 0.0
  },
  "reddit": {
    "bad-redirect": 0.015158902774976276,
    "dsfb-red": 0.026063467466457355,
    "sfb": 0.012667085815121071,
    "oneh-in": 0.01725314675046639,
    "roll-in": 0.20435307582485437,
    "unknown": 0.06027830483479689,
    "dsfb-alt": 0.027642147605806425,
    "alternate": 0.24417465118252119,
    "sfR": 0.10397777127267367,
    "sfT": 0.00010765260571558924,
    "roll-out": 0.2050233013203551,
    "oneh-out": 0.01533615125453305,
    "redirect": 0.06796434129172264,
    "sft": 0.0,
    "dsfb": 0.0
  },
  "movie": {
    "bad-redirect": 0.014630389704627334,
    "dsfb-red": 0.024408503904968463,
    "sfb": 0.009877470568472395,
    "oneh-in": 0.015528808148643443,
    "roll-in": 0.1966636263179359,
    "unknown": 0.08496732886260383,
    "dsfb-alt": 0.026078875270121014,
    "alternate": 0.22793350992885952,
    "sfR": 0.11567713207251198,
    "sfT": 0.000016054936307304115,
    "roll-out": 0.21132796826491804,
    "oneh-out": 0.011458223805548928,
    "redirect": 0.06143210821448184,
    "sft": 0.0,
    "dsfb": 0.0
  },
  "chained-bigrams": {
    "bad-redirect": 0.018061708619324997,
    "dsfb-red": 0.03148868034665079,
    "sfb": 0.01458598060267163,
    "oneh-in": 0.0157001874542646,
    "roll-in": 0.20756128300009935,
    "unknown": 0.033665798979163164,
    "dsfb-alt": 0.045452627054318885,
    "alternate": 0.23965901114791227,
    "sfR": 0.11914286586209158,
    "sfT": 0.00002077775014625588,
    "roll-out": 0.20563284806464996,
    "oneh-out": 0.0189155442893977,
    "redirect": 0.05011268682930883,
    "sft": 0.0,
    "dsfb": 0.0
  },
  "english-450k": {
    "bad-redirect": 0.015370393866342825,
    "dsfb-red": 0.030427392605161314,
    "sfb": 0.024354192624573102,
    "oneh-in": 0.0171007910303508,
    "roll-in": 0.23307505520958008,
    "unknown": 0.0001543587941537776,
    "dsfb-alt": 0.0335057981022054,
    "alternate": 0.23743715287542952,
    "sfR": 0.11369548401129392,
    "sfT": 0.00014208025370972713,
    "roll-out": 0.2151834677053922,
    "oneh-out": 0.017181186235639224,
    "redirect": 0.062372646686168105,
    "sft": 0.0,
    "dsfb": 0.0
  },
  "monkeyracer": {
    "bad-redirect": 0.01643121353832679,
    "dsfb-red": 0.025686417880100725,
    "sfb": 0.01066968265636486,
    "oneh-in": 0.018043151852604907,