{
  "akl": {
    "dsfb-alt": 0.049529389300822714,
    "redirect": 0.021584056246531338,
    "dsfb": 0.0,
    "unknown": 0.06536917114255165,
    "sfb": 0.026245680084842633,
    "sft": 0.0,
    "bad-redirect": 0.0014550575796629466,
    "roll-out": 0.23666344876277975,
    "oneh-in": 0.003137735083863135,
    "alternate": 0.28593826803912686,
    "oneh-out": 0.018619855024570437,
    "dsfb-red": 0.009148722546676643,
    "roll-in": 0.1640626674700894,
    "sfR": 0.11790358951788564,
    "sfT": 0.0003423592005968425
  },
  "english-5k": {
    "dsfb-alt": 0.05421661757995603,
    "redirect": 0.015389720827975278,
    "dsfb": 0.0,
    "unknown": 0.0,
    "sfb": 0.0233127307421081,
    "sft": 0.0,
    "bad-redirect": 0.0026133488198448584,
    "roll-out": 0.2029286099473182,
    "oneh-in": 0.0009540797278798689,
    "alternate": 0.37553407723897625,
    "oneh-out": 0.007674119550338076,
    "dsfb-red": 0.006346704276766085,
    "roll-in": 0.20413158003899282,
    "sfR": 0.10644211224955408,
    "sfT": 0.00045629900029037207
  },
  "english-450k": {
    "dsfb-alt": 0.05778485775310896,
    "redirect": 0.019651803980702813,
    "dsfb": 0.0,
    "unknown": 0.0,
    "sfb": 0.042951503858092814,
    "sft": 0.0,
    "bad-redirect": 0.0022934559472280024,
    "roll-out": 0.20229363135494863,
    "oneh-in": 0.0026074357671544367,
    "alternate": 0.3640847429779904,
    "oneh-out": 0.005822659286289372,
    "dsfb-red": 0.006943222274909505,
    "roll-in": 0.18007444303663508,
    "sfR": 0.11369548401129392,
    "sfT": 0.0017967597516460553
  },
  "english-1k": {
    "dsfb-alt": 0.053987297106563165,
    "redirect": 0.011997177134791814,
    "dsfb": 0.0,
    "unknown": 0.0,
    "sfb": 0.01834862385321101,
    "sft": 0.0,
    "bad-redirect": 0.0017642907551164433,
    "roll-out": 0.2611150317572336,
    "oneh-in": 0.00035285815102328866,
    "alternate": 0.34897671136203245,
    "oneh-out": 0.013408609738884969,
    "dsfb-red": 0.008115737473535639,
    "roll-in": 0.17360621030345802,
    "sfR": 0.10832745236414962,
    "sfT": 0.0
  },
  "chained-bigrams": {
    "dsfb-alt": 0.06360523833053375,
    "redirect": 0.022966556263225524,
    "dsfb": 0.0,
    "unknown": 0.017076064096761982,
    "sfb": 0.024168419248248012,
    "sft": 0.0,
    "bad-redirect": 0.002584232674440575,
    "roll-out": 0.2274683155542887,
    "oneh-in": 0.004158796552711529,
    "alternate": 0.3235842398167922,
    "oneh-out": 0.009007803993093996,
    "dsfb-red": 0.013404246063103326,
    "roll-in": 0.17267933633268814,
    "sfR": 0.11914286586209158,
    "sfT": 0.0001538852120207076
  },
  "tr-quotes": {
    "dsfb-alt": 0.0549259147962368,
    "redirect": 0.016440905203300896,
    "dsfb": 0.0,
    "unknown": 0.010735997780911213,
    "sfb": 0.022379279258454496,
    "sft": 0.0,
    "bad-redirect": 0.0018654215112919258,
    "roll-out": 0.2700030050160653,
    "oneh-in": 0.0027969764915281663,
    "alternate": 0.3160121125262939,
    "oneh-out": 0.024896558100829847,
    "dsfb-red": 0.008978063382723469,
    "roll-in": 0.17398233975173943,
    "sfR": 0.09677191928064538,
    "sfT": 0.00021150689997919604
  },
  "monkeyracer": {
    "dsfb-alt": 0.05501216040790153,
    "redirect": 0.01644294383533791,
    "dsfb": 0.0,
    "unknown": 0.01033830176580071,
    "sfb": 0.022334485509173094,
    "sft": 0.0,
    "bad-redirect": 0.0018905328682922251,
    "roll-out": 0.27055245788823373,
    "oneh-in": 0.0027849680153901497,
    "alternate": 0.31502592395639456,
    "oneh-out": 0.02530322817773746,
    "dsfb-red": 0.009027441074808015,
    "roll-in": 0.1741812252686238,
    "sfR": 0.09690789370786869,
    "sfT": 0.00019843752443811878
  },
  "mt-quotes": {
    "dsfb-alt": 0.05510183956682325,
    "redirect": 0.016284469466059454,
    "dsfb": 0.0,
    "unknown": 0.006137865911237016,
    "sfb": 0.021437706936326364,
    "sft": 0.0,
    "bad-redirect": 0.001773526493826275,
    "roll-out": 0.2764131435196806,
    "oneh-in": 0.002853778941203189,
    "alternate": 0.31277417195586954,
    "oneh-out": 0.02693608730471785,
    "dsfb-red": 0.009184386990353928,
    "roll-in": 0.17448094094022304,
    "sfR": 0.0964592223377679,
    "sfT": 0.0001628596359115956
  },
  "shai": {
    "dsfb-alt": 0.05679106960450305,
    "redirect": 0.014994056600239098,
    "dsfb": 0.0,
    "unknown": 0.016772683614515952,
    "sfb": 0.022374968765800946,
    "sft": 0.0,
    "bad-redirect": 0.0021207401893651692,
    "roll-out": 0.24588108385689644,
    "oneh-in": 0.0034698872905992726,
    "alternate": 0.3282478458078673,
    "oneh-out": 0.01421849247267414,
    "dsfb-red": 0.007977249272595369,
    "roll-in": 0.1886379892080617,
    "sfR": 0.09823378925716947,
    "sfT": 0.00028014405971204777
  },
  "french": {
    "dsfb-alt": 0.03958072845982821,
    "redirect": 0.012400512540675129,
    "dsfb": 0.0,
    "unknown": 0.1503721720862493,
    "sfb": 0.02869261751787704,
    "sft": 0.0,
    "bad-redirect": 0.005468326049088623,
    "roll-out": 0.16383623034894065,
    "oneh-in": 0.0036099039120321584,
    "alternate": 0.2635354654496859,
    "oneh-out": 0.008172038487204079,
    "dsfb-red": 0.005855636533889975,
    "roll-in": 0.20918598533520733,
    "sfR": 0.10898279115633469,
    "sfT": 0.0003075921229868698
  },
  "movie": {
    "dsfb-alt": 0.05074741650413237,
    "redirect": 0.01890481909968918,
    "dsfb": 0.0,
    "unknown": 0.024744473186874588,
    "sfb": 0.02050754917580932,
    "sft": 0.0,
    "bad-redirect": 0.0020693760117406327,
    "roll-out": 0.271178796850969,
    "oneh-in": 0.0017988108556109832,
    "alternate": 0.30700104449204485,
    "oneh-out": 0.03692398474570494,
    "dsfb-red": 0.010539012903036476,
    "roll-in": 0.13978783006876383,
    "sfR": 0.11567713207251198,
    "sfT": 0.00011975403311185856
  },
  "english-200": {
    "dsfb-alt": 0.062360801781737196,
    "redirect": 0.017817371937639197,
    "dsfb": 0.0,
    "unknown": 0.0,
    "sfb": 0.015590200445434299,
    "sft": 0.0,
    "bad-redirect": 0.0,
    "roll-out": 0.29175946547884185,
    "oneh-in": 0.0,
    "alternate": 0.3207126948775056,
    "oneh-out": 0.015590200445434299,
    "dsfb-red": 0.0066815144766146995,
    "roll-in": 0.16258351893095768,
    "sfR": 0.10690423162583519,
    "sfT": 0.0
  },
  "dutch": {
    "dsfb-alt": 0.050006259640267385,
    "redirect": 0.014452417392024075,
    "dsfb": 0.0,
    "unknown": 0.06864643195663445,
    "sfb": 0.05188818614918586,
    "sft": 0.0,
    "bad-redirect": 0.0016462979418783346,
    "roll-out": 0.14757438132753073,
    "oneh-in": 0.004377695827672731,
    "alternate": 0.2780384994951943,
    "oneh-out": 0.005053597116355326,
    "dsfb-red": 0.008364016209581434,
    "roll-in": 0.18084751620307254,
    "sfR": 0.18880787437283908,
    "sfT": 0.0002968263677636739
  },
  "english-10k": {
    "dsfb-alt": 0.05710040331139885,
    "redirect": 0.014607977460874935,
    "dsfb": 0.0,
    "unknown": 0.0,
    "sfb": 0.025298624109916828,
    "sft": 0.0,
    "bad-redirect": 0.0021226915729144554,
    "roll-out": 0.19499816676636886,
    "oneh-in": 0.005152351363346906,
    "alternate": 0.36463981783446864,
    "oneh-out": 0.006561046679917408,
    "dsfb-red": 0.006387371914860771,
    "roll-in": 0.21697767314409216,
    "sfR": 0.10567144593890508,
    "sfT": 0.0004824299029351035
  },
  "wordle": {
    "dsfb-alt": 0.06076517446426568,
    "redirect": 0.026792325816223494,
    "dsfb": 0.0,
    "unknown": 0.0,
    "sfb": 0.04252215864467632,
    "sft": 0.0,
    "bad-redirect": 0.0007180522831818692,
    "roll-out": 0.1995960955907102,
    "oneh-in": 0.007741501178054527,
    "alternate": 0.33093234601144395,
    "oneh-out": 0.006484909682486256,
    "dsfb-red": 0.01586446763154942,
    "roll-in": 0.17664086166273982,
    "sfR": 0.13138112868843263,
    "sfT": 0.0005609783462358353
  },
  "reddit": {
    "dsfb-alt": 0.053473341652624816,
    "redirect": 0.016529694270720083,
    "dsfb": 0.0,
    "unknown": 0.041052388500049726,
    "sfb": 0.024122798885342297,
    "sft": 0.0,