{
  "english-1k": {
    "sfb": 0.011644318983768526,
    "unknown": 0.0,
    "outoneh": 0.0007057163020465773,
    "red-sfs": 0.015172900494001412,
    "alt-sfs": 0.03387438249823571,
    "sft": 0.0,
    "inroll": 0.2240649258997883,
    "bad-red-sfs": 0.0007057163020465773,
    "red": 0.0465772759350741,
    "sfr": 0.10832745236414962,
    "outroll": 0.18242766407904024,
    "inoneh": 0.016231474947071278,
    "bad-red": 0.0,
    "alt": 0.3602681721947777
  },
  "shai": {
    "sfb": 0.013581098069037565,
    "unknown": 0.031793109309943265,
    "outoneh": 0.0008747897980978024,
    "red-sfs": 0.020225595292096655,
    "alt-sfs": 0.031703911868624084,
    "sft": 0.0000362038039616266,
    "inroll": 0.2158073030279292,
    "bad-red-sfs": 0.0006239950483537913,
    "red": 0.05311059724123453,
    "sfr": 0.09823378925716947,
    "outroll": 0.17937461083039466,
    "inoneh": 0.009837491597342485,
    "bad-red": 0.0010819302069306326,
    "alt": 0.34371557464888425
  },
  "chained-bigrams": {
    "sfb": 0.01458598060267163,
    "unknown": 0.033665798979163164,
    "outoneh": 0.002903041278247189,
    "red-sfs": 0.02192701945122066,
    "alt-sfs": 0.05302481837324501,
    "sft": 0.00002077775014625588,
    "inroll": 0.18973527198399595,
    "bad-red-sfs": 0.0019894695765040006,
    "red": 0.04406506292736423,
    "sfr": 0.11914286586209158,
    "outroll": 0.17208846906290398,
    "inoneh": 0.010333684174301949,
    "bad-red": 0.002662149237489035,
    "alt": 0.33385559074065535
  },
  "english-200": {
    "sfb": 0.008908685968819599,
    "unknown": 0.0,
    "outoneh": 0.0,
    "red-sfs": 0.008908685968819599,
    "alt-sfs": 0.035634743875278395,
    "sft": 0.0,
    "inroll": 0.26057906458797325,
    "bad-red-sfs": 0.0,
    "red": 0.04899777282850779,
    "sfr": 0.10690423162583519,
    "outroll": 0.155902004454343,
    "inoneh": 0.0066815144766146995,
    "bad-red": 0.0,
    "alt": 0.3674832962138085
  },
  "english-450k": {
    "sfb": 0.024354192624573102,
    "unknown": 0.0001543587941537776,
    "outoneh": 0.0024615550128310746,
    "red-sfs": 0.025972913539780425,
    "alt-sfs": 0.036701434425870066,
    "sft": 0.00014208025370972713,
    "inroll": 0.22144113813884223,
    "bad-red-sfs": 0.0012588427417162243,
    "red": 0.06383583942241745,
    "sfr": 0.11369548401129392,
    "outroll": 0.1868147770480167,
    "inoneh": 0.009210074717842064,
    "bad-red": 0.002149036923909885,
    "alt": 0.3118082723450434
  },
  "english-5k": {
    "sfb": 0.015970465010163023,
    "unknown": 0.0022400132741527356,
    "outoneh": 0.00078815281868337,
    "red-sfs": 0.021570498195544862,
    "alt-sfs": 0.0352179864769569,
    "sft": 0.0,
    "inroll": 0.22263243041440245,
    "bad-red-sfs": 0.00045629900029037207,
    "red": 0.06632928195130046,
    "sfr": 0.10644211224955408,
    "outroll": 0.19363670303231426,
    "inoneh": 0.00954079727879869,
    "bad-red": 0.0018666777284606132,
    "alt": 0.32330858256937817
  },
  "monkeyracer": {
    "sfb": 0.01066968265636486,
    "unknown": 0.03912933825484461,
    "outoneh": 0.0005669643555374823,
    "red-sfs": 0.01818391541673835,
    "alt-sfs": 0.032931831333969375,
    "sft": 0.000021505544520387257,
    "inroll": 0.2182802993571797,
    "bad-red-sfs": 0.0007438963354552137,
    "red": 0.04872081111093733,
    "sfr": 0.09690789370786869,
    "outroll": 0.17959182476500304,
    "inoneh": 0.011961970377089948,
    "bad-red": 0.0009530866321535262,
    "alt": 0.34133698015233743
  },
  "tr-quotes": {
    "sfb": 0.010762580615334829,
    "unknown": 0.039616513719054114,
    "outoneh": 0.0005570837474861885,
    "red-sfs": 0.0183051709391831,
    "alt-sfs": 0.03280321767874067,
    "sft": 0.000023115508194447656,
    "inroll": 0.21794688056216915,
    "bad-red-sfs": 0.0007362289359931578,
    "red": 0.04881301865421511,
    "sfr": 0.09677191928064538,
    "outroll": 0.17926885647580962,
    "inoneh": 0.011829361318508588,
    "bad-red": 0.0009373338572848524,
    "alt": 0.34162871870738076
  },
  "movie": {
    "sfb": 0.009877470568472395,
    "unknown": 0.08496732886260383,
    "outoneh": 0.0005200746580857858,
    "red-sfs": 0.01887363041194466,
    "alt-sfs": 0.030727963711632816,
    "sft": 0.000016054936307304115,
    "inroll": 0.20943638093310502,
    "bad-red-sfs": 0.0008857850515119999,
    "red": 0.04401223912537971,
    "sfr": 0.11567713207251198,
    "outroll": 0.1615718782788424,
    "inoneh": 0.013098985657019975,
    "bad-red": 0.0007412906247462629,
    "alt": 0.30959378510783586
  },
  "gutenberg": {
    "sfb": 0.010423758706040722,
    "unknown": 0.04011588984327138,
    "outoneh": 0.0007621041576447401,
    "red-sfs": 0.016381924245747997,
    "alt-sfs": 0.030533798741609372,
    "sft": 0.00015268604301806128,
    "inroll": 0.20699302077022722,
    "bad-red-sfs": 0.0007463809050758827,
    "red": 0.044009762813787816,
    "sfr": 0.09863878308844841,
    "outroll": 0.18438468850721168,
    "inoneh": 0.011718937956803111,
    "bad-red": 0.0012076594593550133,
    "alt": 0.35393060476175864
  },
  "keymash": {
    "sfb": 0.011271976454458505,
    "unknown": 0.03457533054475746,
    "outoneh": 0.0007183524688748138,
    "red-sfs": 0.018369298846941665,
    "alt-sfs": 0.03226839290185663,
    "sft": 0.00002873409875499255,
    "inroll": 0.22082154893211775,
    "bad-red-sfs": 0.0007388768251283799,
    "red": 0.04865914380595453,
    "sfr": 0.099723742164827,
    "outroll": 0.17987956307750408,
    "inoneh": 0.011895916884566916,
    "bad-red": 0.0009523301301654673,
    "alt": 0.34009679286409183
  },
  "english-10k": {
    "sfb": 0.01611315875803246,
    "unknown": 0.0,
    "outoneh": 0.0011385345709268443,
    "red-sfs": 0.024546033461338067,
    "alt-sfs": 0.03423322591227495,
    "sft": 0.00007718878446961657,
    "inroll": 0.22772621138148627,
    "bad-red-sfs": 0.0005210242951699118,
    "red": 0.06456841820883426,
    "sfr": 0.10567144593890508,
    "outroll": 0.19729453310433995,
    "inoneh": 0.00955211207811505,
    "bad-red": 0.0012543177476312692,
    "alt": 0.3173037957584763
  },
  "mt-quotes": {
    "sfb": 0.009853755035201587,
    "unknown": 0.03468910244916987,
    "outoneh": 0.0005080025340361698,
    "red-sfs": 0.018129713964690836,
    "alt-sfs": 0.03334588398417423,
    "sft": 7.470625500531909e-6,
    "inroll": 0.21921355231230802,
    "bad-red-sfs": 0.0007351095492523397,
    "red": 0.04876077264197177,
    "sfr": 0.0964592223377679,
    "outroll": 0.18092062012168156,
    "inoneh": 0.012063566058258927,
    "bad-red": 0.0008710749333620205,
    "alt": 0.3444421534526243
  }
}