{
  "english-1k": {
    "sfb": 0.017290049400141144,
    "unknown": 0.0,
    "outoneh": 0.03881439661256175,
    "red-sfs": 0.019054340155257588,
    "alt-sfs": 0.04022582921665491,
    "sft": 0.0,
    "inroll": 0.20430486944248413,
    "bad-red-sfs": 0.011997177134791814,
    "red": 0.06739590684544813,
    "sfr": 0.10832745236414962,
    "outroll": 0.25017642907551163,
    "inoneh": 0.011644318983768526,
    "bad-red": 0.004234297812279464,
    "alt": 0.22653493295695132
  },
  "shai": {
    "sfb": 0.024027749437784417,
    "unknown": 0.031793109309943265,
    "outoneh": 0.06225011092591635,
    "red-sfs": 0.025417253291627872,
    "alt-sfs": 0.0346672710181002,
    "sft": 0.00008143727166523255,
    "inroll": 0.19734102915099022,
    "bad-red-sfs": 0.010388552662175548,
    "red": 0.060936857995939474,
    "sfr": 0.09823378925716947,
    "outroll": 0.23810098933841709,
    "inoneh": 0.009920844721366173,
    "bad-red": 0.005033691134565445,
    "alt": 0.20180731448433925
  },
  "chained-bigrams": {
    "sfb": 0.025699479712150242,
    "unknown": 0.033665798979163164,
    "outoneh": 0.04642138965488806,
    "red-sfs": 0.022767869027451954,
    "alt-sfs": 0.042888522825332495,
    "sft": 0.00011882275864890083,
    "inroll": 0.19754316090614366,
    "bad-red-sfs": 0.011397894564605493,
    "red": 0.06813478786241753,
    "sfr": 0.11914286586209158,
    "outroll": 0.23255756573073724,
    "inoneh": 0.009737622466981233,
    "bad-red": 0.012186150460779074,
    "alt": 0.17773806918860938
  },
  "english-200": {
    "sfb": 0.0200445434298441,
    "unknown": 0.0,
    "outoneh": 0.0400890868596882,
    "red-sfs": 0.028953229398663696,
    "alt-sfs": 0.031180400890868598,
    "sft": 0.0,
    "inroll": 0.21380846325167038,
    "bad-red-sfs": 0.022271714922048998,
    "red": 0.04899777282850779,
    "sfr": 0.10690423162583519,
    "outroll": 0.267260579064588,
    "inoneh": 0.0066815144766146995,
    "bad-red": 0.0022271714922048997,
    "alt": 0.21158129175946547
  },
  "english-450k": {
    "sfb": 0.040662725450081594,
    "unknown": 0.0001543587941537776,
    "outoneh": 0.02305763722292158,
    "red-sfs": 0.024328758505081854,
    "alt-sfs": 0.0325626892576219,
    "sft": 0.00007601001227269352,
    "inroll": 0.2234948702012102,
    "bad-red-sfs": 0.006872182148054641,
    "red": 0.07157102755596823,
    "sfr": 0.11369548401129392,
    "outroll": 0.2354626466335458,
    "inoneh": 0.01189673630548073,
    "bad-red": 0.009567321775523724,
    "alt": 0.20659755212678937
  },
  "english-5k": {
    "sfb": 0.025801634380055585,
    "unknown": 0.0022400132741527356,
    "outoneh": 0.030323142655660183,
    "red-sfs": 0.026506823744140706,
    "alt-sfs": 0.03563280374994815,
    "sft": 0.0,
    "inroll": 0.22313021114199194,
    "bad-red-sfs": 0.006844485004355581,
    "red": 0.06915003940764093,
    "sfr": 0.10644211224955408,
    "outroll": 0.2464844236113992,
    "inoneh": 0.012859335462728667,
    "bad-red": 0.006595594640560833,
    "alt": 0.20798938067781142
  },
  "monkeyracer": {
    "sfb": 0.022933708181491156,
    "unknown": 0.03912933825484461,
    "outoneh": 0.06878646167320956,
    "red-sfs": 0.02352902075480551,
    "alt-sfs": 0.034352174797065864,
    "sft": 0.000026393168275020725,
    "inroll": 0.18558307396343277,
    "bad-red-sfs": 0.012888663840968453,
    "red": 0.06093596039851729,
    "sfr": 0.09690789370786869,
    "outroll": 0.24087480645009932,
    "inoneh": 0.008722453352518885,
    "bad-red": 0.004570905735333219,
    "alt": 0.20075914572156967
  },
  "tr-quotes": {
    "sfb": 0.0228751069092254,
    "unknown": 0.039616513719054114,
    "outoneh": 0.0690021035112457,
    "red-sfs": 0.02352118536326021,
    "alt-sfs": 0.034199394373685306,
    "sft": 0.00002542705901389242,
    "inroll": 0.18619888583250502,
    "bad-red-sfs": 0.01274242389218927,
    "red": 0.06082152516123067,
    "sfr": 0.09677191928064538,
    "outroll": 0.24057349575830425,
    "inoneh": 0.008696054182751208,
    "bad-red": 0.004598830355285361,
    "alt": 0.2003571346016042
  },
  "movie": {
    "sfb": 0.01912353470741655,
    "unknown": 0.08496732886260383,
    "outoneh": 0.053558083140619266,
    "red-sfs": 0.022173972605804334,
    "alt-sfs": 0.03294907203126133,
    "sft": 0.000022634828236527112,
    "inroll": 0.1696784367334837,
    "bad-red-sfs": 0.010735883269558828,
    "red": 0.05828284033931713,
    "sfr": 0.11567713207251198,
    "outroll": 0.2363885394600725,
    "inoneh": 0.006009152103282195,
    "bad-red": 0.005549612450945261,
    "alt": 0.18488377739488657
  },
  "gutenberg": {
    "sfb": 0.0221480008926261,
    "unknown": 0.04011588984327138,
    "outoneh": 0.08568225466137608,
    "red-sfs": 0.02232663977422167,
    "alt-sfs": 0.03134572477185182,
    "sft": 0.000036371861364103926,
    "inroll": 0.18857768215009227,
    "bad-red-sfs": 0.01362921842553032,
    "red": 0.061344743489342095,
    "sfr": 0.09863878308844841,
    "outroll": 0.22697651703813324,
    "inoneh": 0.008200718116937808,
    "bad-red": 0.0038783391547255195,
    "alt": 0.1970991167320792
  },
  "keymash": {
    "sfb": 0.023221256665284695,
    "unknown": 0.03457533054475746,
    "outoneh": 0.06806287020807593,
    "red-sfs": 0.02338545151531322,
    "alt-sfs": 0.0349899225410795,
    "sft": 0.00002052435625356611,
    "inroll": 0.1865910275724202,
    "bad-red-sfs": 0.01267994729345314,
    "red": 0.06046475352300575,
    "sfr": 0.099723742164827,
    "outroll": 0.23845197095393103,
    "inoneh": 0.009121023919084778,
    "bad-red": 0.004461995049525272,
    "alt": 0.20425018369298847
  },
  "english-10k": {
    "sfb": 0.028154609135292642,
    "unknown": 0.0,
    "outoneh": 0.026977480172130988,
    "red-sfs": 0.027672179232357538,
    "alt-sfs": 0.036703267015302674,
    "sft": 0.00003859439223480828,
    "inroll": 0.22479303757164085,
    "bad-red-sfs": 0.006348777522625962,
    "red": 0.06603500511375697,
    "sfr": 0.10567144593890508,
    "outroll": 0.2376063757935972,
    "inoneh": 0.012755446633604138,
    "bad-red": 0.0068698018177958745,
    "alt": 0.22037397966075528
  },
  "mt-quotes": {
    "sfb": 0.022483594506400834,
    "unknown": 0.03468910244916987,
    "outoneh": 0.07185695843941621,
    "red-sfs": 0.023762565592091896,
    "alt-sfs": 0.03466071407226784,
    "sft": 0.00001792950120127658,
    "inroll": 0.18513704115418175,
    "bad-red-sfs": 0.013348513644350414,
    "red": 0.061023057338544844,
    "sfr": 0.0964592223377679,
    "outroll": 0.24229479685875138,
    "inoneh": 0.00846870106740297,
    "bad-red": 0.004225385783100847,
    "alt": 0.20157241725535197
  }
}