{
  "dutch": {
    "dsfb": 0.0,
    "sfb": 0.05146514492080309,
    "roll-out": 0.15601026416040545,
    "sfR": 0.18880787437283908,
    "roll-in": 0.19630551046658115,
    "alternate": 0.1749010193262045,
    "dsfb-alt": 0.02420700255610644,
    "sft": 0.0,
    "sfT": 0.0002813879539274697,
    "dsfb-red": 0.02228849722694888,
    "oneh-in": 0.01828802944838888,
    "oneh-out": 0.007185586481672989,
    "redirect": 0.07688383882812362,
    "bad-redirect": 0.008476262981491582,
    "unknown": 0.07489958127650687
  },
  "english-1k": {
    "dsfb": 0.0,
    "sfb": 0.017290049400141144,
    "roll-out": 0.25017642907551163,
    "sfR": 0.10832745236414962,
    "roll-in": 0.20430486944248413,
    "alternate": 0.22653493295695132,
    "dsfb-alt": 0.04022582921665491,
    "sft": 0.0,
    "sfT": 0.0,
    "dsfb-red": 0.031051517290049402,
    "oneh-in": 0.026817219477769938,
    "oneh-out": 0.02364149611856034,
    "redirect": 0.06739590684544813,
    "bad-redirect": 0.004234297812279464,
    "unknown": 0.0
  },
  "shai": {
    "dsfb": 0.0,
    "sfb": 0.024027749437784417,
    "roll-out": 0.23810098933841709,
    "sfR": 0.09823378925716947,
    "roll-in": 0.19734102915099022,
    "alternate": 0.20180731448433925,
    "dsfb-alt": 0.0346672710181002,
    "sft": 0.0,
    "sfT": 0.00008143727166523255,
    "dsfb-red": 0.03580580595380342,
    "oneh-in": 0.030356758027924535,
    "oneh-out": 0.041814197619357986,
    "redirect": 0.060936857995939474,
    "bad-redirect": 0.005033691134565445,
    "unknown": 0.031793109309943265
  },
  "akl": {
    "dsfb": 0.0,
    "sfb": 0.028966029368050514,
    "roll-out": 0.21319127470998905,
    "sfR": 0.11790358951788564,
    "roll-in": 0.17453473285512086,
    "alternate": 0.1915048700379445,
    "dsfb-alt": 0.03760784221887421,
    "sft": 0.0,
    "sfT": 0.00030605400849591057,
    "dsfb-red": 0.036529466495821616,
    "oneh-in": 0.01991030015472455,
    "oneh-out": 0.033857937163766526,
    "redirect": 0.05276631314330973,
    "bad-redirect": 0.005037004655614276,
    "unknown": 0.08788458567040264
  },
  "monkeyracer": {
    "dsfb": 0.0,
    "sfb": 0.022933708181491156,
    "roll-out": 0.24087480645009932,
    "sfR": 0.09690789370786869,
    "roll-in": 0.18558307396343277,
    "alternate": 0.20075914572156967,
    "dsfb-alt": 0.034352174797065864,
    "sft": 0.0,
    "sfT": 0.000026393168275020725,
    "dsfb-red": 0.036417684595773964,
    "oneh-in": 0.028297386489825924,
    "oneh-out": 0.04921152853590253,
    "redirect": 0.06093596039851729,
    "bad-redirect": 0.004570905735333219,
    "unknown": 0.03912933825484461
  },
  "tr-quotes": {
    "dsfb": 0.0,
    "sfb": 0.0228751069092254,
    "roll-out": 0.24057349575830425,
    "sfR": 0.09677191928064538,
    "roll-in": 0.18619888583250502,
    "alternate": 0.2003571346016042,
    "dsfb-alt": 0.034199394373685306,
    "sft": 0.0,
    "sfT": 0.00002542705901389242,
    "dsfb-red": 0.03626360925544948,
    "oneh-in": 0.02826448764476087,
    "oneh-out": 0.04943367004923603,
    "redirect": 0.06082152516123067,
    "bad-redirect": 0.004598830355285361,
    "unknown": 0.039616513719054114
  },
  "reddit": {
    "dsfb": 0.0,
    "sfb": 0.024779839371374707,
    "roll-out": 0.23063769185921182,
    "sfR": 0.10397777127267367,
    "roll-in": 0.17846453447833155,
    "alternate": 0.20024725638494384,
    "dsfb-alt": 0.03764642336953031,
    "sft": 0.0,
    "sfT": 0.00009813842274698809,
    "dsfb-red": 0.03618011546996786,
    "oneh-in": 0.025088900488201196,
    "oneh-out": 0.04200268307451197,
    "redirect": 0.05556103058079405,
    "bad-redirect": 0.005037310392915155,
    "unknown": 0.06027830483479689
  },
  "keymash": {
    "dsfb": 0.0,
    "sfb": 0.023221256665284695,
    "roll-out": 0.23845197095393103,
    "sfR": 0.099723742164827,
    "roll-in": 0.1865910275724202,
    "alternate": 0.20425018369298847,
    "dsfb-alt": 0.0349899225410795,
    "sft": 0.0,
    "sfT": 0.00002052435625356611,
    "dsfb-red": 0.036065398808766365,
    "oneh-in": 0.028220989848653396,
    "oneh-out": 0.0489629042785073,
    "redirect": 0.06046475352300575,
    "bad-redirect": 0.004461995049525272,
    "unknown": 0.03457533054475746
  },
  "english-10k": {
    "dsfb": 0.0,
    "sfb": 0.028154609135292642,
    "roll-out": 0.2376063757935972,
    "sfR": 0.10567144593890508,
    "roll-in": 0.22479303757164085,
    "alternate": 0.22037397966075528,
    "dsfb-alt": 0.036703267015302674,
    "sft": 0.0,
    "sfT": 0.00003859439223480828,
    "dsfb-red": 0.034020956754983504,
    "oneh-in": 0.025356515698269043,
    "oneh-out": 0.014376411107466085,
    "redirect": 0.06603500511375697,
    "bad-redirect": 0.0068698018177958745,
    "unknown": 0.0
  },
  "wordle": {
    "dsfb": 0.0,
    "sfb": 0.03864018848872434,
    "roll-out": 0.2131044541680691,
    "sfR": 0.13138112868843263,
    "roll-in": 0.21774935487490182,
    "alternate": 0.21092785818467408,
    "dsfb-alt": 0.04427241108493212,
    "sft": 0.0,
    "sfT": 0.0,
    "dsfb-red": 0.03504992707281499,
    "oneh-in": 0.0187366767642769,
    "oneh-out": 0.015348367553012453,
    "redirect": 0.06457982721866935,
    "bad-redirect": 0.010209805901492203,
    "unknown": 0.0
  },
  "chained-bigrams": {
    "dsfb": 0.0,
    "sfb": 0.025699479712150242,
    "roll-out": 0.23255756573073724,
    "sfR": 0.11914286586209158,
    "roll-in": 0.19754316090614366,
    "alternate": 0.17773806918860938,
    "dsfb-alt": 0.042888522825332495,
    "sft": 0.0,
    "sfT": 0.00011882275864890083,
    "dsfb-red": 0.034165763592057447,
    "oneh-in": 0.017181900761569474,
    "oneh-out": 0.03897711136029982,
    "redirect": 0.06813478786241753,
    "bad-redirect": 0.012186150460779074,
    "unknown": 0.033665798979163164
  },
  "english-450k": {
    "dsfb": 0.0,
    "sfb": 0.040662725450081594,
    "roll-out": 0.2354626466335458,
    "sfR": 0.11369548401129392,
    "roll-in": 0.2234948702012102,
    "alternate": 0.20659755212678937,
    "dsfb-alt": 0.0325626892576219,
    "sft": 0.0,
    "sfT": 0.00007601001227269352,
    "dsfb-red": 0.031200940653136496,
    "oneh-in": 0.01905190957615063,
    "oneh-out": 0.01590246395225168,
    "redirect": 0.07157102755596823,
    "bad-redirect": 0.009567321775523724,
    "unknown": 0.0001543587941537776
  },
  "english-200": {
    "dsfb": 0.0,
    "sfb": 0.0200445434298441,
    "roll-out": 0.267260579064588,
    "sfR": 0.10690423162583519,
    "roll-in": 0.21380846325167038,
    "alternate": 0.21158129175946547,
    "dsfb-alt": 0.031180400890868598,
    "sft": 0.0,
    "sfT": 0.0,
    "dsfb-red": 0.051224944320712694,
    "oneh-in": 0.022271714922048998,
    "oneh-out": 0.024498886414253896,
    "redirect": 0.04899777282850779,
    "bad-redirect": 0.0022271714922048997,
    "unknown": 0.0
  },
  "english-5k": {
    "dsfb": 0.0,
    "sfb": 0.025801634380055585,
    "roll-out": 0.2464844236113992,
    "sfR": 0.10644211224955408,
    "roll-in": 0.22313021114199194,
    "alternate": 0.20798938067781142,
    "dsfb-alt": 0.03563280374994815,
    "sft": 0.0,
    "sfT": 0.0,
    "dsfb-red": 0.03335130874849629,
    "oneh-in": 0.026672750653337206,
    "oneh-out": 0.016509727465051645,
    "redirect": 0.06915003940764093,
    "bad-redirect": 0.006595594640560833,
    "unknown": 0.0022400132741527356
  },
  "movie": {
    "dsfb": 0.0,
    "sfb": 0.01912353470741655,
    "roll-out": 0.2363885394600725,
    "sfR": 0.11567713207251198,
    "roll-in": 0.1696784367334837,
    "alternate": 0.18488377739488657,
    "dsfb-alt": 0.03294907203126133,
    "sft": 0.0,
    "sfT": 0.000022634828236527112,
    "dsfb-red": 0.03290985587536316,
    "oneh-in": 0.02077877232113189,
    "oneh-out": 0.03878846292276957,
    "redirect": 0.05828284033931713,
    "bad-redirect": 0.005549612450945261,
    "unknown": 0.08496732886260383
  },
  "gutenberg": {
    "dsfb": 0.0,
    "sfb": 0.0221480008926261,
    "roll-out": 0.22697651703813324,
    "sfR": 0.09863878308844841,
    "roll-in": 0.18857768215009227,
    "alternate": 0.1970991167320792,