{
  "movie": {
    "bad-redirect": 0.012112001867636526,
    "dsfb-red": 0.011244245720010596,
    "sfb": 0.0290556183789015,
    "oneh-in": 0.017521462620489335,
    "roll-in": 0.2903678672820006,
    "unknown": 0.013384289771071084,
    "dsfb-alt": 0.048989269380643984,
    "alternate": 0.29818793724204357,
    "sfR": 0.11567713207251198,
    "sfT": 0.000035794612094973106,
    "roll-out": 0.10819303139437517,
    "oneh-out": 0.0029551610632526327,
    "redirect": 0.05227618859496804,
    "sft": 0.0,
    "dsfb": 0.0
  },
  "reddit": {
    "bad-redirect": 0.01143102863488143,
    "dsfb-red": 0.007946365479098107,
    "sfb": 0.02070555907343095,
    "oneh-in": 0.014338772711600205,
    "roll-in": 0.29568698487862954,
    "unknown": 0.03900631475801481,
    "dsfb-alt": 0.04500669270331462,
    "alternate": 0.3054181586422587,
    "sfR": 0.10397777127267367,
    "sfT": 0.00012349709152550373,
    "roll-out": 0.11920836753663382,
    "oneh-out": 0.002720719212300565,
    "redirect": 0.03442976800563809,
    "sft": 0.0,
    "dsfb": 0.0
  },
  "wordle": {
    "bad-redirect": 0.013126893301918546,
    "dsfb-red": 0.006417592280937956,
    "sfb": 0.029238191405811735,
    "oneh-in": 0.011219566924716706,
    "roll-in": 0.22398743408504432,
    "unknown": 0.017547402670256926,
    "dsfb-alt": 0.05726466958375407,
    "alternate": 0.3340289464826658,
    "sfR": 0.13138112868843263,
    "sfT": 0.00006731740154830023,
    "roll-out": 0.142376304274655,
    "oneh-out": 0.005407831257713452,
    "redirect": 0.0279367216425446,
    "sft": 0.0,
    "dsfb": 0.0
  },
  "french": {
    "bad-redirect": 0.009593095817560642,
    "dsfb-red": 0.006815418043553792,
    "sfb": 0.04700292593804623,
    "oneh-in": 0.004194690008011238,
    "roll-in": 0.2225757186978871,
    "unknown": 0.15250249960736348,
    "dsfb-alt": 0.041154720395973586,
    "alternate": 0.22450743198810957,
    "sfR": 0.10898279115633469,
    "sfT": 0.00046665430065729967,
    "roll-out": 0.1476034834152473,
    "oneh-out": 0.008458760909381406,
    "redirect": 0.02614180972187371,
    "sft": 0.0,
    "dsfb": 0.0
  },
  "english-1k": {
    "bad-redirect": 0.01058574453069866,
    "dsfb-red": 0.005998588567395907,
    "sfb": 0.011997177134791814,
    "oneh-in": 0.009880028228652082,
    "roll-in": 0.2727593507410021,
    "unknown": 0.0007057163020465773,
    "dsfb-alt": 0.0465772759350741,
    "alternate": 0.3394495412844037,
    "sfR": 0.10832745236414962,
    "sfT": 0.0,
    "roll-out": 0.16125617501764292,
    "oneh-out": 0.0045871559633027525,
    "redirect": 0.027875793930839804,
    "sft": 0.0,
    "dsfb": 0.0
  },
  "akl": {
    "bad-redirect": 0.013103572269821675,
    "dsfb-red": 0.010249711571976407,
    "sfb": 0.023968365662921036,
    "oneh-in": 0.015122351595092776,
    "roll-in": 0.26776206741837,
    "unknown": 0.06510567970568261,
    "dsfb-alt": 0.041140287846892706,
    "alternate": 0.2914692339517731,
    "sfR": 0.11790358951788564,
    "sfT": 0.0001483184810403259,
    "roll-out": 0.11750373677075353,
    "oneh-out": 0.002332391752600313,
    "redirect": 0.034190693455189915,
    "sft": 0.0,
    "dsfb": 0.0
  },
  "english-10k": {
    "bad-redirect": 0.008645143860597055,
    "dsfb-red": 0.005557592481812393,
    "sfb": 0.019027035371760485,
    "oneh-in": 0.009146870959649563,
    "roll-in": 0.27654811755851877,
    "unknown": 0.00540321491287316,
    "dsfb-alt": 0.051581405221821267,
    "alternate": 0.367283533702553,
    "sfR": 0.10567144593890508,
    "sfT": 0.0,
    "roll-out": 0.12830705698462014,
    "oneh-out": 0.0026244186719669633,
    "redirect": 0.020204164334922135,
    "sft": 0.0,
    "dsfb": 0.0
  },
  "english-450k": {
    "bad-redirect": 0.011049224668640199,
    "dsfb-red": 0.004822542932501355,
    "sfb": 0.022371500689059996,
    "oneh-in": 0.010492597501843243,
    "roll-in": 0.2615522063075447,
    "unknown": 0.01261853907587027,
    "dsfb-alt": 0.05579485716256963,
    "alternate": 0.35966388372573016,
    "sfR": 0.11369548401129392,
    "sfT": 0.000015202002454538705,
    "roll-out": 0.12290351230572864,
    "oneh-out": 0.00290416716121899,
    "redirect": 0.022116282455544374,
    "sft": 0.0,
    "dsfb": 0.0
  },
  "gutenberg": {
    "bad-redirect": 0.012871471313778153,
    "dsfb-red": 0.007441076637406262,
    "sfb": 0.018625045133312344,
    "oneh-in": 0.017106330484583068,
    "roll-in": 0.3311339723414727,
    "unknown": 0.025541760769386107,
    "dsfb-alt": 0.04003140104031101,
    "alternate": 0.2905064137609906,
    "sfR": 0.09863878308844841,
    "sfT": 0.000024437344354007328,
    "roll-out": 0.1169035194701226,
    "oneh-out": 0.00507273803962487,
    "redirect": 0.03610305057620985,
    "sft": 0.0,
    "dsfb": 0.0
  },
  "monkeyracer": {
    "bad-redirect": 0.011295298496957942,
    "dsfb-red": 0.007881782066721929,
    "sfb": 0.020354020363795612,
    "oneh-in": 0.01551527284670848,
    "roll-in": 0.3170699282105823,
    "unknown": 0.009877887608114238,
    "dsfb-alt": 0.04512547507702895,
    "alternate": 0.3166574127656912,
    "sfR": 0.09690789370786869,
    "sfT": 0.000015640396014827094,
    "roll-out": 0.11738410466553013,
    "oneh-out": 0.002682327916542847,
    "redirect": 0.03923295587844284,
    "sft": 0.0,
    "dsfb": 0.0
  },
  "english-200": {
    "bad-redirect": 0.0066815144766146995,
    "dsfb-red": 0.0066815144766146995,
    "sfb": 0.0022271714922048997,
    "oneh-in": 0.017817371937639197,
    "roll-in": 0.30066815144766146,
    "unknown": 0.0,
    "dsfb-alt": 0.0467706013363029,
    "alternate": 0.34075723830734966,
    "sfR": 0.10690423162583519,
    "sfT": 0.0,
    "roll-out": 0.13808463251670378,
    "oneh-out": 0.0022271714922048997,
    "redirect": 0.031180400890868598,
    "sft": 0.0,
    "dsfb": 0.0
  },
  "mt-quotes": {
    "bad-redirect": 0.011456951267615735,
    "dsfb-red": 0.007930816031364673,
    "sfb": 0.019522238557989985,
    "oneh-in": 0.015722678428419453,
    "roll-in": 0.32344969579612964,
    "unknown": 0.005659745879202974,
    "dsfb-alt": 0.04404381970093592,
    "alternate": 0.3153679731296542,
    "sfR": 0.0964592223377679,
    "sfT": 5.9765004004255265e-6,
    "roll-out": 0.11755925700147021,
    "oneh-out": 0.002543000920381062,
    "redirect": 0.04027862444866784,
    "sft": 0.0,
    "dsfb": 0.0
  },
  "keymash": {
    "bad-redirect": 0.011780980489546945,
    "dsfb-red": 0.008250791213933574,
    "sfb": 0.02003177170348052,
    "oneh-in": 0.01524138695389819,
    "roll-in": 0.3135054369019716,
    "unknown": 0.009079975206577646,
    "dsfb-alt": 0.04482929892903909,
    "alternate": 0.3167154462200293,
    "sfR": 0.099723742164827,
    "sfT": 0.00003694384125641899,
    "roll-out": 0.11951332646451544,
    "oneh-out": 0.0025696494029464768,
    "redirect": 0.03872125050797782,
    "sft": 0.0,
    "dsfb": 0.0
  },
  "dutch": {
    "bad-redirect": 0.008691163550396237,
    "dsfb-red": 0.0032692499896628973,
    "sfb": 0.04581466752595814,
    "oneh-in": 0.005567135063241373,
    "roll-in": 0.21356542403513232,
    "unknown": 0.09185390031891352,
    "dsfb-alt": 0.03810256120237308,
    "alternate": 0.2958603282934772,
    "sfR": 0.18880787437283908,
    "sfT": 0.00012354317227810275,
    "roll-out": 0.09291712469386307,
    "oneh-out": 0.002796827353957357,
    "redirect": 0.012630200427907646,
    "sft": 0.0,
    "dsfb": 0.0
  },
  "english-5k": {
    "bad-redirect": 0.009167461733106567,
    "dsfb-red": 0.006346704276766085,
    "sfb": 0.018251960011614884,
    "oneh-in": 0.006180777367569586,
    "roll-in": 0.26871862944373004,
    "unknown": 0.004355581366408097,
    "dsfb-alt": 0.05562699630812627,
    "alternate": 0.35985398431990706,
    "sfR": 0.10644211224955408,
    "sfT": 0.0,
    "roll-out": 0.1397104575434521,
    "oneh-out": 0.0026963122744431078,
    "redirect": 0.022649023105322106,
    "sft": 0.0,
    "dsfb": 0.0
  },
  "chained-bigrams": {
    "bad-redirect": 0.01206213326459361,
    "dsfb-red": 0.009999292257885643,
    "sfb": 0.019328502073554535,