{
  "english-1k": {
    "sfb": 0.02081863091037403,
    "unknown": 0.0,
    "outoneh": 0.021877205363443897,
    "red-sfs": 0.028228652081863093,
    "alt-sfs": 0.043401552575864505,
    "sft": 0.0,
    "inroll": 0.24170783345095273,
    "bad-red-sfs": 0.004940014114326041,
    "red": 0.056457304163726185,
    "sfr": 0.10832745236414962,
    "outroll": 0.22829922371206776,
    "inoneh": 0.0077628793225123505,
    "bad-red": 0.008115737473535639,
    "alt": 0.2300635144671842
  },
  "shai": {
    "sfb": 0.02574170579133914,
    "unknown": 0.031793109309943265,
    "outoneh": 0.028555980664056877,
    "red-sfs": 0.025916930809166242,
    "alt-sfs": 0.04108277163380483,
    "sft": 0.00006435715760892956,
    "inroll": 0.2443450540665147,
    "bad-red-sfs": 0.0044683443908332615,
    "red": 0.057824917722849624,
    "sfr": 0.09823378925716947,
    "outroll": 0.210633940450819,
    "inoneh": 0.006286054793222635,
    "bad-red": 0.006876446952331736,
    "alt": 0.21817659700034028
  },
  "chained-bigrams": {
    "sfb": 0.0280597022678265,
    "unknown": 0.033665798979163164,
    "outoneh": 0.023335361328321567,
    "red-sfs": 0.025860507275783727,
    "alt-sfs": 0.04380079591769154,
    "sft": 0.00015193729794449613,
    "inroll": 0.2354242459462285,
    "bad-red-sfs": 0.003786095659463064,
    "red": 0.06392924137187693,
    "sfr": 0.11914286586209158,
    "outroll": 0.1906429999435105,
    "inoneh": 0.0070404107761203915,
    "bad-red": 0.009973969374894894,
    "alt": 0.21518606799908319
  },
  "english-200": {
    "sfb": 0.022271714922048998,
    "unknown": 0.0,
    "outoneh": 0.026726057906458798,
    "red-sfs": 0.035634743875278395,
    "alt-sfs": 0.0400890868596882,
    "sft": 0.0,
    "inroll": 0.22048997772828507,
    "bad-red-sfs": 0.0066815144766146995,
    "red": 0.07349665924276169,
    "sfr": 0.10690423162583519,
    "outroll": 0.24276169265033407,
    "inoneh": 0.0066815144766146995,
    "bad-red": 0.008908685968819599,
    "alt": 0.20935412026726058
  },
  "english-450k": {
    "sfb": 0.03874201090919084,
    "unknown": 0.0001543587941537776,
    "outoneh": 0.025281514774299962,
    "red-sfs": 0.019822826508316373,
    "alt-sfs": 0.041284545819712436,
    "sft": 0.000057299855405568964,
    "inroll": 0.2537138199650237,
    "bad-red-sfs": 0.0045196722682147765,
    "red": 0.05902148218354547,
    "sfr": 0.11369548401129392,
    "outroll": 0.19687207105649823,
    "inoneh": 0.007052852100302812,
    "bad-red": 0.007903579545354882,
    "alt": 0.23187848220868723
  },
  "english-5k": {
    "sfb": 0.02866387356369519,
    "unknown": 0.0022400132741527356,
    "outoneh": 0.02584311610735471,
    "red-sfs": 0.024266810469987972,
    "alt-sfs": 0.040527647571244864,
    "sft": 0.0,
    "inroll": 0.2569793006180777,
    "bad-red-sfs": 0.004438544821006347,
    "red": 0.057576637491185134,
    "sfr": 0.10644211224955408,
    "outroll": 0.19994192558178123,
    "inoneh": 0.00551706973078359,
    "bad-red": 0.006139295640270461,
    "alt": 0.24142365288090595
  },
  "monkeyracer": {
    "sfb": 0.023361864022397046,
    "unknown": 0.03912933825484461,
    "outoneh": 0.032269069552841076,
    "red-sfs": 0.026487010651109685,
    "alt-sfs": 0.04070901825234215,
    "sft": 0.000027370693025947417,
    "inroll": 0.23933716001689162,
    "bad-red-sfs": 0.0053851838528551545,
    "red": 0.05847944069943851,
    "sfr": 0.09690789370786869,
    "outroll": 0.20933399283669862,
    "inoneh": 0.00961395592536403,
    "bad-red": 0.009721483647965967,
    "alt": 0.20923721788635688
  },
  "tr-quotes": {
    "sfb": 0.02346339659277409,
    "unknown": 0.039616513719054114,
    "outoneh": 0.03209126002635168,
    "red-sfs": 0.026571276669517578,
    "alt-sfs": 0.04070640993042232,
    "sft": 0.000031205936062504334,
    "inroll": 0.2396014886387277,
    "bad-red-sfs": 0.0053142553339035154,
    "red": 0.05841288920736922,
    "sfr": 0.09677191928064538,
    "outroll": 0.20886826471879985,
    "inoneh": 0.009514343172834654,
    "bad-red": 0.009574443494140219,
    "alt": 0.20946233327939714
  },
  "movie": {
    "sfb": 0.021914461668115778,
    "unknown": 0.08496732886260383,
    "outoneh": 0.031101306779696927,
    "red-sfs": 0.025872924652736332,
    "alt-sfs": 0.04440913820655044,
    "sft": 0.000017765708208902093,
    "inroll": 0.2033206345805694,
    "bad-red-sfs": 0.005384325565683179,
    "red": 0.053636910245931355,
    "sfr": 0.11567713207251198,
    "outroll": 0.19772443649476523,
    "inoneh": 0.009308309916594606,
    "bad-red": 0.00862623831921135,
    "alt": 0.19803908692682068
  },
  "gutenberg": {
    "sfb": 0.022853274016889424,
    "unknown": 0.04011588984327138,
    "outoneh": 0.027097036716257426,
    "red-sfs": 0.026595976438611307,
    "alt-sfs": 0.04816108036552205,
    "sft": 0.000032961999361219184,
    "inroll": 0.24519465197243467,
    "bad-red-sfs": 0.005138662038347308,
    "red": 0.05418479103039589,
    "sfr": 0.09863878308844841,
    "outroll": 0.21111705942593836,
    "inoneh": 0.00838049361920101,
    "bad-red": 0.007523102762253434,
    "alt": 0.2049662366830681
  },
  "keymash": {
    "sfb": 0.023697421730367426,
    "unknown": 0.03457533054475746,
    "outoneh": 0.031903059360543155,
    "red-sfs": 0.027371281499755762,
    "alt-sfs": 0.04114722941714933,
    "sft": 0.000016419485002852885,
    "inroll": 0.23759405286253196,
    "bad-red-sfs": 0.005566205415967128,
    "red": 0.058100347682594936,
    "sfr": 0.099723742164827,
    "outroll": 0.21122025507669953,
    "inoneh": 0.00908408007782836,
    "bad-red": 0.008636649111500617,
    "alt": 0.21136392557047448
  },
  "english-10k": {
    "sfb": 0.030721136218907392,
    "unknown": 0.0,
    "outoneh": 0.030412381081028925,
    "red-sfs": 0.02288647459524131,
    "alt-sfs": 0.04339939406804191,
    "sft": 0.0,
    "inroll": 0.24607784488913761,
    "bad-red-sfs": 0.004206788753594102,
    "red": 0.056733756585168174,
    "sfr": 0.10567144593890508,
    "outroll": 0.20236969568321722,
    "inoneh": 0.004457652303120356,
    "bad-red": 0.007506609289670211,
    "alt": 0.2455568205939677
  },
  "mt-quotes": {
    "sfb": 0.022601630389309235,
    "unknown": 0.03468910244916987,
    "outoneh": 0.03375378013650327,
    "red-sfs": 0.026752309917404765,
    "alt-sfs": 0.04077616810700326,
    "sft": 0.000011953000800851053,
    "inroll": 0.2407035536271381,
    "bad-red-sfs": 0.005616416251299889,
    "red": 0.05878784618878569,
    "sfr": 0.0964592223377679,
    "outroll": 0.21159351430176546,
    "inoneh": 0.009864213910902333,
    "bad-red": 0.010285557189132332,
    "alt": 0.20810473219301706
  }
}