{
  "tr-quotes": {
    "bad-redirect": 0.0032327038209935045,
    "dsfb-red": 0.005940685605973047,
    "sfb": 0.02139571438478075,
    "oneh-in": 0.017892559117912207,
    "roll-in": 0.19826864843623587,
    "unknown": 0.01476965396084233,
    "dsfb-alt": 0.044032731559603334,
    "alternate": 0.3254004761794688,
    "sfR": 0.09677191928064538,
    "sfT": 0.0000739696262222325,
    "roll-out": 0.24296132775479068,
    "oneh-out": 0.010388109382584776,
    "redirect": 0.018871500889947067,
    "sft": 0.0,
    "dsfb": 0.0
  },
  "dutch": {
    "bad-redirect": 0.001835360236290572,
    "dsfb-red": 0.00677082928022672,
    "sfb": 0.03931009260932468,
    "oneh-in": 0.0057419065146484365,
    "roll-in": 0.2135188577625044,
    "unknown": 0.07325982807452426,
    "dsfb-alt": 0.039026570890883266,
    "alternate": 0.27954588757413534,
    "sfR": 0.18880787437283908,
    "sfT": 0.0004314507708789127,
    "roll-out": 0.1322287772822862,
    "oneh-out": 0.00387172467595379,
    "redirect": 0.015650839955504377,
    "sft": 0.0,
    "dsfb": 0.0
  },
  "english-1k": {
    "bad-redirect": 0.002117148906139732,
    "dsfb-red": 0.004940014114326041,
    "sfb": 0.013761467889908258,
    "oneh-in": 0.0017642907551164433,
    "roll-in": 0.187014820042343,
    "unknown": 0.0,
    "dsfb-alt": 0.04199011997177135,
    "alternate": 0.3595624558927311,
    "sfR": 0.10832745236414962,
    "sfT": 0.0,
    "roll-out": 0.25017642907551163,
    "oneh-out": 0.011644318983768526,
    "redirect": 0.0187014820042343,
    "sft": 0.0,
    "dsfb": 0.0
  },
  "gutenberg": {
    "bad-redirect": 0.003178749133800333,
    "dsfb-red": 0.005796386531348187,
    "sfb": 0.022866724028123026,
    "oneh-in": 0.008059587717373968,
    "roll-in": 0.19565219862218844,
    "unknown": 0.03802431837805746,
    "dsfb-alt": 0.04424428554487511,
    "alternate": 0.29098739374017535,
    "sfR": 0.09863878308844841,
    "sfT": 0.00010797896342468354,
    "roll-out": 0.2606665219369683,
    "oneh-out": 0.01129346295355427,
    "redirect": 0.020483609361662467,
    "sft": 0.0,
    "dsfb": 0.0
  },
  "chained-bigrams": {
    "bad-redirect": 0.004019196043916372,
    "dsfb-red": 0.011144016430005928,
    "sfb": 0.02277695929314094,
    "oneh-in": 0.006080089136548127,
    "roll-in": 0.19080467681183605,
    "unknown": 0.02365222201805197,
    "dsfb-alt": 0.06087166557691696,
    "alternate": 0.32324595207222345,
    "sfR": 0.11914286586209158,
    "sfT": 0.00009349987565815147,
    "roll-out": 0.20791775127604606,
    "oneh-out": 0.007591670459688243,
    "redirect": 0.02265943514387618,
    "sft": 0.0,
    "dsfb": 0.0
  },
  "keymash": {
    "bad-redirect": 0.0032551629018155847,
    "dsfb-red": 0.006173726361072685,
    "sfb": 0.021476686383731573,
    "oneh-in": 0.017219934896741965,
    "roll-in": 0.19716517591425745,
    "unknown": 0.013394194891077241,
    "dsfb-alt": 0.04425461695393924,
    "alternate": 0.32194094732218725,
    "sfR": 0.099723742164827,
    "sfT": 0.00008620229626497765,
    "roll-out": 0.2463907919528104,
    "oneh-out": 0.010077458920500958,
    "redirect": 0.018841359040773685,
    "sft": 0.0,
    "dsfb": 0.0
  },
  "mt-quotes": {
    "bad-redirect": 0.0030928389572202103,
    "dsfb-red": 0.005916735396421272,
    "sfb": 0.020786268392679982,
    "oneh-in": 0.019768769199507537,
    "roll-in": 0.19892781582816366,
    "unknown": 0.008869126594231481,
    "dsfb-alt": 0.042678189359438685,
    "alternate": 0.32399355733256835,
    "sfR": 0.0964592223377679,
    "sfT": 0.0000732121299052127,
    "roll-out": 0.24958164497197022,
    "oneh-out": 0.010881713104074778,
    "redirect": 0.01897090639605073,
    "sft": 0.0,
    "dsfb": 0.0
  },
  "english-200": {
    "bad-redirect": 0.0022271714922048997,
    "dsfb-red": 0.0,
    "sfb": 0.011135857461024499,
    "oneh-in": 0.004454342984409799,
    "roll-in": 0.18930957683741648,
    "unknown": 0.0,
    "dsfb-alt": 0.031180400890868598,
    "alternate": 0.34966592427616927,
    "sfR": 0.10690423162583519,
    "sfT": 0.0,
    "roll-out": 0.267260579064588,
    "oneh-out": 0.008908685968819599,
    "redirect": 0.028953229398663696,
    "sft": 0.0,
    "dsfb": 0.0
  },
  "english-450k": {
    "bad-redirect": 0.0029851470589095136,
    "dsfb-red": 0.007909426469375858,
    "sfb": 0.03572412107576386,
    "oneh-in": 0.0036382484720525804,
    "roll-in": 0.20168379717956078,
    "unknown": 0.00015377410175167997,
    "dsfb-alt": 0.05346690436361787,
    "alternate": 0.37673251667396557,
    "sfR": 0.11369548401129392,
    "sfT": 0.000015786694856636345,
    "roll-out": 0.18099533356993885,
    "oneh-out": 0.005186221606606089,
    "redirect": 0.017813238722306775,
    "sft": 0.0,
    "dsfb": 0.0
  },
  "french": {
    "bad-redirect": 0.005882993370701334,
    "dsfb-red": 0.005460086038000864,
    "sfb": 0.041857024031902446,
    "oneh-in": 0.0039636101334337955,
    "roll-in": 0.19237213783776685,
    "unknown": 0.15822391385155302,
    "dsfb-alt": 0.04224421466199707,
    "alternate": 0.25628229307163536,
    "sfR": 0.10898279115633469,
    "sfT": 0.0004130343012335012,
    "roll-out": 0.16351082482016588,
    "oneh-out": 0.006833725850006959,
    "redirect": 0.013973350875268211,
    "sft": 0.0,
    "dsfb": 0.0
  },
  "english-5k": {
    "bad-redirect": 0.00315261127473348,
    "dsfb-red": 0.005143734185091467,
    "sfb": 0.01920603973949475,
    "oneh-in": 0.002447421910648359,
    "roll-in": 0.21661757995602937,
    "unknown": 0.002157049819554486,
    "dsfb-alt": 0.05293068403368316,
    "alternate": 0.3784792798772141,
    "sfR": 0.10644211224955408,
    "sfT": 0.0,
    "roll-out": 0.19056705521217904,
    "oneh-out": 0.0077156012776372004,
    "redirect": 0.015140830464180528,
    "sft": 0.0,
    "dsfb": 0.0
  },
  "shai": {
    "bad-redirect": 0.0034714664173916975,
    "dsfb-red": 0.004877942013844917,
    "sfb": 0.020729363831741874,
    "oneh-in": 0.010153107953752022,
    "roll-in": 0.2057297028795532,
    "unknown": 0.023621906111313578,
    "dsfb-alt": 0.05059513728030399,
    "alternate": 0.3319356758182741,
    "sfR": 0.09823378925716947,
    "sfT": 0.00007715272911813819,
    "roll-out": 0.22573095379567895,
    "oneh-out": 0.008346195991928495,
    "redirect": 0.016497605919929603,
    "sft": 0.0,
    "dsfb": 0.0
  },
  "english-10k": {
    "bad-redirect": 0.002740201848671388,
    "dsfb-red": 0.005055865382759885,
    "sfb": 0.023426796086528628,
    "oneh-in": 0.005885644815808263,
    "roll-in": 0.22944366183593523,
    "unknown": 0.0,
    "dsfb-alt": 0.055286466876362864,
    "alternate": 0.36932903649099785,
    "sfR": 0.10567144593890508,
    "sfT": 0.0,
    "roll-out": 0.18158661546477298,
    "oneh-out": 0.007159259759556937,
    "redirect": 0.014415005499700893,
    "sft": 0.0,
    "dsfb": 0.0
  },
  "movie": {
    "bad-redirect": 0.004450902096603605,
    "dsfb-red": 0.009937873976382662,
    "sfb": 0.020294492275141077,
    "oneh-in": 0.027890582713913273,
    "roll-in": 0.17183414092733576,
    "unknown": 0.030451476652766863,
    "dsfb-alt": 0.040655836252283056,
    "alternate": 0.31291557774938483,
    "sfR": 0.11567713207251198,
    "sfT": 0.00005237593975661506,
    "roll-out": 0.2376316126433413,
    "oneh-out": 0.008772706713555853,
    "redirect": 0.019435289987023138,
    "sft": 0.0,
    "dsfb": 0.0
  },
  "monkeyracer": {
    "bad-redirect": 0.0032219215790543817,
    "dsfb-red": 0.005967788604407463,
    "sfb": 0.0213862865007742,
    "oneh-in": 0.018291443139340287,
    "roll-in": 0.1985157264181929,
    "unknown": 0.014352018393105714,
    "dsfb-alt": 0.04378040101975382,
    "alternate": 0.32473763235685127,
    "sfR": 0.09690789370786869,
    "sfT": 0.00007624693057228209,
    "roll-out": 0.24349359525783193,
    "oneh-out": 0.010380335330090558,
    "redirect": 0.018888710762156497,
    "sft": 0.0,
    "dsfb": 0.0
  },
  "akl": {
    "bad-redirect": 0.0035508460410798824,
    "dsfb-red": 0.008006471989057393,
    "sfb": 0.021485610938940244,
    "oneh-in": 0.014708806958106906,