{
  "chained-bigrams": {
    "bad-redirect": 0.0013934078691832852,
    "dsfb-red": 0.033867083433705016,
    "sfb": 0.02404829788021497,
    "oneh-in": 0.007691014077575028,
    "roll-in": 0.21403160425658183,
    "unknown": 0.022916559801936097,
    "dsfb-alt": 0.06111515483644339,
    "alternate": 0.26356446199587175,
    "sfR": 0.11914286586209158,
    "sfT": 0.00009609709442643345,
    "roll-out": 0.2013143225576891,
    "oneh-out": 0.01023109403295481,
    "redirect": 0.04058803630132672,
    "sft": 0.0,
    "dsfb": 0.0
  },
  "tr-quotes": {
    "bad-redirect": 0.0007743695245139965,
    "dsfb-red": 0.02640137768428839,
    "sfb": 0.02105129331268348,
    "oneh-in": 0.008718013915535934,
    "roll-in": 0.21190795404636972,
    "unknown": 0.013835787429786644,
    "dsfb-alt": 0.05256466563417397,
    "alternate": 0.2571172649730704,
    "sfR": 0.09677191928064538,
    "sfT": 0.000028894385243059568,
    "roll-out": 0.268122558424447,
    "oneh-out": 0.013601165021613,
    "redirect": 0.02910473636762904,
    "sft": 0.0,
    "dsfb": 0.0
  },
  "keymash": {
    "bad-redirect": 0.0008004498938890782,
    "dsfb-red": 0.026398427013336726,
    "sfb": 0.019530977410893508,
    "oneh-in": 0.008669488081506324,
    "roll-in": 0.21250097490692205,
    "unknown": 0.01232282349464109,
    "dsfb-alt": 0.05219343795281861,
    "alternate": 0.2575026784284911,
    "sfR": 0.099723742164827,
    "sfT": 0.00003694384125641899,
    "roll-out": 0.2680357780578212,
    "oneh-out": 0.013414719247330807,
    "redirect": 0.028869559506266088,
    "sft": 0.0,
    "dsfb": 0.0
  },
  "gutenberg": {
    "bad-redirect": 0.0007469492154096968,
    "dsfb-red": 0.024254916736852993,
    "sfb": 0.019931401153973075,
    "oneh-in": 0.007520640084140239,
    "roll-in": 0.2112163242975779,
    "unknown": 0.032975828246008664,
    "dsfb-alt": 0.04983986909160897,
    "alternate": 0.24392315231891454,
    "sfR": 0.09863878308844841,
    "sfT": 0.00010570572208942704,
    "roll-out": 0.2684752953603523,
    "oneh-out": 0.014996951962242978,
    "redirect": 0.02737418272238078,
    "sft": 0.0,
    "dsfb": 0.0
  },
  "movie": {
    "bad-redirect": 0.0008773627898425946,
    "dsfb-red": 0.025771989110542053,
    "sfb": 0.01878453867522298,
    "oneh-in": 0.005885844928528556,
    "roll-in": 0.182373548623888,
    "unknown": 0.030236445784519856,
    "dsfb-alt": 0.05367796877156971,
    "alternate": 0.23557434363275043,
    "sfR": 0.11567713207251198,
    "sfT": 0.000017502512531733173,
    "roll-out": 0.28133354406533884,
    "oneh-out": 0.01723036820154051,
    "redirect": 0.03255941083121274,
    "sft": 0.0,
    "dsfb": 0.0
  },
  "mt-quotes": {
    "bad-redirect": 0.0007590155508540419,
    "dsfb-red": 0.027565113971862638,
    "sfb": 0.020039205842626792,
    "oneh-in": 0.008625584202914142,
    "roll-in": 0.2116502910555695,
    "unknown": 0.007977133909467972,
    "dsfb-alt": 0.05329992469609496,
    "alternate": 0.254171597279497,
    "sfR": 0.0964592223377679,
    "sfT": 0.000016435376101170198,
    "roll-out": 0.27707802918922797,
    "oneh-out": 0.014067187817501584,
    "redirect": 0.028291258770514336,
    "sft": 0.0,
    "dsfb": 0.0
  },
  "english-450k": {
    "bad-redirect": 0.0015500195579608502,
    "dsfb-red": 0.023091257036042194,
    "sfb": 0.041719264620672034,
    "oneh-in": 0.009211536448847308,
    "roll-in": 0.22937073649609047,
    "unknown": 0.00015377410175167997,
    "dsfb-alt": 0.049705285794722685,
    "alternate": 0.29395059700017717,
    "sfR": 0.11369548401129392,
    "sfT": 0.00007016308825171709,
    "roll-out": 0.18661773570850979,
    "oneh-out": 0.007439041431888305,
    "redirect": 0.043425104703791906,
    "sft": 0.0,
    "dsfb": 0.0
  },
  "akl": {
    "bad-redirect": 0.000805653102526482,
    "dsfb-red": 0.026218729984904227,
    "sfb": 0.02541704195455259,
    "oneh-in": 0.0067281698924387436,
    "roll-in": 0.19676026343443895,
    "unknown": 0.06665478384099267,
    "dsfb-alt": 0.05046279207248251,
    "alternate": 0.24194888997184924,
    "sfR": 0.11790358951788564,
    "sfT": 0.0004239529514448413,
    "roll-out": 0.23133482543955614,
    "oneh-out": 0.008903569568616255,
    "redirect": 0.026437738268311726,
    "sft": 0.0,
    "dsfb": 0.0
  },
  "reddit": {
    "bad-redirect": 0.0008222651359320163,
    "dsfb-red": 0.025203145598650934,
    "sfb": 0.02399345843734789,
    "oneh-in": 0.00793587740338469,
    "roll-in": 0.2106821425715301,
    "unknown": 0.039285447401644795,
    "dsfb-alt": 0.05238475430839849,
    "alternate": 0.25284559286376346,
    "sfR": 0.10397777127267367,
    "sfT": 0.00006787283283112307,
    "roll-out": 0.2432013952137292,
    "oneh-out": 0.010921607814515384,
    "redirect": 0.028678669145598277,
    "sft": 0.0,
    "dsfb": 0.0
  },
  "english-5k": {
    "bad-redirect": 0.0012029700916746174,
    "dsfb-red": 0.01986974737628075,
    "sfb": 0.023893474924295846,
    "oneh-in": 0.01937196664869125,
    "roll-in": 0.2545733604347285,
    "unknown": 0.002157049819554486,
    "dsfb-alt": 0.04816028539428382,
    "alternate": 0.3147218650184594,
    "sfR": 0.10644211224955408,
    "sfT": 0.0,
    "roll-out": 0.1707387895631974,
    "oneh-out": 0.006014850458373086,
    "redirect": 0.03285352802090679,
    "sft": 0.0,
    "dsfb": 0.0
  },
  "english-10k": {
    "bad-redirect": 0.0013893981204530983,
    "dsfb-red": 0.019605951255282607,
    "sfb": 0.023832037204994116,
    "oneh-in": 0.016904343798846026,
    "roll-in": 0.26535574381042437,
    "unknown": 0.0,
    "dsfb-alt": 0.05092530055382953,
    "alternate": 0.3039308388491152,
    "sfR": 0.10567144593890508,
    "sfT": 0.00001929719611740414,
    "roll-out": 0.1719959089944231,
    "oneh-out": 0.005962833600277879,
    "redirect": 0.034406900677331584,
    "sft": 0.0,
    "dsfb": 0.0
  },
  "wordle": {
    "bad-redirect": 0.0015707393694603389,
    "dsfb-red": 0.026747447548524626,
    "sfb": 0.03280601368787165,
    "oneh-in": 0.004622461572983283,
    "roll-in": 0.2056995399977561,
    "unknown": 0.0,
    "dsfb-alt": 0.05430270391562886,
    "alternate": 0.27988331650398296,
    "sfR": 0.13138112868843263,
    "sfT": 0.000022439133849433412,
    "roll-out": 0.20854930999663412,
    "oneh-out": 0.008661505665881296,
    "redirect": 0.045753393918994724,
    "sft": 0.0,
    "dsfb": 0.0
  },
  "shai": {
    "bad-redirect": 0.0008642390636954726,
    "dsfb-red": 0.02114765826333828,
    "sfb": 0.021746015723767994,
    "oneh-in": 0.010711302182012631,
    "roll-in": 0.22843619925236086,
    "unknown": 0.023260762136131256,
    "dsfb-alt": 0.0513822081332461,
    "alternate": 0.27439304636161443,
    "sfR": 0.09823378925716947,
    "sfT": 0.000048755539716122546,
    "roll-out": 0.23161488859570112,
    "oneh-out": 0.009253597854616918,
    "redirect": 0.028907537636629302,
    "sft": 0.0,
    "dsfb": 0.0
  },
  "dutch": {
    "bad-redirect": 0.0013457419689138124,
    "dsfb-red": 0.02099095323293834,
    "sfb": 0.05616290542556786,
    "oneh-in": 0.005200450321138732,
    "roll-in": 0.23921664448209035,
    "unknown": 0.072903632847049,
    "dsfb-alt": 0.04961529660277076,
    "alternate": 0.20338170117262733,
    "sfR": 0.18880787437283908,
    "sfT": 0.00005130000230590014,
    "roll-out": 0.12962820247122922,
    "oneh-out": 0.005346424917004629,
    "redirect": 0.02734887218352498,
    "sft": 0.0,
    "dsfb": 0.0
  },
  "english-1k": {
    "bad-redirect": 0.0007057163020465773,
    "dsfb-red": 0.021524347212420608,
    "sfb": 0.019407198306280876,
    "oneh-in": 0.011291460832745237,
    "roll-in": 0.2424135497529993,
    "unknown": 0.0,
    "dsfb-alt": 0.04763585038814397,
    "alternate": 0.28757939308398023,
    "sfR": 0.10832745236414962,
    "sfT": 0.0,
    "roll-out": 0.22018348623853212,
    "oneh-out": 0.012350035285815103,
    "redirect": 0.02858151023288638,
    "sft": 0.0,
    "dsfb": 0.0
  },
  "english-200": {
    "bad-redirect": 0.0,
    "dsfb-red": 0.031180400890868598,
    "sfb": 0.0200445434298441,
    "oneh-in": 0.008908685968819599,