{
  "english-1k": {
    "sfb": 0.02399435426958363,
    "unknown": 0.0,
    "outoneh": 0.0024700070571630206,
    "red-sfs": 0.00529287226534933,
    "alt-sfs": 0.05222300635144672,
    "sft": 0.0,
    "inroll": 0.17572335920959775,
    "bad-red-sfs": 0.0077628793225123505,
    "red": 0.0187014820042343,
    "sfr": 0.10832745236414962,
    "outroll": 0.2798165137614679,
    "inoneh": 0.012350035285815103,
    "bad-red": 0.011997177134791814,
    "alt": 0.3013408609738885
  },
  "shai": {
    "sfb": 0.026809656081666244,
    "unknown": 0.015952060187643613,
    "outoneh": 0.003080168087209909,
    "red-sfs": 0.004952033249598329,
    "alt-sfs": 0.0530947440467694,
    "sft": 0.00004728091396143153,
    "inroll": 0.15316140022720848,
    "bad-red-sfs": 0.0066249632698204405,
    "red": 0.0170206220025619,
    "sfr": 0.09823378925716947,
    "outroll": 0.281140666756873,
    "inoneh": 0.01675613374646593,
    "bad-red": 0.012652347031380965,
    "alt": 0.3104741351416709
  },
  "chained-bigrams": {
    "sfb": 0.02745844612296922,
    "unknown": 0.016303391513198092,
    "outoneh": 0.00949673042622308,
    "red-sfs": 0.007171570323918632,
    "alt-sfs": 0.061767056747282174,
    "sft": 0.00016881921993832903,
    "inroll": 0.14420862419478103,
    "bad-red-sfs": 0.006883279040639331,
    "red": 0.025633899938251124,
    "sfr": 0.11914286586209158,
    "outroll": 0.25976278302379896,
    "inoneh": 0.01461260209504652,
    "bad-red": 0.006874188774950344,
    "alt": 0.3005157427169116
  },
  "english-200": {
    "sfb": 0.0200445434298441,
    "unknown": 0.0,
    "outoneh": 0.004454342984409799,
    "red-sfs": 0.004454342984409799,
    "alt-sfs": 0.05790645879732739,
    "sft": 0.0,
    "inroll": 0.133630289532294,
    "bad-red-sfs": 0.0066815144766146995,
    "red": 0.015590200445434299,
    "sfr": 0.10690423162583519,
    "outroll": 0.3207126948775056,
    "inoneh": 0.011135857461024499,
    "bad-red": 0.0066815144766146995,
    "alt": 0.311804008908686
  },
  "english-450k": {
    "sfb": 0.03921473471628678,
    "unknown": 0.0,
    "outoneh": 0.0029079676618326247,
    "red-sfs": 0.003734722718398691,
    "alt-sfs": 0.0571294175703575,
    "sft": 0.000038297352337395584,
    "inroll": 0.16080444319450202,
    "bad-red-sfs": 0.006585975217227845,
    "red": 0.018815401499502133,
    "sfr": 0.11369548401129392,
    "outroll": 0.2365495898090453,
    "inoneh": 0.017319758334936364,
    "bad-red": 0.011171425380678605,
    "alt": 0.3320327825336008
  },
  "english-5k": {
    "sfb": 0.02941054465507944,
    "unknown": 0.0,
    "outoneh": 0.0027377940017422327,
    "red-sfs": 0.0038578006388186002,
    "alt-sfs": 0.05695441158169826,
    "sft": 0.0,
    "inroll": 0.16194466337578298,
    "bad-red-sfs": 0.006056332185672211,
    "red": 0.014850458373086656,
    "sfr": 0.10644211224955408,
    "outroll": 0.24163106151740157,
    "inoneh": 0.01269340855353217,
    "bad-red": 0.021487534740946612,
    "alt": 0.3419338781266852
  },
  "monkeyracer": {
    "sfb": 0.028887811439385645,
    "unknown": 0.007987354739822013,
    "outoneh": 0.003093865836682985,
    "red-sfs": 0.007222930384597338,
    "alt-sfs": 0.056552739415362,
    "sft": 0.000017595445516680483,
    "inroll": 0.14818297699297747,
    "bad-red-sfs": 0.0075484461266559265,
    "red": 0.01744490670503777,
    "sfr": 0.09690789370786869,
    "outroll": 0.30118710605752536,
    "inoneh": 0.024994330356444626,
    "bad-red": 0.009836831568575316,
    "alt": 0.2901352112235482
  },
  "tr-quotes": {
    "sfb": 0.028762626846351218,
    "unknown": 0.008437160490973395,
    "outoneh": 0.0030512470816670906,
    "red-sfs": 0.0072617368992857305,
    "alt-sfs": 0.05643535748133423,
    "sft": 0.000015025080326390976,
    "inroll": 0.1481519151198539,
    "bad-red-sfs": 0.007507917061556599,
    "red": 0.017415223873696862,
    "sfr": 0.09677191928064538,
    "outroll": 0.3008402487228682,
    "inoneh": 0.02470354360740621,
    "bad-red": 0.009908462587549988,
    "alt": 0.29073761586648483
  },
  "movie": {
    "sfb": 0.0310202425111289,
    "unknown": 0.010619287584572996,
    "outoneh": 0.0019281715309395072,
    "red-sfs": 0.010307663902804996,
    "alt-sfs": 0.05757418597853981,
    "sft": 0.00004316409105570286,
    "inroll": 0.12773412604362022,
    "bad-red-sfs": 0.006997978262405827,
    "red": 0.020522288133730776,
    "sfr": 0.11567713207251198,
    "outroll": 0.2983469074310536,
    "inoneh": 0.0366948729087294,
    "bad-red": 0.008136957555354327,
    "alt": 0.274397021993552
  },
  "gutenberg": {
    "sfb": 0.02569539399629386,
    "unknown": 0.0287457049946522,
    "outoneh": 0.002900655943787288,
    "red-sfs": 0.006814040902431345,
    "alt-sfs": 0.05588403892850012,
    "sft": 0.00005664159660347435,
    "inroll": 0.1599685610723334,
    "bad-red-sfs": 0.0063582560147124175,
    "red": 0.01795311288196611,
    "sfr": 0.09863878308844841,
    "outroll": 0.29550205103199473,
    "inoneh": 0.014699157347324377,
    "bad-red": 0.007908796042135286,
    "alt": 0.278874806158817
  },
  "keymash": {
    "sfb": 0.029316990472593826,
    "unknown": 0.007503704646303769,
    "outoneh": 0.002947297558012093,
    "red-sfs": 0.007561172843813754,
    "alt-sfs": 0.05668006222984816,
    "sft": 0.00004104871250713222,
    "inroll": 0.14891241436212352,
    "bad-red-sfs": 0.007807465118856547,
    "red": 0.017433388201779053,
    "sfr": 0.099723742164827,
    "outroll": 0.3013550179998604,
    "inoneh": 0.023824672739139536,
    "bad-red": 0.009835271516708878,
    "alt": 0.2870577514336263
  },
  "english-10k": {
    "sfb": 0.02902298296057583,
    "unknown": 0.0,
    "outoneh": 0.00270160745643658,
    "red-sfs": 0.00405241118465487,
    "alt-sfs": 0.053858474363674955,
    "sft": 0.00001929719611740414,
    "inroll": 0.1649331352154532,
    "bad-red-sfs": 0.006310183130391154,
    "red": 0.017135910152254876,
    "sfr": 0.10567144593890508,
    "outroll": 0.2540089924933907,
    "inoneh": 0.011481831689855464,
    "bad-red": 0.01923930452905193,
    "alt": 0.33156442368923794
  },
  "mt-quotes": {
    "sfb": 0.028461589031926464,
    "unknown": 0.004019196519286167,
    "outoneh": 0.003151109836124359,
    "red-sfs": 0.007192718231912121,
    "alt-sfs": 0.05712787320256751,
    "sft": 0.000011953000800851053,
    "inroll": 0.14816491555204933,
    "bad-red-sfs": 0.007747038644051589,
    "red": 0.017049461517313923,
    "sfr": 0.0964592223377679,
    "outroll": 0.3067946833052438,
    "inoneh": 0.02587376435854221,
    "bad-red": 0.009728248526792651,
    "alt": 0.28821822593562113
  }
}