{
  "akl": {
    "bad-redirect": 0.005359476541084158,
    "dsfb-red": 0.015010152443395187,
    "sfb": 0.033721080219481614,
    "oneh-in": 0.019193985084637565,
    "roll-in": 0.27506882807707256,
    "unknown": 0.07331127266302054,
    "dsfb-alt": 0.03899103286536808,
    "alternate": 0.24811860423016202,
    "sfR": 0.11790358951788564,
    "sfT": 0.0001690731557055344,
    "roll-out": 0.1300647756494014,
    "oneh-out": 0.005393179654570346,
    "redirect": 0.03769494989821536,
    "sft": 0.0,
    "dsfb": 0.0
  },
  "english-10k": {
    "bad-redirect": 0.005750564442986434,
    "dsfb-red": 0.013604523262769919,
    "sfb": 0.02713185774107022,
    "oneh-in": 0.02116902414079234,
    "roll-in": 0.2856370969298161,
    "unknown": 0.0,
    "dsfb-alt": 0.05042357345477702,
    "alternate": 0.3198510256459736,
    "sfR": 0.10567144593890508,
    "sfT": 0.00005789158835221242,
    "roll-out": 0.13340151675961484,
    "oneh-out": 0.00470851585264661,
    "redirect": 0.032592964242295595,
    "sft": 0.0,
    "dsfb": 0.0
  },
  "english-5k": {
    "bad-redirect": 0.004936325548595843,
    "dsfb-red": 0.01410378728170241,
    "sfb": 0.023105322105612478,
    "oneh-in": 0.023851993196996723,
    "roll-in": 0.277678682540341,
    "unknown": 0.002157049819554486,
    "dsfb-alt": 0.050483262123034806,
    "alternate": 0.33260048948438214,
    "sfR": 0.10644211224955408,
    "sfT": 0.0,
    "roll-out": 0.12904965362757706,
    "oneh-out": 0.004231136184510723,
    "redirect": 0.0313601858381383,
    "sft": 0.0,
    "dsfb": 0.0
  },
  "english-200": {
    "bad-redirect": 0.0022271714922048997,
    "dsfb-red": 0.008908685968819599,
    "sfb": 0.015590200445434299,
    "oneh-in": 0.011135857461024499,
    "roll-in": 0.32516703786191536,
    "unknown": 0.0,
    "dsfb-alt": 0.0467706013363029,
    "alternate": 0.2984409799554566,
    "sfR": 0.10690423162583519,
    "sfT": 0.0,
    "roll-out": 0.14253897550111358,
    "oneh-out": 0.004454342984409799,
    "redirect": 0.0378619153674833,
    "sft": 0.0,
    "dsfb": 0.0
  },
  "english-450k": {
    "bad-redirect": 0.004638657172041647,
    "dsfb-red": 0.017284969137011556,
    "sfb": 0.0342740839185617,
    "oneh-in": 0.014097810853177305,
    "roll-in": 0.269829696644041,
    "unknown": 0.00015377410175167997,
    "dsfb-alt": 0.04755917233282329,
    "alternate": 0.3189307028411958,
    "sfR": 0.11369548401129392,
    "sfT": 0.00010290586276918508,
    "roll-out": 0.1337907771789878,
    "oneh-out": 0.0039057452460122518,
    "redirect": 0.041736220700332866,
    "sft": 0.0,
    "dsfb": 0.0
  },
  "shai": {
    "bad-redirect": 0.005138327636607627,
    "dsfb-red": 0.011852449643659202,
    "sfb": 0.02760871359067733,
    "oneh-in": 0.020587466904134308,
    "roll-in": 0.30174410296773657,
    "unknown": 0.024097749651430984,
    "dsfb-alt": 0.047830868089346376,
    "alternate": 0.2945730753308503,
    "sfR": 0.09823378925716947,
    "sfT": 0.00006471323521898618,
    "roll-out": 0.13166760356362472,
    "oneh-out": 0.0047631689111425355,
    "redirect": 0.031837971218401595,
    "sft": 0.0,
    "dsfb": 0.0
  },
  "dutch": {
    "bad-redirect": 0.0029268973353369443,
    "dsfb-red": 0.012522239115819626,
    "sfb": 0.08869549849921045,
    "oneh-in": 0.008892329130916997,
    "roll-in": 0.24703300044335683,
    "unknown": 0.07360270072188302,
    "dsfb-alt": 0.04161373346785254,
    "alternate": 0.19386808795226707,
    "sfR": 0.18880787437283908,
    "sfT": 0.0005861397327429463,
    "roll-out": 0.10689446569263485,
    "oneh-out": 0.002756805821225176,
    "redirect": 0.03180022771391446,
    "sft": 0.0,
    "dsfb": 0.0
  },
  "keymash": {
    "bad-redirect": 0.004470204792026698,
    "dsfb-red": 0.011567527184509858,
    "sfb": 0.029583807103890185,
    "oneh-in": 0.024834471066814988,
    "roll-in": 0.3165758805975051,
    "unknown": 0.012376186820900362,
    "dsfb-alt": 0.045486078329153204,
    "alternate": 0.27282616280740357,
    "sfR": 0.099723742164827,
    "sfT": 0.000016419485002852885,
    "roll-out": 0.13818228091275916,
    "oneh-out": 0.005270654685915776,
    "redirect": 0.039086584049291294,
    "sft": 0.0,
    "dsfb": 0.0
  },
  "mt-quotes": {
    "bad-redirect": 0.004131255901794146,
    "dsfb-red": 0.010736782969364459,
    "sfb": 0.028506412784929658,
    "oneh-in": 0.026925628429017103,
    "roll-in": 0.32302835251789963,
    "unknown": 0.007995063410669249,
    "dsfb-alt": 0.044111055330440706,
    "alternate": 0.27274506639891943,
    "sfR": 0.0964592223377679,
    "sfT": 0.000046317878103297835,
    "roll-out": 0.13926889470601594,
    "oneh-out": 0.005599980875198718,
    "redirect": 0.04044596645987975,
    "sft": 0.0,
    "dsfb": 0.0
  },
  "reddit": {
    "bad-redirect": 0.004376074676597376,
    "dsfb-red": 0.011671055739065666,
    "sfb": 0.029143365814529244,
    "oneh-in": 0.021319785736104657,
    "roll-in": 0.2941759902850453,
    "unknown": 0.04519941109454869,
    "dsfb-alt": 0.04289888914422359,
    "alternate": 0.2711168321066967,
    "sfR": 0.10397777127267367,
    "sfT": 0.00010611685177183866,
    "roll-out": 0.13249290135196914,
    "oneh-out": 0.005836988708650059,
    "redirect": 0.03768481721812407,
    "sft": 0.0,
    "dsfb": 0.0
  },
  "wordle": {
    "bad-redirect": 0.00841467519353753,
    "dsfb-red": 0.02203522944014361,
    "sfb": 0.051004151239762145,
    "oneh-in": 0.008055649051946594,
    "roll-in": 0.21790642881184785,
    "unknown": 0.0,
    "dsfb-alt": 0.05356221249859756,
    "alternate": 0.2805116122517671,
    "sfR": 0.13138112868843263,
    "sfT": 0.0005609783462358353,
    "roll-out": 0.1709861999326826,
    "oneh-out": 0.009379557949063167,
    "redirect": 0.04620217659598339,
    "sft": 0.0,
    "dsfb": 0.0
  },
  "english-1k": {
    "bad-redirect": 0.0056457304163726185,
    "dsfb-red": 0.010938602681721948,
    "sfb": 0.019407198306280876,
    "oneh-in": 0.015172900494001412,
    "roll-in": 0.28757939308398023,
    "unknown": 0.0,
    "dsfb-alt": 0.051517290049400144,
    "alternate": 0.29428369795342274,
    "sfR": 0.10832745236414962,
    "sfT": 0.0,
    "roll-out": 0.1616090331686662,
    "oneh-out": 0.0067043048694424845,
    "redirect": 0.03881439661256175,
    "sft": 0.0,
    "dsfb": 0.0
  },
  "chained-bigrams": {
    "bad-redirect": 0.0047366777286542705,
    "dsfb-red": 0.018112354385306496,
    "sfb": 0.027794136648769664,
    "oneh-in": 0.017499410755991946,
    "roll-in": 0.29833732547501507,
    "unknown": 0.023159399756770463,
    "dsfb-alt": 0.051599594574150275,
    "alternate": 0.2865777681969263,
    "sfR": 0.11914286586209158,
    "sfT": 0.0000883054381215875,
    "roll-out": 0.11127978604111786,
    "oneh-out": 0.0045535738054903905,
    "redirect": 0.037118801331594065,
    "sft": 0.0,
    "dsfb": 0.0
  },
  "movie": {
    "bad-redirect": 0.003904244675123758,
    "dsfb-red": 0.013158731075737319,
    "sfb": 0.03213395501906918,
    "oneh-in": 0.0341620093094943,
    "roll-in": 0.29092307856298844,
    "unknown": 0.030282373430185833,
    "dsfb-alt": 0.039365124651446676,
    "alternate": 0.25279576318126723,
    "sfR": 0.11567713207251198,
    "sfT": 0.00006369335387487862,
    "roll-out": 0.13615980925682883,
    "oneh-out": 0.004923075141444647,
    "redirect": 0.04645101027002692,
    "sft": 0.0,
    "dsfb": 0.0
  },
  "gutenberg": {
    "bad-redirect": 0.00416268375841052,
    "dsfb-red": 0.0104858939692044,
    "sfb": 0.029751803722281138,
    "oneh-in": 0.016303686856459585,
    "roll-in": 0.32396056987129285,
    "unknown": 0.03298207965968062,
    "dsfb-alt": 0.04738931493220247,
    "alternate": 0.26656634094907067,
    "sfR": 0.09863878308844841,
    "sfT": 0.00005285286104471352,
    "roll-out": 0.13131568009887085,
    "oneh-out": 0.0053527255974172945,
    "redirect": 0.033037584635616464,
    "sft": 0.0,
    "dsfb": 0.0
  },
  "french": {
    "bad-redirect": 0.00707575744841195,
    "dsfb-red": 0.01433523718040424,
    "sfb": 0.047085356012600506,
    "oneh-in": 0.020130916397252015,