{
  "english-1k": {
    "sfb": 0.019407198306280876,
    "unknown": 0.0,
    "outoneh": 0.019407198306280876,
    "red-sfs": 0.0056457304163726185,
    "alt-sfs": 0.051517290049400144,
    "sft": 0.0,
    "inroll": 0.1616090331686662,
    "bad-red-sfs": 0.00529287226534933,
    "red": 0.03881439661256175,
    "sfr": 0.10832745236414962,
    "outroll": 0.28757939308398023,
    "inoneh": 0.0024700070571630206,
    "bad-red": 0.0056457304163726185,
    "alt": 0.29428369795342274
  },
  "shai": {
    "sfb": 0.029129861659204004,
    "unknown": 0.024097749651430984,
    "outoneh": 0.021938286021972155,
    "red-sfs": 0.009380438891973175,
    "alt-sfs": 0.047409767611366366,
    "sft": 0.0000725546834578418,
    "inroll": 0.12802116370497824,
    "bad-red-sfs": 0.002557465507690812,
    "red": 0.031198575813412854,
    "sfr": 0.09823378925716947,
    "outroll": 0.3044381242388841,
    "inoneh": 0.004431734193947114,
    "bad-red": 0.005138327636607627,
    "alt": 0.29395216112790523
  },
  "chained-bigrams": {
    "sfb": 0.028983013539950742,
    "unknown": 0.023159399756770463,
    "outoneh": 0.012486778533207715,
    "red-sfs": 0.013678252643157075,
    "alt-sfs": 0.051711924285878466,
    "sft": 0.00017985739970352747,
    "inroll": 0.10875204287488743,
    "bad-red-sfs": 0.003873751792892581,
    "red": 0.03653637502280683,
    "sfr": 0.11914286586209158,
    "outroll": 0.30116764462775036,
    "inoneh": 0.009773983529737181,
    "bad-red": 0.0047366777286542705,
    "alt": 0.2858174324025118
  },
  "english-200": {
    "sfb": 0.015590200445434299,
    "unknown": 0.0,
    "outoneh": 0.013363028953229399,
    "red-sfs": 0.008908685968819599,
    "alt-sfs": 0.0467706013363029,
    "sft": 0.0,
    "inroll": 0.14253897550111358,
    "bad-red-sfs": 0.0,
    "red": 0.0378619153674833,
    "sfr": 0.10690423162583519,
    "outroll": 0.32516703786191536,
    "inoneh": 0.0022271714922048997,
    "bad-red": 0.0022271714922048997,
    "alt": 0.2984409799554566
  },
  "english-450k": {
    "sfb": 0.0342746686109638,
    "unknown": 0.00015377410175167997,
    "outoneh": 0.014366184665740123,
    "red-sfs": 0.014189022867904539,
    "alt-sfs": 0.04755917233282329,
    "sft": 0.00010290586276918508,
    "inroll": 0.13379048483278674,
    "bad-red-sfs": 0.0030959462691070166,
    "red": 0.041736220700332866,
    "sfr": 0.11369548401129392,
    "outroll": 0.269829696644041,
    "inoneh": 0.003637371433449434,
    "bad-red": 0.004638657172041647,
    "alt": 0.31893041049499476
  },
  "english-5k": {
    "sfb": 0.023105322105612478,
    "unknown": 0.002157049819554486,
    "outoneh": 0.024681627742979217,
    "red-sfs": 0.010619322188575933,
    "alt-sfs": 0.050483262123034806,
    "sft": 0.0,
    "inroll": 0.12900817190027794,
    "bad-red-sfs": 0.003442983365827353,
    "red": 0.0313601858381383,
    "sfr": 0.10644211224955408,
    "outroll": 0.27776164599493924,
    "inoneh": 0.0034015016385282285,
    "bad-red": 0.004936325548595843,
    "alt": 0.33260048948438214
  },
  "monkeyracer": {
    "sfb": 0.03361414361011621,
    "unknown": 0.013491796612290222,
    "outoneh": 0.029165428468648825,
    "red-sfs": 0.009229788698249839,
    "alt-sfs": 0.04385371537607332,
    "sft": 0.00007722445532320879,
    "inroll": 0.1276588673225206,
    "bad-red-sfs": 0.002052801976946056,
    "red": 0.03739716439620251,
    "sfr": 0.09690789370786869,
    "outroll": 0.32194973176720837,
    "inoneh": 0.004162300389445861,
    "bad-red": 0.0041642554389477145,
    "alt": 0.2762748877801586
  },
  "tr-quotes": {
    "sfb": 0.03357758720325466,
    "unknown": 0.013894731975682485,
    "outoneh": 0.028810013638149834,
    "red-sfs": 0.009269318785973509,
    "alt-sfs": 0.0437518781350408,
    "sft": 0.00008437160490973394,
    "inroll": 0.12728670164813574,
    "bad-red-sfs": 0.0020769284112711218,
    "red": 0.03744827905041492,
    "sfr": 0.09677191928064538,
    "outroll": 0.32176787406671137,
    "inoneh": 0.004133052865167241,
    "bad-red": 0.004151545271722799,
    "alt": 0.2769757980629204
  },
  "movie": {
    "sfb": 0.04333872138750444,
    "unknown": 0.030282373430185833,
    "outoneh": 0.03837827245990181,
    "red-sfs": 0.010379779518349279,
    "alt-sfs": 0.03813889599151668,
    "sft": 0.0001531798841123114,
    "inroll": 0.11671912375842375,
    "bad-red-sfs": 0.0020618749349413184,
    "red": 0.04084231038955724,
    "sfr": 0.11567713207251198,
    "outroll": 0.2970319818279177,
    "inoneh": 0.002892257296409261,
    "bad-red": 0.003904244675123758,
    "alt": 0.26019985237354465
  },
  "gutenberg": {
    "sfb": 0.031079944972404745,
    "unknown": 0.03298207965968062,
    "outoneh": 0.016816871087893738,
    "red-sfs": 0.008457026077487977,
    "alt-sfs": 0.046676085463265744,
    "sft": 0.0000752064008414024,
    "inroll": 0.12908184161342545,
    "bad-red-sfs": 0.002321358276852758,
    "red": 0.032059711987900294,
    "sfr": 0.09863878308844841,
    "outroll": 0.3307736635898345,
    "inoneh": 0.006113882571172345,
    "bad-red": 0.00416268375841052,
    "alt": 0.2607608614523815
  },
  "keymash": {
    "sfb": 0.03343417633705919,
    "unknown": 0.012376186820900362,
    "outoneh": 0.027732510169818522,
    "red-sfs": 0.00942888926288827,
    "alt-sfs": 0.04473488689027268,
    "sft": 0.00002462922750427933,
    "inroll": 0.12948405873249785,
    "bad-red-sfs": 0.002372615582912242,
    "red": 0.03691921202891471,
    "sfr": 0.099723742164827,
    "outroll": 0.32173159888840086,
    "inoneh": 0.004420946337018139,
    "bad-red": 0.004470204792026698,
    "alt": 0.2731463427649592
  },
  "english-10k": {
    "sfb": 0.02713185774107022,
    "unknown": 0.0,
    "outoneh": 0.022519827869010633,
    "red-sfs": 0.009957353196580537,
    "alt-sfs": 0.05042357345477702,
    "sft": 0.00005789158835221242,
    "inroll": 0.13340151675961484,
    "bad-red-sfs": 0.003647170066189383,
    "red": 0.032592964242295595,
    "sfr": 0.10567144593890508,
    "outroll": 0.2856370969298161,
    "inoneh": 0.0033577121244283206,
    "bad-red": 0.005750564442986434,
    "alt": 0.3198510256459736
  },
  "mt-quotes": {
    "sfb": 0.03352966137148731,
    "unknown": 0.007995063410669249,
    "outoneh": 0.030466704916269228,
    "red-sfs": 0.00894831522453712,
    "alt-sfs": 0.04334456915408613,
    "sft": 0.000058270878904148885,
    "inroll": 0.1281092743333214,
    "bad-red-sfs": 0.001952821505839041,
    "red": 0.037956754043102524,
    "sfr": 0.0964592223377679,
    "outroll": 0.3276616344533295,
    "inoneh": 0.004061032022089146,
    "bad-red": 0.004131255901794146,
    "alt": 0.2753254204468032
  }
}