{
  "english-1k": {
    "sfb": 0.017290049400141144,
    "unknown": 0.0,
    "outoneh": 0.01587861679604799,
    "red-sfs": 0.01058574453069866,
    "alt-sfs": 0.035285815102328866,
    "sft": 0.0,
    "inroll": 0.23747353563867327,
    "bad-red-sfs": 0.001058574453069866,
    "red": 0.04022582921665491,
    "sfr": 0.10832745236414962,
    "outroll": 0.2364149611856034,
    "inoneh": 0.0045871559633027525,
    "bad-red": 0.0017642907551164433,
    "alt": 0.2911079745942131
  },
  "shai": {
    "sfb": 0.020769066485263186,
    "unknown": 0.023260762136131256,
    "outoneh": 0.014947936808919156,
    "red-sfs": 0.013152767667409889,
    "alt-sfs": 0.03947124564927346,
    "sft": 0.00008763766657078373,
    "inroll": 0.22836304852594708,
    "bad-red-sfs": 0.001235283544600888,
    "red": 0.03184167907003675,
    "sfr": 0.09823378925716947,
    "outroll": 0.22655247902780284,
    "inoneh": 0.004407068078633083,
    "bad-red": 0.002437610558227514,
    "alt": 0.29523962552401467
  },
  "chained-bigrams": {
    "sfb": 0.02230816130546604,
    "unknown": 0.022916559801936097,
    "outoneh": 0.011594633886302852,
    "red-sfs": 0.021172527399034743,
    "alt-sfs": 0.04975556924867006,
    "sft": 0.00016557269647797656,
    "inroll": 0.21830337982571363,
    "bad-red-sfs": 0.002147899921369202,
    "red": 0.040508171824202056,
    "sfr": 0.11914286586209158,
    "outroll": 0.20337456634562878,
    "inoneh": 0.007801395875227013,
    "bad-red": 0.004710705540971451,
    "alt": 0.2760979904669085
  },
  "english-200": {
    "sfb": 0.013363028953229399,
    "unknown": 0.0,
    "outoneh": 0.011135857461024499,
    "red-sfs": 0.013363028953229399,
    "alt-sfs": 0.031180400890868598,
    "sft": 0.0,
    "inroll": 0.22271714922049,
    "bad-red-sfs": 0.0,
    "red": 0.031180400890868598,
    "sfr": 0.10690423162583519,
    "outroll": 0.2583518930957684,
    "inoneh": 0.0,
    "bad-red": 0.0022271714922048997,
    "alt": 0.30957683741648107
  },
  "english-450k": {
    "sfb": 0.03526426050151406,
    "unknown": 0.00015377410175167997,
    "outoneh": 0.013187444783111277,
    "red-sfs": 0.01764367792569846,
    "alt-sfs": 0.038973256754220455,
    "sft": 0.0004817865393284574,
    "inroll": 0.21956895306732557,
    "bad-red-sfs": 0.0013693496057126785,
    "red": 0.04136844917941345,
    "sfr": 0.11369548401129392,
    "outroll": 0.19714716883168518,
    "inoneh": 0.004949421183756544,
    "bad-red": 0.0024159490054674587,
    "alt": 0.3137810245097208
  },
  "english-5k": {
    "sfb": 0.024142365288090595,
    "unknown": 0.002157049819554486,
    "outoneh": 0.02181938855933961,
    "red-sfs": 0.014228232463599784,
    "alt-sfs": 0.037872817024100884,
    "sft": 0.00016592690919649896,
    "inroll": 0.2362799186958145,
    "bad-red-sfs": 0.0009125980005807441,
    "red": 0.03364168083959016,
    "sfr": 0.10644211224955408,
    "outroll": 0.19118928112166592,
    "inoneh": 0.00543410627618534,
    "bad-red": 0.002779275729041357,
    "alt": 0.3229352470236861
  },
  "monkeyracer": {
    "sfb": 0.019314911553560535,
    "unknown": 0.013436077701487402,
    "outoneh": 0.014989364530709917,
    "red-sfs": 0.013211247008774261,
    "alt-sfs": 0.03659950419944633,
    "sft": 0.00005767396030467491,
    "inroll": 0.22568602687020034,
    "bad-red-sfs": 0.0023812502932574254,
    "red": 0.03474611727168932,
    "sfr": 0.09690789370786869,
    "outroll": 0.2501075277226019,
    "inoneh": 0.004449692666218309,
    "bad-red": 0.0022844753429156826,
    "alt": 0.28582823717096517
  },
  "tr-quotes": {
    "sfb": 0.01944014239153048,
    "unknown": 0.013835787429786644,
    "outoneh": 0.014993874390328472,
    "red-sfs": 0.013207045606897668,
    "alt-sfs": 0.03673054252097732,
    "sft": 0.00005894454589584152,
    "inroll": 0.22531610457455908,
    "bad-red-sfs": 0.002368183814521162,
    "red": 0.034869744111324284,
    "sfr": 0.09677191928064538,
    "outroll": 0.249288042347611,
    "inoneh": 0.004397725433993666,
    "bad-red": 0.0022780333325628163,
    "alt": 0.28644391021936616
  },
  "movie": {
    "sfb": 0.01649776303414082,
    "unknown": 0.030236445784519856,
    "outoneh": 0.015359968121739582,
    "red-sfs": 0.01628260056805523,
    "alt-sfs": 0.03924405463994897,
    "sft": 0.00007711633341049353,
    "inroll": 0.20119138155227284,
    "bad-red-sfs": 0.003709216678341588,
    "red": 0.03361706265991605,
    "sfr": 0.11567713207251198,
    "outroll": 0.2527940524093656,
    "inoneh": 0.003254019754677941,
    "bad-red": 0.001713535456208253,
    "alt": 0.27034565093489077
  },
  "gutenberg": {
    "sfb": 0.018609321880743487,
    "unknown": 0.032975828246008664,
    "outoneh": 0.012458499137873223,
    "red-sfs": 0.010662449046242655,
    "alt-sfs": 0.04091607079328166,
    "sft": 0.00002652114891132578,
    "inroll": 0.2149944513967742,
    "bad-red-sfs": 0.0014558216384538472,
    "red": 0.035036332079640735,
    "sfr": 0.09863878308844841,
    "outroll": 0.2546519042374355,
    "inoneh": 0.004068912553331189,
    "bad-red": 0.0032119005699394903,
    "alt": 0.2722932041829156
  },
  "keymash": {
    "sfb": 0.01935446794711284,
    "unknown": 0.01232282349464109,
    "outoneh": 0.014256217853727018,
    "red-sfs": 0.013496816672345072,
    "alt-sfs": 0.03704235816643611,
    "sft": 0.00003283897000570577,
    "inroll": 0.22265232150993583,
    "bad-red-sfs": 0.0025491250466929106,
    "red": 0.0349899225410795,
    "sfr": 0.099723742164827,
    "outroll": 0.2525686231851338,
    "inoneh": 0.004420946337018139,
    "bad-red": 0.002614802986704322,
    "alt": 0.28397499312434066
  },
  "english-10k": {
    "sfb": 0.025645973640030104,
    "unknown": 0.0,
    "outoneh": 0.019798923216456647,
    "red-sfs": 0.014125547557939832,
    "alt-sfs": 0.04181702398641477,
    "sft": 0.0000964859805870207,
    "inroll": 0.254356342023504,
    "bad-red-sfs": 0.0007911850408135698,
    "red": 0.03456127824627082,
    "sfr": 0.10567144593890508,
    "outroll": 0.1826093668589954,
    "inoneh": 0.0061172111692171125,
    "bad-red": 0.0017367476505663728,
    "alt": 0.3126724686902993
  },
  "mt-quotes": {
    "sfb": 0.01852416299111892,
    "unknown": 0.007977133909467972,
    "outoneh": 0.015023427881569669,
    "red-sfs": 0.013093018252232223,
    "alt-sfs": 0.03642228756529327,
    "sft": 0.00003436487730244678,
    "inroll": 0.22753881737010076,
    "bad-red-sfs": 0.002493694792077551,
    "red": 0.034548654689759865,
    "sfr": 0.0964592223377679,
    "outroll": 0.25559101612459806,
    "inoneh": 0.004379280668411804,
    "bad-red": 0.0021948697720562747,
    "alt": 0.28572004876824325
  }
}