{
  "french": {
    "dsfb-alt": 0.042700201893755306,
    "redirect": 0.054752821166305254,
    "dsfb": 0.0,
    "unknown": 0.1584434876742843,
    "sfb": 0.03667013181605665,
    "sft": 0.0,
    "bad-redirect": 0.006297570801283997,
    "roll-out": 0.20468744866379457,
    "oneh-in": 0.010338966639386236,
    "alternate": 0.15138855498116685,
    "oneh-out": 0.028379841678824055,
    "dsfb-red": 0.022143381796134544,
    "roll-in": 0.17446317788492488,
    "sfR": 0.10898279115633469,
    "sfT": 0.0007516238477486859
  },
  "mt-quotes": {
    "dsfb-alt": 0.05598337337588601,
    "redirect": 0.04695736364614336,
    "dsfb": 0.0,
    "unknown": 0.008887056095432758,
    "sfb": 0.07080360024384122,
    "sft": 0.0,
    "bad-redirect": 0.00679677508038393,
    "roll-out": 0.3274479745640143,
    "oneh-in": 0.007630496886243291,
    "alternate": 0.18499958164497196,
    "oneh-out": 0.01701659076511158,
    "dsfb-red": 0.025485291832514554,
    "roll-in": 0.1509185881115454,
    "sfR": 0.0964592223377679,
    "sfT": 0.0006140854161437229
  },
  "english-200": {
    "dsfb-alt": 0.06904231625835189,
    "redirect": 0.0378619153674833,
    "dsfb": 0.0,
    "unknown": 0.0,
    "sfb": 0.0801781737193764,
    "sft": 0.0,
    "bad-redirect": 0.0022271714922048997,
    "roll-out": 0.33407572383073497,
    "oneh-in": 0.0022271714922048997,
    "alternate": 0.1759465478841871,
    "oneh-out": 0.008908685968819599,
    "dsfb-red": 0.0378619153674833,
    "roll-in": 0.1447661469933185,
    "sfR": 0.10690423162583519,
    "sfT": 0.0
  },
  "tr-quotes": {
    "dsfb-alt": 0.05618917731906336,
    "redirect": 0.04769076073137468,
    "dsfb": 0.0,
    "unknown": 0.01482859850673817,
    "sfb": 0.07021451191604447,
    "sft": 0.0,
    "bad-redirect": 0.007002843207507917,
    "roll-out": 0.3190182843669818,
    "oneh-in": 0.008006056263146944,
    "alternate": 0.18231663623124755,
    "oneh-out": 0.016501005524606458,
    "dsfb-red": 0.025277963986038234,
    "roll-in": 0.1555407873142091,
    "sfR": 0.09677191928064538,
    "sfT": 0.0006414553523959224
  },
  "keymash": {
    "dsfb-alt": 0.055982234117226914,
    "redirect": 0.04675037867437288,
    "dsfb": 0.0,
    "unknown": 0.013271048753555845,
    "sfb": 0.06937642900830415,
    "sft": 0.0,
    "bad-redirect": 0.006621157327400426,
    "roll-out": 0.3198474629843235,
    "oneh-in": 0.00769663359508729,
    "alternate": 0.1814435190240258,
    "oneh-out": 0.016661672406644967,
    "dsfb-red": 0.02514233641061848,
    "roll-in": 0.1568799694597579,
    "sfR": 0.099723742164827,
    "sfT": 0.0006034160738548435
  },
  "monkeyracer": {
    "dsfb-alt": 0.05593298872327447,
    "redirect": 0.04780682546882087,
    "dsfb": 0.0,
    "unknown": 0.014407737303908536,
    "sfb": 0.07045998404679607,
    "sft": 0.0,
    "bad-redirect": 0.00705381860268702,
    "roll-out": 0.3198236154339428,
    "oneh-in": 0.00802938830411186,
    "alternate": 0.18177366000907144,
    "oneh-out": 0.01659739274598433,
    "dsfb-red": 0.025410755900339397,
    "roll-in": 0.15516348123934498,
    "sfR": 0.09690789370786869,
    "sfT": 0.0006324585138495707
  },
  "wordle": {
    "dsfb-alt": 0.06915741052395377,
    "redirect": 0.04853584651632447,
    "dsfb": 0.0,
    "unknown": 0.0,
    "sfb": 0.07925502075619881,
    "sft": 0.0,
    "bad-redirect": 0.00572197913160552,
    "roll-out": 0.24445192415572758,
    "oneh-in": 0.012251767081790642,
    "alternate": 0.17915404465387635,
    "oneh-out": 0.019409850779759902,
    "dsfb-red": 0.03253674408167845,
    "roll-in": 0.17679793559968585,
    "sfR": 0.13138112868843263,
    "sfT": 0.0013463480309660047
  },
  "chained-bigrams": {
    "dsfb-alt": 0.06904576234539243,
    "redirect": 0.05364815087763269,
    "dsfb": 0.0,
    "unknown": 0.023895061972886336,
    "sfb": 0.05602980048814727,
    "sft": 0.0,
    "bad-redirect": 0.009433747871092241,
    "roll-out": 0.2648481373720951,
    "oneh-in": 0.006068401652090859,
    "alternate": 0.1944284462982815,
    "oneh-out": 0.015089841043718334,
    "dsfb-red": 0.04131071242360119,
    "roll-in": 0.14645976356218943,
    "sfR": 0.11914286586209158,
    "sfT": 0.0005993082307810681
  },
  "movie": {
    "dsfb-alt": 0.05506593117512001,
    "redirect": 0.04272244870941342,
    "dsfb": 0.0,
    "unknown": 0.03049740429843284,
    "sfb": 0.07116574234538142,
    "sft": 0.0,
    "bad-redirect": 0.00631380109960522,
    "roll-out": 0.3112483647323583,
    "oneh-in": 0.006200363762745415,
    "alternate": 0.17832757307660876,
    "oneh-out": 0.015900308846967373,
    "dsfb-red": 0.022282277626959345,
    "roll-in": 0.14374839861880173,
    "sfR": 0.11567713207251198,
    "sfT": 0.0008502536350941958
  },
  "gutenberg": {
    "dsfb-alt": 0.05019752572835599,
    "redirect": 0.03984916285993462,
    "dsfb": 0.0,
    "unknown": 0.03803056979172942,
    "sfb": 0.06729912029349061,
    "sft": 0.0,
    "bad-redirect": 0.005176549393934917,
    "roll-out": 0.3306331015006045,
    "oneh-in": 0.0076005824044300925,
    "alternate": 0.17188792314019496,
    "oneh-out": 0.016783719651754583,
    "dsfb-red": 0.024402677423644666,
    "roll-in": 0.1490160843190676,
    "sfR": 0.09863878308844841,
    "sfT": 0.00048420040440963355
  },
  "dutch": {
    "dsfb-alt": 0.046277335809599925,
    "redirect": 0.04397061085446367,
    "dsfb": 0.0,
    "unknown": 0.07372127706415807,
    "sfb": 0.0540120887263036,
    "sft": 0.0,
    "bad-redirect": 0.004381246124931231,
    "roll-out": 0.21211182833889589,
    "oneh-in": 0.016693874256145484,
    "alternate": 0.1581981258805589,
    "oneh-out": 0.008666795601031079,
    "dsfb-red": 0.0193509310690422,
    "roll-in": 0.1733290445264296,
    "sfR": 0.18880787437283908,
    "sfT": 0.00047896737560125985
  },
  "english-10k": {
    "dsfb-alt": 0.061615947202871425,
    "redirect": 0.06300534532332452,
    "dsfb": 0.0,
    "unknown": 0.0,
    "sfb": 0.054861928561779974,
    "sft": 0.0,
    "bad-redirect": 0.008394280311070802,
    "roll-out": 0.25130738503695416,
    "oneh-in": 0.013893981204530982,
    "alternate": 0.18249358368229096,
    "oneh-out": 0.013527334478300302,
    "dsfb-red": 0.025144246540977595,
    "roll-in": 0.21975646938499835,
    "sfR": 0.10567144593890508,
    "sfT": 0.0003280523339958704
  },
  "akl": {
    "dsfb-alt": 0.057256757381322604,
    "redirect": 0.04245687767169971,
    "dsfb": 0.0,
    "unknown": 0.07354744227443478,
    "sfb": 0.06560354408063668,
    "sft": 0.0,
    "bad-redirect": 0.0037854667961758365,
    "roll-out": 0.2741202465134934,
    "oneh-in": 0.006493177411826398,
    "alternate": 0.17596655759000931,
    "oneh-out": 0.01168828932041265,
    "dsfb-red": 0.025275972121081906,
    "roll-in": 0.14514685698021837,
    "sfR": 0.11790358951788564,
    "sfT": 0.000755222340802662
  },
  "english-5k": {
    "dsfb-alt": 0.06155888331190111,
    "redirect": 0.06678558095159083,
    "dsfb": 0.0,
    "unknown": 0.002157049819554486,
    "sfb": 0.05703737503629651,
    "sft": 0.0,
    "bad-redirect": 0.008711162732816195,
    "roll-out": 0.2481851744306633,
    "oneh-in": 0.013149707553822542,
    "alternate": 0.1794499522960136,
    "oneh-out": 0.010992657734268056,
    "dsfb-red": 0.02663126892603808,
    "roll-in": 0.21860870286638737,
    "sfR": 0.10644211224955408,
    "sfT": 0.00029037209109387317
  },
  "reddit": {
    "dsfb-alt": 0.056558072007007534,
    "redirect": 0.04739183095019906,
    "dsfb": 0.0,
    "unknown": 0.04711827946114514,
    "sfb": 0.06379997591488328,
    "sft": 0.0,
    "bad-redirect": 0.005794474544597451,
    "roll-out": 0.2935646478431928,
    "oneh-in": 0.007896659491699156,
    "alternate": 0.18195092067512492,
    "oneh-out": 0.014319519601183429,
    "dsfb-red": 0.02584943580707709,
    "roll-in": 0.15117860687264872,
    "sfR": 0.10397777127267367,
    "sfT": 0.0005998055585677559
  },
  "english-450k": {
    "dsfb-alt": 0.06013093601652575,
    "redirect": 0.0661433279872958,
    "dsfb": 0.0,
    "unknown": 0.00015377410175167997,
    "sfb": 0.05590828748857657,