{
  "tr-quotes": {
    "bad-redirect": 0.0074408820877927,
    "dsfb-red": 0.02352465268948938,
    "sfb": 0.11024594900718893,
    "oneh-in": 0.010158110076050022,
    "roll-in": 0.19815769399690253,
    "unknown": 0.013835787429786644,
    "dsfb-alt": 0.06827280922771087,
    "alternate": 0.2130279004183907,
    "sfR": 0.09677191928064538,
    "sfT": 0.0023358221030489357,
    "roll-out": 0.20769168535170246,
    "oneh-out": 0.017649846281870506,
    "redirect": 0.030886942049420957,
    "sft": 0.0,
    "dsfb": 0.0
  },
  "monkeyracer": {
    "bad-redirect": 0.007503479988113299,
    "dsfb-red": 0.02337261679465724,
    "sfb": 0.10991386051894834,
    "oneh-in": 0.010133021568106105,
    "roll-in": 0.19836714265605204,
    "unknown": 0.013436077701487402,
    "dsfb-alt": 0.06840229444609537,
    "alternate": 0.21373969688912522,
    "sfR": 0.09690789370786869,
    "sfT": 0.0022815427686629025,
    "roll-out": 0.20749624630495644,
    "oneh-out": 0.017690265417520373,
    "redirect": 0.030755861238406557,
    "sft": 0.0,
    "dsfb": 0.0
  },
  "chained-bigrams": {
    "bad-redirect": 0.007372854778460485,
    "dsfb-red": 0.030349799916759138,
    "sfb": 0.11519379472491882,
    "oneh-in": 0.012667934542295383,
    "roll-in": 0.1922247061733942,
    "unknown": 0.022916559801936097,
    "dsfb-alt": 0.057568003303662275,
    "alternate": 0.2079054144868967,
    "sfR": 0.11914286586209158,
    "sfT": 0.003537411962400064,
    "roll-out": 0.18901973821333426,
    "oneh-out": 0.01707541479206991,
    "redirect": 0.02502550144178107,
    "sft": 0.0,
    "dsfb": 0.0
  },
  "gutenberg": {
    "bad-redirect": 0.007689617690060972,
    "dsfb-red": 0.02271555347932847,
    "sfb": 0.11519669410090085,
    "oneh-in": 0.009334686669674923,
    "roll-in": 0.18519775115812173,
    "unknown": 0.032975828246008664,
    "dsfb-alt": 0.06187440872045686,
    "alternate": 0.205697273209131,
    "sfR": 0.09863878308844841,
    "sfT": 0.0020671341208599067,
    "roll-out": 0.21540837075656882,
    "oneh-out": 0.01707791496789236,
    "redirect": 0.026125983792547026,
    "sft": 0.0,
    "dsfb": 0.0
  },
  "english-200": {
    "bad-redirect": 0.004454342984409799,
    "dsfb-red": 0.031180400890868598,
    "sfb": 0.15367483296213807,
    "oneh-in": 0.0200445434298441,
    "roll-in": 0.17371937639198218,
    "unknown": 0.0,
    "dsfb-alt": 0.06904231625835189,
    "alternate": 0.2071269487750557,
    "sfR": 0.10690423162583519,
    "sfT": 0.004454342984409799,
    "roll-out": 0.1870824053452116,
    "oneh-out": 0.015590200445434299,
    "redirect": 0.026726057906458798,
    "sft": 0.0,
    "dsfb": 0.0
  },
  "english-1k": {
    "bad-redirect": 0.0077628793225123505,
    "dsfb-red": 0.03140437544107269,
    "sfb": 0.12632321806633734,
    "oneh-in": 0.016584333098094567,
    "roll-in": 0.1990119971771348,
    "unknown": 0.0,
    "dsfb-alt": 0.06492589978828511,
    "alternate": 0.21630204657727595,
    "sfR": 0.10832745236414962,
    "sfT": 0.003175723359209598,
    "roll-out": 0.17678193366266762,
    "oneh-out": 0.013408609738884969,
    "redirect": 0.03599153140437544,
    "sft": 0.0,
    "dsfb": 0.0
  },
  "dutch": {
    "bad-redirect": 0.006405381762926283,
    "dsfb-red": 0.021559036655886793,
    "sfb": 0.09009329356378803,
    "oneh-in": 0.01657287725664873,
    "roll-in": 0.18724445256191422,
    "unknown": 0.072903632847049,
    "dsfb-alt": 0.05432469419299395,
    "alternate": 0.1657056597727186,
    "sfR": 0.18880787437283908,
    "sfT": 0.0034027626835355755,
    "roll-out": 0.1454609324034519,
    "oneh-out": 0.014543505826737102,
    "redirect": 0.032975896099510744,
    "sft": 0.0,
    "dsfb": 0.0
  },
  "mt-quotes": {
    "bad-redirect": 0.0074452253738301,
    "dsfb-red": 0.02295872628823466,
    "sfb": 0.10934903957638566,
    "oneh-in": 0.009920990664706374,
    "roll-in": 0.1980014582660977,
    "unknown": 0.007977133909467972,
    "dsfb-alt": 0.070028149316886,
    "alternate": 0.21639862062370757,
    "sfR": 0.0964592223377679,
    "sfT": 0.002132116517851807,
    "roll-out": 0.2107358864943044,
    "oneh-out": 0.017802500567767537,
    "redirect": 0.030790930062992314,
    "sft": 0.0,
    "dsfb": 0.0
  },
  "keymash": {
    "bad-redirect": 0.007729472565092996,
    "dsfb-red": 0.02431315241797441,
    "sfb": 0.11092183093677267,
    "oneh-in": 0.010085668663002385,
    "roll-in": 0.19662743778041403,
    "unknown": 0.01232282349464109,
    "dsfb-alt": 0.06812033840558591,
    "alternate": 0.21159379836051442,
    "sfR": 0.099723742164827,
    "sfT": 0.0022207353466358526,
    "roll-out": 0.20812107728241103,
    "oneh-out": 0.01758526843805544,
    "redirect": 0.030634654144072772,
    "sft": 0.0,
    "dsfb": 0.0
  },
  "movie": {
    "bad-redirect": 0.007366583808280899,
    "dsfb-red": 0.02049438939195087,
    "sfb": 0.10245944516508883,
    "oneh-in": 0.007738479300120583,
    "roll-in": 0.1902219121192266,
    "unknown": 0.030236445784519856,
    "dsfb-alt": 0.06991727365073065,
    "alternate": 0.20583546927591842,
    "sfR": 0.11567713207251198,
    "sfT": 0.0021062234065442817,
    "roll-out": 0.2007446068902786,
    "oneh-out": 0.017797554885839534,
    "redirect": 0.0294044842489889,
    "sft": 0.0,
    "dsfb": 0.0
  },
  "shai": {
    "bad-redirect": 0.007467570618704973,
    "dsfb-red": 0.02539187502109373,
    "sfb": 0.11419822314176255,
    "oneh-in": 0.011392664429673589,
    "roll-in": 0.20253821022388613,
    "unknown": 0.023260762136131256,
    "dsfb-alt": 0.06288529532612529,
    "alternate": 0.20421509967231571,
    "sfR": 0.09823378925716947,
    "sfT": 0.0028189193632836918,
    "roll-out": 0.1989114591348305,
    "oneh-out": 0.016655979177819896,
    "redirect": 0.03203015249720324,
    "sft": 0.0,
    "dsfb": 0.0
  },
  "reddit": {
    "bad-redirect": 0.006645282229435272,
    "dsfb-red": 0.0226152129163649,
    "sfb": 0.11100774113631183,
    "oneh-in": 0.010259585492519098,
    "roll-in": 0.19175506147978882,
    "unknown": 0.039285447401644795,
    "dsfb-alt": 0.06447649425581203,
    "alternate": 0.207124662204365,
    "sfR": 0.10397777127267367,
    "sfT": 0.0026674547706417038,
    "roll-out": 0.19343588798510394,
    "oneh-out": 0.01689127068094019,
    "redirect": 0.02985812817439872,
    "sft": 0.0,
    "dsfb": 0.0
  },
  "english-10k": {
    "bad-redirect": 0.008336388722718588,
    "dsfb-red": 0.029601898844097953,
    "sfb": 0.12049169255707146,
    "oneh-in": 0.014415005499700893,
    "roll-in": 0.23311012909824202,
    "unknown": 0.0,
    "dsfb-alt": 0.05704251172304664,
    "alternate": 0.21236564327203258,
    "sfR": 0.10567144593890508,
    "sfT": 0.0034541981050153414,
    "roll-out": 0.1649910268038054,
    "oneh-out": 0.013295768124891453,
    "redirect": 0.03722429131047259,
    "sft": 0.0,
    "dsfb": 0.0
  },
  "english-450k": {
    "bad-redirect": 0.006643567418834462,
    "dsfb-red": 0.032200472314522416,
    "sfb": 0.1266464207177567,
    "oneh-in": 0.01460298508858967,
    "roll-in": 0.21707231651036865,
    "unknown": 0.00015377410175167997,
    "dsfb-alt": 0.05578813319994551,
    "alternate": 0.21749563380948733,
    "sfR": 0.11369548401129392,
    "sfT": 0.007357476841795684,
    "roll-out": 0.16177415554338095,
    "oneh-out": 0.014154526016180778,
    "redirect": 0.03241505442609225,
    "sft": 0.0,
    "dsfb": 0.0
  },
  "wordle": {
    "bad-redirect": 0.011870301806350275,
    "dsfb-red": 0.031033322113766408,
    "sfb": 0.12974307191742399,
    "oneh-in": 0.015236171883765286,
    "roll-in": 0.17839111410299563,
    "unknown": 0.0,
    "dsfb-alt": 0.05425782564792999,
    "alternate": 0.1924155727588915,
    "sfR": 0.13138112868843263,
    "sfT": 0.004555144171434982,
    "roll-out": 0.18720969370582297,
    "oneh-out": 0.022528890384831145,
    "redirect": 0.04137776281835521,
    "sft": 0.0,
    "dsfb": 0.0
  },
  "english-5k": {
    "bad-redirect": 0.008462272369021445,
    "dsfb-red": 0.03252167420251379,
    "sfb": 0.12149997925913635,
    "oneh-in": 0.015431202555274401,