{
  "dutch": {
    "bad-redirect": 0.00039804570121939085,
    "dsfb-red": 0.008061129233366382,
    "sfb": 0.03815841562641463,
    "oneh-in": 0.0024731585872241153,
    "roll-in": 0.19667361174142833,
    "unknown": 0.07325982807452426,
    "dsfb-alt": 0.047136848431247366,
    "alternate": 0.2712416347017386,
    "sfR": 0.18880787437283908,
    "sfT": 0.00028590651407465144,
    "roll-out": 0.1468828623170696,
    "oneh-out": 0.003578251366712033,
    "redirect": 0.023042433332141534,
    "sft": 0.0,
    "dsfb": 0.0
  },
  "akl": {
    "bad-redirect": 0.0009666722053768609,
    "dsfb-red": 0.010400879948642403,
    "sfb": 0.023384632693680456,
    "oneh-in": 0.003015065663453843,
    "roll-in": 0.20458031507702587,
    "unknown": 0.06692211644153111,
    "dsfb-alt": 0.057184332859878936,
    "alternate": 0.3070018466084569,
    "sfR": 0.11790358951788564,
    "sfT": 0.0012907549014177736,
    "roll-out": 0.1653245516897341,
    "oneh-out": 0.01574864713596022,
    "redirect": 0.026276595256955883,
    "sft": 0.0,
    "dsfb": 0.0
  },
  "english-200": {
    "bad-redirect": 0.0,
    "dsfb-red": 0.0,
    "sfb": 0.0066815144766146995,
    "oneh-in": 0.008908685968819599,
    "roll-in": 0.2739420935412027,
    "unknown": 0.0,
    "dsfb-alt": 0.06904231625835189,
    "alternate": 0.33407572383073497,
    "sfR": 0.10690423162583519,
    "sfT": 0.0,
    "roll-out": 0.15812917594654788,
    "oneh-out": 0.017817371937639197,
    "redirect": 0.024498886414253896,
    "sft": 0.0,
    "dsfb": 0.0
  },
  "english-1k": {
    "bad-redirect": 0.0,
    "dsfb-red": 0.008468595624558928,
    "sfb": 0.013408609738884969,
    "oneh-in": 0.0028228652081863093,
    "roll-in": 0.2727593507410021,
    "unknown": 0.0,
    "dsfb-alt": 0.05257586450247001,
    "alternate": 0.32815808045165845,
    "sfR": 0.10832745236414962,
    "sfT": 0.0,
    "roll-out": 0.16937191249117856,
    "oneh-out": 0.009527170077628794,
    "redirect": 0.03458009880028229,
    "sft": 0.0,
    "dsfb": 0.0
  },
  "english-10k": {
    "bad-redirect": 0.0007911850408135698,
    "dsfb-red": 0.010767835433511511,
    "sfb": 0.01972173443198703,
    "oneh-in": 0.002084097180679647,
    "roll-in": 0.2567298971459447,
    "unknown": 0.0,
    "dsfb-alt": 0.055865382759884986,
    "alternate": 0.3536018216553135,
    "sfR": 0.10567144593890508,
    "sfT": 0.00005789158835221242,
    "roll-out": 0.15300746801489742,
    "oneh-out": 0.005055865382759885,
    "redirect": 0.03664537542695046,
    "sft": 0.0,
    "dsfb": 0.0
  },
  "shai": {
    "bad-redirect": 0.0008309071030671287,
    "dsfb-red": 0.008648738107394865,
    "sfb": 0.015926786418147203,
    "oneh-in": 0.0030714054816754722,
    "roll-in": 0.23125376397256284,
    "unknown": 0.023621906111313578,
    "dsfb-alt": 0.055300292633868924,
    "alternate": 0.33666636038831654,
    "sfR": 0.09823378925716947,
    "sfT": 0.000044908353363989034,
    "roll-out": 0.18276098243980043,
    "oneh-out": 0.01274556969785731,
    "redirect": 0.030894590035462233,
    "sft": 0.0,
    "dsfb": 0.0
  },
  "english-5k": {
    "bad-redirect": 0.0012029700916746174,
    "dsfb-red": 0.01165636537105405,
    "sfb": 0.01953789355788775,
    "oneh-in": 0.002157049819554486,
    "roll-in": 0.2591363504376322,
    "unknown": 0.002157049819554486,
    "dsfb-alt": 0.0543410627618534,
    "alternate": 0.35213838304226985,
    "sfR": 0.10644211224955408,
    "sfT": 0.0,
    "roll-out": 0.15153274982370266,
    "oneh-out": 0.005724478367279214,
    "redirect": 0.03397353465798316,
    "sft": 0.0,
    "dsfb": 0.0
  },
  "french": {
    "bad-redirect": 0.00168346422890583,
    "dsfb-red": 0.007976765206262535,
    "sfb": 0.04612975443583393,
    "oneh-in": 0.0003270535309923222,
    "roll-in": 0.16822524978207792,
    "unknown": 0.15822391385155302,
    "dsfb-alt": 0.03863639322549436,
    "alternate": 0.24729405901343127,
    "sfR": 0.10898279115633469,
    "sfT": 0.00005917826144845042,
    "roll-out": 0.18017506367992933,
    "oneh-out": 0.013092613544693514,
    "redirect": 0.029193700083042833,
    "sft": 0.0,
    "dsfb": 0.0
  },
  "gutenberg": {
    "bad-redirect": 0.0012610806307335408,
    "dsfb-red": 0.00556015886925945,
    "sfb": 0.012123953788034643,
    "oneh-in": 0.0027741121761246765,
    "roll-in": 0.22241317449438378,
    "unknown": 0.03802431837805746,
    "dsfb-alt": 0.05331603396677203,
    "alternate": 0.32051566206448956,
    "sfR": 0.09863878308844841,
    "sfT": 0.00015173885912837107,
    "roll-out": 0.20582760571235237,
    "oneh-out": 0.013470091532062365,
    "redirect": 0.025923286440153324,
    "sft": 0.0,
    "dsfb": 0.0
  },
  "keymash": {
    "bad-redirect": 0.0009400155164133277,
    "dsfb-red": 0.008061967136400767,
    "sfb": 0.012466493988416052,
    "oneh-in": 0.0036410207993826274,
    "roll-in": 0.22520144655662874,
    "unknown": 0.013394194891077241,
    "dsfb-alt": 0.055969919503474776,
    "alternate": 0.33703455891105977,
    "sfR": 0.099723742164827,
    "sfT": 0.00003283897000570577,
    "roll-out": 0.1937047694499062,
    "oneh-out": 0.021858439410047902,
    "redirect": 0.02797059270235989,
    "sft": 0.0,
    "dsfb": 0.0
  },
  "monkeyracer": {
    "bad-redirect": 0.0008846598995886576,
    "dsfb-red": 0.007880804541971003,
    "sfb": 0.01183977978322411,
    "oneh-in": 0.004099738805386552,
    "roll-in": 0.22375639301187106,
    "unknown": 0.014352018393105714,
    "dsfb-alt": 0.05700924347404476,
    "alternate": 0.33871330372085023,
    "sfR": 0.09690789370786869,
    "sfT": 0.000015640396014827094,
    "roll-out": 0.19397316890063657,
    "oneh-out": 0.022958146300264323,
    "redirect": 0.02760920906517353,
    "sft": 0.0,
    "dsfb": 0.0
  },
  "chained-bigrams": {
    "bad-redirect": 0.002860836473262607,
    "dsfb-red": 0.016083277222586193,
    "sfb": 0.01658778696832497,
    "oneh-in": 0.005398968514566177,
    "roll-in": 0.18949243202916158,
    "unknown": 0.02365222201805197,
    "dsfb-alt": 0.06810556915127436,
    "alternate": 0.33648137891538843,
    "sfR": 0.11914286586209158,
    "sfT": 0.000032465234603524814,
    "roll-out": 0.18249162883925749,
    "oneh-out": 0.005428836530401419,
    "redirect": 0.03424173224102969,
    "sft": 0.0,
    "dsfb": 0.0
  },
  "reddit": {
    "bad-redirect": 0.0009337009403870886,
    "dsfb-red": 0.008507477529766001,
    "sfb": 0.015038140074618914,
    "oneh-in": 0.003532908304065047,
    "roll-in": 0.21464022997353446,
    "unknown": 0.041217725522189115,
    "dsfb-alt": 0.05585170010770879,
    "alternate": 0.3295429053130906,
    "sfR": 0.10397777127267367,
    "sfT": 0.00006779791800459865,
    "roll-out": 0.18193567550792722,
    "oneh-out": 0.016473957639785916,
    "redirect": 0.028280009896248584,
    "sft": 0.0,
    "dsfb": 0.0
  },
  "tr-quotes": {
    "bad-redirect": 0.0008726104343403989,
    "dsfb-red": 0.00790665957791082,
    "sfb": 0.011939159982432213,
    "oneh-in": 0.004027877302882504,
    "roll-in": 0.2242273641386006,
    "unknown": 0.01476965396084233,
    "dsfb-alt": 0.05683525577309817,
    "alternate": 0.3389276715748596,
    "sfR": 0.09677191928064538,
    "sfT": 0.00001733663114583574,
    "roll-out": 0.19359816000554772,
    "oneh-out": 0.022403550542058667,
    "redirect": 0.027702780795635793,
    "sft": 0.0,
    "dsfb": 0.0
  },
  "wordle": {
    "bad-redirect": 0.00289464826657691,
    "dsfb-red": 0.013755189049702682,
    "sfb": 0.029911365421294737,
    "oneh-in": 0.0024234264557388085,
    "roll-in": 0.20318635700661955,
    "unknown": 0.0,
    "dsfb-alt": 0.062044205093683386,
    "alternate": 0.33214405923931334,
    "sfR": 0.13138112868843263,
    "sfT": 0.0002468304723437675,
    "roll-out": 0.17832379670144732,
    "oneh-out": 0.006933692359474925,
    "redirect": 0.03675530124537193,
    "sft": 0.0,
    "dsfb": 0.0
  },
  "mt-quotes": {
    "bad-redirect": 0.0008023451787571269,
    "dsfb-red": 0.007534872879836483,
    "sfb": 0.011011701987784034,
    "oneh-in": 0.0042911272875055285,
    "roll-in": 0.22353605622691577,