{
  "english-1k": {
    "sfb": 0.025405786873676783,
    "unknown": 0.0,
    "outoneh": 0.0024700070571630206,
    "red-sfs": 0.00529287226534933,
    "alt-sfs": 0.05257586450247001,
    "sft": 0.0,
    "inroll": 0.25017642907551163,
    "bad-red-sfs": 0.007057163020465773,
    "red": 0.01799576570218772,
    "sfr": 0.10832745236414962,
    "outroll": 0.20430486944248413,
    "inoneh": 0.009527170077628794,
    "bad-red": 0.01587861679604799,
    "alt": 0.3009880028228652
  },
  "shai": {
    "sfb": 0.02879765286024759,
    "unknown": 0.015598463509630971,
    "outoneh": 0.003080168087209909,
    "red-sfs": 0.005327702869025675,
    "alt-sfs": 0.05362837279034491,
    "sft": 0.0000738319183634797,
    "inroll": 0.2447738760100606,
    "bad-red-sfs": 0.006897281362928853,
    "red": 0.018787800347593673,
    "sfr": 0.09823378925716947,
    "outroll": 0.18782482792936536,
    "inoneh": 0.0130034434253056,
    "bad-red": 0.013886159820635968,
    "alt": 0.310086629812118
  },
  "chained-bigrams": {
    "sfb": 0.02850772250535514,
    "unknown": 0.015564482773621867,
    "outoneh": 0.00949673042622308,
    "red-sfs": 0.007035216338583827,
    "alt-sfs": 0.062190403406512135,
    "sft": 0.0002116733296149818,
    "inroll": 0.22533080450799262,
    "bad-red-sfs": 0.007296886129488238,
    "red": 0.026994193268138813,
    "sfr": 0.11914286586209158,
    "outroll": 0.17819193316836665,
    "inoneh": 0.008500047723894868,
    "bad-red": 0.011135575469009012,
    "alt": 0.3004014650911072
  },
  "english-200": {
    "sfb": 0.022271714922048998,
    "unknown": 0.0,
    "outoneh": 0.004454342984409799,
    "red-sfs": 0.004454342984409799,
    "alt-sfs": 0.05790645879732739,
    "sft": 0.0,
    "inroll": 0.2806236080178174,
    "bad-red-sfs": 0.0066815144766146995,
    "red": 0.015590200445434299,
    "sfr": 0.10690423162583519,
    "outroll": 0.1714922048997773,
    "inoneh": 0.011135857461024499,
    "bad-red": 0.0066815144766146995,
    "alt": 0.311804008908686
  },
  "english-450k": {
    "sfb": 0.04046188360996105,
    "unknown": 0.0,
    "outoneh": 0.0029079676618326247,
    "red-sfs": 0.003888204473949322,
    "alt-sfs": 0.05727266720887142,
    "sft": 0.00007776408947898645,
    "inroll": 0.20878283997962932,
    "bad-red-sfs": 0.006395950186546111,
    "red": 0.021055358091938203,
    "sfr": 0.11369548401129392,
    "outroll": 0.1876859687271422,
    "inoneh": 0.00696660997099341,
    "bad-red": 0.018919769093276563,
    "alt": 0.3318895328950869
  },
  "english-5k": {
    "sfb": 0.03111129547434355,
    "unknown": 0.0,
    "outoneh": 0.0027377940017422327,
    "red-sfs": 0.004065209275314224,
    "alt-sfs": 0.05712033849089476,
    "sft": 0.0,
    "inroll": 0.21421163977268012,
    "bad-red-sfs": 0.00551706973078359,
    "red": 0.016883063010743767,
    "sfr": 0.10644211224955408,
    "outroll": 0.18820259675612894,
    "inoneh": 0.007757083004936325,
    "bad-red": 0.024183847015389722,
    "alt": 0.3417679512174887
  },
  "monkeyracer": {
    "sfb": 0.031273949356397705,
    "unknown": 0.0070714140482037,
    "outoneh": 0.003093865836682985,
    "red-sfs": 0.007956073947792358,
    "alt-sfs": 0.05819986862067347,
    "sft": 0.000024438118773167336,
    "inroll": 0.2602161111719349,
    "bad-red-sfs": 0.009410630777171278,
    "red": 0.01778313026885841,
    "sfr": 0.09690789370786869,
    "outroll": 0.18617643148724525,
    "inoneh": 0.02219958709354521,
    "bad-red": 0.010810446220498303,
    "alt": 0.2888761593443546
  },
  "tr-quotes": {
    "sfb": 0.031245232426434896,
    "unknown": 0.007503293959917709,
    "outoneh": 0.0030512470816670906,
    "red-sfs": 0.007989875407410831,
    "alt-sfs": 0.058115854927070575,
    "sft": 0.000026582834423614803,
    "inroll": 0.25995931670557776,
    "bad-red-sfs": 0.009382584776126303,
    "red": 0.01770416772612746,
    "sfr": 0.09677191928064538,
    "outroll": 0.18598969048334527,
    "inoneh": 0.0217701856175308,
    "bad-red": 0.011046901366126535,
    "alt": 0.28944314740759575
  },
  "movie": {
    "sfb": 0.03459759815520886,
    "unknown": 0.010890773925572738,
    "outoneh": 0.0019281715309395072,
    "red-sfs": 0.011176736028816768,
    "alt-sfs": 0.05911190672239923,
    "sft": 0.00007224721338286852,
    "inroll": 0.2547128804937656,
    "bad-red-sfs": 0.01123227031669941,
    "red": 0.018692683383891028,
    "sfr": 0.11567713207251198,
    "outroll": 0.16591210659319647,
    "inoneh": 0.03446271037065979,
    "bad-red": 0.00877639145303622,
    "alt": 0.2727563917399195
  },
  "gutenberg": {
    "sfb": 0.027442569399216413,
    "unknown": 0.023628259875433953,
    "outoneh": 0.002900655943787288,
    "red-sfs": 0.006822565557438557,
    "alt-sfs": 0.05625912374881744,
    "sft": 0.00007634302150903064,
    "inroll": 0.26474661126019783,
    "bad-red-sfs": 0.00641413986420414,
    "red": 0.01825678003700079,
    "sfr": 0.09863878308844841,
    "outroll": 0.19139006055536043,
    "inoneh": 0.013215488502513636,
    "bad-red": 0.009469944529122684,
    "alt": 0.28073867461694935
  },
  "keymash": {
    "sfb": 0.03081116360785344,
    "unknown": 0.006432333249867618,
    "outoneh": 0.002947297558012093,
    "red-sfs": 0.008476559132722801,
    "alt-sfs": 0.058248123047620615,
    "sft": 0.00002873409875499255,
    "inroll": 0.26065932442028955,
    "bad-red-sfs": 0.009235960314104749,
    "red": 0.01829541116442883,
    "sfr": 0.099723742164827,
    "outroll": 0.18753514796008422,
    "inoneh": 0.020811697241116034,
    "bad-red": 0.010849174715635044,
    "alt": 0.285945331324683
  },
  "english-10k": {
    "sfb": 0.03047027266938114,
    "unknown": 0.0,
    "outoneh": 0.00270160745643658,
    "red-sfs": 0.004303274734181123,
    "alt-sfs": 0.054032149128731596,
    "sft": 0.00001929719611740414,
    "inroll": 0.21468130680612107,
    "bad-red-sfs": 0.005847050423573454,
    "red": 0.018660388645529803,
    "sfr": 0.10567144593890508,
    "outroll": 0.203218772312383,
    "inoneh": 0.006811910229443662,
    "bad-red": 0.022191775535014762,
    "alt": 0.3313907489241813
  },
  "mt-quotes": {
    "sfb": 0.030717717933087103,
    "unknown": 0.003127203834522657,
    "outoneh": 0.003151109836124359,
    "red-sfs": 0.00806080491507393,
    "alt-sfs": 0.058899905571293674,
    "sft": 0.000014941251001063817,
    "inroll": 0.26386697505408735,
    "bad-red-sfs": 0.009802954781797971,
    "red": 0.017287027408230838,
    "sfr": 0.0964592223377679,
    "outroll": 0.1880520792244893,
    "inoneh": 0.023420410944167535,
    "bad-red": 0.010303486690333609,
    "alt": 0.2868361602180227
  }
}