{
  "english-1k": {
    "sfb": 0.014820042342978124,
    "unknown": 0.0,
    "outoneh": 0.008115737473535639,
    "red-sfs": 0.010232886379675371,
    "alt-sfs": 0.03881439661256175,
    "sft": 0.0,
    "inroll": 0.19865913902611151,
    "bad-red-sfs": 0.0024700070571630206,
    "red": 0.03211009174311927,
    "sfr": 0.10832745236414962,
    "outroll": 0.2607621736062103,
    "inoneh": 0.0077628793225123505,
    "bad-red": 0.0017642907551164433,
    "alt": 0.31616090331686664
  },
  "shai": {
    "sfb": 0.015282374963347228,
    "unknown": 0.04640485853965451,
    "outoneh": 0.006877464869847441,
    "red-sfs": 0.009085486648173338,
    "alt-sfs": 0.04249897743799373,
    "sft": 0.00004470322169732598,
    "inroll": 0.17437410845133178,
    "bad-red-sfs": 0.0024728622416231192,
    "red": 0.030211660272235267,
    "sfr": 0.09823378925716947,
    "outroll": 0.2649187461857121,
    "inoneh": 0.005822434004111303,
    "bad-red": 0.0012783495833737146,
    "alt": 0.30249418432372965
  },
  "chained-bigrams": {
    "sfb": 0.016068992519360642,
    "unknown": 0.04213338146845451,
    "outoneh": 0.00702547676820277,
    "red-sfs": 0.012763382332029746,
    "alt-sfs": 0.05172166385625952,
    "sft": 0.000034413148679736306,
    "inroll": 0.14337102114201009,
    "bad-red-sfs": 0.0063807172089767675,
    "red": 0.03856480288083506,
    "sfr": 0.11914286586209158,
    "outroll": 0.25606953793530196,
    "inoneh": 0.008166305112170633,
    "bad-red": 0.0031867874286819957,
    "alt": 0.295370652336945
  },
  "english-200": {
    "sfb": 0.008908685968819599,
    "unknown": 0.0,
    "outoneh": 0.004454342984409799,
    "red-sfs": 0.008908685968819599,
    "alt-sfs": 0.05790645879732739,
    "sft": 0.0,
    "inroll": 0.2026726057906459,
    "bad-red-sfs": 0.0,
    "red": 0.0334075723830735,
    "sfr": 0.10690423162583519,
    "outroll": 0.27616926503340755,
    "inoneh": 0.0066815144766146995,
    "bad-red": 0.0,
    "alt": 0.29398663697104677
  },
  "english-450k": {
    "sfb": 0.024350684470160516,
    "unknown": 0.0,
    "outoneh": 0.006788863480755727,
    "red-sfs": 0.010291170969320605,
    "alt-sfs": 0.043683538745519064,
    "sft": 0.0001762847592324392,
    "inroll": 0.16698142607646257,
    "bad-red-sfs": 0.003185988899030054,
    "red": 0.03437172754971201,
    "sfr": 0.11369548401129392,
    "outroll": 0.23906084367605468,
    "inoneh": 0.007505111673325338,
    "bad-red": 0.002176809813009523,
    "alt": 0.34773206587612354
  },
  "english-5k": {
    "sfb": 0.014974903554984029,
    "unknown": 0.0,
    "outoneh": 0.005060770730493218,
    "red-sfs": 0.010287468370182934,
    "alt-sfs": 0.0394076409341685,
    "sft": 0.0,
    "inroll": 0.19040112830298253,
    "bad-red-sfs": 0.0027377940017422327,
    "red": 0.03629651138673414,
    "sfr": 0.10644211224955408,
    "outroll": 0.24656738706599743,
    "inoneh": 0.007549674368440702,
    "bad-red": 0.0019911229103579875,
    "alt": 0.3382834861243622
  },
  "monkeyracer": {
    "sfb": 0.012639395029482147,
    "unknown": 0.05692517634546507,
    "outoneh": 0.007497614839607739,
    "red-sfs": 0.008900362857187543,
    "alt-sfs": 0.044953430720865856,
    "sft": 0.000021505544520387257,
    "inroll": 0.17117240408527143,
    "bad-red-sfs": 0.0027673725698734693,
    "red": 0.030247548367924676,
    "sfr": 0.09690789370786869,
    "outroll": 0.2712865789761797,
    "inoneh": 0.007479041869340132,
    "bad-red": 0.001157389305097205,
    "alt": 0.28804428578131597
  },
  "tr-quotes": {
    "sfb": 0.012763227849564273,
    "unknown": 0.05674626106654955,
    "outoneh": 0.007462841820577425,
    "red-sfs": 0.00886133006634151,
    "alt-sfs": 0.04465800605626315,
    "sft": 0.000024271283604170037,
    "inroll": 0.17074616860451677,
    "bad-red-sfs": 0.002765770555465662,
    "red": 0.030120662952775018,
    "sfr": 0.09677191928064538,
    "outroll": 0.2709703890340029,
    "inoneh": 0.007536811446799658,
    "bad-red": 0.001174267816277941,
    "alt": 0.28939807216661656
  },
  "movie": {
    "sfb": 0.012239651771063452,
    "unknown": 0.08096162225393146,
    "outoneh": 0.008476085185386482,
    "red-sfs": 0.008891934355313375,
    "alt-sfs": 0.04822889706930297,
    "sft": 0.000024214002299540633,
    "inroll": 0.16347978374263988,
    "bad-red-sfs": 0.0037630401943226323,
    "red": 0.02608821871666051,
    "sfr": 0.11567713207251198,
    "outroll": 0.2451472968027384,
    "inoneh": 0.008309219126061387,
    "bad-red": 0.0010964731910857203,
    "alt": 0.2776164315166822
  },
  "gutenberg": {
    "sfb": 0.013667674091451741,
    "unknown": 0.07343099935856708,
    "outoneh": 0.009210605580125505,
    "red-sfs": 0.007611759174328437,
    "alt-sfs": 0.04591038200684018,
    "sft": 0.00016537830713991004,
    "inroll": 0.1726829892972009,
    "bad-red-sfs": 0.0018686043775808393,
    "red": 0.027294429838868865,
    "sfr": 0.09863878308844841,
    "outroll": 0.2719503236148478,
    "inoneh": 0.008976651159372025,
    "bad-red": 0.0012834341705302297,
    "alt": 0.2673079859346981
  },
  "keymash": {
    "sfb": 0.013271048753555845,
    "unknown": 0.05585908797970552,
    "outoneh": 0.00695775676995891,
    "red-sfs": 0.008887046257794124,
    "alt-sfs": 0.0443038754089478,
    "sft": 0.00002873409875499255,
    "inroll": 0.17193253233612327,
    "bad-red-sfs": 0.002967821914265659,
    "red": 0.028643791587476857,
    "sfr": 0.099723742164827,
    "outroll": 0.27009231855442856,
    "inoneh": 0.007914191771375092,
    "bad-red": 0.0015475364615188845,
    "alt": 0.2878705159412675
  },
  "english-10k": {
    "sfb": 0.01669207464155458,
    "unknown": 0.0,
    "outoneh": 0.0070048821906177035,
    "red-sfs": 0.009339842920823604,
    "alt-sfs": 0.040562706238783504,
    "sft": 0.00003859439223480828,
    "inroll": 0.17809382296752282,
    "bad-red-sfs": 0.0021226915729144554,
    "red": 0.032052642751008276,
    "sfr": 0.10567144593890508,
    "outroll": 0.2521371644700025,
    "inoneh": 0.005769861639103838,
    "bad-red": 0.0014472897088053105,
    "alt": 0.3490669805677235
  },
  "mt-quotes": {
    "sfb": 0.01192162417374882,
    "unknown": 0.053398536952701976,
    "outoneh": 0.007386954494925951,
    "red-sfs": 0.008813843965527545,
    "alt-sfs": 0.0458188403198623,
    "sft": 0.000014941251001063817,
    "inroll": 0.1727163791969974,
    "bad-red-sfs": 0.0028313670647015935,
    "red": 0.03056232892267604,
    "sfr": 0.0964592223377679,
    "outroll": 0.27492798317017486,
    "inoneh": 0.007439248873429675,
    "bad-red": 0.0010817465724770204,
    "alt": 0.2866269827040078
  }
}