{
  "dutch": {
    "dsfb": 0.0,
    "sfb": 0.12678088200070656,
    "roll-out": 0.18372115907953201,
    "sfR": 0.18880787437283908,
    "roll-in": 0.13932056777931667,
    "alternate": 0.17558741012951448,
    "dsfb-alt": 0.06190475814783359,
    "sft": 0.0,
    "sfT": 0.005270380418654639,
    "dsfb-red": 0.015190287505582304,
    "oneh-in": 0.0014584370106798322,
    "oneh-out": 0.0055943540088898725,
    "redirect": 0.02024207361171991,
    "bad-redirect": 0.002406778786966708,
    "unknown": 0.07371503714776434
  },
  "english-1k": {
    "dsfb": 0.0,
    "sfb": 0.16443189837685251,
    "roll-out": 0.23182780522230065,
    "sfR": 0.10832745236414962,
    "roll-in": 0.14749470712773466,
    "alternate": 0.20324629498941427,
    "dsfb-alt": 0.0748059280169372,
    "sft": 0.0,
    "sfT": 0.008115737473535639,
    "dsfb-red": 0.021524347212420608,
    "oneh-in": 0.0035285815102328866,
    "oneh-out": 0.007057163020465773,
    "redirect": 0.02858151023288638,
    "bad-redirect": 0.001058574453069866,
    "unknown": 0.0
  },
  "shai": {
    "dsfb": 0.0,
    "sfb": 0.14369333915029975,
    "roll-out": 0.20767825632200315,
    "sfR": 0.09823378925716947,
    "roll-in": 0.17000536129027663,
    "alternate": 0.2145545523283915,
    "dsfb-alt": 0.07451219689667525,
    "sft": 0.0,
    "sfT": 0.0059642225602723285,
    "dsfb-red": 0.020642643452057866,
    "oneh-in": 0.002368434741656405,
    "oneh-out": 0.005937957966121847,
    "redirect": 0.030579314275027535,
    "bad-redirect": 0.001371521934535596,
    "unknown": 0.024458409825512683
  },
  "akl": {
    "dsfb": 0.0,
    "sfb": 0.12736877438751715,
    "roll-out": 0.19935373040805177,
    "sfR": 0.11790358951788564,
    "roll-in": 0.1460254921924631,
    "alternate": 0.19990283095001518,
    "dsfb-alt": 0.07581255170856818,
    "sft": 0.0,
    "sfT": 0.00514963748708099,
    "dsfb-red": 0.017211387042961927,
    "oneh-in": 0.002265667022407986,
    "oneh-out": 0.005400985890414574,
    "redirect": 0.02881746306999926,
    "bad-redirect": 0.0012426164470450362,
    "unknown": 0.07354527387558916
  },
  "monkeyracer": {
    "dsfb": 0.0,
    "sfb": 0.13197952672161659,
    "roll-out": 0.22799396280713827,
    "sfR": 0.09690789370786869,
    "roll-in": 0.17213233339068146,
    "alternate": 0.20102209987956896,
    "dsfb-alt": 0.08103680185182288,
    "sft": 0.0,
    "sfT": 0.006251270782176205,
    "dsfb-red": 0.020480121056665156,
    "oneh-in": 0.002601193362215931,
    "oneh-out": 0.006691156920093217,
    "redirect": 0.0365985266746954,
    "bad-redirect": 0.001897375541548712,
    "unknown": 0.014407737303908536
  },
  "tr-quotes": {
    "dsfb": 0.0,
    "sfb": 0.13210859665749752,
    "roll-out": 0.22656549779246896,
    "sfR": 0.09677191928064538,
    "roll-in": 0.17226832481912116,
    "alternate": 0.2020653706571739,
    "dsfb-alt": 0.08109498162317098,
    "sft": 0.0,
    "sfT": 0.006244654538730034,
    "dsfb-red": 0.02038209935045422,
    "oneh-in": 0.0025692887358128567,
    "oneh-out": 0.006642241279674534,
    "redirect": 0.03655717620951897,
    "bad-redirect": 0.0019012505489933197,
    "unknown": 0.01482859850673817
  },
  "reddit": {
    "dsfb": 0.0,
    "sfb": 0.13399086076573816,
    "roll-out": 0.2050831582667481,
    "sfR": 0.10397777127267367,
    "roll-in": 0.15888528236428195,
    "alternate": 0.20679529916955042,
    "dsfb-alt": 0.0770884802160244,
    "sft": 0.0,
    "sfT": 0.006694988216834223,
    "dsfb-red": 0.018471561489059533,
    "oneh-in": 0.0024808793951826397,
    "oneh-out": 0.005692665295350767,
    "redirect": 0.0322644298597763,
    "bad-redirect": 0.0014579548964049685,
    "unknown": 0.04711666879237487
  },
  "keymash": {
    "dsfb": 0.0,
    "sfb": 0.13079351266147538,
    "roll-out": 0.22893277452352706,
    "sfR": 0.099723742164827,
    "roll-in": 0.17264267506249667,
    "alternate": 0.20107301334493644,
    "dsfb-alt": 0.08094806106406473,
    "sft": 0.0,
    "sfT": 0.005664722325984245,
    "dsfb-red": 0.02058182445107609,
    "oneh-in": 0.0024547130079265065,
    "oneh-out": 0.006411808893614051,
    "redirect": 0.03574521885121073,
    "bad-redirect": 0.0017650946378066851,
    "unknown": 0.013262839011054418
  },
  "english-10k": {
    "dsfb": 0.0,
    "sfb": 0.16539626792227088,
    "roll-out": 0.1881669593408078,
    "sfR": 0.10567144593890508,
    "roll-in": 0.16512610717662723,
    "alternate": 0.2404430636228556,
    "dsfb-alt": 0.07141892283051272,
    "sft": 0.0,
    "sfT": 0.005904942011925667,
    "dsfb-red": 0.021516373670905618,
    "oneh-in": 0.0025086354952625384,
    "oneh-out": 0.006213697149804133,
    "redirect": 0.02688099419154397,
    "bad-redirect": 0.0007525906485787615,
    "unknown": 0.0
  },
  "wordle": {
    "dsfb": 0.0,
    "sfb": 0.1765511051273421,
    "roll-out": 0.1719286435543588,
    "sfR": 0.13138112868843263,
    "roll-in": 0.14843487041400202,
    "alternate": 0.22109278581846742,
    "dsfb-alt": 0.07476719398631212,
    "sft": 0.0,
    "sfT": 0.00762930550880736,
    "dsfb-red": 0.025625490856052955,
    "oneh-in": 0.005744418265454953,
    "oneh-out": 0.00841467519353753,
    "redirect": 0.02663525187927746,
    "bad-redirect": 0.001795130707954673,
    "unknown": 0.0
  },
  "chained-bigrams": {
    "dsfb": 0.0,
    "sfb": 0.13837527084121967,
    "roll-out": 0.18332014162633944,
    "sfR": 0.11914286586209158,
    "roll-in": 0.15652983003151075,
    "alternate": 0.22557883890036354,
    "dsfb-alt": 0.08002810190707281,
    "sft": 0.0,
    "sfT": 0.005460003155620803,
    "dsfb-red": 0.025762462267281083,
    "oneh-in": 0.005176906309878067,
    "oneh-out": 0.006180082059126984,
    "redirect": 0.028547979396263513,
    "bad-redirect": 0.0020024556703454105,
    "unknown": 0.023895061972886336
  },
  "english-450k": {
    "dsfb": 0.0,
    "sfb": 0.16438685354215427,
    "roll-out": 0.17720506507334088,
    "sfR": 0.11369548401129392,
    "roll-in": 0.16308766702469332,
    "alternate": 0.23584035792530086,
    "dsfb-alt": 0.08093487637556196,
    "sft": 0.0,
    "sfT": 0.006357945180409764,
    "dsfb-red": 0.018639409086470743,
    "oneh-in": 0.0038209648477080934,
    "oneh-out": 0.005758927814460729,
    "redirect": 0.02850609337186846,
    "bad-redirect": 0.001612581644985298,
    "unknown": 0.00015377410175167997
  },
  "english-200": {
    "dsfb": 0.0,
    "sfb": 0.1603563474387528,
    "roll-out": 0.20935412026726058,
    "sfR": 0.10690423162583519,
    "roll-in": 0.1447661469933185,
    "alternate": 0.2071269487750557,
    "dsfb-alt": 0.10244988864142539,
    "sft": 0.0,
    "sfT": 0.011135857461024499,
    "dsfb-red": 0.022271714922048998,
    "oneh-in": 0.0022271714922048997,
    "oneh-out": 0.004454342984409799,
    "redirect": 0.028953229398663696,
    "bad-redirect": 0.0,
    "unknown": 0.0
  },
  "english-5k": {
    "dsfb": 0.0,
    "sfb": 0.16223503546687684,
    "roll-out": 0.19583523457916788,
    "sfR": 0.10644211224955408,
    "roll-in": 0.15671796573609326,
    "alternate": 0.23972290206164185,
    "dsfb-alt": 0.07275894968266479,
    "sft": 0.0,
    "sfT": 0.006097813912971336,
    "dsfb-red": 0.018625295557307006,
    "oneh-in": 0.0026548305471439833,
    "oneh-out": 0.006803003277056457,
    "redirect": 0.029120172563985563,
    "bad-redirect": 0.0008296345459824947,
    "unknown": 0.002157049819554486
  },
  "movie": {
    "dsfb": 0.0,
    "sfb": 0.12475869891322557,
    "roll-out": 0.2268946765910738,
    "sfR": 0.11567713207251198,
    "roll-in": 0.15627085414498318,
    "alternate": 0.19884643966653634,
    "dsfb-alt": 0.0736903152807857,
    "sft": 0.0,
    "sfT": 0.004407606407709317,
    "dsfb-red": 0.017342357962175887,
    "oneh-in": 0.0022140020363449545,
    "oneh-out": 0.006893094785054012,
    "redirect": 0.040371584920940624,
    "bad-redirect": 0.002135832920225785,
    "unknown": 0.03049740429843284
  },
  "gutenberg": {
    "dsfb": 0.0,
    "sfb": 0.12775654191497093,
    "roll-out": 0.2225613140547313,
    "sfR": 0.09863878308844841,
    "roll-in": 0.1773160445752316,