{
  "english-450k": {
    "dsfb-alt": 0.059378144548825035,
    "redirect": 0.016502066010602813,
    "dsfb": 0.0,
    "unknown": 0.0,
    "sfb": 0.04280942360438309,
    "sft": 0.0,
    "bad-redirect": 0.0021461134618993966,
    "roll-out": 0.20090381751516254,
    "oneh-in": 0.0025796628780547985,
    "alternate": 0.3708926089618143,
    "oneh-out": 0.005796055781993929,
    "dsfb-red": 0.006898493306149034,
    "roll-in": 0.1766034165915824,
    "sfR": 0.11369548401129392,
    "sfT": 0.0017947133282387136
  },
  "shai": {
    "dsfb-alt": 0.05639170534237172,
    "redirect": 0.01455692101858013,
    "dsfb": 0.0,
    "unknown": 0.016411783475088346,
    "sfb": 0.02114475158632575,
    "sft": 0.0,
    "bad-redirect": 0.0020420509079514607,
    "roll-out": 0.24785250367456613,
    "oneh-in": 0.003539008921447112,
    "alternate": 0.32902751256876556,
    "oneh-out": 0.014396515796067232,
    "dsfb-red": 0.008381710863122838,
    "roll-in": 0.18777764377562403,
    "sfR": 0.09823378925716947,
    "sfT": 0.00024410281292022964
  },
  "akl": {
    "dsfb-alt": 0.049040136566998384,
    "redirect": 0.021197399755231137,
    "dsfb": 0.0,
    "unknown": 0.06510202440477142,
    "sfb": 0.024848301914473146,
    "sft": 0.0,
    "bad-redirect": 0.0013803407508681958,
    "roll-out": 0.23970490693789742,
    "oneh-in": 0.0031643134582851483,
    "alternate": 0.2858734638907692,
    "oneh-out": 0.018763217165392206,
    "dsfb-red": 0.009510163657114932,
    "roll-in": 0.1631782705123406,
    "sfR": 0.11790358951788564,
    "sfT": 0.00033387146797256317
  },
  "gutenberg": {
    "dsfb-alt": 0.05013425384452469,
    "redirect": 0.01594451472548906,
    "dsfb": 0.0,
    "unknown": 0.025604274906105663,
    "sfb": 0.022085107882350668,
    "sft": 0.0,
    "bad-redirect": 0.001743197230585856,
    "roll-out": 0.28127497013529196,
    "oneh-in": 0.0028195770028298065,
    "alternate": 0.29049031163486594,
    "oneh-out": 0.017951976261298484,
    "dsfb-red": 0.011120696612074776,
    "roll-in": 0.18209534504583044,
    "sfR": 0.09863878308844841,
    "sfT": 0.00009699163030427714
  },
  "movie": {
    "dsfb-alt": 0.050414342374675104,
    "redirect": 0.018799935622337366,
    "dsfb": 0.0,
    "unknown": 0.024529179122950412,
    "sfb": 0.01964610972443544,
    "sft": 0.0,
    "bad-redirect": 0.0020879313069810416,
    "roll-out": 0.2748913034752752,
    "oneh-in": 0.0018775063630844901,
    "alternate": 0.30533698982314433,
    "oneh-out": 0.03704650233342707,
    "dsfb-red": 0.010830238919823884,
    "roll-in": 0.13876044574293495,
    "sfR": 0.11567713207251198,
    "sfT": 0.00010238311841870984
  },
  "french": {
    "dsfb-alt": 0.03933531096595807,
    "redirect": 0.013151926642687035,
    "dsfb": 0.0,
    "unknown": 0.1502279269466985,
    "sfb": 0.02737874025901471,
    "sft": 0.0,
    "bad-redirect": 0.005477195297386719,
    "roll-out": 0.16397105191217473,
    "oneh-in": 0.003596105638919748,
    "alternate": 0.2621846130137971,
    "oneh-out": 0.01015768639545554,
    "dsfb-red": 0.006075000610884458,
    "roll-in": 0.20916964014957687,
    "sfR": 0.10898279115633469,
    "sfT": 0.0002920110111118347
  },
  "english-5k": {
    "dsfb-alt": 0.05504625212593853,
    "redirect": 0.013730451736010287,
    "dsfb": 0.0,
    "unknown": 0.0,
    "sfb": 0.022649023105322106,
    "sft": 0.0,
    "bad-redirect": 0.002447421910648359,
    "roll-out": 0.20379972622059983,
    "oneh-in": 0.001078524909777243,
    "alternate": 0.37727630978553944,
    "oneh-out": 0.008005973368731075,
    "dsfb-red": 0.006885966731654706,
    "roll-in": 0.20218193885593397,
    "sfR": 0.10644211224955408,
    "sfT": 0.00045629900029037207
  },
  "wordle": {
    "dsfb-alt": 0.06222371816447885,
    "redirect": 0.02461572983282845,
    "dsfb": 0.0,
    "unknown": 0.0,
    "sfb": 0.04229776730618198,
    "sft": 0.0,
    "bad-redirect": 0.0008078088185796028,
    "roll-out": 0.2014809828340626,
    "oneh-in": 0.007539548973409626,
    "alternate": 0.33362504207337595,
    "oneh-out": 0.006664422753281723,
    "dsfb-red": 0.015168854482216986,
    "roll-in": 0.17363401772691575,
    "sfR": 0.13138112868843263,
    "sfT": 0.0005609783462358353
  },
  "chained-bigrams": {
    "dsfb-alt": 0.06341369344637295,
    "redirect": 0.02294577851307927,
    "dsfb": 0.0,
    "unknown": 0.016332610224341265,
    "sfb": 0.02341522580544624,
    "sft": 0.0,
    "bad-redirect": 0.002612802080891677,
    "roll-out": 0.22909157728446494,
    "oneh-in": 0.004156848638635318,
    "alternate": 0.32363034044992917,
    "oneh-out": 0.009278564049687393,
    "dsfb-red": 0.013418530766328877,
    "roll-in": 0.17242545819808858,
    "sfR": 0.11914286586209158,
    "sfT": 0.00013570468064273372
  },
  "mt-quotes": {
    "dsfb-alt": 0.05529308757963687,
    "redirect": 0.01579887880852488,
    "dsfb": 0.0,
    "unknown": 0.0052458732264735065,
    "sfb": 0.02100291653219541,
    "sft": 0.0,
    "bad-redirect": 0.0017391616165238282,
    "roll-out": 0.27862146041763786,
    "oneh-in": 0.002901590944406593,
    "alternate": 0.3127233717024659,
    "oneh-out": 0.026994358183622,
    "dsfb-red": 0.00939057625416861,
    "roll-in": 0.17368008988656602,
    "sfR": 0.0964592223377679,
    "sfT": 0.00014941251001063816
  },
  "monkeyracer": {
    "dsfb-alt": 0.05517442951655536,
    "redirect": 0.015969821855889393,
    "dsfb": 0.0,
    "unknown": 0.009422361074182399,
    "sfb": 0.021775341351643024,
    "sft": 0.0,
    "bad-redirect": 0.0018504543535042307,
    "roll-out": 0.27271865273628726,
    "oneh-in": 0.002838731876691118,
    "alternate": 0.31520481098581415,
    "oneh-out": 0.025360902138042134,
    "dsfb-red": 0.009214148302235013,
    "roll-in": 0.17337769992336205,
    "sfR": 0.09690789370786869,
    "sfT": 0.00018475217792514507
  },
  "english-200": {
    "dsfb-alt": 0.062360801781737196,
    "redirect": 0.017817371937639197,
    "dsfb": 0.0,
    "unknown": 0.0,
    "sfb": 0.015590200445434299,
    "sft": 0.0,
    "bad-redirect": 0.0,
    "roll-out": 0.29398663697104677,
    "oneh-in": 0.0,
    "alternate": 0.3184855233853007,
    "oneh-out": 0.015590200445434299,
    "dsfb-red": 0.0066815144766146995,
    "roll-in": 0.16258351893095768,
    "sfR": 0.10690423162583519,
    "sfT": 0.0
  },
  "dutch": {
    "dsfb-alt": 0.04528095743555789,
    "redirect": 0.012360019220376956,
    "dsfb": 0.0,
    "unknown": 0.06828908915832815,
    "sfb": 0.05874834664629059,
    "sft": 0.0,
    "bad-redirect": 0.0014652686432833093,
    "roll-out": 0.1347542579270876,
    "oneh-in": 0.004117340695382738,
    "alternate": 0.2753157621830154,
    "oneh-out": 0.004514220894976864,
    "dsfb-red": 0.00894508152755592,
    "roll-in": 0.19689141709899904,
    "sfR": 0.18880787437283908,
    "sfT": 0.0005103641963064787
  },
  "reddit": {
    "dsfb-alt": 0.05327721463678389,
    "redirect": 0.01615714283841415,
    "dsfb": 0.0,
    "unknown": 0.03912123410190327,
    "sfb": 0.023381142102750555,
    "sft": 0.0,
    "bad-redirect": 0.0019173326126527021,
    "roll-out": 0.2577548363607351,
    "oneh-in": 0.002672324234365791,
    "alternate": 0.3072106082390952,
    "oneh-out": 0.01830229143852761,
    "dsfb-red": 0.010130170129698166,
    "roll-in": 0.16582370630990728,
    "sfR": 0.10397777127267367,
    "sfT": 0.00027422572249263355
  },
  "keymash": {
    "dsfb-alt": 0.05494780656204718,
    "redirect": 0.016136248886553673,
    "dsfb": 0.0,
    "unknown": 0.008620229626497765,
    "sfb": 0.0217640273712815,
    "sft": 0.0,
    "bad-redirect": 0.0019292894878352141,
    "roll-out": 0.27405762418261753,
    "oneh-in": 0.002877514746749968,
    "alternate": 0.3130456913218917,
    "oneh-out": 0.024128433211692314,
    "dsfb-red": 0.009350896709124718,
    "roll-in": 0.17323788139385007,
    "sfR": 0.099723742164827,
    "sfT": 0.00018061433503138174
  },
  "english-1k": {
    "dsfb-alt": 0.053634438955539876,
    "redirect": 0.011997177134791814,
    "dsfb": 0.0,
    "unknown": 0.0,
    "sfb": 0.01834862385321101,
    "sft": 0.0,