{
  "dutch": {
    "dsfb": 0.0,
    "sfb": 0.05554644471977378,
    "roll-out": 0.19330733822416069,
    "sfR": 0.18880787437283908,
    "roll-in": 0.18583808657769238,
    "alternate": 0.1743568376519711,
    "dsfb-alt": 0.031010627258988697,
    "sft": 0.0,
    "sfT": 0.0004979381559017291,
    "dsfb-red": 0.029907291697335796,
    "oneh-in": 0.01700335976463896,
    "oneh-out": 0.010160538345559326,
    "redirect": 0.03908509700326581,
    "bad-redirect": 0.0015749333808236395,
    "unknown": 0.072903632847049
  },
  "english-1k": {
    "dsfb": 0.0,
    "sfb": 0.048341566690190546,
    "roll-out": 0.23182780522230065,
    "sfR": 0.10832745236414962,
    "roll-in": 0.21700776287932252,
    "alternate": 0.2085391672547636,
    "dsfb-alt": 0.04128440366972477,
    "sft": 0.0,
    "sfT": 0.0007057163020465773,
    "dsfb-red": 0.03140437544107269,
    "oneh-in": 0.021877205363443897,
    "oneh-out": 0.01834862385321101,
    "redirect": 0.06386732533521525,
    "bad-redirect": 0.008468595624558928,
    "unknown": 0.0
  },
  "shai": {
    "dsfb": 0.0,
    "sfb": 0.049937914772359586,
    "roll-out": 0.213380858599104,
    "sfR": 0.09823378925716947,
    "roll-in": 0.2114271342904906,
    "alternate": 0.2267774039650945,
    "dsfb-alt": 0.040281515732592525,
    "sft": 0.0,
    "sfT": 0.0005440401432608596,
    "dsfb-red": 0.03489093807253022,
    "oneh-in": 0.01841246745373236,
    "oneh-out": 0.013933289788654005,
    "redirect": 0.06293891984011805,
    "bad-redirect": 0.005980965948762599,
    "unknown": 0.023260762136131256
  },
  "akl": {
    "dsfb": 0.0,
    "sfb": 0.0481798398135623,
    "roll-out": 0.20101193598242284,
    "sfR": 0.11790358951788564,
    "roll-in": 0.1977392645361095,
    "alternate": 0.19957713744340325,
    "dsfb-alt": 0.038292374757309705,
    "sft": 0.0,
    "sfT": 0.0004170760293915931,
    "dsfb-red": 0.04102703547289867,
    "oneh-in": 0.018392049237275,
    "oneh-out": 0.011611218230014085,
    "redirect": 0.054125155768479934,
    "bad-redirect": 0.005068539370254846,
    "unknown": 0.06665478384099267
  },
  "monkeyracer": {
    "dsfb": 0.0,
    "sfb": 0.04580583230367393,
    "roll-out": 0.2243184697436539,
    "sfR": 0.09690789370786869,
    "roll-in": 0.2146067613431972,
    "alternate": 0.23357562913492969,
    "dsfb-alt": 0.04097294993509236,
    "sft": 0.0,
    "sfT": 0.00029032485102522794,
    "dsfb-red": 0.037550635782098,
    "oneh-in": 0.016518213241159267,
    "oneh-out": 0.012415541861519934,
    "redirect": 0.0575820729780878,
    "bad-redirect": 0.0060195974162065785,
    "unknown": 0.013436077701487402
  },
  "tr-quotes": {
    "dsfb": 0.0,
    "sfb": 0.04602182103973556,
    "roll-out": 0.22343219065671158,
    "sfR": 0.09677191928064538,
    "roll-in": 0.21471533251658537,
    "alternate": 0.23370125517209495,
    "dsfb-alt": 0.040990730681214026,
    "sft": 0.0,
    "sfT": 0.0003016573819375419,
    "dsfb-red": 0.037437877071727424,
    "oneh-in": 0.016571507824599523,
    "oneh-out": 0.012488153302050345,
    "redirect": 0.05769515267793163,
    "bad-redirect": 0.006036614964980005,
    "unknown": 0.013835787429786644
  },
  "reddit": {
    "dsfb": 0.0,
    "sfb": 0.048000588830536484,
    "roll-out": 0.21173102505769847,
    "sfR": 0.10397777127267367,
    "roll-in": 0.20396280703607542,
    "alternate": 0.22026101449283506,
    "dsfb-alt": 0.03897219105453294,
    "sft": 0.0,
    "sfT": 0.0003420610979104944,
    "dsfb-red": 0.04049416067020302,
    "oneh-in": 0.01769533151402677,
    "oneh-out": 0.011721623246969648,
    "redirect": 0.057033069464585605,
    "bad-redirect": 0.006522908860307634,
    "unknown": 0.039285447401644795
  },
  "keymash": {
    "dsfb": 0.0,
    "sfb": 0.04563385369417888,
    "roll-out": 0.2227590481624544,
    "sfR": 0.099723742164827,
    "roll-in": 0.21234909467064567,
    "alternate": 0.23253274661040257,
    "dsfb-alt": 0.042440263861124,
    "sft": 0.0,
    "sfT": 0.0003201799575556313,
    "dsfb-red": 0.03799058342535087,
    "oneh-in": 0.015479469486439558,
    "oneh-out": 0.013312097466062977,
    "redirect": 0.05925792137529606,
    "bad-redirect": 0.005878175631021333,
    "unknown": 0.01232282349464109
  },
  "english-10k": {
    "dsfb": 0.0,
    "sfb": 0.05773721078327319,
    "roll-out": 0.21035873487582255,
    "sfR": 0.10567144593890508,
    "roll-in": 0.24966712336697477,
    "alternate": 0.19104224156230099,
    "dsfb-alt": 0.042974855753459024,
    "sft": 0.0,
    "sfT": 0.0007718878446961656,
    "dsfb-red": 0.03415603712780533,
    "oneh-in": 0.02035854190386137,
    "oneh-out": 0.013874684008413577,
    "redirect": 0.06744370043032748,
    "bad-redirect": 0.005943536404160475,
    "unknown": 0.0
  },
  "wordle": {
    "dsfb": 0.0,
    "sfb": 0.05463929092337036,
    "roll-out": 0.21936497251206102,
    "sfR": 0.13138112868843263,
    "roll-in": 0.21220688881409178,
    "alternate": 0.19710535173342308,
    "dsfb-alt": 0.03940311903960507,
    "sft": 0.0,
    "sfT": 0.0006507348816335689,
    "dsfb-red": 0.03531919667900819,
    "oneh-in": 0.020329855267586672,
    "oneh-out": 0.020038146527544036,
    "redirect": 0.06096712666891058,
    "bad-redirect": 0.008594188264332997,
    "unknown": 0.0
  },
  "chained-bigrams": {
    "dsfb": 0.0,
    "sfb": 0.04699082986983389,
    "roll-out": 0.18714194904386638,
    "sfR": 0.11914286586209158,
    "roll-in": 0.22882406375133188,
    "alternate": 0.21355176808914175,
    "dsfb-alt": 0.048845893375079295,
    "sft": 0.0,
    "sfT": 0.0007681274507193971,
    "dsfb-red": 0.03595394871401959,
    "oneh-in": 0.01821234730788535,
    "oneh-out": 0.016407929568621443,
    "redirect": 0.05320207855418026,
    "bad-redirect": 0.008041638611293096,
    "unknown": 0.022916559801936097
  },
  "english-450k": {
    "dsfb": 0.0,
    "sfb": 0.05316374135313024,
    "roll-out": 0.22118504286672347,
    "sfR": 0.11369548401129392,
    "roll-in": 0.24202728057809708,
    "alternate": 0.1998958078139462,
    "dsfb-alt": 0.040419201064607925,
    "sft": 0.0,
    "sfT": 0.0006066183671763041,
    "dsfb-red": 0.029906724021093362,
    "oneh-in": 0.021401788340181055,
    "oneh-out": 0.013750503566331307,
    "redirect": 0.05749368093686433,
    "bad-redirect": 0.0063003529788031466,
    "unknown": 0.00015377410175167997
  },
  "english-200": {
    "dsfb": 0.0,
    "sfb": 0.0378619153674833,
    "roll-out": 0.26948775055679286,
    "sfR": 0.10690423162583519,
    "roll-in": 0.1870824053452116,
    "alternate": 0.2182628062360802,
    "dsfb-alt": 0.042316258351893093,
    "sft": 0.0,
    "sfT": 0.0,
    "dsfb-red": 0.0334075723830735,
    "oneh-in": 0.026726057906458798,
    "oneh-out": 0.011135857461024499,
    "redirect": 0.062360801781737196,
    "bad-redirect": 0.004454342984409799,
    "unknown": 0.0
  },
  "english-5k": {
    "dsfb": 0.0,
    "sfb": 0.05898701621935538,
    "roll-out": 0.21159829095283528,
    "sfR": 0.10644211224955408,
    "roll-in": 0.2428340316090762,
    "alternate": 0.1926826233044344,
    "dsfb-alt": 0.04604471730202846,
    "sft": 0.0,
    "sfT": 0.0009540797278798689,
    "dsfb-red": 0.030613514746754056,
    "oneh-in": 0.01866677728460613,
    "oneh-out": 0.010619322188575933,
    "redirect": 0.07122412577259717,
    "bad-redirect": 0.007176338822748579,
    "unknown": 0.002157049819554486
  },
  "movie": {
    "dsfb": 0.0,
    "sfb": 0.04392143661675643,
    "roll-out": 0.2250469113395094,
    "sfR": 0.11567713207251198,
    "roll-in": 0.1987527420054642,
    "alternate": 0.21866283699410008,
    "dsfb-alt": 0.041016940721358815,
    "sft": 0.0,
    "sfT": 0.0003049121920001937,
    "dsfb-red": 0.040580299092935576,
    "oneh-in": 0.015016497763034141,
    "oneh-out": 0.010205675577902038,
    "redirect": 0.05463126351427554,
    "bad-redirect": 0.005946906325631746,
    "unknown": 0.030236445784519856
  },
  "gutenberg": {
    "dsfb": 0.0,
    "sfb": 0.04148305506965022,
    "roll-out": 0.20593747904355644,
    "sfR": 0.09863878308844841,
    "roll-in": 0.20090319666985298,