{
  "dutch": {
    "dsfb": 0.0,
    "sfb": 0.0317970539633349,
    "roll-out": 0.18916781713630942,
    "sfR": 0.18880787437283908,
    "roll-in": 0.1392498307960602,
    "alternate": 0.29330266187302423,
    "dsfb-alt": 0.03900444429079746,
    "sft": 0.0,
    "sfT": 0.00023451685779757704,
    "dsfb-red": 0.0065622762124812025,
    "oneh-in": 0.003910150367999069,
    "oneh-out": 0.005841798969330775,
    "redirect": 0.027850647529392966,
    "bad-redirect": 0.0006682269087500806,
    "unknown": 0.07360270072188302
  },
  "english-1k": {
    "dsfb": 0.0,
    "sfb": 0.017290049400141144,
    "roll-out": 0.24311926605504589,
    "sfR": 0.10832745236414962,
    "roll-in": 0.17819336626676077,
    "alternate": 0.36450247000705716,
    "dsfb-alt": 0.04481298517995766,
    "sft": 0.0,
    "sfT": 0.0,
    "dsfb-red": 0.0045871559633027525,
    "oneh-in": 0.00529287226534933,
    "oneh-out": 0.007057163020465773,
    "redirect": 0.025758645024700072,
    "bad-redirect": 0.001058574453069866,
    "unknown": 0.0
  },
  "shai": {
    "dsfb": 0.0,
    "sfb": 0.01865872221394815,
    "roll-out": 0.24212889281847194,
    "sfR": 0.09823378925716947,
    "roll-in": 0.18673297012384998,
    "alternate": 0.3313975109555792,
    "dsfb-alt": 0.04499824747889311,
    "sft": 0.0,
    "sfT": 0.0001125437472307225,
    "dsfb-red": 0.00953230212225352,
    "oneh-in": 0.004795157839915557,
    "oneh-out": 0.010604567918398158,
    "redirect": 0.026852586656130897,
    "bad-redirect": 0.0018549592167283403,
    "unknown": 0.024097749651430984
  },
  "akl": {
    "dsfb": 0.0,
    "sfb": 0.02244528231375839,
    "roll-out": 0.22696197037322852,
    "sfR": 0.11790358951788564,
    "roll-in": 0.16069557774261253,
    "alternate": 0.2941067503990783,
    "dsfb-alt": 0.04116661840430379,
    "sft": 0.0,
    "sfT": 0.00019676670667672307,
    "dsfb-red": 0.01460652048684643,
    "oneh-in": 0.004857151459933379,
    "oneh-out": 0.01539786215699183,
    "redirect": 0.026719754026747634,
    "bad-redirect": 0.0016308837489162652,
    "unknown": 0.07331127266302054
  },
  "monkeyracer": {
    "dsfb": 0.0,
    "sfb": 0.01764041165522311,
    "roll-out": 0.26023957176595713,
    "sfR": 0.09690789370786869,
    "roll-in": 0.17142460547101052,
    "alternate": 0.3313808905641491,
    "dsfb-alt": 0.04298371834774856,
    "sft": 0.0,
    "sfT": 0.00004007851478799443,
    "dsfb-red": 0.011664802852808234,
    "oneh-in": 0.0042463675180255565,
    "oneh-out": 0.020768490858188528,
    "redirect": 0.027886826094436712,
    "bad-redirect": 0.0013245460375056696,
    "unknown": 0.013491796612290222
  },
  "tr-quotes": {
    "dsfb": 0.0,
    "sfb": 0.017773514250710803,
    "roll-out": 0.26001363814983475,
    "sfR": 0.09677191928064538,
    "roll-in": 0.17139224705855158,
    "alternate": 0.33174799472966415,
    "dsfb-alt": 0.04297057395806847,
    "sft": 0.0,
    "sfT": 0.00004160791475000578,
    "dsfb-red": 0.011585492707057164,
    "oneh-in": 0.004270590138924204,
    "oneh-out": 0.02027576801275976,
    "redirect": 0.0279304685513511,
    "bad-redirect": 0.001331453272000185,
    "unknown": 0.013894731975682485
  },
  "reddit": {
    "dsfb": 0.0,
    "sfb": 0.01730978235931885,
    "roll-out": 0.24534279807251644,
    "sfR": 0.10397777127267367,
    "roll-in": 0.17188124426784523,
    "alternate": 0.31251330440497305,
    "dsfb-alt": 0.044191094986943284,
    "sft": 0.0,
    "sfT": 0.00010731548899622934,
    "dsfb-red": 0.011107958445494875,
    "oneh-in": 0.004468856689247868,
    "oneh-out": 0.014938990301713846,
    "redirect": 0.027237794829640876,
    "bad-redirect": 0.0017236777860870807,
    "unknown": 0.04519941109454869
  },
  "keymash": {
    "dsfb": 0.0,
    "sfb": 0.018270781936924548,
    "roll-out": 0.26211655371429277,
    "sfR": 0.099723742164827,
    "roll-in": 0.17004839643204592,
    "alternate": 0.32896027716090687,
    "dsfb-alt": 0.04284254124369389,
    "sft": 0.0,
    "sfT": 0.00003283897000570577,
    "dsfb-red": 0.012253040683378966,
    "oneh-in": 0.004441470693271705,
    "oneh-out": 0.019580235865902067,
    "redirect": 0.027921334247351333,
    "bad-redirect": 0.0014326000664989143,
    "unknown": 0.012376186820900362
  },
  "english-10k": {
    "dsfb": 0.0,
    "sfb": 0.022770691418536885,
    "roll-out": 0.19480519480519481,
    "sfR": 0.10567144593890508,
    "roll-in": 0.23089095154474054,
    "alternate": 0.35340884969413944,
    "dsfb-alt": 0.04808861272457112,
    "sft": 0.0,
    "sfT": 0.00015437756893923313,
    "dsfb-red": 0.007911850408135699,
    "oneh-in": 0.006136508365334517,
    "oneh-out": 0.0021419887690318595,
    "redirect": 0.02595472877790857,
    "bad-redirect": 0.002064799984562243,
    "unknown": 0.0
  },
  "wordle": {
    "dsfb": 0.0,
    "sfb": 0.04532705037585549,
    "roll-out": 0.20056097834623585,
    "sfR": 0.13138112868843263,
    "roll-in": 0.17459890048244137,
    "alternate": 0.3272747671939863,
    "dsfb-alt": 0.05984516997643891,
    "sft": 0.0,
    "sfT": 0.000381465275440368,
    "dsfb-red": 0.01658251991473129,
    "oneh-in": 0.0041736788959946146,
    "oneh-out": 0.005362952990014586,
    "redirect": 0.03374845730954785,
    "bad-redirect": 0.000762930550880736,
    "unknown": 0.0
  },
  "chained-bigrams": {
    "dsfb": 0.0,
    "sfb": 0.020322587557114465,
    "roll-out": 0.2283572136777332,
    "sfR": 0.11914286586209158,
    "roll-in": 0.1680062904638568,
    "alternate": 0.32284987621006045,
    "dsfb-alt": 0.0575783921787354,
    "sft": 0.0,
    "sfT": 0.00009414918035022196,
    "dsfb-red": 0.015861215017898084,
    "oneh-in": 0.0056216800239463575,
    "oneh-out": 0.0065307065928450515,
    "redirect": 0.028749263850805364,
    "bad-redirect": 0.003726359627792578,
    "unknown": 0.023159399756770463
  },
  "english-450k": {
    "dsfb": 0.0,
    "sfb": 0.03291584346848888,
    "roll-out": 0.19477974929559183,
    "sfR": 0.11369548401129392,
    "roll-in": 0.19145314187385729,
    "alternate": 0.3708326779905993,
    "dsfb-alt": 0.05250713178557458,
    "sft": 0.0,
    "sfT": 0.0005241767384805365,
    "dsfb-red": 0.007807982337611917,
    "oneh-in": 0.003991402682919557,
    "oneh-out": 0.0029711144412591702,
    "redirect": 0.026674252076096548,
    "bad-redirect": 0.0016932691964747725,
    "unknown": 0.00015377410175167997
  },
  "english-200": {
    "dsfb": 0.0,
    "sfb": 0.011135857461024499,
    "roll-out": 0.28507795100222716,
    "sfR": 0.10690423162583519,
    "roll-in": 0.15812917594654788,
    "alternate": 0.3518930957683742,
    "dsfb-alt": 0.044543429844097995,
    "sft": 0.0,
    "sfT": 0.0,
    "dsfb-red": 0.004454342984409799,
    "oneh-in": 0.004454342984409799,
    "oneh-out": 0.008908685968819599,
    "redirect": 0.024498886414253896,
    "bad-redirect": 0.0,
    "unknown": 0.0
  },
  "english-5k": {
    "dsfb": 0.0,
    "sfb": 0.021238644377151866,
    "roll-out": 0.2049197328576762,
    "sfR": 0.10644211224955408,
    "roll-in": 0.2113079188617414,
    "alternate": 0.36416808395901606,
    "dsfb-alt": 0.048035840212386445,
    "sft": 0.0,
    "sfT": 0.00012444518189737422,
    "dsfb-red": 0.00630522254946696,
    "oneh-in": 0.0041896544572115986,
    "oneh-out": 0.002862239183639607,
    "redirect": 0.02538681710706434,
    "bad-redirect": 0.002862239183639607,
    "unknown": 0.002157049819554486
  },
  "movie": {
    "dsfb": 0.0,
    "sfb": 0.01691427019326064,
    "roll-out": 0.25343124914379156,
    "sfR": 0.11567713207251198,
    "roll-in": 0.14709295768642577,
    "alternate": 0.31144076077236876,
    "dsfb-alt": 0.04472234106238145,
    "sft": 0.0,
    "sfT": 0.00002684595907122983,
    "dsfb-red": 0.013321386004227713,
    "oneh-in": 0.005089414809415404,
    "oneh-out": 0.03120026835431244,
    "redirect": 0.029933902353614185,
    "bad-redirect": 0.0008670981584330066,
    "unknown": 0.030282373430185833
  },
  "gutenberg": {
    "dsfb": 0.0,
    "sfb": 0.01824333002576719,
    "roll-out": 0.28027947986722757,
    "sfR": 0.09863878308844841,
    "roll-in": 0.1565564258281134,