{
  "dutch": {
    "dsfb": 0.0,
    "sfb": 0.03691642123294365,
    "roll-out": 0.20908301236912807,
    "sfR": 0.18880787437283908,
    "roll-in": 0.14748530114177202,
    "alternate": 0.24830845369887003,
    "dsfb-alt": 0.04717826856592986,
    "sft": 0.0,
    "sfT": 0.0001069392568166335,
    "dsfb-red": 0.007934161279389423,
    "oneh-in": 0.004361163635388201,
    "oneh-out": 0.00636143338625667,
    "redirect": 0.028221187392256097,
    "bad-redirect": 0.001975955593886015,
    "unknown": 0.07325982807452426
  },
  "english-1k": {
    "dsfb": 0.0,
    "sfb": 0.016937191249117856,
    "roll-out": 0.20889202540578689,
    "sfR": 0.10832745236414962,
    "roll-in": 0.2332392378263938,
    "alternate": 0.323923782639379,
    "dsfb-alt": 0.0529287226534933,
    "sft": 0.0,
    "sfT": 0.0,
    "dsfb-red": 0.008115737473535639,
    "oneh-in": 0.0045871559633027525,
    "oneh-out": 0.007057163020465773,
    "redirect": 0.03211009174311927,
    "bad-redirect": 0.0038814396612561752,
    "unknown": 0.0
  },
  "shai": {
    "dsfb": 0.0,
    "sfb": 0.01800437929015464,
    "roll-out": 0.20058790735665633,
    "sfR": 0.09823378925716947,
    "roll-in": 0.2234223633149649,
    "alternate": 0.3219741763228206,
    "dsfb-alt": 0.05438905519605478,
    "sft": 0.0,
    "sfT": 0.00007422282965278099,
    "dsfb-red": 0.007622677251563878,
    "oneh-in": 0.0044737629631602105,
    "oneh-out": 0.013405087358223055,
    "redirect": 0.03108511864970416,
    "bad-redirect": 0.003105554098561663,
    "unknown": 0.023621906111313578
  },
  "akl": {
    "dsfb": 0.0,
    "sfb": 0.02243165237815736,
    "roll-out": 0.16940839016706707,
    "sfR": 0.11790358951788564,
    "roll-in": 0.21006252299277203,
    "alternate": 0.292261381027204,
    "dsfb-alt": 0.05462884384319081,
    "sft": 0.0,
    "sfT": 0.0001270062181005297,
    "dsfb-red": 0.012425730790681239,
    "oneh-in": 0.004504879578899422,
    "oneh-out": 0.015651998501698353,
    "redirect": 0.030802911007300565,
    "bad-redirect": 0.002868977535511868,
    "unknown": 0.06692211644153111
  },
  "monkeyracer": {
    "dsfb": 0.0,
    "sfb": 0.013938525423463723,
    "roll-out": 0.2000944288909395,
    "sfR": 0.09690789370786869,
    "roll-in": 0.23061275161487088,
    "alternate": 0.31483041900620923,
    "dsfb-alt": 0.05614315654472371,
    "sft": 0.0,
    "sfT": 0.0000303032672787275,
    "dsfb-red": 0.007363693948730782,
    "oneh-in": 0.005648138010854435,
    "oneh-out": 0.022742113330309524,
    "redirect": 0.034416691430627026,
    "bad-redirect": 0.0029198664310180335,
    "unknown": 0.014352018393105714
  },
  "tr-quotes": {
    "dsfb": 0.0,
    "sfb": 0.014108550426481126,
    "roll-out": 0.19934698689350686,
    "sfR": 0.09677191928064538,
    "roll-in": 0.2306823698019001,
    "alternate": 0.3158687963754883,
    "dsfb-alt": 0.05602390143547306,
    "sft": 0.0,
    "sfT": 0.00003467326229167148,
    "dsfb-red": 0.0073461085041954645,
    "oneh-in": 0.005619380042070225,
    "oneh-out": 0.022220938027322532,
    "redirect": 0.03430919303760893,
    "bad-redirect": 0.0028975289521740136,
    "unknown": 0.01476965396084233
  },
  "reddit": {
    "dsfb": 0.0,
    "sfb": 0.016744362706125802,
    "roll-out": 0.1899167640091194,
    "sfR": 0.10397777127267367,
    "roll-in": 0.21794861854250583,
    "alternate": 0.3100336985618413,
    "dsfb-alt": 0.05488713425879364,
    "sft": 0.0,
    "sfT": 0.00009379336280857183,
    "dsfb-red": 0.008406829460330445,
    "oneh-in": 0.005339142228982036,
    "oneh-out": 0.015977347254755546,
    "redirect": 0.033092575809590484,
    "bad-redirect": 0.0023642370102841203,
    "unknown": 0.041217725522189115
  },
  "keymash": {
    "dsfb": 0.0,
    "sfb": 0.014937626481345412,
    "roll-out": 0.20266570339021317,
    "sfR": 0.099723742164827,
    "roll-in": 0.22970449031866116,
    "alternate": 0.3136778414945015,
    "dsfb-alt": 0.054656360703246545,
    "sft": 0.0,
    "sfT": 0.00004925845500855866,
    "dsfb-red": 0.008045547651397913,
    "oneh-in": 0.005299388784670769,
    "oneh-out": 0.021447952284976583,
    "redirect": 0.033405442238304196,
    "bad-redirect": 0.0029924511417699384,
    "unknown": 0.013394194891077241
  },
  "english-10k": {
    "dsfb": 0.0,
    "sfb": 0.022867177399123906,
    "roll-out": 0.19789274618397948,
    "sfR": 0.10567144593890508,
    "roll-in": 0.21315682831284613,
    "alternate": 0.3513247525134598,
    "dsfb-alt": 0.055421547249184695,
    "sft": 0.0,
    "sfT": 0.00015437756893923313,
    "dsfb-red": 0.008182011153779355,
    "oneh-in": 0.0040910055768896775,
    "oneh-out": 0.008143416761544547,
    "redirect": 0.028617741842110342,
    "bad-redirect": 0.0044769494992377605,
    "unknown": 0.0
  },
  "wordle": {
    "dsfb": 0.0,
    "sfb": 0.036934814316167394,
    "roll-out": 0.20251318299113655,
    "sfR": 0.13138112868843263,
    "roll-in": 0.17596768764725682,
    "alternate": 0.3227869404240996,
    "dsfb-alt": 0.05892516548861214,
    "sft": 0.0,
    "sfT": 0.0003365870077415012,
    "dsfb-red": 0.016470324245484124,
    "oneh-in": 0.003635139683608213,
    "oneh-out": 0.009783462358352967,
    "redirect": 0.0379445753393919,
    "bad-redirect": 0.003320991809716145,
    "unknown": 0.0
  },
  "chained-bigrams": {
    "dsfb": 0.0,
    "sfb": 0.018558426708758926,
    "roll-out": 0.17994180931349665,
    "sfR": 0.11914286586209158,
    "roll-in": 0.20176364140460187,
    "alternate": 0.31905598889429254,
    "dsfb-alt": 0.06579079792404303,
    "sft": 0.0,
    "sfT": 0.000034413148679736306,
    "dsfb-red": 0.01717995284749326,
    "oneh-in": 0.011790074598616073,
    "oneh-out": 0.006432661584342407,
    "redirect": 0.03266327253460632,
    "bad-redirect": 0.003993873160925623,
    "unknown": 0.02365222201805197
  },
  "english-450k": {
    "dsfb": 0.0,
    "sfb": 0.030720031152411183,
    "roll-out": 0.18185775486303288,
    "sfR": 0.11369548401129392,
    "roll-in": 0.20088364562729016,
    "alternate": 0.36195558559575186,
    "dsfb-alt": 0.05872299671227462,
    "sft": 0.0,
    "sfT": 0.0001239547892447002,
    "dsfb-red": 0.010103484708247262,
    "oneh-in": 0.004454479065380889,
    "oneh-out": 0.006057705631932624,
    "redirect": 0.027619114997886336,
    "bad-redirect": 0.0036519887435018748,
    "unknown": 0.00015377410175167997
  },
  "english-200": {
    "dsfb": 0.0,
    "sfb": 0.008908685968819599,
    "roll-out": 0.19376391982182628,
    "sfR": 0.10690423162583519,
    "roll-in": 0.26280623608017817,
    "alternate": 0.29398663697104677,
    "dsfb-alt": 0.066815144766147,
    "sft": 0.0,
    "sfT": 0.0,
    "dsfb-red": 0.004454342984409799,
    "oneh-in": 0.0066815144766146995,
    "oneh-out": 0.011135857461024499,
    "redirect": 0.044543429844097995,
    "bad-redirect": 0.0,
    "unknown": 0.0
  },
  "english-5k": {
    "dsfb": 0.0,
    "sfb": 0.022400132741527357,
    "roll-out": 0.19882191894470486,
    "sfR": 0.10644211224955408,
    "roll-in": 0.21520720122785914,
    "alternate": 0.3498154063135189,
    "dsfb-alt": 0.05322105612477704,
    "sft": 0.0,
    "sfT": 0.00008296345459824948,
    "dsfb-red": 0.007840046459534575,
    "oneh-in": 0.004894843821296718,
    "oneh-out": 0.005226697639689717,
    "redirect": 0.02941054465507944,
    "bad-redirect": 0.004480026548305471,
    "unknown": 0.002157049819554486
  },
  "movie": {
    "dsfb": 0.0,
    "sfb": 0.012052651242434934,
    "roll-out": 0.1816730533291029,
    "sfR": 0.11567713207251198,
    "roll-in": 0.21216058778964192,
    "alternate": 0.3087045785125207,
    "dsfb-alt": 0.056162141170528555,
    "sft": 0.0,
    "sfT": 0.00002079245849634467,
    "dsfb-red": 0.010618103204025736,
    "oneh-in": 0.0050911255813170025,
    "oneh-out": 0.03245452735386093,
    "redirect": 0.03316147094273665,
    "bad-redirect": 0.0017723596900555067,
    "unknown": 0.030451476652766863
  },
  "gutenberg": {
    "dsfb": 0.0,
    "sfb": 0.01405469342877916,
    "roll-out": 0.21157113938265584,
    "sfR": 0.09863878308844841,
    "roll-in": 0.23008403794342888,