{
  "english-200": {
    "dsfb-alt": 0.042316258351893093,
    "redirect": 0.0378619153674833,
    "dsfb": 0.0,
    "unknown": 0.0,
    "sfb": 0.0066815144766146995,
    "sft": 0.0,
    "bad-redirect": 0.0,
    "roll-out": 0.20044543429844097,
    "oneh-in": 0.0066815144766146995,
    "alternate": 0.23162583518930957,
    "oneh-out": 0.011135857461024499,
    "dsfb-red": 0.017817371937639197,
    "roll-in": 0.33853006681514475,
    "sfR": 0.10690423162583519,
    "sfT": 0.0
  },
  "english-5k": {
    "dsfb-alt": 0.03463724229476915,
    "redirect": 0.04106691002613349,
    "dsfb": 0.0,
    "unknown": 0.002157049819554486,
    "sfb": 0.018003069647820134,
    "sft": 0.0,
    "bad-redirect": 0.002488903637947484,
    "roll-out": 0.18168996557016634,
    "oneh-in": 0.022524577923424733,
    "alternate": 0.2518770481602854,
    "oneh-out": 0.01095117600696893,
    "dsfb-red": 0.02584311610735471,
    "roll-in": 0.30231882855602105,
    "sfR": 0.10644211224955408,
    "sfT": 0.0
  },
  "movie": {
    "dsfb-alt": 0.035054242655096934,
    "redirect": 0.04721901525600583,
    "dsfb": 0.0,
    "unknown": 0.030282373430185833,
    "sfb": 0.012631813330045143,
    "sft": 0.0,
    "bad-redirect": 0.0028769919471334634,
    "roll-out": 0.17972737928563165,
    "oneh-in": 0.01116054949467088,
    "alternate": 0.22469909825213066,
    "oneh-out": 0.01750777644527655,
    "dsfb-red": 0.02380881255453908,
    "roll-in": 0.29934573502590966,
    "sfR": 0.11567713207251198,
    "sfT": 9.080250862327736e-6
  },
  "dutch": {
    "dsfb-alt": 0.026662068971947596,
    "redirect": 0.044285170777725605,
    "dsfb": 0.0,
    "unknown": 0.07360270072188302,
    "sfb": 0.03445859347479033,
    "sft": 0.0,
    "bad-redirect": 0.001647086896824668,
    "roll-out": 0.14457949042045526,
    "oneh-in": 0.006787702157601712,
    "alternate": 0.1803290293569777,
    "oneh-out": 0.008941728469034002,
    "dsfb-red": 0.020654679117858,
    "roll-in": 0.2691666294004993,
    "sfR": 0.18880787437283908,
    "sfT": 0.0000772458615637252
  },
  "chained-bigrams": {
    "dsfb-alt": 0.045927918088914485,
    "redirect": 0.05673949051658032,
    "dsfb": 0.0,
    "unknown": 0.023159399756770463,
    "sfb": 0.0188648985234162,
    "sft": 0.0,
    "bad-redirect": 0.0032621067729621733,
    "roll-out": 0.1479836816744789,
    "oneh-in": 0.0139990091610399,
    "alternate": 0.23951161898281226,
    "oneh-out": 0.008037742783140674,
    "dsfb-red": 0.029958269187440628,
    "roll-in": 0.2933500161352216,
    "sfR": 0.11914286586209158,
    "sfT": 0.00006298255513083814
  },
  "keymash": {
    "dsfb-alt": 0.03237101468312446,
    "redirect": 0.046922783266902836,
    "dsfb": 0.0,
    "unknown": 0.012376186820900362,
    "sfb": 0.014941731352596126,
    "sft": 0.0,
    "bad-redirect": 0.0022453645741401323,
    "roll-out": 0.18282275576426546,
    "oneh-in": 0.01335314617857011,
    "alternate": 0.22963470750739903,
    "oneh-out": 0.01585301277025446,
    "dsfb-red": 0.019732116102178454,
    "roll-in": 0.3300111242010894,
    "sfR": 0.099723742164827,
    "sfT": 0.000012314613752139664
  },
  "shai": {
    "dsfb-alt": 0.03359865114704984,
    "redirect": 0.044085287709160766,
    "dsfb": 0.0,
    "unknown": 0.024097749651430984,
    "sfb": 0.016633155377097027,
    "sft": 0.0,
    "bad-redirect": 0.001685477885567803,
    "roll-out": 0.18062209003313998,
    "oneh-in": 0.015533781237682424,
    "alternate": 0.23554934879597775,
    "oneh-out": 0.011777181803629081,
    "dsfb-red": 0.02122154436742503,
    "roll-in": 0.3169276238197962,
    "sfR": 0.09823378925716947,
    "sfT": 0.00003431891487360948
  },
  "english-1k": {
    "dsfb-alt": 0.03705010585744531,
    "redirect": 0.046224417784050814,
    "dsfb": 0.0,
    "unknown": 0.0,
    "sfb": 0.016937191249117856,
    "sft": 0.0,
    "bad-redirect": 0.0,
    "roll-out": 0.21030345800988004,
    "oneh-in": 0.01305575158786168,
    "alternate": 0.2173606210303458,
    "oneh-out": 0.020112914608327453,
    "dsfb-red": 0.02328863796753705,
    "roll-in": 0.3073394495412844,
    "sfR": 0.10832745236414962,
    "sfT": 0.0
  },
  "english-450k": {
    "dsfb-alt": 0.03757642660560919,
    "redirect": 0.0554186076018198,
    "dsfb": 0.0,
    "unknown": 0.00015377410175167997,
    "sfb": 0.028229826211877324,
    "sft": 0.0,
    "bad-redirect": 0.003286555992190848,
    "roll-out": 0.18632948235427566,
    "oneh-in": 0.01359556007977543,
    "alternate": 0.24797974157765212,
    "oneh-out": 0.010067818471719305,
    "dsfb-red": 0.028155570276810923,
    "roll-in": 0.27541263204547034,
    "sfR": 0.11369548401129392,
    "sfT": 0.00009852066975345276
  },
  "english-10k": {
    "dsfb-alt": 0.03560332683661064,
    "redirect": 0.042974855753459024,
    "dsfb": 0.0,
    "unknown": 0.0,
    "sfb": 0.020242758727156945,
    "sft": 0.0,
    "bad-redirect": 0.001756044846683777,
    "roll-out": 0.18766523224175527,
    "oneh-in": 0.02041643349221358,
    "alternate": 0.24293240192200075,
    "oneh-out": 0.011153779355859594,
    "dsfb-red": 0.02543370448273866,
    "roll-in": 0.3061500164026167,
    "sfR": 0.10567144593890508,
    "sfT": 0.0
  },
  "reddit": {
    "dsfb-alt": 0.03214284309632717,
    "redirect": 0.04394511215405036,
    "dsfb": 0.0,
    "unknown": 0.04519941109454869,
    "sfb": 0.014257040635862065,
    "sft": 0.0,
    "bad-redirect": 0.0018742940448144237,
    "roll-out": 0.17801242350025667,
    "oneh-in": 0.012006823991548109,
    "alternate": 0.2294752384960324,
    "oneh-out": 0.013111892597609805,
    "dsfb-red": 0.020295437855623023,
    "roll-in": 0.30560926636472246,
    "sfR": 0.10397777127267367,
    "sfT": 0.0000924448959311323
  },
  "tr-quotes": {
    "dsfb-alt": 0.03148794526247659,
    "redirect": 0.04687478329211068,
    "dsfb": 0.0,
    "unknown": 0.013894731975682485,
    "sfb": 0.01441136358382839,
    "sft": 0.0,
    "bad-redirect": 0.0021127574489725157,
    "roll-out": 0.18294768960495597,
    "oneh-in": 0.013546843577356048,
    "alternate": 0.23344698458195604,
    "oneh-out": 0.01566191257714801,
    "dsfb-red": 0.02044913432421812,
    "roll-in": 0.3283858440627817,
    "sfR": 0.09677191928064538,
    "sfT": 8.09042786805668e-6
  },
  "monkeyracer": {
    "dsfb-alt": 0.03138440965325242,
    "redirect": 0.046760873985329306,
    "dsfb": 0.0,
    "unknown": 0.013491796612290222,
    "sfb": 0.014247423244756557,
    "sft": 0.0,
    "bad-redirect": 0.0021759700955628195,
    "roll-out": 0.18292713921516493,
    "oneh-in": 0.013515257206312465,
    "alternate": 0.23322567527409793,
    "oneh-out": 0.015711755321644743,
    "dsfb-red": 0.020386278680576193,
    "roll-in": 0.32925770680513633,
    "sfR": 0.09690789370786869,
    "sfT": 7.820198007413547e-6
  },
  "french": {
    "dsfb-alt": 0.02816004312851767,
    "redirect": 0.04276311063295076,
    "dsfb": 0.0,
    "unknown": 0.1584254645227596,
    "sfb": 0.053246756885199704,
    "sft": 0.0,
    "bad-redirect": 0.0013780145088017775,
    "roll-out": 0.13650706499299756,
    "oneh-in": 0.025341165299072026,
    "alternate": 0.18063932088645202,
    "oneh-out": 0.012575335612280691,
    "dsfb-red": 0.022923366263863463,
    "roll-in": 0.2290236172650885,
    "sfR": 0.10898279115633469,
    "sfT": 0.00003394884568156675
  },
  "akl": {
    "dsfb-alt": 0.03158564103631622,
    "redirect": 0.038361453749105844,
    "dsfb": 0.0,
    "unknown": 0.07331127266302054,
    "sfb": 0.019992637356605333,
    "sft": 0.0,
    "bad-redirect": 0.001670844241928383,
    "roll-out": 0.1646625085450403,
    "oneh-in": 0.009068367880883284,
    "alternate": 0.21827288642757034,
    "oneh-out": 0.01177242319562266,
    "dsfb-red": 0.020052547118997142,
    "roll-in": 0.29322340666362595,
    "sfR": 0.11790358951788564,
    "sfT": 0.00012242160339836423
  },
  "gutenberg": {
    "dsfb-alt": 0.03711445353362105,
    "redirect": 0.042699239184012444,
    "dsfb": 0.0,
    "unknown": 0.03298207965968062,
    "sfb": 0.01746872304077854,
    "sft": 0.0,
    "bad-redirect": 0.0032401266498522582,