{
  "english-1k": {
    "sfb": 0.022230063514467185,
    "unknown": 0.0,
    "outoneh": 0.010232886379675371,
    "red-sfs": 0.008115737473535639,
    "alt-sfs": 0.0652787579393084,
    "sft": 0.0,
    "inroll": 0.20924488355681017,
    "bad-red-sfs": 0.00035285815102328866,
    "red": 0.015525758645024701,
    "sfr": 0.10832745236414962,
    "outroll": 0.22194777699364857,
    "inoneh": 0.002117148906139732,
    "bad-red": 0.00035285815102328866,
    "alt": 0.33627381792519406
  },
  "shai": {
    "sfb": 0.02285245722966046,
    "unknown": 0.015933861525442673,
    "outoneh": 0.012767971624020439,
    "red-sfs": 0.007820884756874853,
    "alt-sfs": 0.06345402093674421,
    "sft": 0.0002544832493351412,
    "inroll": 0.20001452951465384,
    "bad-red-sfs": 0.0006125115454294652,
    "red": 0.019656498122232465,
    "sfr": 0.09823378925716947,
    "outroll": 0.2337946680009772,
    "inoneh": 0.0018313071485212098,
    "bad-red": 0.0006140132640457909,
    "alt": 0.3221590038248928
  },
  "chained-bigrams": {
    "sfb": 0.02421646779546123,
    "unknown": 0.016831276227851404,
    "outoneh": 0.010260312744097983,
    "red-sfs": 0.01134335297047157,
    "alt-sfs": 0.0644447892973809,
    "sft": 0.00013440607125859272,
    "inroll": 0.1815761092234381,
    "bad-red-sfs": 0.0021147853820736064,
    "red": 0.02281916409812552,
    "sfr": 0.11914286586209158,
    "outroll": 0.21903449690898502,
    "inoneh": 0.0038224567222190117,
    "bad-red": 0.0018764905600837344,
    "alt": 0.32238302613646175
  },
  "english-200": {
    "sfb": 0.017817371937639197,
    "unknown": 0.0,
    "outoneh": 0.015590200445434299,
    "red-sfs": 0.0066815144766146995,
    "alt-sfs": 0.0757238307349666,
    "sft": 0.0,
    "inroll": 0.18040089086859687,
    "bad-red-sfs": 0.0,
    "red": 0.013363028953229399,
    "sfr": 0.10690423162583519,
    "outroll": 0.2739420935412027,
    "inoneh": 0.004454342984409799,
    "bad-red": 0.0,
    "alt": 0.3051224944320713
  },
  "english-450k": {
    "sfb": 0.042559759948687395,
    "unknown": 0.0,
    "outoneh": 0.004046656114917784,
    "red-sfs": 0.00562737202398876,
    "alt-sfs": 0.061598806291991874,
    "sft": 0.0017543695524939761,
    "inroll": 0.1993456122635723,
    "bad-red-sfs": 0.0011752317282162613,
    "red": 0.022284381521147447,
    "sfr": 0.11369548401129392,
    "outroll": 0.17718840133988112,
    "inoneh": 0.0015491425193577036,
    "bad-red": 0.0005028354658039725,
    "alt": 0.3686719472186475
  },
  "english-5k": {
    "sfb": 0.024640146015680094,
    "unknown": 0.0,
    "outoneh": 0.004687435184801095,
    "red-sfs": 0.005600033185381839,
    "alt-sfs": 0.062305554403285356,
    "sft": 0.0003733355456921226,
    "inroll": 0.23686066287800225,
    "bad-red-sfs": 0.0011614883643754927,
    "red": 0.01787862446592276,
    "sfr": 0.10644211224955408,
    "outroll": 0.16721284274277182,
    "inoneh": 0.0026548305471439833,
    "bad-red": 0.00016592690919649896,
    "alt": 0.37001700750819266
  },
  "monkeyracer": {
    "sfb": 0.02221424996480911,
    "unknown": 0.010282582854997889,
    "outoneh": 0.02423283857547273,
    "red-sfs": 0.008766441966310587,
    "alt-sfs": 0.06392620861160205,
    "sft": 0.00020528019769460563,
    "inroll": 0.18321844159094108,
    "bad-red-sfs": 0.0005493689100208017,
    "red": 0.021093029075496192,
    "sfr": 0.09690789370786869,
    "outroll": 0.26051621127046937,
    "inoneh": 0.001199422869387053,
    "bad-red": 0.0007634468304737476,
    "alt": 0.3061245835744561
  },
  "tr-quotes": {
    "sfb": 0.022300686530593375,
    "unknown": 0.010677053235015372,
    "outoneh": 0.02381128499110053,
    "red-sfs": 0.008774646910612329,
    "alt-sfs": 0.06400106331337695,
    "sft": 0.00021728577702780796,
    "inroll": 0.18340884399343518,
    "bad-red-sfs": 0.0005385913409306303,
    "red": 0.021010841173343196,
    "sfr": 0.09677191928064538,
    "outroll": 0.25955595108758467,
    "inoneh": 0.0012124084047987795,
    "bad-red": 0.0007466309146806592,
    "alt": 0.30697279304685515
  },
  "movie": {
    "sfb": 0.019862851364584048,
    "unknown": 0.024698413943370027,
    "outoneh": 0.036857133043704034,
    "red-sfs": 0.010897748611017713,
    "alt-sfs": 0.06148106261043526,
    "sft": 0.0001288342839741863,
    "inroll": 0.14760632085474376,
    "bad-red-sfs": 0.0004934918946917249,
    "red": 0.021691534929553703,
    "sfr": 0.11567713207251198,
    "outroll": 0.26474418893554325,
    "inoneh": 0.000793666564502878,
    "bad-red": 0.0008768363984882567,
    "alt": 0.29419078449287916
  },
  "gutenberg": {
    "sfb": 0.021440265090249575,
    "unknown": 0.03071490030131814,
    "outoneh": 0.017050636071869282,
    "red-sfs": 0.01065316664412369,
    "alt-sfs": 0.057033351860250214,
    "sft": 0.00018640578949103264,
    "inroll": 0.18962185767008677,
    "bad-red-sfs": 0.0009117592122157927,
    "red": 0.01933922178613876,
    "sfr": 0.09863878308844841,
    "outroll": 0.2706447253412988,
    "inoneh": 0.0018661416994676448,
    "bad-red": 0.0005734251268184509,
    "alt": 0.28132536031822347
  },
  "keymash": {
    "sfb": 0.02201852938882572,
    "unknown": 0.009638237696674644,
    "outoneh": 0.023011908231498318,
    "red-sfs": 0.008845997545286992,
    "alt-sfs": 0.06314523444972149,
    "sft": 0.00018471920628209497,
    "inroll": 0.18428819480077008,
    "bad-red-sfs": 0.0006362550438605493,
    "red": 0.02089789953738101,
    "sfr": 0.099723742164827,
    "outroll": 0.2611026505153666,
    "inoneh": 0.001334083156481797,
    "bad-red": 0.0007922401513876517,
    "alt": 0.3043803081116361
  },
  "english-10k": {
    "sfb": 0.025781054012851932,
    "unknown": 0.0,
    "outoneh": 0.004071708380772273,
    "red-sfs": 0.006078616776982304,
    "alt-sfs": 0.06373863877578588,
    "sft": 0.0003859439223480828,
    "inroll": 0.23679589355666622,
    "bad-red-sfs": 0.0006561046679917408,
    "red": 0.02140059049420119,
    "sfr": 0.10567144593890508,
    "outroll": 0.1719573146021883,
    "inoneh": 0.002219177553501476,
    "bad-red": 0.00036664672623067866,
    "alt": 0.36087686459157486
  },
  "mt-quotes": {
    "sfb": 0.0210940581633019,
    "unknown": 0.006119936410035739,
    "outoneh": 0.02589169385974349,
    "red-sfs": 0.009036468605443397,
    "alt-sfs": 0.06438334468868409,
    "sft": 0.00016136551081148923,
    "inroll": 0.18283459437491784,
    "bad-red-sfs": 0.0004915671579349995,
    "red": 0.021131411290804557,
    "sfr": 0.0964592223377679,
    "outroll": 0.26720036815242465,
    "inoneh": 0.001123582075279999,
    "bad-red": 0.000770968551654893,
    "alt": 0.30330141882119505
  }
}