{
  "english-1k": {
    "sfb": 0.02117148906139732,
    "unknown": 0.0,
    "outoneh": 0.011291460832745237,
    "red-sfs": 0.0007057163020465773,
    "alt-sfs": 0.06422018348623854,
    "sft": 0.0,
    "inroll": 0.32427664079040225,
    "bad-red-sfs": 0.0017642907551164433,
    "red": 0.008115737473535639,
    "sfr": 0.10832745236414962,
    "outroll": 0.11256175017642908,
    "inoneh": 0.0077628793225123505,
    "bad-red": 0.0035285815102328866,
    "alt": 0.33627381792519406
  },
  "shai": {
    "sfb": 0.0276547753258652,
    "unknown": 0.023621906111313578,
    "outoneh": 0.012699558277983906,
    "red-sfs": 0.0027793521740705524,
    "alt-sfs": 0.061242426771091325,
    "sft": 0.00006313797883536613,
    "inroll": 0.32792306819381645,
    "bad-red-sfs": 0.003193729751956337,
    "red": 0.008524141907145486,
    "sfr": 0.09823378925716947,
    "outroll": 0.10576685880408083,
    "inoneh": 0.006993631319719609,
    "bad-red": 0.006812000775320292,
    "alt": 0.3144916233516316
  },
  "chained-bigrams": {
    "sfb": 0.026476697428558627,
    "unknown": 0.02365222201805197,
    "outoneh": 0.010263559267558335,
    "red-sfs": 0.004597077219859114,
    "alt-sfs": 0.0643876504844787,
    "sft": 0.00012921163372202877,
    "inroll": 0.3081379304971272,
    "bad-red-sfs": 0.005734659040366624,
    "red": 0.01874867298353558,
    "sfr": 0.11914286586209158,
    "outroll": 0.09007284549340339,
    "inoneh": 0.006375522771440203,
    "bad-red": 0.0068287374465054096,
    "alt": 0.3154523478533013
  },
  "english-200": {
    "sfb": 0.024498886414253896,
    "unknown": 0.0,
    "outoneh": 0.015590200445434299,
    "red-sfs": 0.0,
    "alt-sfs": 0.066815144766147,
    "sft": 0.0,
    "inroll": 0.37193763919821826,
    "bad-red-sfs": 0.004454342984409799,
    "red": 0.004454342984409799,
    "sfr": 0.10690423162583519,
    "outroll": 0.10022271714922049,
    "inoneh": 0.004454342984409799,
    "bad-red": 0.004454342984409799,
    "alt": 0.2962138084632517
  },
  "english-450k": {
    "sfb": 0.03638891633694888,
    "unknown": 0.00015377410175167997,
    "outoneh": 0.006072615288186115,
    "red-sfs": 0.0029293089345091886,
    "alt-sfs": 0.061381008372210506,
    "sft": 0.0000976436311503063,
    "inroll": 0.27611075477357494,
    "bad-red-sfs": 0.003079282535647234,
    "red": 0.010620937484103676,
    "sfr": 0.11369548401129392,
    "outroll": 0.1081055323010394,
    "inoneh": 0.007663855660494849,
    "bad-red": 0.004236388799398468,
    "alt": 0.3694644977696908
  },
  "english-5k": {
    "sfb": 0.02654830547143983,
    "unknown": 0.002157049819554486,
    "outoneh": 0.005724478367279214,
    "red-sfs": 0.0023229767287509854,
    "alt-sfs": 0.059526278674243996,
    "sft": 0.0,
    "inroll": 0.2973410212801261,
    "bad-red-sfs": 0.0032355747293317293,
    "red": 0.008960053096610942,
    "sfr": 0.10644211224955408,
    "outroll": 0.11295474343551666,
    "inoneh": 0.009416352096901314,
    "bad-red": 0.003484465093126478,
    "alt": 0.3618865889575642
  },
  "monkeyracer": {
    "sfb": 0.032179137275755824,
    "unknown": 0.014352018393105714,
    "outoneh": 0.022603304815677933,
    "red-sfs": 0.003956042667000328,
    "alt-sfs": 0.06537392276772448,
    "sft": 0.00004789871279540798,
    "inroll": 0.34504277648310056,
    "bad-red-sfs": 0.00280256346090683,
    "red": 0.0073509861269687345,
    "sfr": 0.09690789370786869,
    "outroll": 0.0970809155887827,
    "inoneh": 0.005771306129471198,
    "bad-red": 0.008275724541345387,
    "alt": 0.29825550932949624
  },
  "tr-quotes": {
    "sfb": 0.03214558147060863,
    "unknown": 0.01476965396084233,
    "outoneh": 0.022155058828968354,
    "red-sfs": 0.00391461131272971,
    "alt-sfs": 0.06532442615750907,
    "sft": 0.00004160791475000578,
    "inroll": 0.34435634867432563,
    "bad-red-sfs": 0.002802755368576778,
    "red": 0.00736806823698019,
    "sfr": 0.09677191928064538,
    "outroll": 0.09711634035274265,
    "inoneh": 0.00576731929451469,
    "bad-red": 0.008393241025403944,
    "alt": 0.29907306812140266
  },
  "movie": {
    "sfb": 0.03418385455069932,
    "unknown": 0.030451476652766863,
    "outoneh": 0.03350415171441058,
    "red-sfs": 0.006935732484755377,
    "alt-sfs": 0.06172057067665898,
    "sft": 0.00005658707059131778,
    "inroll": 0.32076367804904626,
    "bad-red-sfs": 0.0026112959110314387,
    "red": 0.009874443818184952,
    "sfr": 0.11567713207251198,
    "outroll": 0.089133979627865,
    "inoneh": 0.003934512177998183,
    "bad-red": 0.0071789252904594595,
    "alt": 0.2839736599030203
  },
  "gutenberg": {
    "sfb": 0.024079687717260306,
    "unknown": 0.03802431837805746,
    "outoneh": 0.01583994562406726,
    "red-sfs": 0.0032446731325227714,
    "alt-sfs": 0.05484327327050852,
    "sft": 0.00010589515886736508,
    "inroll": 0.35612674532839433,
    "bad-red-sfs": 0.004392281133271426,
    "red": 0.007727694482426518,
    "sfr": 0.09863878308844841,
    "outroll": 0.1036399140260127,
    "inoneh": 0.005995105711405193,
    "bad-red": 0.007668969081265725,
    "alt": 0.279672713867492
  },
  "keymash": {
    "sfb": 0.030942519487876262,
    "unknown": 0.013394194891077241,
    "outoneh": 0.021390484087466598,
    "red-sfs": 0.00439631710951386,
    "alt-sfs": 0.06441363966619187,
    "sft": 0.00003694384125641899,
    "inroll": 0.3437829672472323,
    "bad-red-sfs": 0.0028241514204906965,
    "red": 0.00744213157754307,
    "sfr": 0.099723742164827,
    "outroll": 0.09875499254965868,
    "inoneh": 0.006062894837303428,
    "bad-red": 0.007795150505104408,
    "alt": 0.2990398706144582
  },
  "english-10k": {
    "sfb": 0.028251095115879664,
    "unknown": 0.0,
    "outoneh": 0.005480403697342776,
    "red-sfs": 0.00302965979043245,
    "alt-sfs": 0.06072827618147083,
    "sft": 0.00001929719611740414,
    "inroll": 0.2985083267401247,
    "bad-red-sfs": 0.003299820536076108,
    "red": 0.008876710214005904,
    "sfr": 0.10567144593890508,
    "outroll": 0.11755851874722603,
    "inoneh": 0.009359140116941009,
    "bad-red": 0.005847050423573454,
    "alt": 0.35337025530190463
  },
  "mt-quotes": {
    "sfb": 0.03237769091930529,
    "unknown": 0.008869126594231481,
    "outoneh": 0.024142073367518915,
    "red-sfs": 0.0040266671447866985,
    "alt-sfs": 0.06636604869652526,
    "sft": 0.00003884725260276592,
    "inroll": 0.3518440491985513,
    "bad-red-sfs": 0.0028313670647015935,
    "red": 0.007113529601606483,
    "sfr": 0.0964592223377679,
    "outroll": 0.09642186921026524,
    "inoneh": 0.00555814537239574,
    "bad-red": 0.008621101827613822,
    "alt": 0.29533026141212754
  }
}