{
  "keymash": {
    "bad-redirect": 0.007713053080090143,
    "dsfb-red": 0.006190145846075538,
    "sfb": 0.03782228370407162,
    "oneh-in": 0.028241514204906962,
    "roll-in": 0.3401255269628468,
    "unknown": 0.013394194891077241,
    "dsfb-alt": 0.06277169116590658,
    "alternate": 0.29213547717075855,
    "sfR": 0.099723742164827,
    "sfT": 0.0001929289487835214,
    "roll-out": 0.0998140493323427,
    "oneh-out": 0.0020319112691030445,
    "redirect": 0.009843481259210305,
    "sft": 0.0,
    "dsfb": 0.0
  },
  "english-450k": {
    "bad-redirect": 0.004412381212429859,
    "dsfb-red": 0.00589253002834004,
    "sfb": 0.04014410328942099,
    "oneh-in": 0.012229718628475338,
    "roll-in": 0.2704854291729935,
    "unknown": 0.00015377410175167997,
    "dsfb-alt": 0.060723521766051704,
    "alternate": 0.3644197717243924,
    "sfR": 0.11369548401129392,
    "sfT": 0.00024177030826737515,
    "roll-out": 0.1137001615505107,
    "oneh-out": 0.0018622453006809912,
    "redirect": 0.012039108905391506,
    "sft": 0.0,
    "dsfb": 0.0
  },
  "dutch": {
    "bad-redirect": 0.004346926584765732,
    "dsfb-red": 0.01068682508714635,
    "sfb": 0.05855091067097068,
    "oneh-in": 0.0199242861454957,
    "roll-in": 0.21517941068579943,
    "unknown": 0.07325982807452426,
    "dsfb-alt": 0.05939170354343694,
    "alternate": 0.2392443475591832,
    "sfR": 0.18880787437283908,
    "sfT": 0.0008188635111170386,
    "roll-out": 0.11505419636349866,
    "oneh-out": 0.0014356469712073403,
    "redirect": 0.01329918043001559,
    "sft": 0.0,
    "dsfb": 0.0
  },
  "english-1k": {
    "bad-redirect": 0.003175723359209598,
    "dsfb-red": 0.0028228652081863093,
    "sfb": 0.02611150317572336,
    "oneh-in": 0.01834862385321101,
    "roll-in": 0.3158080451658433,
    "unknown": 0.0,
    "dsfb-alt": 0.06633733239237827,
    "alternate": 0.3359209597741708,
    "sfR": 0.10832745236414962,
    "sfT": 0.0,
    "roll-out": 0.11397318278052224,
    "oneh-out": 0.00035285815102328866,
    "redirect": 0.008821453775582216,
    "sft": 0.0,
    "dsfb": 0.0
  },
  "english-10k": {
    "bad-redirect": 0.005885644815808263,
    "dsfb-red": 0.005422512108990564,
    "sfb": 0.03155091565195577,
    "oneh-in": 0.012755446633604138,
    "roll-in": 0.2921788464136161,
    "unknown": 0.0,
    "dsfb-alt": 0.06261940140097644,
    "alternate": 0.35026340672700257,
    "sfR": 0.10567144593890508,
    "sfT": 0.00021226915729144556,
    "roll-out": 0.1215723355396461,
    "oneh-out": 0.002219177553501476,
    "redirect": 0.00964859805870207,
    "sft": 0.0,
    "dsfb": 0.0
  },
  "movie": {
    "bad-redirect": 0.00673280861765814,
    "dsfb-red": 0.005887029309075816,
    "sfb": 0.03951883092691332,
    "oneh-in": 0.03825693925272694,
    "roll-in": 0.31831556345785955,
    "unknown": 0.030451476652766863,
    "dsfb-alt": 0.057814088838279286,
    "alternate": 0.2820715447441205,
    "sfR": 0.11567713207251198,
    "sfT": 0.0002750394826415213,
    "roll-out": 0.09086764955337667,
    "oneh-out": 0.001940410129927862,
    "redirect": 0.01219148696214154,
    "sft": 0.0,
    "dsfb": 0.0
  },
  "tr-quotes": {
    "bad-redirect": 0.008223342040174754,
    "dsfb-red": 0.005708374748618849,
    "sfb": 0.038244608307713646,
    "oneh-in": 0.02860775294144842,
    "roll-in": 0.3414380157647766,
    "unknown": 0.01476965396084233,
    "dsfb-alt": 0.06251358036106423,
    "alternate": 0.29411825893992277,
    "sfR": 0.09677191928064538,
    "sfT": 0.00016296433277085596,
    "roll-out": 0.09730704329534685,
    "oneh-out": 0.0018665772867016482,
    "redirect": 0.010267908739973648,
    "sft": 0.0,
    "dsfb": 0.0
  },
  "mt-quotes": {
    "bad-redirect": 0.00847766581800361,
    "dsfb-red": 0.005695604881605527,
    "sfb": 0.03913711287218656,
    "oneh-in": 0.0302724686532554,
    "roll-in": 0.34931449540407117,
    "unknown": 0.008869126594231481,
    "dsfb-alt": 0.06339722212261388,
    "alternate": 0.29025322432196604,
    "sfR": 0.0964592223377679,
    "sfT": 0.00016136551081148923,
    "roll-out": 0.09589145479972747,
    "oneh-out": 0.0019348920046377643,
    "redirect": 0.010136144679121694,
    "sft": 0.0,
    "dsfb": 0.0
  },
  "chained-bigrams": {
    "bad-redirect": 0.007295587520104096,
    "dsfb-red": 0.010672621223562748,
    "sfb": 0.030660167559568834,
    "oneh-in": 0.015268399834037721,
    "roll-in": 0.30617053728015353,
    "unknown": 0.02365222201805197,
    "dsfb-alt": 0.06192678570153151,
    "alternate": 0.3104455593727457,
    "sfR": 0.11914286586209158,
    "sfT": 0.0002804996269744544,
    "roll-out": 0.09357909083058406,
    "oneh-out": 0.0018102614814925436,
    "redirect": 0.019095401689101225,
    "sft": 0.0,
    "dsfb": 0.0
  },
  "wordle": {
    "bad-redirect": 0.007808818579602827,
    "dsfb-red": 0.010838101649276339,
    "sfb": 0.06267250084146751,
    "oneh-in": 0.007943453382699427,
    "roll-in": 0.21768203747335352,
    "unknown": 0.0,
    "dsfb-alt": 0.0663525187927746,
    "alternate": 0.31123078649164143,
    "sfR": 0.13138112868843263,
    "sfT": 0.0010995175586222372,
    "roll-out": 0.15723101088297992,
    "oneh-out": 0.006574666217883989,
    "redirect": 0.019185459441265568,
    "sft": 0.0,
    "dsfb": 0.0
  },
  "gutenberg": {
    "bad-redirect": 0.007460209751978004,
    "dsfb-red": 0.009028556836527047,
    "sfb": 0.03117030631548119,
    "oneh-in": 0.023554190095260177,
    "roll-in": 0.3529135187010093,
    "unknown": 0.03802431837805746,
    "dsfb-alt": 0.054283108718145734,
    "alternate": 0.2689354372939638,
    "sfR": 0.09863878308844841,
    "sfT": 0.00022675582319183542,
    "roll-out": 0.10505197576876286,
    "oneh-out": 0.0013146912388900065,
    "redirect": 0.009398147990284166,
    "sft": 0.0,
    "dsfb": 0.0
  },
  "english-5k": {
    "bad-redirect": 0.0033600199112291036,
    "dsfb-red": 0.004936325548595843,
    "sfb": 0.030157215746463684,
    "oneh-in": 0.014145269009001534,
    "roll-in": 0.2927780312772224,
    "unknown": 0.002157049819554486,
    "dsfb-alt": 0.06014850458373087,
    "alternate": 0.3598954660472062,
    "sfR": 0.10644211224955408,
    "sfT": 0.00012444518189737422,
    "roll-out": 0.11519475670966939,
    "oneh-out": 0.0009125980005807441,
    "redirect": 0.009748205915294314,
    "sft": 0.0,
    "dsfb": 0.0
  },
  "shai": {
    "bad-redirect": 0.006649714534128181,
    "dsfb-red": 0.005671817045466157,
    "sfb": 0.03254296618222566,
    "oneh-in": 0.019599591501573088,
    "roll-in": 0.32320085981905683,
    "unknown": 0.023621906111313578,
    "dsfb-alt": 0.0613401197597374,
    "alternate": 0.308163636549416,
    "sfR": 0.09823378925716947,
    "sfT": 0.00029962769763623297,
    "roll-out": 0.10823066041869153,
    "oneh-out": 0.00191246188034368,
    "redirect": 0.010532849243242189,
    "sft": 0.0,
    "dsfb": 0.0
  },
  "reddit": {
    "bad-redirect": 0.008539878192237813,
    "dsfb-red": 0.005456945793691685,
    "sfb": 0.03900335562236709,
    "oneh-in": 0.02208702593195449,
    "roll-in": 0.3211820735562462,
    "unknown": 0.041217725522189115,
    "dsfb-alt": 0.05806674424096953,
    "alternate": 0.2837065683634313,
    "sfR": 0.10397777127267367,
    "sfT": 0.0002399147319444499,
    "roll-out": 0.10179977252112926,
    "oneh-out": 0.0019900374517946504,
    "redirect": 0.01273218679937079,
    "sft": 0.0,
    "dsfb": 0.0
  },
  "akl": {
    "bad-redirect": 0.006875497105435358,
    "dsfb-red": 0.004836644602279098,
    "sfb": 0.04005856659419258,
    "oneh-in": 0.023016190752683456,
    "roll-in": 0.29318041041223,
    "unknown": 0.06692211644153111,
    "dsfb-alt": 0.05503662673467261,
    "alternate": 0.26316989429737125,
    "sfR": 0.11790358951788564,
    "sfT": 0.00025896877641961663,
    "roll-out": 0.10566787242033333,
    "oneh-out": 0.004603386840743248,
    "redirect": 0.01847023550422274,
    "sft": 0.0,
    "dsfb": 0.0
  },
  "english-200": {
    "bad-redirect": 0.004454342984409799,
    "dsfb-red": 0.004454342984409799,
    "sfb": 0.031180400890868598,