{
  "dutch": {
    "dsfb-alt": 0.028030995457807066,
    "redirect": 0.02872360824671654,
    "dsfb": 0.0,
    "unknown": 0.07360270072188302,
    "sfb": 0.029444139282249673,
    "sft": 0.0,
    "bad-redirect": 0.0019681377675996215,
    "roll-out": 0.1671935212167378,
    "oneh-in": 0.00607357241561042,
    "alternate": 0.20722147317325462,
    "oneh-out": 0.011772516747272161,
    "dsfb-red": 0.02286396813712209,
    "roll-in": 0.23423231402386424,
    "sfR": 0.18880787437283908,
    "sfT": 0.0000651784370436725
  },
  "chained-bigrams": {
    "dsfb-alt": 0.04730574264548808,
    "redirect": 0.0492705386436934,
    "dsfb": 0.0,
    "unknown": 0.023159399756770463,
    "sfb": 0.01880061735890122,
    "sft": 0.0,
    "bad-redirect": 0.0034465093055101943,
    "roll-out": 0.22362702899599962,
    "oneh-in": 0.007658548842971504,
    "alternate": 0.26400793710055587,
    "oneh-out": 0.007981902579622611,
    "dsfb-red": 0.028836919984234884,
    "roll-in": 0.20670679802533456,
    "sfR": 0.11914286586209158,
    "sfT": 0.00005519089882599218
  },
  "english-5k": {
    "dsfb-alt": 0.03733355456921226,
    "redirect": 0.039200232297672874,
    "dsfb": 0.0,
    "unknown": 0.002157049819554486,
    "sfb": 0.018334923466213134,
    "sft": 0.0,
    "bad-redirect": 0.0026963122744431078,
    "roll-out": 0.22682208487161407,
    "oneh-in": 0.008462272369021445,
    "alternate": 0.26000746671091385,
    "oneh-out": 0.005724478367279214,
    "dsfb-red": 0.019911229103579873,
    "roll-in": 0.2728668021736425,
    "sfR": 0.10644211224955408,
    "sfT": 0.00004148172729912474
  },
  "english-450k": {
    "dsfb-alt": 0.0398675437832288,
    "redirect": 0.04650848008625382,
    "dsfb": 0.0,
    "unknown": 0.00015377410175167997,
    "sfb": 0.02846604194232477,
    "sft": 0.0,
    "bad-redirect": 0.0023577721114587434,
    "roll-out": 0.2254661606348824,
    "oneh-in": 0.008244747561978856,
    "alternate": 0.2636416046064406,
    "oneh-out": 0.006750566128418331,
    "dsfb-red": 0.022703313627250407,
    "roll-in": 0.24212141605483478,
    "sfR": 0.11369548401129392,
    "sfT": 0.000023095349882856877
  },
  "french": {
    "dsfb-alt": 0.028510932764311128,
    "redirect": 0.042384774269315896,
    "dsfb": 0.0,
    "unknown": 0.1584254645227596,
    "sfb": 0.0493605878741525,
    "sft": 0.0,
    "bad-redirect": 0.002608128309497453,
    "roll-out": 0.19969446638160124,
    "oneh-in": 0.006203604711206863,
    "alternate": 0.1850298684671001,
    "oneh-out": 0.014503093697181061,
    "dsfb-red": 0.014221165463272975,
    "roll-in": 0.19003693367733432,
    "sfR": 0.10898279115633469,
    "sfT": 0.00003818870593217725
  },
  "english-200": {
    "dsfb-alt": 0.044543429844097995,
    "redirect": 0.035634743875278395,
    "dsfb": 0.0,
    "unknown": 0.0,
    "sfb": 0.0200445434298441,
    "sft": 0.0,
    "bad-redirect": 0.0022271714922048997,
    "roll-out": 0.2806236080178174,
    "oneh-in": 0.0066815144766146995,
    "alternate": 0.24276169265033407,
    "oneh-out": 0.013363028953229399,
    "dsfb-red": 0.026726057906458798,
    "roll-in": 0.22048997772828507,
    "sfR": 0.10690423162583519,
    "sfT": 0.0
  },
  "wordle": {
    "dsfb-alt": 0.04539436777740379,
    "redirect": 0.04999439021653764,
    "dsfb": 0.0,
    "unknown": 0.0,
    "sfb": 0.03484797486817009,
    "sft": 0.0,
    "bad-redirect": 0.0013239088971165713,
    "roll-out": 0.23785481880399417,
    "oneh-in": 0.010344440704588802,
    "alternate": 0.23356894423875238,
    "oneh-out": 0.008998092673622797,
    "dsfb-red": 0.028520139122629868,
    "roll-in": 0.2177269157410524,
    "sfR": 0.13138112868843263,
    "sfT": 0.000044878267698866824
  },
  "shai": {
    "dsfb-alt": 0.037134567611861784,
    "redirect": 0.04322661042291802,
    "dsfb": 0.0,
    "unknown": 0.024097749651430984,
    "sfb": 0.01763808767126172,
    "sft": 0.0,
    "bad-redirect": 0.0017289696693091755,
    "roll-out": 0.25436655650967155,
    "oneh-in": 0.009791290527437638,
    "alternate": 0.24462271332377394,
    "oneh-out": 0.007832654670050745,
    "dsfb-red": 0.018493448017158607,
    "roll-in": 0.24278236877069315,
    "sfR": 0.09823378925716947,
    "sfT": 0.000051193897263249413
  },
  "movie": {
    "dsfb-alt": 0.040828097822990114,
    "redirect": 0.04343913053834439,
    "dsfb": 0.0,
    "unknown": 0.030282373430185833,
    "sfb": 0.014740142302006775,
    "sft": 0.0,
    "bad-redirect": 0.0013876992078731302,
    "roll-out": 0.27600527917889267,
    "oneh-in": 0.012172800069062545,
    "alternate": 0.24280274971051766,
    "oneh-out": 0.011155022385450332,
    "dsfb-red": 0.022274776550160028,
    "roll-in": 0.1892125566972838,
    "sfR": 0.11567713207251198,
    "sfT": 0.000022240034720773732
  },
  "monkeyracer": {
    "dsfb-alt": 0.03541963182507781,
    "redirect": 0.04426329824671161,
    "dsfb": 0.0,
    "unknown": 0.013491796612290222,
    "sfb": 0.016397000172044356,
    "sft": 0.0,
    "bad-redirect": 0.0017341289081439543,
    "roll-out": 0.27772357946103193,
    "oneh-in": 0.010538694339740683,
    "alternate": 0.24917008148646325,
    "oneh-out": 0.010301155825265496,
    "dsfb-red": 0.01942048422666062,
    "roll-in": 0.2245999968719208,
    "sfR": 0.09690789370786869,
    "sfT": 0.00003225831678058088
  },
  "mt-quotes": {
    "dsfb-alt": 0.035213540359307204,
    "redirect": 0.044288856217353366,
    "dsfb": 0.0,
    "unknown": 0.007995063410669249,
    "sfb": 0.01563751329771339,
    "sft": 0.0,
    "bad-redirect": 0.0016539964858177645,
    "roll-out": 0.283454955116482,
    "oneh-in": 0.010790571472968288,
    "alternate": 0.2511041584489786,
    "oneh-out": 0.01045140507524414,
    "dsfb-red": 0.01965521569189945,
    "roll-in": 0.22327159608419694,
    "sfR": 0.0964592223377679,
    "sfT": 0.000023906001601702106
  },
  "english-10k": {
    "dsfb-alt": 0.03888385017656935,
    "redirect": 0.04040832866984427,
    "dsfb": 0.0,
    "unknown": 0.0,
    "sfb": 0.01896914378340827,
    "sft": 0.0,
    "bad-redirect": 0.0018911252195056058,
    "roll-out": 0.2232299646861311,
    "oneh-in": 0.010864321414098531,
    "alternate": 0.2555334709866656,
    "oneh-out": 0.005017270990525077,
    "dsfb-red": 0.018621794253294997,
    "roll-in": 0.2808513922926999,
    "sfR": 0.10567144593890508,
    "sfT": 0.00005789158835221242
  },
  "english-1k": {
    "dsfb-alt": 0.030698659139026113,
    "redirect": 0.03987297106563162,
    "dsfb": 0.0,
    "unknown": 0.0,
    "sfb": 0.017290049400141144,
    "sft": 0.0,
    "bad-redirect": 0.0014114326040931546,
    "roll-out": 0.27134791813690895,
    "oneh-in": 0.010232886379675371,
    "alternate": 0.23712067748764998,
    "oneh-out": 0.011291460832745237,
    "dsfb-red": 0.02328863796753705,
    "roll-in": 0.2491178546224418,
    "sfR": 0.10832745236414962,
    "sfT": 0.0
  },
  "gutenberg": {
    "dsfb-alt": 0.03394915441105432,
    "redirect": 0.04115305620248215,
    "dsfb": 0.0,
    "unknown": 0.03298207965968062,
    "sfb": 0.01616672406601038,
    "sft": 0.0,
    "bad-redirect": 0.0019246776638504996,
    "roll-out": 0.2775015789555441,
    "oneh-in": 0.008040075729246348,
    "alternate": 0.22985974479835022,
    "oneh-out": 0.01362429306930393,
    "dsfb-red": 0.026254611364766957,
    "roll-in": 0.21987737378490516,
    "sfR": 0.09863878308844841,
    "sfT": 0.00002784720635689207
  },
  "tr-quotes": {
    "dsfb-alt": 0.03538868727028964,
    "redirect": 0.04405584706779778,
    "dsfb": 0.0,
    "unknown": 0.013894731975682485,
    "sfb": 0.016407387716418944,
    "sft": 0.0,
    "bad-redirect": 0.0016978340768821802,
    "roll-out": 0.2771838376366704,
    "oneh-in": 0.010546450613716743,
    "alternate": 0.2497272370033055,
    "oneh-out": 0.01020087376620975,
    "dsfb-red": 0.019438986616120757,
    "roll-in": 0.22465384526478815,
    "sfR": 0.09677191928064538,
    "sfT": 0.00003236171147222672
  },
  "reddit": {
    "dsfb-alt": 0.03935568005151144,
    "redirect": 0.04034200865753193,
    "dsfb": 0.0,
    "unknown": 0.04519941109454869,