{
  "dutch": {
    "dsfb": 0.0,
    "sfb": 0.00459428189123546,
    "roll-out": 0.013033571575014787,
    "sfR": 0.18880787437283908,
    "roll-in": 0.012906370520712775,
    "alternate": 0.01310466717415596,
    "dsfb-alt": 0.0014480012884351505,
    "sft": 0.0,
    "sfT": 0.0,
    "dsfb-red": 0.0008695180048304842,
    "oneh-in": 0.0009432135691357095,
    "oneh-out": 0.0010175725728276243,
    "redirect": 0.003439162195832317,
    "bad-redirect": 0.000571203381145318,
    "unknown": 0.7592645634538353
  },
  "english-1k": {
    "dsfb": 0.0,
    "sfb": 0.0,
    "roll-out": 0.0,
    "sfR": 0.10832745236414962,
    "roll-in": 0.0,
    "alternate": 0.0,
    "dsfb-alt": 0.0,
    "sft": 0.0,
    "sfT": 0.0,
    "dsfb-red": 0.0,
    "oneh-in": 0.0,
    "oneh-out": 0.0,
    "redirect": 0.0,
    "bad-redirect": 0.0,
    "unknown": 0.8916725476358504
  },
  "shai": {
    "dsfb": 0.0,
    "sfb": 0.00005753749729458424,
    "roll-out": 0.0001946622108456286,
    "sfR": 0.09823378925716947,
    "roll-in": 0.0005899238396436994,
    "alternate": 0.000738307572408382,
    "dsfb-alt": 9.374130125621084e-6,
    "sft": 0.0,
    "sfT": 0.0,
    "dsfb-red": 6.34360003133483e-6,
    "oneh-in": 0.000033440332074882815,
    "oneh-out": 0.00001072103238974831,
    "redirect": 0.00006523574040765623,
    "bad-redirect": 0.00001825671833301183,
    "unknown": 0.9000424080692759
  },
  "akl": {
    "dsfb": 0.0,
    "sfb": 0.0005896186232501176,
    "roll-out": 0.0019462308953219706,
    "sfR": 0.11790358951788564,
    "roll-in": 0.0021436790987787455,
    "alternate": 0.00208519428419977,
    "dsfb-alt": 0.00015414218079713067,
    "sft": 0.0,
    "sfT": 0.0,
    "dsfb-red": 0.00009999416390939264,
    "oneh-in": 0.00019081909841445438,
    "oneh-out": 0.00010928730181918751,
    "redirect": 0.0006716460538672402,
    "bad-redirect": 0.00007973512326603987,
    "unknown": 0.8740260636584903
  },
  "monkeyracer": {
    "dsfb": 0.0,
    "sfb": 5.865148505560161e-6,
    "roll-out": 0.000035190891033360966,
    "sfR": 0.09690789370786869,
    "roll-in": 0.00009579742559081596,
    "alternate": 0.00006256158405930838,
    "dsfb-alt": 0.0,
    "sft": 0.0,
    "sfT": 0.0,
    "dsfb-red": 0.0,
    "oneh-in": 4.887623754633467e-6,
    "oneh-out": 2.9325742527800804e-6,
    "redirect": 0.000015640396014827094,
    "bad-redirect": 8.797722758340242e-6,
    "unknown": 0.9028604329261617
  },
  "tr-quotes": {
    "dsfb": 0.0,
    "sfb": 5.778877048611914e-6,
    "roll-out": 0.00003929636393056101,
    "sfR": 0.09677191928064538,
    "roll-in": 0.00010286401146529206,
    "alternate": 0.00006241187212500867,
    "dsfb-alt": 0.0,
    "sft": 0.0,
    "sfT": 0.0,
    "dsfb-red": 0.0,
    "oneh-in": 4.623101638889531e-6,
    "oneh-out": 3.4673262291671484e-6,
    "redirect": 0.00001733663114583574,
    "bad-redirect": 0.000010401978687501445,
    "unknown": 0.9029819005570837
  },
  "reddit": {
    "dsfb": 0.0,
    "sfb": 0.00008742560255399627,
    "roll-out": 0.0003175639496370096,
    "sfR": 0.10397777127267367,
    "roll-in": 0.0004779940506390516,
    "alternate": 0.0006288725112592302,
    "dsfb-alt": 0.00002247444795732552,
    "sft": 0.0,
    "sfT": 0.0,
    "dsfb-red": 0.000014833135651834843,
    "oneh-in": 0.000030003388023029567,
    "oneh-out": 0.000020264460574855176,
    "redirect": 0.0000834551167482021,
    "bad-redirect": 0.000017118037860829602,
    "unknown": 0.8943222240264209
  },
  "keymash": {
    "dsfb": 0.0,
    "sfb": 8.209742501426442e-6,
    "roll-out": 0.00002462922750427933,
    "sfR": 0.099723742164827,
    "roll-in": 0.000053363326259271875,
    "alternate": 0.000045153583757845434,
    "dsfb-alt": 0.0,
    "sft": 0.0,
    "sfT": 0.0,
    "dsfb-red": 0.0,
    "oneh-in": 0.0,
    "oneh-out": 0.0,
    "redirect": 0.000012314613752139664,
    "bad-redirect": 4.104871250713221e-6,
    "unknown": 0.9001284824701473
  },
  "english-10k": {
    "dsfb": 0.0,
    "sfb": 0.0,
    "roll-out": 0.0,
    "sfR": 0.10567144593890508,
    "roll-in": 0.0,
    "alternate": 0.0,
    "dsfb-alt": 0.0,
    "sft": 0.0,
    "sfT": 0.0,
    "dsfb-red": 0.0,
    "oneh-in": 0.0,
    "oneh-out": 0.0,
    "redirect": 0.0,
    "bad-redirect": 0.0,
    "unknown": 0.8943285540610949
  },
  "wordle": {
    "dsfb": 0.0,
    "sfb": 0.0,
    "roll-out": 0.0,
    "sfR": 0.13138112868843263,
    "roll-in": 0.0,
    "alternate": 0.0,
    "dsfb-alt": 0.0,
    "sft": 0.0,
    "sfT": 0.0,
    "dsfb-red": 0.0,
    "oneh-in": 0.0,
    "oneh-out": 0.0,
    "redirect": 0.0,
    "bad-redirect": 0.0,
    "unknown": 0.8686188713115673
  },
  "chained-bigrams": {
    "dsfb": 0.0,
    "sfb": 0.00009934361788678594,
    "roll-out": 0.0005097041832753396,
    "sfR": 0.11914286586209158,
    "roll-in": 0.0008577314982251256,
    "alternate": 0.0008044885134753449,
    "dsfb-alt": 0.0000175312266859034,
    "sft": 0.0,
    "sfT": 0.0,
    "dsfb-red": 0.000013635398533480423,
    "oneh-in": 0.0000701249067436136,
    "oneh-out": 0.000025322882990749355,
    "redirect": 0.0001220692821092533,
    "bad-redirect": 0.00003181592991145432,
    "unknown": 0.8783053666980714
  },
  "english-450k": {
    "dsfb": 0.0,
    "sfb": 0.0,
    "roll-out": 0.0,
    "sfR": 0.11369548401129392,
    "roll-in": 0.0,
    "alternate": 0.0,
    "dsfb-alt": 0.0,
    "sft": 0.0,
    "sfT": 0.0,
    "dsfb-red": 0.0,
    "oneh-in": 0.0,
    "oneh-out": 0.0,
    "redirect": 0.0,
    "bad-redirect": 0.0,
    "unknown": 0.8863045159887061
  },
  "english-200": {
    "dsfb": 0.0,
    "sfb": 0.0,
    "roll-out": 0.0,
    "sfR": 0.10690423162583519,
    "roll-in": 0.0,
    "alternate": 0.0,
    "dsfb-alt": 0.0,
    "sft": 0.0,
    "sfT": 0.0,
    "dsfb-red": 0.0,
    "oneh-in": 0.0,
    "oneh-out": 0.0,
    "redirect": 0.0,
    "bad-redirect": 0.0,
    "unknown": 0.8930957683741648
  },
  "english-5k": {
    "dsfb": 0.0,
    "sfb": 0.0,
    "roll-out": 0.0,
    "sfR": 0.10644211224955408,
    "roll-in": 0.0,
    "alternate": 0.0,
    "dsfb-alt": 0.0,
    "sft": 0.0,
    "sfT": 0.0,
    "dsfb-red": 0.0,
    "oneh-in": 0.0,
    "oneh-out": 0.0,
    "redirect": 0.0,
    "bad-redirect": 0.0,
    "unknown": 0.893557887750446
  },
  "movie": {
    "dsfb": 0.0,
    "sfb": 8.817055185158816e-6,
    "roll-out": 0.00002539838284680077,
    "sfR": 0.11567713207251198,
    "roll-in": 0.00005935062520159144,
    "alternate": 0.00003842656886666231,
    "dsfb-alt": 1.3159783858445994e-6,
    "sft": 0.0,
    "sfT": 0.0,
    "dsfb-red": 3.9479351575337985e-7,
    "oneh-in": 5.395511381962858e-6,
    "oneh-out": 3.1583481260270388e-6,
    "redirect": 9.080250862327736e-6,
    "bad-redirect": 2.631956771689199e-6,
    "unknown": 0.8841688984563442
  },
  "gutenberg": {
    "dsfb": 0.0,
    "sfb": 6.4408504498934035e-6,
    "roll-out": 0.00001022958600865423,
    "sfR": 0.09863878308844841,
    "roll-in": 0.00007331203306202198,
    "alternate": 0.00003883453947729847,
    "dsfb-alt": 1.8943677793804128e-7,
    "sft": 0.0,
    "sfT": 0.0,
    "dsfb-red": 0.0,
    "oneh-in": 0.000010040149230716189,
    "oneh-out": 1.1366206676282477e-6,
    "redirect": 5.683103338141238e-6,
    "bad-redirect": 4.167609114636908e-6,
    "unknown": 0.9012111829834246
  },
  "mt-quotes": {
    "dsfb": 0.0,
    "sfb": 4.482375300319145e-6,
    "roll-out": 0.000010458875700744673,
    "sfR": 0.0964592223377679,
    "roll-in": 0.00002540012670180849,
    "alternate": 0.00001942362630138296,
    "dsfb-alt": 0.0,
    "sft": 0.0,
    "sfT": 0.0,
    "dsfb-red": 0.0,
    "oneh-in": 1.4941251001063816e-6,
    "oneh-out": 1.4941251001063816e-6,
    "redirect": 4.482375300319145e-6,
    "bad-redirect": 2.9882502002127633e-6,
    "unknown": 0.903470553782527
  },
  "french": {
    "dsfb": 0.0,
    "sfb": 0.003865853638256292,
    "roll-out": 0.011004759535277159,
    "sfR": 0.10898279115633469,
    "roll-in": 0.011046169336452732,
    "alternate": 0.011003830661299993,
    "dsfb-alt": 0.0012111467933554887,
    "sft": 0.0,
    "sfT": 0.0,
    "dsfb-red": 0.0007279375613309644,