{
  "dutch": {
    "dsfb": 0.0,
    "sfb": 0.06854912153632192,
    "roll-out": 0.14171970804793935,
    "sfR": 0.18880787437283908,
    "roll-in": 0.19456070074117654,
    "alternate": 0.23309437202933808,
    "dsfb-alt": 0.03668434296316201,
    "sft": 0.0,
    "sfT": 0.00009897798417636098,
    "dsfb-red": 0.012477663161351795,
    "oneh-in": 0.012993245218780614,
    "oneh-out": 0.003707281362025999,
    "redirect": 0.028197626328631507,
    "bad-redirect": 0.0058492581797324715,
    "unknown": 0.07325982807452426
  },
  "english-1k": {
    "dsfb": 0.0,
    "sfb": 0.014820042342978124,
    "roll-out": 0.22194777699364857,
    "sfR": 0.10832745236414962,
    "roll-in": 0.2515878616796048,
    "alternate": 0.239590684544813,
    "dsfb-alt": 0.04199011997177135,
    "sft": 0.0,
    "sfT": 0.0,
    "dsfb-red": 0.02399435426958363,
    "oneh-in": 0.016231474947071278,
    "oneh-out": 0.009880028228652082,
    "redirect": 0.06069160197600565,
    "bad-redirect": 0.010938602681721948,
    "unknown": 0.0
  },
  "shai": {
    "dsfb": 0.0,
    "sfb": 0.018890106863535268,
    "roll-out": 0.23210705752015787,
    "sfR": 0.09823378925716947,
    "roll-in": 0.22837916490821095,
    "alternate": 0.2315945263749782,
    "dsfb-alt": 0.041953451057751764,
    "sft": 0.0,
    "sfT": 0.000052335667860713584,
    "dsfb-red": 0.02398113423413744,
    "oneh-in": 0.02133327532880671,
    "oneh-out": 0.010894457667481103,
    "redirect": 0.057899999783257106,
    "bad-redirect": 0.011058795225339845,
    "unknown": 0.023621906111313578
  },
  "akl": {
    "dsfb": 0.0,
    "sfb": 0.02154421966202468,
    "roll-out": 0.19994310121429096,
    "sfR": 0.11790358951788564,
    "roll-in": 0.2141332891227786,
    "alternate": 0.21194394973973638,
    "dsfb-alt": 0.0381716259187351,
    "sft": 0.0,
    "sfT": 0.00042810388637788303,
    "dsfb-red": 0.02203495929791458,
    "oneh-in": 0.0249319401556613,
    "oneh-out": 0.012659236369228017,
    "redirect": 0.05842459504532015,
    "bad-redirect": 0.01095927362851561,
    "unknown": 0.06692211644153111
  },
  "monkeyracer": {
    "dsfb": 0.0,
    "sfb": 0.01662965106276491,
    "roll-out": 0.23664603437759044,
    "sfR": 0.09690789370786869,
    "roll-in": 0.2291738351815068,
    "alternate": 0.22832241112344964,
    "dsfb-alt": 0.03983999874876832,
    "sft": 0.0,
    "sfT": 0.000026393168275020725,
    "dsfb-red": 0.024281714813019065,
    "oneh-in": 0.02394349124919843,
    "oneh-out": 0.015022600372241426,
    "redirect": 0.06129373445735646,
    "bad-redirect": 0.013560223344855092,
    "unknown": 0.014352018393105714
  },
  "tr-quotes": {
    "dsfb": 0.0,
    "sfb": 0.01676452231802316,
    "roll-out": 0.23638149834724118,
    "sfR": 0.09677191928064538,
    "roll-in": 0.22869212454635815,
    "alternate": 0.22880539053651094,
    "dsfb-alt": 0.040089225861630565,
    "sft": 0.0,
    "sfT": 0.000027738609833337187,
    "dsfb-red": 0.024388016920551998,
    "oneh-in": 0.02378816948290608,
    "oneh-out": 0.0148817641755854,
    "redirect": 0.06124107163495989,
    "bad-redirect": 0.013398904324911583,
    "unknown": 0.01476965396084233
  },
  "reddit": {
    "dsfb": 0.0,
    "sfb": 0.018148191640366882,
    "roll-out": 0.21816575916718686,
    "sfR": 0.10397777127267367,
    "roll-in": 0.2205507850418315,
    "alternate": 0.2254152669299548,
    "dsfb-alt": 0.04149352445603876,
    "sft": 0.0,
    "sfT": 0.0000826685110696957,
    "dsfb-red": 0.0229885884117626,
    "oneh-in": 0.0242222108601402,
    "oneh-out": 0.012626631808797886,
    "redirect": 0.05936145973037779,
    "bad-redirect": 0.011749416647610207,
    "unknown": 0.041217725522189115
  },
  "keymash": {
    "dsfb": 0.0,
    "sfb": 0.017338976163012648,
    "roll-out": 0.2331648967830124,
    "sfR": 0.099723742164827,
    "roll-in": 0.22967165134865544,
    "alternate": 0.22905592066104846,
    "dsfb-alt": 0.040281101583248845,
    "sft": 0.0,
    "sfT": 0.000016419485002852885,
    "dsfb-red": 0.025224433835632745,
    "oneh-in": 0.024292628061720844,
    "oneh-out": 0.014026345063687077,
    "redirect": 0.06157306876069832,
    "bad-redirect": 0.012236621198376114,
    "unknown": 0.013394194891077241
  },
  "english-10k": {
    "dsfb": 0.0,
    "sfb": 0.022018100769958124,
    "roll-out": 0.23085235715250574,
    "sfR": 0.10567144593890508,
    "roll-in": 0.21661102641786148,
    "alternate": 0.25543698500607864,
    "dsfb-alt": 0.04581154358271743,
    "sft": 0.0,
    "sfT": 0.00001929719611740414,
    "dsfb-red": 0.02288647459524131,
    "oneh-in": 0.0237548484205245,
    "oneh-out": 0.008085525173192335,
    "redirect": 0.054495281835549296,
    "bad-redirect": 0.014357113911348682,
    "unknown": 0.0
  },
  "wordle": {
    "dsfb": 0.0,
    "sfb": 0.03412992258498822,
    "roll-out": 0.18256479299899023,
    "sfR": 0.13138112868843263,
    "roll-in": 0.23462358352967574,
    "alternate": 0.26451250981712104,
    "dsfb-alt": 0.04665095927297206,
    "sft": 0.0,
    "sfT": 0.0001570739369460339,
    "dsfb-red": 0.024548412431280153,
    "oneh-in": 0.012745428026478179,
    "oneh-out": 0.008392236059688096,
    "redirect": 0.048782676988668235,
    "bad-redirect": 0.011511275664759341,
    "unknown": 0.0
  },
  "chained-bigrams": {
    "dsfb": 0.0,
    "sfb": 0.020795930677633856,
    "roll-out": 0.22457761106519084,
    "sfR": 0.11914286586209158,
    "roll-in": 0.20486536991862264,
    "alternate": 0.225509363298312,
    "dsfb-alt": 0.04794335985310131,
    "sft": 0.0,
    "sfT": 0.00006557977389912012,
    "dsfb-red": 0.026966922471071852,
    "oneh-in": 0.0175533030454338,
    "oneh-out": 0.012514698634966745,
    "redirect": 0.0648519033393091,
    "bad-redirect": 0.011560870042315187,
    "unknown": 0.02365222201805197
  },
  "english-450k": {
    "dsfb": 0.0,
    "sfb": 0.030855972135898885,
    "roll-out": 0.23528139198889553,
    "sfR": 0.11369548401129392,
    "roll-in": 0.2092514709399106,
    "alternate": 0.2468419301631701,
    "dsfb-alt": 0.0428322266080649,
    "sft": 0.0,
    "sfT": 0.00003537389032690737,
    "dsfb-red": 0.020563924127975135,
    "oneh-in": 0.020273332004132606,
    "oneh-out": 0.009981576342409903,
    "redirect": 0.054317047116267836,
    "bad-redirect": 0.015916496569902024,
    "unknown": 0.00015377410175167997
  },
  "english-200": {
    "dsfb": 0.0,
    "sfb": 0.015590200445434299,
    "roll-out": 0.21158129175946547,
    "sfR": 0.10690423162583519,
    "roll-in": 0.26948775055679286,
    "alternate": 0.21603563474387527,
    "dsfb-alt": 0.0334075723830735,
    "sft": 0.0,
    "sfT": 0.0,
    "dsfb-red": 0.031180400890868598,
    "oneh-in": 0.024498886414253896,
    "oneh-out": 0.0066815144766146995,
    "redirect": 0.07126948775055679,
    "bad-redirect": 0.013363028953229399,
    "unknown": 0.0
  },
  "english-5k": {
    "dsfb": 0.0,
    "sfb": 0.01908159455759738,
    "roll-out": 0.2436636661550587,
    "sfR": 0.10644211224955408,
    "roll-in": 0.21329904177209938,
    "alternate": 0.2500518521591239,
    "dsfb-alt": 0.04405359439167047,
    "sft": 0.0,
    "sfT": 0.0,
    "dsfb-red": 0.024391255651885345,
    "oneh-in": 0.018708259011905256,
    "oneh-out": 0.00954079727879869,
    "redirect": 0.05554403285352802,
    "bad-redirect": 0.013066744099224292,
    "unknown": 0.002157049819554486
  },
  "movie": {
    "dsfb": 0.0,
    "sfb": 0.015529992529190703,
    "roll-out": 0.20758611532260748,
    "sfR": 0.11567713207251198,
    "roll-in": 0.2217186704038698,
    "alternate": 0.22672136223765807,
    "dsfb-alt": 0.04668775478164036,
    "sft": 0.0,
    "sfT": 0.000014080968728537216,
    "dsfb-red": 0.02296790236598438,
    "oneh-in": 0.02157954516891833,
    "oneh-out": 0.015989268985850468,
    "redirect": 0.06205864552398246,
    "bad-redirect": 0.013018052986290532,
    "unknown": 0.030451476652766863
  },
  "gutenberg": {
    "dsfb": 0.0,
    "sfb": 0.01671931114725565,
    "roll-out": 0.23471178899167727,
    "sfR": 0.09863878308844841,
    "roll-in": 0.22458620377411104,
    "alternate": 0.2180167257519977,