{
  "tr-quotes": {
    "dsfb-alt": 0.03700214974226208,
    "redirect": 0.03311527703936571,
    "dsfb": 0.0,
    "unknown": 0.01476965396084233,
    "sfb": 0.031634728739511335,
    "sft": 0.0,
    "bad-redirect": 0.0030755183652712605,
    "roll-out": 0.2512424585654516,
    "oneh-in": 0.023813596541919974,
    "alternate": 0.2698747139455861,
    "oneh-out": 0.008924897713876239,
    "dsfb-red": 0.017831303021196922,
    "roll-in": 0.21190679827095998,
    "sfR": 0.09677191928064538,
    "sfT": 0.00003698481311111625
  },
  "keymash": {
    "dsfb-alt": 0.03758420117153025,
    "redirect": 0.03238743416812732,
    "dsfb": 0.0,
    "unknown": 0.013394194891077241,
    "sfb": 0.030724961311588462,
    "sft": 0.0,
    "bad-redirect": 0.003004765755522078,
    "roll-out": 0.25327876591150716,
    "oneh-in": 0.0230365374590026,
    "alternate": 0.26878286462545103,
    "oneh-out": 0.009272904155361167,
    "dsfb-red": 0.017757673030585397,
    "roll-in": 0.2110026969004117,
    "sfR": 0.099723742164827,
    "sfT": 0.00004925845500855866
  },
  "french": {
    "dsfb-alt": 0.03444835515370669,
    "redirect": 0.02332386076640523,
    "dsfb": 0.0,
    "unknown": 0.15822391385155302,
    "sfb": 0.04803542929101911,
    "sft": 0.0,
    "bad-redirect": 0.0037703144551533125,
    "roll-out": 0.1603550354100993,
    "oneh-in": 0.016386041103602363,
    "alternate": 0.21422443749676673,
    "oneh-out": 0.005805057847649476,
    "dsfb-red": 0.018432575202873194,
    "roll-in": 0.20790115786088892,
    "sfR": 0.10898279115633469,
    "sfT": 0.0001110304039479661
  },
  "wordle": {
    "dsfb-alt": 0.0583641871423763,
    "redirect": 0.036867496914619095,
    "dsfb": 0.0,
    "unknown": 0.0,
    "sfb": 0.05470660832491866,
    "sft": 0.0,
    "bad-redirect": 0.00394928755750028,
    "roll-out": 0.18467407158083698,
    "oneh-in": 0.00861662739818243,
    "alternate": 0.29345899248289015,
    "oneh-out": 0.007449792438011893,
    "dsfb-red": 0.01848984629193313,
    "roll-in": 0.2016156176371592,
    "sfR": 0.13138112868843263,
    "sfT": 0.00042634354313923485
  },
  "english-450k": {
    "dsfb-alt": 0.05189145068616577,
    "redirect": 0.03439102239898123,
    "dsfb": 0.0,
    "unknown": 0.00015377410175167997,
    "sfb": 0.036284548743174445,
    "sft": 0.0,
    "bad-redirect": 0.00296117467042351,
    "roll-out": 0.19282132209476577,
    "oneh-in": 0.011149791761800993,
    "alternate": 0.325901990351406,
    "oneh-out": 0.005497862656924132,
    "dsfb-red": 0.014605908550600158,
    "roll-in": 0.21052639272268447,
    "sfR": 0.11369548401129392,
    "sfT": 0.00011927725002791907
  },
  "dutch": {
    "dsfb-alt": 0.04226679092467994,
    "redirect": 0.024759109641391646,
    "dsfb": 0.0,
    "unknown": 0.07325982807452426,
    "sfb": 0.04225269732041135,
    "sft": 0.0,
    "bad-redirect": 0.002101489084324186,
    "roll-out": 0.141563315660623,
    "oneh-in": 0.006877158890039368,
    "alternate": 0.21362832526130815,
    "oneh-out": 0.0049939234331417524,
    "dsfb-red": 0.01662295796494666,
    "roll-in": 0.2422548920496257,
    "sfR": 0.18880787437283908,
    "sfT": 0.0006116373221449002
  },
  "shai": {
    "dsfb-alt": 0.04429190174239612,
    "redirect": 0.029400809627595458,
    "dsfb": 0.0,
    "unknown": 0.023621906111313578,
    "sfb": 0.02786330521145901,
    "sft": 0.0,
    "bad-redirect": 0.0031003793619894275,
    "roll-out": 0.2291470888487949,
    "oneh-in": 0.018366564405305496,
    "alternate": 0.2838043440229896,
    "oneh-out": 0.00742201203666175,
    "dsfb-red": 0.014426232794871739,
    "roll-in": 0.22021645725690814,
    "sfR": 0.09823378925716947,
    "sfT": 0.00010520932254531706
  },
  "english-200": {
    "dsfb-alt": 0.035634743875278395,
    "redirect": 0.0378619153674833,
    "dsfb": 0.0,
    "unknown": 0.0,
    "sfb": 0.013363028953229399,
    "sft": 0.0,
    "bad-redirect": 0.0022271714922048997,
    "roll-out": 0.2717149220489978,
    "oneh-in": 0.0066815144766146995,
    "alternate": 0.29398663697104677,
    "oneh-out": 0.004454342984409799,
    "dsfb-red": 0.0200445434298441,
    "roll-in": 0.2071269487750557,
    "sfR": 0.10690423162583519,
    "sfT": 0.0
  },
  "akl": {
    "dsfb-alt": 0.038886825812272915,
    "redirect": 0.03068110894642952,
    "dsfb": 0.0,
    "unknown": 0.06692211644153111,
    "sfb": 0.039696258124216045,
    "sft": 0.0,
    "bad-redirect": 0.00367116119988536,
    "roll-out": 0.21414468870528128,
    "oneh-in": 0.018336786043838087,
    "alternate": 0.24631616915543095,
    "oneh-out": 0.007306141116175252,
    "dsfb-red": 0.022281846995051466,
    "roll-in": 0.1937176281285194,
    "sfR": 0.11790358951788564,
    "sfT": 0.0001356798134830049
  },
  "english-5k": {
    "dsfb-alt": 0.04849213921267682,
    "redirect": 0.027377940017422324,
    "dsfb": 0.0,
    "unknown": 0.002157049819554486,
    "sfb": 0.02978388020077156,
    "sft": 0.0,
    "bad-redirect": 0.00236445845605011,
    "roll-out": 0.1839714605716182,
    "oneh-in": 0.020409009831169368,
    "alternate": 0.33206122702949353,
    "oneh-out": 0.006678558095159082,
    "dsfb-red": 0.01277637200813042,
    "roll-in": 0.2274028290538018,
    "sfR": 0.10644211224955408,
    "sfT": 0.00008296345459824948
  },
  "reddit": {
    "dsfb-alt": 0.040637847307476854,
    "redirect": 0.032489399083829126,
    "dsfb": 0.0,
    "unknown": 0.041217725522189115,
    "sfb": 0.03455401424542884,
    "sft": 0.0,
    "bad-redirect": 0.0032785350106013843,
    "roll-out": 0.2351519469333335,
    "oneh-in": 0.018885091331474323,
    "alternate": 0.26092923976246757,
    "oneh-out": 0.008167251845105356,
    "dsfb-red": 0.01754834862438586,
    "roll-in": 0.20304157941430465,
    "sfR": 0.10397777127267367,
    "sfT": 0.00012124964672977117
  },
  "chained-bigrams": {
    "dsfb-alt": 0.05769331910923188,
    "redirect": 0.03693634671312225,
    "dsfb": 0.0,
    "unknown": 0.02365222201805197,
    "sfb": 0.027335727536167895,
    "sft": 0.0,
    "bad-redirect": 0.0030238119509723013,
    "roll-out": 0.20313237569548648,
    "oneh-in": 0.009011699821246418,
    "alternate": 0.2744584961194305,
    "oneh-out": 0.007973461618625695,
    "dsfb-red": 0.025437160616553763,
    "roll-in": 0.21202005832054743,
    "sfR": 0.11914286586209158,
    "sfT": 0.00018245461847180946
  },
  "gutenberg": {
    "dsfb-alt": 0.036916492100675796,
    "redirect": 0.03115875067202697,
    "dsfb": 0.0,
    "unknown": 0.03802431837805746,
    "sfb": 0.024406466159203426,
    "sft": 0.0,
    "bad-redirect": 0.003551181839226522,
    "roll-out": 0.27530562782568635,
    "oneh-in": 0.012662333110934556,
    "alternate": 0.24964130146097432,
    "oneh-out": 0.011209921334483593,
    "dsfb-red": 0.01566812646647746,
    "roll-in": 0.20277199048421177,
    "sfR": 0.09863878308844841,
    "sfT": 0.000044707079593377744
  },
  "english-1k": {
    "dsfb-alt": 0.043754410726887794,
    "redirect": 0.029992942836979536,
    "dsfb": 0.0,
    "unknown": 0.0,
    "sfb": 0.019407198306280876,
    "sft": 0.0,
    "bad-redirect": 0.0024700070571630206,
    "roll-out": 0.2392378263937897,
    "oneh-in": 0.011644318983768526,
    "alternate": 0.31333803810868033,
    "oneh-out": 0.009527170077628794,
    "dsfb-red": 0.014820042342978124,
    "roll-in": 0.20748059280169373,
    "sfR": 0.10832745236414962,
    "sfT": 0.0
  },
  "movie": {
    "dsfb-alt": 0.032643501850068216,
    "redirect": 0.03229818912162259,
    "dsfb": 0.0,
    "unknown": 0.030451476652766863,
    "sfb": 0.04004509068341258,
    "sft": 0.0,
    "bad-redirect": 0.00354550896714252,
    "roll-out": 0.24794388247049676,
    "oneh-in": 0.03153781681028158,
    "alternate": 0.24522046520099136,
    "oneh-out": 0.008553596312312728,
    "dsfb-red": 0.018998779956438484,
    "roll-in": 0.19299757373065002,
    "sfR": 0.11567713207251198,
    "sfT": 0.00008698617130432803
  },
  "english-10k": {
    "dsfb-alt": 0.0507902201810077,
    "redirect": 0.026688022230369927,
    "dsfb": 0.0,
    "unknown": 0.0,
    "sfb": 0.03095270257231624,