{
  "english-1k": {
    "sfb": 0.019407198306280876,
    "unknown": 0.0,
    "outoneh": 0.0035285815102328866,
    "red-sfs": 0.01058574453069866,
    "alt-sfs": 0.043754410726887794,
    "sft": 0.0,
    "inroll": 0.20748059280169373,
    "bad-red-sfs": 0.004234297812279464,
    "red": 0.029992942836979536,
    "sfr": 0.10832745236414962,
    "outroll": 0.2392378263937897,
    "inoneh": 0.017642907551164433,
    "bad-red": 0.0024700070571630206,
    "alt": 0.31333803810868033
  },
  "shai": {
    "sfb": 0.02786330521145901,
    "unknown": 0.023621906111313578,
    "outoneh": 0.0038909955093968883,
    "red-sfs": 0.012337396385285882,
    "alt-sfs": 0.04429190174239612,
    "sft": 0.00010520932254531706,
    "inroll": 0.22021645725690814,
    "bad-red-sfs": 0.002088836409585857,
    "red": 0.029400809627595458,
    "sfr": 0.09823378925716947,
    "outroll": 0.2291470888487949,
    "inoneh": 0.021897580932570358,
    "bad-red": 0.0031003793619894275,
    "alt": 0.2838043440229896
  },
  "chained-bigrams": {
    "sfb": 0.027335727536167895,
    "unknown": 0.02365222201805197,
    "outoneh": 0.0034056031099097533,
    "red-sfs": 0.022323095313383664,
    "alt-sfs": 0.05769331910923188,
    "sft": 0.00018245461847180946,
    "inroll": 0.21202005832054743,
    "bad-red-sfs": 0.0031140653031701,
    "red": 0.03693634671312225,
    "sfr": 0.11914286586209158,
    "outroll": 0.20313237569548648,
    "inoneh": 0.01357955832996236,
    "bad-red": 0.0030238119509723013,
    "alt": 0.2744584961194305
  },
  "english-200": {
    "sfb": 0.013363028953229399,
    "unknown": 0.0,
    "outoneh": 0.0,
    "red-sfs": 0.0200445434298441,
    "alt-sfs": 0.035634743875278395,
    "sft": 0.0,
    "inroll": 0.2071269487750557,
    "bad-red-sfs": 0.0,
    "red": 0.0378619153674833,
    "sfr": 0.10690423162583519,
    "outroll": 0.2717149220489978,
    "inoneh": 0.011135857461024499,
    "bad-red": 0.0022271714922048997,
    "alt": 0.29398663697104677
  },
  "english-450k": {
    "sfb": 0.036284548743174445,
    "unknown": 0.00015377410175167997,
    "outoneh": 0.0029491884761805084,
    "red-sfs": 0.011782136594669593,
    "alt-sfs": 0.05189145068616577,
    "sft": 0.00011927725002791907,
    "inroll": 0.21052639272268447,
    "bad-red-sfs": 0.0028237719559305644,
    "red": 0.03439102239898123,
    "sfr": 0.11369548401129392,
    "outroll": 0.19282132209476577,
    "inoneh": 0.013698465942544617,
    "bad-red": 0.00296117467042351,
    "alt": 0.325901990351406
  },
  "english-5k": {
    "sfb": 0.02978388020077156,
    "unknown": 0.002157049819554486,
    "outoneh": 0.0035259468204256023,
    "red-sfs": 0.010328950097482059,
    "alt-sfs": 0.04849213921267682,
    "sft": 0.00008296345459824948,
    "inroll": 0.2274028290538018,
    "bad-red-sfs": 0.002447421910648359,
    "red": 0.027377940017422324,
    "sfr": 0.10644211224955408,
    "outroll": 0.1839714605716182,
    "inoneh": 0.02356162110590285,
    "bad-red": 0.00236445845605011,
    "alt": 0.33206122702949353
  },
  "monkeyracer": {
    "sfb": 0.031541791138151615,
    "unknown": 0.014352018393105714,
    "outoneh": 0.0036344370239454462,
    "red-sfs": 0.016281652251435005,
    "alt-sfs": 0.03691231211974287,
    "sft": 0.00003714594053521435,
    "inroll": 0.21208572501055728,
    "bad-red-sfs": 0.0016569044528207454,
    "red": 0.033100943115879695,
    "sfr": 0.09690789370786869,
    "outroll": 0.25137537732455384,
    "inoneh": 0.029400034408871234,
    "bad-red": 0.003083113064422791,
    "alt": 0.2696306520481099
  },
  "tr-quotes": {
    "sfb": 0.031634728739511335,
    "unknown": 0.01476965396084233,
    "outoneh": 0.003593305748826888,
    "red-sfs": 0.016154272901689744,
    "alt-sfs": 0.03700214974226208,
    "sft": 0.00003698481311111625,
    "inroll": 0.21190679827095998,
    "bad-red-sfs": 0.0016770301195071773,
    "red": 0.03311527703936571,
    "sfr": 0.09677191928064538,
    "outroll": 0.2512424585654516,
    "inoneh": 0.029145188506969327,
    "bad-red": 0.0030755183652712605,
    "alt": 0.2698747139455861
  },
  "movie": {
    "sfb": 0.04004509068341258,
    "unknown": 0.030451476652766863,
    "outoneh": 0.0027303919549503753,
    "red-sfs": 0.017769524546221042,
    "alt-sfs": 0.032643501850068216,
    "sft": 0.00008698617130432803,
    "inroll": 0.19299757373065002,
    "bad-red-sfs": 0.0012292554102174404,
    "red": 0.03229818912162259,
    "sfr": 0.11567713207251198,
    "outroll": 0.24794388247049676,
    "inoneh": 0.037361021167643935,
    "bad-red": 0.00354550896714252,
    "alt": 0.24522046520099136
  },
  "gutenberg": {
    "sfb": 0.024406466159203426,
    "unknown": 0.03802431837805746,
    "outoneh": 0.0038612898447110957,
    "red-sfs": 0.013328771695720585,
    "alt-sfs": 0.036916492100675796,
    "sft": 0.000044707079593377744,
    "inroll": 0.20277199048421177,
    "bad-red-sfs": 0.002339354770756872,
    "red": 0.03115875067202697,
    "sfr": 0.09863878308844841,
    "outroll": 0.27530562782568635,
    "inoneh": 0.020010964600707053,
    "bad-red": 0.003551181839226522,
    "alt": 0.24964130146097432
  },
  "keymash": {
    "sfb": 0.030724961311588462,
    "unknown": 0.013394194891077241,
    "outoneh": 0.003764166936904024,
    "red-sfs": 0.015861222512755888,
    "alt-sfs": 0.03758420117153025,
    "sft": 0.00004925845500855866,
    "inroll": 0.2110026969004117,
    "bad-red-sfs": 0.0018964505178295083,
    "red": 0.03238743416812732,
    "sfr": 0.099723742164827,
    "outroll": 0.25327876591150716,
    "inoneh": 0.02854527467745974,
    "bad-red": 0.003004765755522078,
    "alt": 0.26878286462545103
  },
  "english-10k": {
    "sfb": 0.03095270257231624,
    "unknown": 0.0,
    "outoneh": 0.004843596225468439,
    "red-sfs": 0.010613457864572278,
    "alt-sfs": 0.0507902201810077,
    "sft": 0.00007718878446961657,
    "inroll": 0.24866366916886976,
    "bad-red-sfs": 0.0023735551224407093,
    "red": 0.026688022230369927,
    "sfr": 0.10567144593890508,
    "outroll": 0.17678161363153932,
    "inoneh": 0.02116902414079234,
    "bad-red": 0.0025279326913799425,
    "alt": 0.3188475714478686
  },
  "mt-quotes": {
    "sfb": 0.03178601737966316,
    "unknown": 0.008869126594231481,
    "outoneh": 0.003581417864954997,
    "red-sfs": 0.016914990258304348,
    "alt-sfs": 0.035835096400951456,
    "sft": 0.00003137662710223402,
    "inroll": 0.21260802524473768,
    "bad-red-sfs": 0.001585266731212871,
    "red": 0.033537131996987844,
    "sfr": 0.0964592223377679,
    "outroll": 0.25710008247570554,
    "inoneh": 0.03089253056979955,
    "bad-red": 0.0030241092026153165,
    "alt": 0.26777560631596564
  }
}