{
  "dutch": {
    "dsfb": 0.0,
    "sfb": 0.06295247238577,
    "roll-out": 0.20381465813022195,
    "sfR": 0.18880787437283908,
    "roll-in": 0.13732673518357852,
    "alternate": 0.18730306832826796,
    "dsfb-alt": 0.020157601640079542,
    "sft": 0.0,
    "sfT": 0.0001949077333327978,
    "dsfb-red": 0.020155360290800187,
    "oneh-in": 0.015251467375511606,
    "oneh-out": 0.019120251401210882,
    "redirect": 0.0557802622765962,
    "bad-redirect": 0.020846251723463115,
    "unknown": 0.06828908915832815
  },
  "english-1k": {
    "dsfb": 0.0,
    "sfb": 0.020112914608327453,
    "roll-out": 0.22865208186309105,
    "sfR": 0.10832745236414962,
    "roll-in": 0.21418489767113622,
    "alternate": 0.2300635144671842,
    "dsfb-alt": 0.030698659139026113,
    "sft": 0.0,
    "sfT": 0.0,
    "dsfb-red": 0.025405786873676783,
    "oneh-in": 0.03175723359209598,
    "oneh-out": 0.019054340155257588,
    "redirect": 0.07233592095977417,
    "bad-redirect": 0.019407198306280876,
    "unknown": 0.0
  },
  "shai": {
    "dsfb": 0.0,
    "sfb": 0.024127818857436742,
    "roll-out": 0.24661425926722944,
    "sfR": 0.09823378925716947,
    "roll-in": 0.20920990093920888,
    "alternate": 0.21158803879573934,
    "dsfb-alt": 0.029300438316056346,
    "sft": 0.0,
    "sfT": 0.00019437193018525633,
    "dsfb-red": 0.02463330198818256,
    "oneh-in": 0.02831397174230013,
    "oneh-out": 0.02345133332487004,
    "redirect": 0.07198516828382667,
    "bad-redirect": 0.01593582382270679,
    "unknown": 0.016411783475088346
  },
  "akl": {
    "dsfb": 0.0,
    "sfb": 0.027605328115298353,
    "roll-out": 0.22822292527908222,
    "sfR": 0.11790358951788564,
    "roll-in": 0.19797970899096223,
    "alternate": 0.19086277616263042,
    "dsfb-alt": 0.02688919890796956,
    "sft": 0.0,
    "sfT": 0.0014592704688487202,
    "dsfb-red": 0.02290163733938205,
    "oneh-in": 0.03171227552890036,
    "oneh-out": 0.019753493941059946,
    "redirect": 0.05637923734562704,
    "bad-redirect": 0.013228533997582049,
    "unknown": 0.06510202440477142
  },
  "monkeyracer": {
    "dsfb": 0.0,
    "sfb": 0.023120415408918155,
    "roll-out": 0.24995796643571017,
    "sfR": 0.09690789370786869,
    "roll-in": 0.21853445579242067,
    "alternate": 0.20330755274723555,
    "dsfb-alt": 0.028467475796487167,
    "sft": 0.0,
    "sfT": 0.00007624693057228209,
    "dsfb-red": 0.0261614949090511,
    "oneh-in": 0.033299380640317816,
    "oneh-out": 0.023493829863772152,
    "redirect": 0.07142577850071163,
    "bad-redirect": 0.015825148192752242,
    "unknown": 0.009422361074182399
  },
  "tr-quotes": {
    "dsfb": 0.0,
    "sfb": 0.023116663969857378,
    "roll-out": 0.2504218580245487,
    "sfR": 0.09677191928064538,
    "roll-in": 0.2180312521670789,
    "alternate": 0.20382446083077135,
    "dsfb-alt": 0.028281824275906704,
    "sft": 0.0,
    "sfT": 0.00007859272786112202,
    "dsfb-red": 0.026182936131850857,
    "oneh-in": 0.03317075425903238,
    "oneh-out": 0.023426411779662974,
    "redirect": 0.07109636855366265,
    "bad-redirect": 0.01579482674926608,
    "unknown": 0.009802131249855527
  },
  "reddit": {
    "dsfb": 0.0,
    "sfb": 0.026111675157325816,
    "roll-out": 0.2403768440518658,
    "sfR": 0.10397777127267367,
    "roll-in": 0.20788766971251624,
    "alternate": 0.1973368902892967,
    "dsfb-alt": 0.028065790949802008,
    "sft": 0.0,
    "sfT": 0.00017983304107186635,
    "dsfb-red": 0.02309148392599389,
    "oneh-in": 0.030731522679433652,
    "oneh-out": 0.023647501768458125,
    "redirect": 0.0649671489121337,
    "bad-redirect": 0.014504634137525268,
    "unknown": 0.03912123410190327
  },
  "keymash": {
    "dsfb": 0.0,
    "sfb": 0.023245885892788972,
    "roll-out": 0.25043819500601366,
    "sfR": 0.099723742164827,
    "roll-in": 0.2171148501927237,
    "alternate": 0.20509168229938468,
    "dsfb-alt": 0.028114263196134852,
    "sft": 0.0,
    "sfT": 0.00004925845500855866,
    "dsfb-red": 0.02681301900965876,
    "oneh-in": 0.03186611551928674,
    "oneh-out": 0.02353733175158961,
    "redirect": 0.06978691613337548,
    "bad-redirect": 0.01559851075271024,
    "unknown": 0.008620229626497765
  },
  "english-10k": {
    "dsfb": 0.0,
    "sfb": 0.026456455876961077,
    "roll-out": 0.23089095154474054,
    "sfR": 0.10567144593890508,
    "roll-in": 0.21352347503907682,
    "alternate": 0.2217633777812084,
    "dsfb-alt": 0.030528164257733352,
    "sft": 0.0,
    "sfT": 0.00011578317670442484,
    "dsfb-red": 0.0237741456166419,
    "oneh-in": 0.025549487659443083,
    "oneh-out": 0.024391655892398834,
    "redirect": 0.0820130834989676,
    "bad-redirect": 0.015321973717218888,
    "unknown": 0.0
  },
  "wordle": {
    "dsfb": 0.0,
    "sfb": 0.036486031639178726,
    "roll-out": 0.210613710310782,
    "sfR": 0.13138112868843263,
    "roll-in": 0.21730057219791316,
    "alternate": 0.2133512846404129,
    "dsfb-alt": 0.03325479636486032,
    "sft": 0.0,
    "sfT": 0.00006731740154830023,
    "dsfb-red": 0.028565017390328733,
    "oneh-in": 0.025356221249859756,
    "oneh-out": 0.019409850779759902,
    "redirect": 0.0669583754067093,
    "bad-redirect": 0.017255693930214294,
    "unknown": 0.0
  },
  "chained-bigrams": {
    "dsfb": 0.0,
    "sfb": 0.02489693911275111,
    "roll-out": 0.2549494873414804,
    "sfR": 0.11914286586209158,
    "roll-in": 0.1965984225791811,
    "alternate": 0.19543097274283833,
    "dsfb-alt": 0.02986671722585869,
    "sft": 0.0,
    "sfT": 0.00015323590732863713,
    "dsfb-red": 0.024077516591358143,
    "oneh-in": 0.023885322402505276,
    "oneh-out": 0.028935614297429597,
    "redirect": 0.07004179574302857,
    "bad-redirect": 0.015688499969807333,
    "unknown": 0.016332610224341265
  },
  "english-450k": {
    "dsfb": 0.0,
    "sfb": 0.027426166505194114,
    "roll-out": 0.22854982836354537,
    "sfR": 0.11369548401129392,
    "roll-in": 0.22241435864213374,
    "alternate": 0.20955609568140346,
    "dsfb-alt": 0.029494808223815575,
    "sft": 0.0,
    "sfT": 0.00008039520528842584,
    "dsfb-red": 0.02249457843970155,
    "oneh-in": 0.022728455400540606,
    "oneh-out": 0.025629991445950157,
    "redirect": 0.08261762110879897,
    "bad-redirect": 0.015312216972334109,
    "unknown": 0.0
  },
  "english-200": {
    "dsfb": 0.0,
    "sfb": 0.017817371937639197,
    "roll-out": 0.23608017817371937,
    "sfR": 0.10690423162583519,
    "roll-in": 0.23162583518930957,
    "alternate": 0.22048997772828507,
    "dsfb-alt": 0.024498886414253896,
    "sft": 0.0,
    "sfT": 0.0,
    "dsfb-red": 0.022271714922048998,
    "oneh-in": 0.028953229398663696,
    "oneh-out": 0.022271714922048998,
    "redirect": 0.07349665924276169,
    "bad-redirect": 0.015590200445434299,
    "unknown": 0.0
  },
  "english-5k": {
    "dsfb": 0.0,
    "sfb": 0.02646534201684158,
    "roll-out": 0.23117766623802216,
    "sfR": 0.10644211224955408,
    "roll-in": 0.21412867631808188,
    "alternate": 0.22205168623221472,
    "dsfb-alt": 0.02882980047289169,
    "sft": 0.0,
    "sfT": 0.00020740863649562367,
    "dsfb-red": 0.025013481561372217,
    "oneh-in": 0.03040610611025843,
    "oneh-out": 0.0233127307421081,
    "redirect": 0.07765379350396151,
    "bad-redirect": 0.014311195918198034,
    "unknown": 0.0
  },
  "movie": {
    "dsfb": 0.0,
    "sfb": 0.02055334522363671,
    "roll-out": 0.2387984906780697,
    "sfR": 0.11567713207251198,
    "roll-in": 0.22486556951794,
    "alternate": 0.1926895031905238,
    "dsfb-alt": 0.02979861977554936,
    "sft": 0.0,
    "sfT": 0.00006237737548903402,
    "dsfb-red": 0.027589881652747783,
    "oneh-in": 0.03362048420371924,
    "oneh-out": 0.018704000798009292,
    "redirect": 0.05921784298245972,
    "bad-redirect": 0.013893573406392945,
    "unknown": 0.024529179122950412
  },
  "gutenberg": {
    "dsfb": 0.0,
    "sfb": 0.023311521582721546,
    "roll-out": 0.24642599102903195,
    "sfR": 0.09863878308844841,
    "roll-in": 0.20079029235020193,
    "alternate": 0.20458717369041407,