{
  "dutch": {
    "dsfb": 0.0,
    "sfb": 0.03312104587884184,
    "roll-out": 0.1803062931098879,
    "sfR": 0.18880787437283908,
    "roll-in": 0.14713887819715474,
    "alternate": 0.2974223515024517,
    "dsfb-alt": 0.034884754661369956,
    "sft": 0.0,
    "sfT": 0.0002354313283035543,
    "dsfb-red": 0.006620748532481042,
    "oneh-in": 0.0036150991488646455,
    "oneh-out": 0.007047124888591493,
    "redirect": 0.02587727396987677,
    "bad-redirect": 0.001320423687454207,
    "unknown": 0.07360270072188302
  },
  "english-1k": {
    "dsfb": 0.0,
    "sfb": 0.017642907551164433,
    "roll-out": 0.2399435426958363,
    "sfR": 0.10832745236414962,
    "roll-in": 0.18101623147494708,
    "alternate": 0.3641496118560339,
    "dsfb-alt": 0.04516584333098095,
    "sft": 0.0,
    "sfT": 0.0,
    "dsfb-red": 0.0045871559633027525,
    "oneh-in": 0.004234297812279464,
    "oneh-out": 0.010938602681721948,
    "redirect": 0.021877205363443897,
    "bad-redirect": 0.002117148906139732,
    "unknown": 0.0
  },
  "shai": {
    "dsfb": 0.0,
    "sfb": 0.018822277949228288,
    "roll-out": 0.23571156149940256,
    "sfR": 0.09823378925716947,
    "roll-in": 0.19299791957785917,
    "alternate": 0.33157967174598474,
    "dsfb-alt": 0.044816086688487515,
    "sft": 0.0,
    "sfT": 0.00011405707707346314,
    "dsfb-red": 0.00953585128712767,
    "oneh-in": 0.004449236182563158,
    "oneh-out": 0.012333220214185326,
    "redirect": 0.024292860829697987,
    "bad-redirect": 0.0030157180397896604,
    "unknown": 0.024097749651430984
  },
  "akl": {
    "dsfb": 0.0,
    "sfb": 0.023168164534634966,
    "roll-out": 0.22244265545344255,
    "sfR": 0.11790358951788564,
    "roll-in": 0.16455885908021972,
    "alternate": 0.2934754985179923,
    "dsfb-alt": 0.04179787028538979,
    "sft": 0.0,
    "sfT": 0.0002068652498720335,
    "dsfb-red": 0.014574118412667612,
    "oneh-in": 0.004739872059511768,
    "oneh-out": 0.016505604195839376,
    "redirect": 0.025136451143929518,
    "bad-redirect": 0.0021791788855941617,
    "unknown": 0.07331127266302054
  },
  "monkeyracer": {
    "dsfb": 0.0,
    "sfb": 0.01781441106088806,
    "roll-out": 0.25657678652423477,
    "sfR": 0.09690789370786869,
    "roll-in": 0.17491632388132067,
    "alternate": 0.3311726777922017,
    "dsfb-alt": 0.04319193111969595,
    "sft": 0.0,
    "sfT": 0.00004007851478799443,
    "dsfb-red": 0.011676533149819354,
    "oneh-in": 0.004012739102554077,
    "oneh-out": 0.022442990756525956,
    "redirect": 0.0256854403553498,
    "bad-redirect": 0.002070397422462737,
    "unknown": 0.013491796612290222
  },
  "tr-quotes": {
    "dsfb": 0.0,
    "sfb": 0.01795728254085666,
    "roll-out": 0.25626661427151476,
    "sfR": 0.09677191928064538,
    "roll-in": 0.17495896997295485,
    "alternate": 0.33155960333787937,
    "dsfb-alt": 0.043158965349853216,
    "sft": 0.0,
    "sfT": 0.00004160791475000578,
    "dsfb-red": 0.011595894685744667,
    "oneh-in": 0.004026721527472781,
    "oneh-out": 0.021951642356857214,
    "redirect": 0.025739118374517464,
    "bad-redirect": 0.0020769284112711218,
    "unknown": 0.013894731975682485
  },
  "reddit": {
    "dsfb": 0.0,
    "sfb": 0.017374958258395096,
    "roll-out": 0.24221480440581586,
    "sfR": 0.10397777127267367,
    "roll-in": 0.17493166363167975,
    "alternate": 0.3123680820137555,
    "dsfb-alt": 0.044336317378160864,
    "sft": 0.0,
    "sfT": 0.00011888982969425199,
    "dsfb-red": 0.011115225183667744,
    "oneh-in": 0.004188899982526116,
    "oneh-out": 0.01629951846622381,
    "redirect": 0.025337280595542903,
    "bad-redirect": 0.00253717788731574,
    "unknown": 0.04519941109454869
  },
  "keymash": {
    "dsfb": 0.0,
    "sfb": 0.018443186529454505,
    "roll-out": 0.25808557014609235,
    "sfR": 0.099723742164827,
    "roll-in": 0.17389876566521492,
    "alternate": 0.32871398488586406,
    "dsfb-alt": 0.043088833518736686,
    "sft": 0.0,
    "sfT": 0.00003283897000570577,
    "dsfb-red": 0.012294089395886098,
    "oneh-in": 0.004236227130736045,
    "oneh-out": 0.021226289237438068,
    "redirect": 0.025659550188208348,
    "bad-redirect": 0.0022207353466358526,
    "unknown": 0.012376186820900362
  },
  "english-10k": {
    "dsfb": 0.0,
    "sfb": 0.022982960575828333,
    "roll-out": 0.1900580845603134,
    "sfR": 0.10567144593890508,
    "roll-in": 0.23542579263233052,
    "alternate": 0.35337025530190463,
    "dsfb-alt": 0.04812720711680593,
    "sft": 0.0,
    "sfT": 0.00015437756893923313,
    "dsfb-red": 0.007911850408135699,
    "oneh-in": 0.005789158835221242,
    "oneh-out": 0.005036568186642481,
    "redirect": 0.021979506377723317,
    "bad-redirect": 0.0034927924972501497,
    "unknown": 0.0
  },
  "wordle": {
    "dsfb": 0.0,
    "sfb": 0.04546168517895209,
    "roll-out": 0.1942780208683945,
    "sfR": 0.13138112868843263,
    "roll-in": 0.18076966229103555,
    "alternate": 0.3266464714462022,
    "dsfb-alt": 0.06047346572422305,
    "sft": 0.0,
    "sfT": 0.000381465275440368,
    "dsfb-red": 0.016694715583978458,
    "oneh-in": 0.006193200942443622,
    "oneh-out": 0.005699539997756087,
    "redirect": 0.03112307864916414,
    "bad-redirect": 0.0008975653539773365,
    "unknown": 0.0
  },
  "chained-bigrams": {
    "dsfb": 0.0,
    "sfb": 0.02064334407499729,
    "roll-out": 0.22333678979864413,
    "sfR": 0.11914286586209158,
    "roll-in": 0.17273257931743793,
    "alternate": 0.3227778033892406,
    "dsfb-alt": 0.05765046499955523,
    "sft": 0.0,
    "sfT": 0.00010259014134713841,
    "dsfb-red": 0.015863162931974296,
    "oneh-in": 0.005261315919847231,
    "oneh-out": 0.006752768797533162,
    "redirect": 0.02868952781913488,
    "bad-redirect": 0.0038873871914260616,
    "unknown": 0.023159399756770463
  },
  "english-450k": {
    "dsfb": 0.0,
    "sfb": 0.03334939288464428,
    "roll-out": 0.192870436256542,
    "sfR": 0.11369548401129392,
    "roll-in": 0.1929467386150157,
    "alternate": 0.3704274861559457,
    "dsfb-alt": 0.052912323620228255,
    "sft": 0.0,
    "sfT": 0.0005262231618878782,
    "dsfb-red": 0.0078246460710717,
    "oneh-in": 0.0031769261667975402,
    "oneh-out": 0.005145293138459254,
    "redirect": 0.024020625609176397,
    "bad-redirect": 0.0029506502071857525,
    "unknown": 0.00015377410175167997
  },
  "english-200": {
    "dsfb": 0.0,
    "sfb": 0.011135857461024499,
    "roll-out": 0.2828507795100223,
    "sfR": 0.10690423162583519,
    "roll-in": 0.1603563474387528,
    "alternate": 0.3518930957683742,
    "dsfb-alt": 0.044543429844097995,
    "sft": 0.0,
    "sfT": 0.0,
    "dsfb-red": 0.004454342984409799,
    "oneh-in": 0.004454342984409799,
    "oneh-out": 0.008908685968819599,
    "redirect": 0.024498886414253896,
    "bad-redirect": 0.0,
    "unknown": 0.0
  },
  "english-5k": {
    "dsfb": 0.0,
    "sfb": 0.021653461650143112,
    "roll-out": 0.19878043721740574,
    "sfR": 0.10644211224955408,
    "roll-in": 0.21703239722902062,
    "alternate": 0.3640851205044178,
    "dsfb-alt": 0.04811880366698469,
    "sft": 0.0,
    "sfT": 0.00012444518189737422,
    "dsfb-red": 0.00630522254946696,
    "oneh-in": 0.0026548305471439833,
    "oneh-out": 0.00630522254946696,
    "redirect": 0.021653461650143112,
    "bad-redirect": 0.004687435184801095,
    "unknown": 0.002157049819554486
  },
  "movie": {
    "dsfb": 0.0,
    "sfb": 0.01701138939813597,
    "roll-out": 0.25098905645534114,
    "sfR": 0.11567713207251198,
    "roll-in": 0.1494443478662529,
    "alternate": 0.3111717747903021,
    "dsfb-alt": 0.04499132704444809,
    "sft": 0.0,
    "sfT": 0.00002724075258698321,
    "dsfb-red": 0.013335730168633418,
    "oneh-in": 0.004777659529808818,
    "oneh-out": 0.032156458249467126,
    "redirect": 0.028785316418449017,
    "bad-redirect": 0.0013501938238765592,
    "unknown": 0.030282373430185833
  },
  "gutenberg": {
    "dsfb": 0.0,
    "sfb": 0.0185441556291328,
    "roll-out": 0.27479907388148,
    "sfR": 0.09863878308844841,
    "roll-in": 0.1617379005782747,