{
  "english-5k": {
    "dsfb-alt": 0.049197328576761935,
    "redirect": 0.03633799311403327,
    "dsfb": 0.0,
    "unknown": 0.002157049819554486,
    "sfb": 0.02961795329157506,
    "sft": 0.0,
    "bad-redirect": 0.0034015016385282285,
    "roll-out": 0.1421993611813996,
    "oneh-in": 0.02306384037831335,
    "alternate": 0.296635831916041,
    "oneh-out": 0.0035259468204256023,
    "dsfb-red": 0.016966026465342017,
    "roll-in": 0.2900402372754802,
    "sfR": 0.10644211224955408,
    "sfT": 0.00041481727299124733
  },
  "keymash": {
    "dsfb-alt": 0.05398726668938029,
    "redirect": 0.033651734513346986,
    "dsfb": 0.0,
    "unknown": 0.012376186820900362,
    "sfb": 0.02659546083337096,
    "sft": 0.0,
    "bad-redirect": 0.002467027621678646,
    "roll-out": 0.166440214602669,
    "oneh-in": 0.011904126627068343,
    "alternate": 0.25683358441462484,
    "oneh-out": 0.00624350917233481,
    "dsfb-red": 0.020602348807329657,
    "roll-in": 0.30900239313993916,
    "sfR": 0.099723742164827,
    "sfT": 0.0001724045925299553
  },
  "french": {
    "dsfb-alt": 0.031091015072433517,
    "redirect": 0.046596528591197964,
    "dsfb": 0.0,
    "unknown": 0.1584254645227596,
    "sfb": 0.028972118693973824,
    "sft": 0.0,
    "bad-redirect": 0.0043966451888530385,
    "roll-out": 0.1406754618747197,
    "oneh-in": 0.01780052140692706,
    "alternate": 0.21128585477897346,
    "oneh-out": 0.007598084260345817,
    "dsfb-red": 0.015857706574493605,
    "roll-in": 0.22798468670346717,
    "sfR": 0.10898279115633469,
    "sfT": 0.00033312117552058106
  },
  "akl": {
    "dsfb-alt": 0.046853832942340044,
    "redirect": 0.030896152157662175,
    "dsfb": 0.0,
    "unknown": 0.07331127266302054,
    "sfb": 0.03071202411854277,
    "sft": 0.0,
    "bad-redirect": 0.0016914750080881276,
    "roll-out": 0.15231849541371253,
    "oneh-in": 0.009012732961929979,
    "alternate": 0.24666429010153187,
    "oneh-out": 0.004662367289344079,
    "dsfb-red": 0.016847281899656168,
    "roll-in": 0.2688032705897834,
    "sfR": 0.11790358951788564,
    "sfT": 0.0003232153365026651
  },
  "dutch": {
    "dsfb-alt": 0.03906897721924868,
    "redirect": 0.033733346640373425,
    "dsfb": 0.0,
    "unknown": 0.07360270072188302,
    "sfb": 0.050962885443490764,
    "sft": 0.0,
    "bad-redirect": 0.002217555115406357,
    "roll-out": 0.12690334932533057,
    "oneh-in": 0.005554296614569222,
    "alternate": 0.19990542223272886,
    "oneh-out": 0.0036036772329370473,
    "dsfb-red": 0.028358877961185497,
    "roll-in": 0.2471069829003698,
    "sfR": 0.18880787437283908,
    "sfT": 0.00017405421963766958
  },
  "english-450k": {
    "dsfb-alt": 0.050555720893573707,
    "redirect": 0.043943434518251466,
    "dsfb": 0.0,
    "unknown": 0.00015377410175167997,
    "sfb": 0.04781906810555569,
    "sft": 0.0,
    "bad-redirect": 0.002659181044740078,
    "roll-out": 0.15498880021703781,
    "oneh-in": 0.011848791528508724,
    "alternate": 0.2907859493738237,
    "oneh-out": 0.005242644423408511,
    "dsfb-red": 0.018790552072412984,
    "roll-in": 0.2573406669352354,
    "sfR": 0.11369548401129392,
    "sfT": 0.0021759327744063765
  },
  "movie": {
    "dsfb-alt": 0.05189337048252585,
    "redirect": 0.035479435271563324,
    "dsfb": 0.0,
    "unknown": 0.030282373430185833,
    "sfb": 0.02880045016988623,
    "sft": 0.0,
    "bad-redirect": 0.001764990211094777,
    "roll-out": 0.17236053228167358,
    "oneh-in": 0.008464899369106802,
    "alternate": 0.24944291344981234,
    "oneh-out": 0.008608999002356786,
    "dsfb-red": 0.02286130811673097,
    "roll-in": 0.2742563439041052,
    "sfR": 0.11567713207251198,
    "sfT": 0.00010725223844633486
  },
  "mt-quotes": {
    "dsfb-alt": 0.05425317650996283,
    "redirect": 0.033595402875891994,
    "dsfb": 0.0,
    "unknown": 0.007995063410669249,
    "sfb": 0.026045588745054447,
    "sft": 0.0,
    "bad-redirect": 0.0024085296613714875,
    "roll-out": 0.170210731404119,
    "oneh-in": 0.01195449492595116,
    "alternate": 0.25590926477092074,
    "oneh-out": 0.006580126940868505,
    "dsfb-red": 0.021742508456748067,
    "roll-in": 0.31270693632636476,
    "sfR": 0.0964592223377679,
    "sfT": 0.0001389536343098935
  },
  "reddit": {
    "dsfb-alt": 0.049678006711244733,
    "redirect": 0.033020357916820946,
    "dsfb": 0.0,
    "unknown": 0.04519941109454869,
    "sfb": 0.027737139605839387,
    "sft": 0.0,
    "bad-redirect": 0.0017009785936501819,
    "roll-out": 0.15735791888110212,
    "oneh-in": 0.010284382300098682,
    "alternate": 0.2555554119688047,
    "oneh-out": 0.005674535907331858,
    "dsfb-red": 0.019100471457732023,
    "roll-in": 0.29042155883894755,
    "sfR": 0.10397777127267367,
    "sfT": 0.0002920554512054451
  },
  "english-10k": {
    "dsfb-alt": 0.048165801509040734,
    "redirect": 0.03724358850658999,
    "dsfb": 0.0,
    "unknown": 0.0,
    "sfb": 0.029949248374211226,
    "sft": 0.0,
    "bad-redirect": 0.0037629532428938074,
    "roll-out": 0.14835684375060304,
    "oneh-in": 0.019605951255282607,
    "alternate": 0.2902105324096409,
    "oneh-out": 0.004457652303120356,
    "dsfb-red": 0.016846452210493815,
    "roll-in": 0.2953049921846356,
    "sfR": 0.10567144593890508,
    "sfT": 0.0004245383145828911
  },
  "english-1k": {
    "dsfb-alt": 0.05575158786167961,
    "redirect": 0.03634438955539873,
    "dsfb": 0.0,
    "unknown": 0.0,
    "sfb": 0.022230063514467185,
    "sft": 0.0,
    "bad-redirect": 0.0038814396612561752,
    "roll-out": 0.16372618207480594,
    "oneh-in": 0.014114326040931546,
    "alternate": 0.27417078334509526,
    "oneh-out": 0.005998588567395907,
    "dsfb-red": 0.014114326040931546,
    "roll-in": 0.3013408609738885,
    "sfR": 0.10832745236414962,
    "sfT": 0.0
  },
  "gutenberg": {
    "dsfb-alt": 0.04788317661228694,
    "redirect": 0.03273334917024797,
    "dsfb": 0.0,
    "unknown": 0.03298207965968062,
    "sfb": 0.025175768914409813,
    "sft": 0.0,
    "bad-redirect": 0.00248654714721473,
    "roll-out": 0.15232080891019673,
    "oneh-in": 0.010369958661106318,
    "alternate": 0.25947951108640854,
    "oneh-out": 0.005895651402987721,
    "dsfb-red": 0.014716585530894676,
    "roll-in": 0.31722078818581323,
    "sfR": 0.09863878308844841,
    "sfT": 0.00009699163030427714
  },
  "tr-quotes": {
    "dsfb-alt": 0.05324195002427128,
    "redirect": 0.034150851806476965,
    "dsfb": 0.0,
    "unknown": 0.013894731975682485,
    "sfb": 0.027295947851413514,
    "sft": 0.0,
    "bad-redirect": 0.0023543145096044937,
    "roll-out": 0.16667437183606482,
    "oneh-in": 0.011979612121772497,
    "alternate": 0.25797138300085526,
    "oneh-out": 0.006356764753473105,
    "dsfb-red": 0.02101662005039181,
    "roll-in": 0.30808927209264697,
    "sfR": 0.09677191928064538,
    "sfT": 0.00020226069670141697
  },
  "shai": {
    "dsfb-alt": 0.04946432768057547,
    "redirect": 0.03384610186358636,
    "dsfb": 0.0,
    "unknown": 0.024097749651430984,
    "sfb": 0.025300831394774577,
    "sft": 0.0,
    "bad-redirect": 0.0025857581960550937,
    "roll-out": 0.15490713263705194,
    "oneh-in": 0.013557643391679489,
    "alternate": 0.27230307205183996,
    "oneh-out": 0.004791798325072849,
    "dsfb-red": 0.016827113173540152,
    "roll-in": 0.3038278923642408,
    "sfR": 0.09823378925716947,
    "sfT": 0.0002567900129828993
  },
  "wordle": {
    "dsfb-alt": 0.05724223044990463,
    "redirect": 0.04429485021878155,
    "dsfb": 0.0,
    "unknown": 0.0,
    "sfb": 0.04362167620329855,
    "sft": 0.0,
    "bad-redirect": 0.003320991809716145,
    "roll-out": 0.17363401772691575,
    "oneh-in": 0.007270279367216426,
    "alternate": 0.2792550207561988,
    "oneh-out": 0.005923931336250421,
    "dsfb-red": 0.02122742062156401,
    "roll-in": 0.2320879614046898,
    "sfR": 0.13138112868843263,
    "sfT": 0.0007404914170313026
  },
  "english-200": {
    "dsfb-alt": 0.060133630289532294,
    "redirect": 0.031180400890868598,
    "dsfb": 0.0,
    "unknown": 0.0,