{
  "english-1k": {
    "sfb": 0.01799576570218772,
    "unknown": 0.0,
    "outoneh": 0.016937191249117856,
    "red-sfs": 0.016231474947071278,
    "alt-sfs": 0.032462949894142556,
    "sft": 0.00035285815102328866,
    "inroll": 0.24488355681016233,
    "bad-red-sfs": 0.001058574453069866,
    "red": 0.04798870853916726,
    "sfr": 0.10832745236414962,
    "outroll": 0.23747353563867327,
    "inoneh": 0.004940014114326041,
    "bad-red": 0.0017642907551164433,
    "alt": 0.26958362738179253
  },
  "shai": {
    "sfb": 0.02137246708836577,
    "unknown": 0.023621906111313578,
    "outoneh": 0.01638443903688128,
    "red-sfs": 0.01729052109016721,
    "alt-sfs": 0.03581984005613022,
    "sft": 0.0000923750469480588,
    "inroll": 0.23443695847175205,
    "bad-red-sfs": 0.0011501577733445255,
    "red": 0.041243203949179366,
    "sfr": 0.09823378925716947,
    "outroll": 0.22972652775098595,
    "inoneh": 0.004350169198791318,
    "bad-red": 0.0023702731858387623,
    "alt": 0.2739073719831325
  },
  "chained-bigrams": {
    "sfb": 0.02294837573184755,
    "unknown": 0.02365222201805197,
    "outoneh": 0.011935518849639863,
    "red-sfs": 0.024506057688124673,
    "alt-sfs": 0.04561755044610479,
    "sft": 0.00013051024310616977,
    "inroll": 0.2142367845392761,
    "bad-red-sfs": 0.0028634336920308886,
    "red": 0.0477388288750991,
    "sfr": 0.11914286586209158,
    "outroll": 0.2082008481217888,
    "inoneh": 0.008304607011581647,
    "bad-red": 0.004728236767657354,
    "alt": 0.2659941601535995
  },
  "english-200": {
    "sfb": 0.017817371937639197,
    "unknown": 0.0,
    "outoneh": 0.015590200445434299,
    "red-sfs": 0.024498886414253896,
    "alt-sfs": 0.022271714922048998,
    "sft": 0.0,
    "inroll": 0.24053452115812918,
    "bad-red-sfs": 0.0,
    "red": 0.042316258351893093,
    "sfr": 0.10690423162583519,
    "outroll": 0.24721603563474387,
    "inoneh": 0.0,
    "bad-red": 0.0022271714922048997,
    "alt": 0.2806236080178174
  },
  "english-450k": {
    "sfb": 0.03511165578456658,
    "unknown": 0.00015377410175167997,
    "outoneh": 0.013352328040502811,
    "red-sfs": 0.018949296059582496,
    "alt-sfs": 0.041012371506535986,
    "sft": 0.0005124828904385836,
    "inroll": 0.22481364391414144,
    "bad-red-sfs": 0.0013953684176060237,
    "red": 0.04723320631865385,
    "sfr": 0.11369548401129392,
    "outroll": 0.19867233896255687,
    "inoneh": 0.004713497799510144,
    "bad-red": 0.0024864044399202246,
    "alt": 0.2978981477529394
  },
  "english-5k": {
    "sfb": 0.02555274401626084,
    "unknown": 0.002157049819554486,
    "outoneh": 0.02181938855933961,
    "red-sfs": 0.0159289832828639,
    "alt-sfs": 0.03878541502468163,
    "sft": 0.00020740863649562367,
    "inroll": 0.2403036462438296,
    "bad-red-sfs": 0.0008711162732816195,
    "red": 0.042643215663500225,
    "sfr": 0.10644211224955408,
    "outroll": 0.193885593396109,
    "inoneh": 0.005641514912680964,
    "bad-red": 0.002820757456340482,
    "alt": 0.30294105446550795
  },
  "monkeyracer": {
    "sfb": 0.01978412343400535,
    "unknown": 0.014352018393105714,
    "outoneh": 0.017609130863193455,
    "red-sfs": 0.021082276303236,
    "alt-sfs": 0.030451851040868356,
    "sft": 0.00006353910881023508,
    "inroll": 0.22957755290363951,
    "bad-red-sfs": 0.0023548571249824048,
    "red": 0.04540700220529584,
    "sfr": 0.09690789370786869,
    "outroll": 0.25188369019503576,
    "inoneh": 0.004583613557095266,
    "bad-red": 0.002261992273644369,
    "alt": 0.2636804588892191
  },
  "tr-quotes": {
    "sfb": 0.019918633411155545,
    "unknown": 0.01476965396084233,
    "outoneh": 0.017572409329419107,
    "red-sfs": 0.020968077483183467,
    "alt-sfs": 0.030710108411733432,
    "sft": 0.000060100321305563905,
    "inroll": 0.22922840433646935,
    "bad-red-sfs": 0.0023392894292781027,
    "red": 0.04542197360208964,
    "sfr": 0.09677191928064538,
    "outroll": 0.2510529113982571,
    "inoneh": 0.004543353135618686,
    "bad-red": 0.002249138947319757,
    "alt": 0.26439402695268255
  },
  "movie": {
    "sfb": 0.017333540906990727,
    "unknown": 0.030451476652766863,
    "outoneh": 0.018737689844686916,
    "red-sfs": 0.024237689910485836,
    "alt-sfs": 0.03207328841548175,
    "sft": 0.00008224864911528747,
    "inroll": 0.20375451265438235,
    "bad-red-sfs": 0.0037230344513929565,
    "red": 0.04591896020862995,
    "sfr": 0.11567713207251198,
    "outroll": 0.24823655606350858,
    "inoneh": 0.0032033545868229243,
    "bad-red": 0.0016276020676126008,
    "alt": 0.25494291351561127
  },
  "gutenberg": {
    "sfb": 0.01862144583453152,
    "unknown": 0.03802431837805746,
    "outoneh": 0.013668052965007617,
    "red-sfs": 0.016371694659739342,
    "alt-sfs": 0.02858108443462404,
    "sft": 0.00001591268934679547,
    "inroll": 0.21985464137155258,
    "bad-red-sfs": 0.0014378251445497335,
    "red": 0.04285741889359071,
    "sfr": 0.09863878308844841,
    "outroll": 0.25783595760101813,
    "inoneh": 0.0038349581325777078,
    "bad-red": 0.0032552815920873016,
    "alt": 0.25700262521486866
  },
  "keymash": {
    "sfb": 0.019925045050961977,
    "unknown": 0.013394194891077241,
    "outoneh": 0.01681765751417207,
    "red-sfs": 0.020692655974845348,
    "alt-sfs": 0.029867043220189397,
    "sft": 0.0000574681975099851,
    "inroll": 0.22730724550824463,
    "bad-red-sfs": 0.002508076334185778,
    "red": 0.044689733306514844,
    "sfr": 0.099723742164827,
    "outroll": 0.25453896138547616,
    "inoneh": 0.004691867839565212,
    "bad-red": 0.002635327342957888,
    "alt": 0.2631509812694725
  },
  "english-10k": {
    "sfb": 0.027189749329422436,
    "unknown": 0.0,
    "outoneh": 0.020262055923274347,
    "red-sfs": 0.016904343798846026,
    "alt-sfs": 0.041546863240771115,
    "sft": 0.00011578317670442484,
    "inroll": 0.2566720055575925,
    "bad-red-sfs": 0.0008104822369309739,
    "red": 0.042608209027228346,
    "sfr": 0.10567144593890508,
    "outroll": 0.18814766214469036,
    "inoneh": 0.0060593195808649,
    "bad-red": 0.0016788560622141603,
    "alt": 0.29233322398255535
  },
  "mt-quotes": {
    "sfb": 0.0188708000143436,
    "unknown": 0.008869126594231481,
    "outoneh": 0.01788467744827339,
    "red-sfs": 0.02152137794193232,
    "alt-sfs": 0.029815266372622846,
    "sft": 0.000046317878103297835,
    "inroll": 0.23137423650207384,
    "bad-red-sfs": 0.0024638122900754234,
    "red": 0.0455842626791456,
    "sfr": 0.0964592223377679,
    "outroll": 0.256993999593598,
    "inoneh": 0.004551105054924039,
    "bad-red": 0.0021784343959551046,
    "alt": 0.2633873608969532
  }
}