{
  "english-5k": {
    "dsfb-alt": 0.02961795329157506,
    "redirect": 0.06031443149292737,
    "dsfb": 0.0,
    "unknown": 0.002157049819554486,
    "sfb": 0.04214543493591073,
    "sft": 0.0,
    "bad-redirect": 0.0012859335462728667,
    "roll-out": 0.14829717509437093,
    "oneh-in": 0.023976438378894096,
    "alternate": 0.20243082921972871,
    "oneh-out": 0.0078815281868337,
    "dsfb-red": 0.053304019579375285,
    "roll-in": 0.32198116729580617,
    "sfR": 0.10644211224955408,
    "sfT": 0.00016592690919649896
  },
  "gutenberg": {
    "dsfb-alt": 0.03070599677275505,
    "redirect": 0.06261037060274616,
    "dsfb": 0.0,
    "unknown": 0.03803056979172942,
    "sfb": 0.034634915547190025,
    "sft": 0.0,
    "bad-redirect": 0.0009549507975856661,
    "roll-out": 0.13536413348018472,
    "oneh-in": 0.011243072770622751,
    "alternate": 0.1657007285359606,
    "oneh-out": 0.009679651042300097,
    "dsfb-red": 0.04313967969271839,
    "roll-in": 0.36894574265468366,
    "sfR": 0.09863878308844841,
    "sfT": 0.0003514052230750666
  },
  "movie": {
    "dsfb-alt": 0.0352374268464065,
    "redirect": 0.06623753488823199,
    "dsfb": 0.0,
    "unknown": 0.03049740429843284,
    "sfb": 0.03660814993310224,
    "sft": 0.0,
    "bad-redirect": 0.0006783868579028911,
    "roll-out": 0.13915089653001503,
    "oneh-in": 0.011391503701386608,
    "alternate": 0.1683541676838083,
    "oneh-out": 0.007868892758157784,
    "dsfb-red": 0.04036790018146026,
    "roll-in": 0.34749435741367607,
    "sfR": 0.11567713207251198,
    "sfT": 0.0004362468349074847
  },
  "mt-quotes": {
    "dsfb-alt": 0.03176061725296136,
    "redirect": 0.06910029762971995,
    "dsfb": 0.0,
    "unknown": 0.008887056095432758,
    "sfb": 0.03253009167951614,
    "sft": 0.0,
    "bad-redirect": 0.0007351095492523397,
    "roll-out": 0.14435340242167796,
    "oneh-in": 0.01368469179187435,
    "alternate": 0.17209332903025304,
    "oneh-out": 0.010430487323842651,
    "dsfb-red": 0.04327135702418092,
    "roll-in": 0.37644631309690296,
    "sfR": 0.0964592223377679,
    "sfT": 0.00024802476661765934
  },
  "english-10k": {
    "dsfb-alt": 0.02892649697998881,
    "redirect": 0.06082476216205785,
    "dsfb": 0.0,
    "unknown": 0.0,
    "sfb": 0.042106481928175836,
    "sft": 0.0,
    "bad-redirect": 0.0019683140039752226,
    "roll-out": 0.15779317265201367,
    "oneh-in": 0.021767237220431872,
    "alternate": 0.1980278265568013,
    "oneh-out": 0.007390826112965786,
    "dsfb-red": 0.050172709905250766,
    "roll-in": 0.325119160186025,
    "sfR": 0.10567144593890508,
    "sfT": 0.00023156635340884968
  },
  "tr-quotes": {
    "dsfb-alt": 0.03220683756732392,
    "redirect": 0.06817225676706502,
    "dsfb": 0.0,
    "unknown": 0.01482859850673817,
    "sfb": 0.033940500681907494,
    "sft": 0.0,
    "bad-redirect": 0.0009015048195834585,
    "roll-out": 0.14407896257599223,
    "oneh-in": 0.014011465292064446,
    "alternate": 0.17328425140426712,
    "oneh-out": 0.009908462587549988,
    "dsfb-red": 0.04396916391206861,
    "roll-in": 0.36764637895564134,
    "sfR": 0.09677191928064538,
    "sfT": 0.0002796976491528166
  },
  "english-200": {
    "dsfb-alt": 0.024498886414253896,
    "redirect": 0.07126948775055679,
    "dsfb": 0.0,
    "unknown": 0.0,
    "sfb": 0.015590200445434299,
    "sft": 0.0,
    "bad-redirect": 0.0,
    "roll-out": 0.14699331848552338,
    "oneh-in": 0.008908685968819599,
    "alternate": 0.16926503340757237,
    "oneh-out": 0.008908685968819599,
    "dsfb-red": 0.04899777282850779,
    "roll-in": 0.3986636971046771,
    "sfR": 0.10690423162583519,
    "sfT": 0.0
  },
  "akl": {
    "dsfb-alt": 0.03196734118739786,
    "redirect": 0.05743648666849804,
    "dsfb": 0.0,
    "unknown": 0.07357612709344968,
    "sfb": 0.035007684185966344,
    "sft": 0.0,
    "bad-redirect": 0.0015071611062105297,
    "roll-out": 0.14256602867416288,
    "oneh-in": 0.00899290760105575,
    "alternate": 0.15948431014744988,
    "oneh-out": 0.007769373063852159,
    "dsfb-red": 0.038347514042241154,
    "roll-in": 0.3251692497253258,
    "sfR": 0.11790358951788564,
    "sfT": 0.00027222698650425733
  },
  "reddit": {
    "dsfb-alt": 0.03192544026975331,
    "redirect": 0.06407195419258017,
    "dsfb": 0.0,
    "unknown": 0.047127493984807645,
    "sfb": 0.03139421923486865,
    "sft": 0.0,
    "bad-redirect": 0.0010430391296994772,
    "roll-out": 0.14298446060482112,
    "oneh-in": 0.012390612647832705,
    "alternate": 0.17020985703067218,
    "oneh-out": 0.009006335359592103,
    "dsfb-red": 0.041081193250848365,
    "roll-in": 0.34447196940028996,
    "sfR": 0.10397777127267367,
    "sfT": 0.0003156536215606369
  },
  "chained-bigrams": {
    "dsfb-alt": 0.03831546987907999,
    "redirect": 0.07189750855296606,
    "dsfb": 0.0,
    "unknown": 0.023895061972886336,
    "sfb": 0.03650131256943502,
    "sft": 0.0,
    "bad-redirect": 0.002653058971800048,
    "roll-out": 0.11617489411463734,
    "oneh-in": 0.01835584364483293,
    "alternate": 0.19403107182673435,
    "oneh-out": 0.007078719752952551,
    "dsfb-red": 0.05002697860995553,
    "roll-in": 0.3215246453335446,
    "sfR": 0.11914286586209158,
    "sfT": 0.00040256890908370774
  },
  "english-1k": {
    "dsfb-alt": 0.025758645024700072,
    "redirect": 0.06880733944954129,
    "dsfb": 0.0,
    "unknown": 0.0,
    "sfb": 0.03669724770642202,
    "sft": 0.0,
    "bad-redirect": 0.0017642907551164433,
    "roll-out": 0.16019760056457305,
    "oneh-in": 0.014467184191954835,
    "alternate": 0.17572335920959775,
    "oneh-out": 0.012702893436838392,
    "dsfb-red": 0.05010585744530699,
    "roll-in": 0.34544812985179957,
    "sfR": 0.10832745236414962,
    "sfT": 0.0
  },
  "keymash": {
    "dsfb-alt": 0.033302820457036364,
    "redirect": 0.06725421057168542,
    "dsfb": 0.0,
    "unknown": 0.013447558217336513,
    "sfb": 0.033610685800839854,
    "sft": 0.0,
    "bad-redirect": 0.0009523301301654673,
    "roll-out": 0.14311223128486575,
    "oneh-in": 0.014133071716205621,
    "alternate": 0.171407108816032,
    "oneh-out": 0.009970732267982415,
    "dsfb-red": 0.043926227253882184,
    "roll-in": 0.3688678354603408,
    "sfR": 0.099723742164827,
    "sfT": 0.0002914458588006387
  },
  "shai": {
    "dsfb-alt": 0.03236010097741756,
    "redirect": 0.06263223638723038,
    "dsfb": 0.0,
    "unknown": 0.024458529808185636,
    "sfb": 0.03601008613052938,
    "sft": 0.0,
    "bad-redirect": 0.0014078341099437615,
    "roll-out": 0.14444454292484626,
    "oneh-in": 0.016762380586277142,
    "alternate": 0.181429047046522,
    "oneh-out": 0.008296445757149497,
    "dsfb-red": 0.04598564295076252,
    "roll-in": 0.3476856851846634,
    "sfR": 0.09823378925716947,
    "sfT": 0.0002936788793030044
  },
  "wordle": {
    "dsfb-alt": 0.037069449119264,
    "redirect": 0.06536519690339952,
    "dsfb": 0.0,
    "unknown": 0.0,
    "sfb": 0.06038370918882531,
    "sft": 0.0,
    "bad-redirect": 0.0029619656681252105,
    "roll-out": 0.1929316728374285,
    "oneh-in": 0.008437114327386962,
    "alternate": 0.18707505890272635,
    "oneh-out": 0.009446875350611466,
    "dsfb-red": 0.052597329743071915,
    "roll-in": 0.2519017165937395,
    "sfR": 0.13138112868843263,
    "sfT": 0.00044878267698866825
  },
  "english-450k": {
    "dsfb-alt": 0.03413609651166666,
    "redirect": 0.06932931688632586,
    "dsfb": 0.0,
    "unknown": 0.00015377410175167997,
    "sfb": 0.05095565049660849,
    "sft": 0.0,
    "bad-redirect": 0.0019382553129536847,
    "roll-out": 0.15847532101074607,
    "oneh-in": 0.015838732480423036,
    "alternate": 0.2084779228919354,
    "oneh-out": 0.005716829961509699,
    "dsfb-red": 0.048654885894354266,
    "roll-in": 0.29181266923190713,
    "sfR": 0.11369548401129392,
    "sfT": 0.0008150612085241136
  },
  "dutch": {
    "dsfb-alt": 0.019907538783680352,
    "redirect": 0.04694369791574958,
    "dsfb": 0.0,
    "unknown": 0.07395878836459287,
    "sfb": 0.04417789083581851,
    "sft": 0.0,