{
  "mt-quotes": {
    "bad-redirect": 0.0062364781678440374,
    "dsfb-red": 0.030958272074204228,
    "sfb": 0.018609328121824985,
    "oneh-in": 0.010276592438531693,
    "roll-in": 0.254944059956252,
    "unknown": 0.007977133909467972,
    "dsfb-alt": 0.03953156189861465,
    "alternate": 0.20646119458290005,
    "sfR": 0.0964592223377679,
    "sfT": 0.00003436487730244678,
    "roll-out": 0.25715984747970977,
    "oneh-out": 0.013937198933792328,
    "redirect": 0.05741474522178793,
    "sft": 0.0,
    "dsfb": 0.0
  },
  "dutch": {
    "bad-redirect": 0.001975955593886015,
    "dsfb-red": 0.034072077274263944,
    "sfb": 0.03805456046620639,
    "oneh-in": 0.005586410667043835,
    "roll-in": 0.22991038296626187,
    "unknown": 0.072903632847049,
    "dsfb-alt": 0.028299365655120035,
    "alternate": 0.18368795124860907,
    "sfR": 0.18880787437283908,
    "sfT": 0.00006437155130310433,
    "roll-out": 0.17000743661760095,
    "oneh-out": 0.009144543682624368,
    "redirect": 0.03748543705719231,
    "sft": 0.0,
    "dsfb": 0.0
  },
  "tr-quotes": {
    "bad-redirect": 0.006199579297750861,
    "dsfb-red": 0.030777143385497332,
    "sfb": 0.019488684958738817,
    "oneh-in": 0.010110723284251404,
    "roll-in": 0.2543896350061256,
    "unknown": 0.013835787429786644,
    "dsfb-alt": 0.0390478722174707,
    "alternate": 0.2074778669009038,
    "sfR": 0.09677191928064538,
    "sfT": 0.00004391946556945054,
    "roll-out": 0.2524155706063198,
    "oneh-out": 0.013075287210189315,
    "redirect": 0.05636601095675088,
    "sft": 0.0,
    "dsfb": 0.0
  },
  "english-5k": {
    "bad-redirect": 0.003442983365827353,
    "dsfb-red": 0.03256315592981292,
    "sfb": 0.028000165926909196,
    "oneh-in": 0.0078815281868337,
    "roll-in": 0.29601360600655413,
    "unknown": 0.002157049819554486,
    "dsfb-alt": 0.03666984693242627,
    "alternate": 0.22761023769029742,
    "sfR": 0.10644211224955408,
    "sfT": 0.00008296345459824948,
    "roll-out": 0.20616418467664993,
    "oneh-out": 0.005807441821877463,
    "redirect": 0.04716472393910483,
    "sft": 0.0,
    "dsfb": 0.0
  },
  "reddit": {
    "bad-redirect": 0.005242951591724683,
    "dsfb-red": 0.028381931517735055,
    "sfb": 0.019991620776653243,
    "oneh-in": 0.007658992204550439,
    "roll-in": 0.24427368858318646,
    "unknown": 0.039285447401644795,
    "dsfb-alt": 0.039655264442782584,
    "alternate": 0.20524935680939252,
    "sfR": 0.10397777127267367,
    "sfT": 0.0001148444290619334,
    "roll-out": 0.24199886241835922,
    "oneh-out": 0.011295769915591593,
    "redirect": 0.0528734986366438,
    "sft": 0.0,
    "dsfb": 0.0
  },
  "shai": {
    "bad-redirect": 0.005271856740378861,
    "dsfb-red": 0.030575819295876654,
    "sfb": 0.02333947076958899,
    "oneh-in": 0.007295647059588504,
    "roll-in": 0.26508720185853935,
    "unknown": 0.023260762136131256,
    "dsfb-alt": 0.038382004240110255,
    "alternate": 0.20791319013646442,
    "sfR": 0.09823378925716947,
    "sfT": 0.00007907632229420494,
    "roll-out": 0.23957965967030928,
    "oneh-out": 0.009318330441879928,
    "redirect": 0.05166319207166883,
    "sft": 0.0,
    "dsfb": 0.0
  },
  "keymash": {
    "bad-redirect": 0.006596528099896147,
    "dsfb-red": 0.03099177794288482,
    "sfb": 0.0207706485286089,
    "oneh-in": 0.009909159199221716,
    "roll-in": 0.25460053445423686,
    "unknown": 0.01232282349464109,
    "dsfb-alt": 0.038068575979114415,
    "alternate": 0.2047879218268319,
    "sfR": 0.099723742164827,
    "sfT": 0.00004104871250713222,
    "roll-out": 0.25451433215797187,
    "oneh-out": 0.013053490577268043,
    "redirect": 0.05461941686199012,
    "sft": 0.0,
    "dsfb": 0.0
  },
  "english-10k": {
    "bad-redirect": 0.0060593195808649,
    "dsfb-red": 0.02964049323633276,
    "sfb": 0.029235252117867275,
    "oneh-in": 0.0076223924663746355,
    "roll-in": 0.29572953049921846,
    "unknown": 0.0,
    "dsfb-alt": 0.03988730437467436,
    "alternate": 0.22452287682599717,
    "sfR": 0.10567144593890508,
    "sfT": 0.00013508037282182898,
    "roll-out": 0.208757067598078,
    "oneh-out": 0.006792613033326258,
    "redirect": 0.04594662395553926,
    "sft": 0.0,
    "dsfb": 0.0
  },
  "english-200": {
    "bad-redirect": 0.004454342984409799,
    "dsfb-red": 0.0378619153674833,
    "sfb": 0.013363028953229399,
    "oneh-in": 0.008908685968819599,
    "roll-in": 0.289532293986637,
    "unknown": 0.0,
    "dsfb-alt": 0.0467706013363029,
    "alternate": 0.17371937639198218,
    "sfR": 0.10690423162583519,
    "sfT": 0.0,
    "roll-out": 0.25389755011135856,
    "oneh-out": 0.011135857461024499,
    "redirect": 0.053452115812917596,
    "sft": 0.0,
    "dsfb": 0.0
  },
  "akl": {
    "bad-redirect": 0.005775189576915647,
    "dsfb-red": 0.027822539725376624,
    "sfb": 0.0261626613861818,
    "oneh-in": 0.0074105959862813455,
    "roll-in": 0.2257899198200452,
    "unknown": 0.06665478384099267,
    "dsfb-alt": 0.04002356244139902,
    "alternate": 0.19701836485132032,
    "sfR": 0.11790358951788564,
    "sfT": 0.00016628521433259595,
    "roll-out": 0.2283633755700256,
    "oneh-out": 0.008805248169530626,
    "redirect": 0.048103883899712915,
    "sft": 0.0,
    "dsfb": 0.0
  },
  "english-450k": {
    "bad-redirect": 0.0036686524769616578,
    "dsfb-red": 0.030689627147502105,
    "sfb": 0.038678571783563244,
    "oneh-in": 0.006849086798171784,
    "roll-in": 0.24841358334000857,
    "unknown": 0.00015377410175167997,
    "dsfb-alt": 0.04017392260192797,
    "alternate": 0.2505468335690618,
    "sfR": 0.11369548401129392,
    "sfT": 0.0003247966293652404,
    "roll-out": 0.20967215712321982,
    "oneh-out": 0.00630941571103566,
    "redirect": 0.050824094706136524,
    "sft": 0.0,
    "dsfb": 0.0
  },
  "gutenberg": {
    "bad-redirect": 0.00639671168063384,
    "dsfb-red": 0.029355312546056816,
    "sfb": 0.02190135420775077,
    "oneh-in": 0.007031893197060093,
    "roll-in": 0.2532555657472542,
    "unknown": 0.032975828246008664,
    "dsfb-alt": 0.03591778140738644,
    "alternate": 0.18985789589539756,
    "sfR": 0.09863878308844841,
    "sfT": 0.00008070006740160559,
    "roll-out": 0.2648059049716925,
    "oneh-out": 0.01134574750426517,
    "redirect": 0.04843652144064396,
    "sft": 0.0,
    "dsfb": 0.0
  },
  "monkeyracer": {
    "bad-redirect": 0.006147653158577975,
    "dsfb-red": 0.030973849257863208,
    "sfb": 0.019400933731642086,
    "oneh-in": 0.010152572063124638,
    "roll-in": 0.2542336596962635,
    "unknown": 0.013436077701487402,
    "dsfb-alt": 0.03911272033407886,
    "alternate": 0.20683543957333,
    "sfR": 0.09690789370786869,
    "sfT": 0.000043011089040774515,
    "roll-out": 0.25295701237155327,
    "oneh-out": 0.013307044434365077,
    "redirect": 0.05649213288080454,
    "sft": 0.0,
    "dsfb": 0.0
  },
  "wordle": {
    "bad-redirect": 0.006821496690227758,
    "dsfb-red": 0.037675305733198695,
    "sfb": 0.04281386738471895,
    "oneh-in": 0.008594188264332997,
    "roll-in": 0.2179961853472456,
    "unknown": 0.0,
    "dsfb-alt": 0.04283630651856838,
    "alternate": 0.2143834847974868,
    "sfR": 0.13138112868843263,
    "sfT": 0.0001570739369460339,
    "roll-out": 0.23825872321328398,
    "oneh-out": 0.010815662515426904,
    "redirect": 0.04826657691013127,
    "sft": 0.0,
    "dsfb": 0.0
  },
  "chained-bigrams": {
    "bad-redirect": 0.008221496010996624,
    "dsfb-red": 0.03537866475684513,
    "sfb": 0.023830131503679287,
    "oneh-in": 0.008400704106008081,
    "roll-in": 0.22001754421277975,
    "unknown": 0.022916559801936097,
    "dsfb-alt": 0.05005684662579077,
    "alternate": 0.22726897901382304,
    "sfR": 0.11914286586209158,
    "sfT": 0.0002447878689105771,
    "roll-out": 0.21605159115361317,
    "oneh-out": 0.01015252816521428,
    "redirect": 0.058317300918311624,
    "sft": 0.0,
    "dsfb": 0.0
  },
  "english-1k": {
    "bad-redirect": 0.00529287226534933,
    "dsfb-red": 0.03599153140437544,
    "sfb": 0.022582921665490474,