{
  "english-200": {
    "bad-redirect": 0.011135857461024499,
    "dsfb-red": 0.015590200445434299,
    "sfb": 0.028953229398663696,
    "oneh-in": 0.028953229398663696,
    "roll-in": 0.22939866369710468,
    "unknown": 0.0,
    "dsfb-alt": 0.0400890868596882,
    "alternate": 0.2516703786191537,
    "sfR": 0.10690423162583519,
    "sfT": 0.0,
    "roll-out": 0.2182628062360802,
    "oneh-out": 0.0066815144766146995,
    "redirect": 0.062360801781737196,
    "sft": 0.0,
    "dsfb": 0.0
  },
  "keymash": {
    "bad-redirect": 0.012372081949649649,
    "dsfb-red": 0.01809427247314388,
    "sfb": 0.028253828818659104,
    "oneh-in": 0.024407564456740815,
    "roll-in": 0.21491874407359213,
    "unknown": 0.03457533054475746,
    "dsfb-alt": 0.039135842504299856,
    "alternate": 0.2671532307389179,
    "sfR": 0.099723742164827,
    "sfT": 0.0000574681975099851,
    "roll-out": 0.20346615328410225,
    "oneh-out": 0.009712125379187482,
    "redirect": 0.04812961541461252,
    "sft": 0.0,
    "dsfb": 0.0
  },
  "english-1k": {
    "bad-redirect": 0.011644318983768526,
    "dsfb-red": 0.021877205363443897,
    "sfb": 0.021524347212420608,
    "oneh-in": 0.017290049400141144,
    "roll-in": 0.2057163020465773,
    "unknown": 0.0,
    "dsfb-alt": 0.04481298517995766,
    "alternate": 0.26781933662667606,
    "sfR": 0.10832745236414962,
    "sfT": 0.0,
    "roll-out": 0.2360621030345801,
    "oneh-out": 0.010938602681721948,
    "redirect": 0.053987297106563165,
    "sft": 0.0,
    "dsfb": 0.0
  },
  "english-10k": {
    "bad-redirect": 0.00773817564307906,
    "dsfb-red": 0.02180583161266668,
    "sfb": 0.03324906891028734,
    "oneh-in": 0.022905771791358717,
    "roll-in": 0.20103818915111635,
    "unknown": 0.0,
    "dsfb-alt": 0.04837807066633218,
    "alternate": 0.27338337739526447,
    "sfR": 0.10567144593890508,
    "sfT": 0.00017367476505663728,
    "roll-out": 0.2193705254626503,
    "oneh-out": 0.011288859728681423,
    "redirect": 0.054997008934601806,
    "sft": 0.0,
    "dsfb": 0.0
  },
  "mt-quotes": {
    "bad-redirect": 0.01333357239334935,
    "dsfb-red": 0.0174424164186419,
    "sfb": 0.027859456616583594,
    "oneh-in": 0.02557792758872115,
    "roll-in": 0.2218551654892961,
    "unknown": 0.03468910244916987,
    "dsfb-alt": 0.03769677627568401,
    "alternate": 0.2660379388245419,
    "sfR": 0.0964592223377679,
    "sfT": 0.00004781200320340421,
    "roll-out": 0.2028274823394413,
    "oneh-out": 0.010034544172314459,
    "redirect": 0.04613858309128507,
    "sft": 0.0,
    "dsfb": 0.0
  },
  "english-5k": {
    "bad-redirect": 0.008047455096030198,
    "dsfb-red": 0.023271249014808978,
    "sfb": 0.028000165926909196,
    "oneh-in": 0.016385282283154272,
    "roll-in": 0.19824117476251712,
    "unknown": 0.0022400132741527356,
    "dsfb-alt": 0.04849213921267682,
    "alternate": 0.27647571244866637,
    "sfR": 0.10644211224955408,
    "sfT": 0.00016592690919649896,
    "roll-out": 0.22366947359688058,
    "oneh-out": 0.011863774007549675,
    "redirect": 0.056705521217903516,
    "sft": 0.0,
    "dsfb": 0.0
  },
  "tr-quotes": {
    "bad-redirect": 0.012667298490557316,
    "dsfb-red": 0.017850951203162203,
    "sfb": 0.028034488338226117,
    "oneh-in": 0.023981183976329718,
    "roll-in": 0.21705462194586347,
    "unknown": 0.039616513719054114,
    "dsfb-alt": 0.038760084140449826,
    "alternate": 0.2660421626869467,
    "sfR": 0.09677191928064538,
    "sfT": 0.000055477219666674374,
    "roll-out": 0.20216592311781975,
    "oneh-out": 0.010100321305563903,
    "redirect": 0.046899054575714846,
    "sft": 0.0,
    "dsfb": 0.0
  },
  "gutenberg": {
    "bad-redirect": 0.009554243895305112,
    "dsfb-red": 0.018618793719640387,
    "sfb": 0.028908431186900976,
    "oneh-in": 0.020231279573448994,
    "roll-in": 0.20975595617645354,
    "unknown": 0.04011588984327138,
    "dsfb-alt": 0.04138644231290182,
    "alternate": 0.2789092836524017,
    "sfR": 0.09863878308844841,
    "sfT": 0.00004413876925956362,
    "roll-out": 0.19445420043850825,
    "oneh-out": 0.009608991124129206,
    "redirect": 0.049773566219330656,
    "sft": 0.0,
    "dsfb": 0.0
  },
  "english-450k": {
    "bad-redirect": 0.009263866418835047,
    "dsfb-red": 0.025523869774969433,
    "sfb": 0.03737266130347816,
    "oneh-in": 0.01661403460560451,
    "roll-in": 0.20084330185154542,
    "unknown": 0.0001543587941537776,
    "dsfb-alt": 0.045767382466595063,
    "alternate": 0.2546358798831317,
    "sfR": 0.11369548401129392,
    "sfT": 0.00014208025370972713,
    "roll-out": 0.2192426947069551,
    "oneh-out": 0.013357297925920643,
    "redirect": 0.06338708800380752,
    "sft": 0.0,
    "dsfb": 0.0
  },
  "wordle": {
    "bad-redirect": 0.010568832043083136,
    "dsfb-red": 0.024189386289689217,
    "sfb": 0.04846852911477617,
    "oneh-in": 0.017323011331762592,
    "roll-in": 0.19681364299338044,
    "unknown": 0.0,
    "dsfb-alt": 0.05158756871984741,
    "alternate": 0.25457197352182204,
    "sfR": 0.13138112868843263,
    "sfT": 0.000044878267698866824,
    "roll-out": 0.20024683047234376,
    "oneh-out": 0.013463480309660047,
    "redirect": 0.051340738247503646,
    "sft": 0.0,
    "dsfb": 0.0
  },
  "french": {
    "bad-redirect": 0.00418601552361158,
    "dsfb-red": 0.014889700035580367,
    "sfb": 0.04333141670675432,
    "oneh-in": 0.011233202606306518,
    "roll-in": 0.164389869203008,
    "unknown": 0.18457858553258105,
    "dsfb-alt": 0.042420281226184964,
    "alternate": 0.23853279980609907,
    "sfR": 0.10898279115633469,
    "sfT": 0.000046443698858277545,
    "roll-out": 0.14410101426596117,
    "oneh-out": 0.005716125655255045,
    "redirect": 0.03759175458346497,
    "sft": 0.0,
    "dsfb": 0.0
  },
  "reddit": {
    "bad-redirect": 0.011893477859016665,
    "dsfb-red": 0.01651148996787465,
    "sfb": 0.028677470508373885,
    "oneh-in": 0.024416614834971064,
    "roll-in": 0.20099445686469838,
    "unknown": 0.06027830483479689,
    "dsfb-alt": 0.040953013982665085,
    "alternate": 0.26248967814155794,
    "sfR": 0.10397777127267367,
    "sfT": 0.00019841191804992212,
    "roll-out": 0.19479832647769027,
    "oneh-out": 0.010205871561901092,
    "redirect": 0.04460511177573048,
    "sft": 0.0,
    "dsfb": 0.0
  },
  "akl": {
    "bad-redirect": 0.01474802400008624,
    "dsfb-red": 0.015577033855892673,
    "sfb": 0.031683157030116336,
    "oneh-in": 0.027683018748224236,
    "roll-in": 0.1944368550484848,
    "unknown": 0.08788458567040264,
    "dsfb-alt": 0.04230843528215392,
    "alternate": 0.2368571177568199,
    "sfR": 0.11790358951788564,
    "sfT": 0.00043268850108004847,
    "roll-out": 0.1777362808192979,
    "oneh-out": 0.009036895120495445,
    "redirect": 0.04371231864906026,
    "sft": 0.0,
    "dsfb": 0.0
  },
  "monkeyracer": {
    "bad-redirect": 0.012719552059058135,
    "dsfb-red": 0.017842759278664935,
    "sfb": 0.028068645698109077,
    "oneh-in": 0.024164411842907862,
    "roll-in": 0.2176165600513005,
    "unknown": 0.03912933825484461,
    "dsfb-alt": 0.03860245241409512,
    "alternate": 0.26511253264932666,
    "sfR": 0.09690789370786869,
    "sfT": 0.000051808811799114756,
    "roll-out": 0.20278653205499164,
    "oneh-out": 0.010252279587719161,
    "redirect": 0.04674523358931448,
    "sft": 0.0,
    "dsfb": 0.0
  },
  "shai": {
    "bad-redirect": 0.008796936060536909,
    "dsfb-red": 0.01809689367181968,
    "sfb": 0.02860806862575407,
    "oneh-in": 0.022515445253377085,
    "roll-in": 0.20452345901221594,
    "unknown": 0.031793109309943265,
    "dsfb-alt": 0.04649980353804906,
    "alternate": 0.27721326231184784,
    "sfR": 0.09823378925716947,
    "sfT": 0.00018097257490247345,
    "roll-out": 0.2037121826226076,
    "oneh-out": 0.009735150247721645,
    "redirect": 0.050090927514055,
    "sft": 0.0,
    "dsfb": 0.0
  },
  "movie": {
    "bad-redirect": 0.014012274656796126,
    "dsfb-red": 0.018308022901708652,
    "sfb": 0.023815787239984055,
    "oneh-in": 0.023714325306435437,