{
  "dutch": {
    "dsfb": 0.0,
    "sfb": 0.035357697290108306,
    "roll-out": 0.1820084992681905,
    "sfR": 0.18880787437283908,
    "roll-in": 0.14660771427953584,
    "alternate": 0.2844238346301661,
    "dsfb-alt": 0.039887338668127145,
    "sft": 0.0,
    "sfT": 0.00006347501159136193,
    "dsfb-red": 0.01071981774853847,
    "oneh-in": 0.002374575080520921,
    "oneh-out": 0.008129158666693396,
    "redirect": 0.0277271760802918,
    "bad-redirect": 0.0006330108288728391,
    "unknown": 0.07325982807452426
  },
  "english-1k": {
    "dsfb": 0.0,
    "sfb": 0.0187014820042343,
    "roll-out": 0.23288637967537051,
    "sfR": 0.10832745236414962,
    "roll-in": 0.19513055751587863,
    "alternate": 0.33415666901905433,
    "dsfb-alt": 0.04728299223712068,
    "sft": 0.0,
    "sfT": 0.0,
    "dsfb-red": 0.011291460832745237,
    "oneh-in": 0.004234297812279464,
    "oneh-out": 0.012350035285815103,
    "redirect": 0.03458009880028229,
    "bad-redirect": 0.001058574453069866,
    "unknown": 0.0
  },
  "shai": {
    "dsfb": 0.0,
    "sfb": 0.019816717565122724,
    "roll-out": 0.2552491103478321,
    "sfR": 0.09823378925716947,
    "roll-in": 0.18268105849797794,
    "alternate": 0.3164204067459058,
    "dsfb-alt": 0.0464309025205031,
    "sft": 0.0,
    "sfT": 0.00005034240732615749,
    "dsfb-red": 0.0123798315474235,
    "oneh-in": 0.0031515268143470173,
    "oneh-out": 0.010399087914942658,
    "redirect": 0.029947280387585835,
    "bad-redirect": 0.0016180398825501225,
    "unknown": 0.023621906111313578
  },
  "akl": {
    "dsfb": 0.0,
    "sfb": 0.024279066240371846,
    "roll-out": 0.24074375584770702,
    "sfR": 0.11790358951788564,
    "roll-in": 0.16019783727616393,
    "alternate": 0.28672929993800855,
    "dsfb-alt": 0.04968830195908021,
    "sft": 0.0,
    "sfT": 0.00029205234737848633,
    "dsfb-red": 0.012603663404527444,
    "oneh-in": 0.004731198464129293,
    "oneh-out": 0.010856491523233279,
    "redirect": 0.023468394843374072,
    "bad-redirect": 0.001584232196609095,
    "unknown": 0.06692211644153111
  },
  "monkeyracer": {
    "dsfb": 0.0,
    "sfb": 0.014562186214554953,
    "roll-out": 0.28752326508907206,
    "sfR": 0.09690789370786869,
    "roll-in": 0.16371682280995356,
    "alternate": 0.31524488950060214,
    "dsfb-alt": 0.04720662527175188,
    "sft": 0.0,
    "sfT": 3.9100990037067735e-6,
    "dsfb-red": 0.013116427107934373,
    "oneh-in": 0.0038494924691493187,
    "oneh-out": 0.013045067801116724,
    "redirect": 0.0294391353989083,
    "bad-redirect": 0.0010322661369785882,
    "unknown": 0.014352018393105714
  },
  "tr-quotes": {
    "dsfb": 0.0,
    "sfb": 0.014699151660849263,
    "roll-out": 0.2865121009685398,
    "sfR": 0.09677191928064538,
    "roll-in": 0.16394674186912,
    "alternate": 0.3157277917755022,
    "dsfb-alt": 0.04728161623633296,
    "sft": 0.0,
    "sfT": 2.3115508194447656e-6,
    "dsfb-red": 0.013037146621668477,
    "oneh-in": 0.003847576338965812,
    "oneh-out": 0.012914634428237905,
    "redirect": 0.02944800166431659,
    "bad-redirect": 0.0010413536441598668,
    "unknown": 0.01476965396084233
  },
  "reddit": {
    "dsfb": 0.0,
    "sfb": 0.017882094176552146,
    "roll-out": 0.2609075144627755,
    "sfR": 0.10397777127267367,
    "roll-in": 0.16746509015905728,
    "alternate": 0.3018891459091729,
    "dsfb-alt": 0.0482673979852032,
    "sft": 0.0,
    "sfT": 0.00008626442274286778,
    "dsfb-red": 0.01282882692558729,
    "oneh-in": 0.004559728373821988,
    "oneh-out": 0.01275301312114458,
    "redirect": 0.026755643006129717,
    "bad-redirect": 0.0014097846629497676,
    "unknown": 0.041217725522189115
  },
  "keymash": {
    "dsfb": 0.0,
    "sfb": 0.015155184657633214,
    "roll-out": 0.28688945171234703,
    "sfR": 0.099723742164827,
    "roll-in": 0.16471616867736943,
    "alternate": 0.31346028331821374,
    "dsfb-alt": 0.04612643824426447,
    "sft": 0.0,
    "sfT": 0.0,
    "dsfb-red": 0.013283363367307984,
    "oneh-in": 0.003521979533111944,
    "oneh-out": 0.013037071092265191,
    "redirect": 0.029555073005135196,
    "bad-redirect": 0.0011370493364475623,
    "unknown": 0.013394194891077241
  },
  "english-10k": {
    "dsfb": 0.0,
    "sfb": 0.022905771791358717,
    "roll-out": 0.20372049941143552,
    "sfR": 0.10567144593890508,
    "roll-in": 0.2283244244611258,
    "alternate": 0.33007853958819783,
    "dsfb-alt": 0.04884120337314988,
    "sft": 0.0,
    "sfT": 0.00001929719611740414,
    "dsfb-red": 0.013218579340421836,
    "oneh-in": 0.0029910653981976417,
    "oneh-out": 0.006175102757569325,
    "redirect": 0.03596997356284132,
    "bad-redirect": 0.002084097180679647,
    "unknown": 0.0
  },
  "wordle": {
    "dsfb": 0.0,
    "sfb": 0.037271401323908895,
    "roll-out": 0.2189386289689218,
    "sfR": 0.13138112868843263,
    "roll-in": 0.17430719174239875,
    "alternate": 0.30272635476270615,
    "dsfb-alt": 0.056793447772915964,
    "sft": 0.0,
    "sfT": 0.0,
    "dsfb-red": 0.0196791203859531,
    "oneh-in": 0.0024907438572871086,
    "oneh-out": 0.01038931897228767,
    "redirect": 0.04404801974643779,
    "bad-redirect": 0.00197464377875014,
    "unknown": 0.0
  },
  "chained-bigrams": {
    "dsfb": 0.0,
    "sfb": 0.02237439038405723,
    "roll-out": 0.24033753455112591,
    "sfR": 0.11914286586209158,
    "roll-in": 0.1648143085976382,
    "alternate": 0.30278571192039005,
    "dsfb-alt": 0.05659534487494067,
    "sft": 0.0,
    "sfT": 0.00004674993782907573,
    "dsfb-red": 0.02191533196676339,
    "oneh-in": 0.004159445857403599,
    "oneh-out": 0.00879093622594245,
    "redirect": 0.03250938732258561,
    "bad-redirect": 0.002875770481180228,
    "unknown": 0.02365222201805197
  },
  "english-450k": {
    "dsfb": 0.0,
    "sfb": 0.03609540075109586,
    "roll-out": 0.19702789158165726,
    "sfR": 0.11369548401129392,
    "roll-in": 0.2023971219101199,
    "alternate": 0.3333793291356317,
    "dsfb-alt": 0.052281148172163845,
    "sft": 0.0,
    "sfT": 0.000014324963851392241,
    "dsfb-red": 0.015636136563096203,
    "oneh-in": 0.003523648761241442,
    "oneh-out": 0.00670612950585891,
    "redirect": 0.036449139654364936,
    "bad-redirect": 0.0026404708878729533,
    "unknown": 0.00015377410175167997
  },
  "english-200": {
    "dsfb": 0.0,
    "sfb": 0.013363028953229399,
    "roll-out": 0.30734966592427615,
    "sfR": 0.10690423162583519,
    "roll-in": 0.13140311804008908,
    "alternate": 0.3363028953229399,
    "dsfb-alt": 0.051224944320712694,
    "sft": 0.0,
    "sfT": 0.0,
    "dsfb-red": 0.008908685968819599,
    "oneh-in": 0.008908685968819599,
    "oneh-out": 0.015590200445434299,
    "redirect": 0.0200445434298441,
    "bad-redirect": 0.0,
    "unknown": 0.0
  },
  "english-5k": {
    "dsfb": 0.0,
    "sfb": 0.020035674285477246,
    "roll-out": 0.2072841913137263,
    "sfR": 0.10644211224955408,
    "roll-in": 0.21960426432156635,
    "alternate": 0.3380345957605675,
    "dsfb-alt": 0.04890695648566806,
    "sft": 0.0,
    "sfT": 0.0,
    "dsfb-red": 0.013440079644916414,
    "oneh-in": 0.0026548305471439833,
    "oneh-out": 0.008005973368731075,
    "redirect": 0.0310283320197453,
    "bad-redirect": 0.0024059401833492347,
    "unknown": 0.002157049819554486
  },
  "movie": {
    "dsfb": 0.0,
    "sfb": 0.013104117972724769,
    "roll-out": 0.28209233720261684,
    "sfR": 0.11567713207251198,
    "roll-in": 0.15052713488212585,
    "alternate": 0.2963797829398931,
    "dsfb-alt": 0.05214077441906463,
    "sft": 0.0,
    "sfT": 5.395511381962858e-6,
    "dsfb-red": 0.013823168562750258,
    "oneh-in": 0.004474984501064561,
    "oneh-out": 0.01332072801503479,
    "redirect": 0.027142054208044865,
    "bad-redirect": 0.000860913060019537,
    "unknown": 0.030451476652766863
  },
  "gutenberg": {
    "dsfb": 0.0,
    "sfb": 0.017704192955755524,
    "roll-out": 0.2924458674935203,
    "sfR": 0.09863878308844841,
    "roll-in": 0.14892818565410434,
    "alternate": 0.2983526956664064,
    "dsfb-alt": 0.04201707734665756,