{
  "dutch": {
    "dsfb": 0.0,
    "sfb": 0.05823262114250789,
    "roll-out": 0.1900416385317563,
    "sfR": 0.18880787437283908,
    "roll-in": 0.13611283834467355,
    "alternate": 0.21935997536165425,
    "dsfb-alt": 0.0670139227955227,
    "sft": 0.0,
    "sfT": 0.0002540614235135614,
    "dsfb-red": 0.026338471928391293,
    "oneh-in": 0.006457918990034387,
    "oneh-out": 0.002594137655926635,
    "redirect": 0.03581821387844191,
    "bad-redirect": 0.0013871800343905462,
    "unknown": 0.06758114554034789
  },
  "english-1k": {
    "dsfb": 0.0,
    "sfb": 0.014467184191954835,
    "roll-out": 0.19760056457304165,
    "sfR": 0.10832745236414962,
    "roll-in": 0.17607621736062104,
    "alternate": 0.3366266760762174,
    "dsfb-alt": 0.07939308398023995,
    "sft": 0.0,
    "sfT": 0.0,
    "dsfb-red": 0.02364149611856034,
    "oneh-in": 0.004234297812279464,
    "oneh-out": 0.01058574453069866,
    "redirect": 0.0465772759350741,
    "bad-redirect": 0.0024700070571630206,
    "unknown": 0.0
  },
  "shai": {
    "dsfb": 0.0,
    "sfb": 0.023618082147414274,
    "roll-out": 0.18139334639570504,
    "sfR": 0.09823378925716947,
    "roll-in": 0.1781305995139386,
    "alternate": 0.34015304138272057,
    "dsfb-alt": 0.07580909347904236,
    "sft": 0.0,
    "sfT": 0.00006204652355236648,
    "dsfb-red": 0.023280787631288137,
    "oneh-in": 0.005000541083150934,
    "oneh-out": 0.00672367030557342,
    "redirect": 0.04965164772591808,
    "bad-redirect": 0.002370756986939383,
    "unknown": 0.015572597567587401
  },
  "akl": {
    "dsfb": 0.0,
    "sfb": 0.031181079765976484,
    "roll-out": 0.1583119498230029,
    "sfR": 0.11790358951788564,
    "roll-in": 0.16145364997904088,
    "alternate": 0.311131655141317,
    "dsfb-alt": 0.0809913076944332,
    "sft": 0.0,
    "sfT": 0.0002309034999320362,
    "dsfb-red": 0.023888072951380408,
    "oneh-in": 0.00381173539933419,
    "oneh-out": 0.006600977811580018,
    "redirect": 0.04415299924874273,
    "bad-redirect": 0.0019179178018234623,
    "unknown": 0.05842416136555103
  },
  "monkeyracer": {
    "dsfb": 0.0,
    "sfb": 0.025376542534056964,
    "roll-out": 0.17594761249354834,
    "sfR": 0.09690789370786869,
    "roll-in": 0.17297789230023305,
    "alternate": 0.34411217292021834,
    "dsfb-alt": 0.09535362935389524,
    "sft": 0.0,
    "sfT": 0.000018572970267607176,
    "dsfb-red": 0.021883846598995886,
    "oneh-in": 0.004519096923534104,
    "oneh-out": 0.007615895334469869,
    "redirect": 0.04386837824733722,
    "bad-redirect": 0.0020518244521951297,
    "unknown": 0.009366642163379577
  },
  "tr-quotes": {
    "dsfb": 0.0,
    "sfb": 0.025457109174545203,
    "roll-out": 0.17584313816139246,
    "sfR": 0.09677191928064538,
    "roll-in": 0.1731802316173921,
    "alternate": 0.3444118258939923,
    "dsfb-alt": 0.09470654862347148,
    "sft": 0.0,
    "sfT": 0.00001733663114583574,
    "dsfb-red": 0.021947019255218327,
    "oneh-in": 0.004500589445458958,
    "oneh-out": 0.00746515337139687,
    "redirect": 0.043920621344860265,
    "bad-redirect": 0.002035320496521116,
    "unknown": 0.009743186703959687
  },
  "reddit": {
    "dsfb": 0.0,
    "sfb": 0.029038934546354204,
    "roll-out": 0.17233638929639433,
    "sfR": 0.10397777127267367,
    "roll-in": 0.1692454410114101,
    "alternate": 0.3279202127131584,
    "dsfb-alt": 0.08006937862084426,
    "sft": 0.0,
    "sfT": 0.00012278540067352174,
    "dsfb-red": 0.024123735320673852,
    "oneh-in": 0.004301122392659696,
    "oneh-out": 0.007141330753266708,
    "redirect": 0.0465057758394815,
    "bad-redirect": 0.0020187672877667647,
    "unknown": 0.03319835554464296
  },
  "keymash": {
    "dsfb": 0.0,
    "sfb": 0.024038126044176624,
    "roll-out": 0.17764651311711607,
    "sfR": 0.099723742164827,
    "roll-in": 0.1730572670588187,
    "alternate": 0.3420958651631892,
    "dsfb-alt": 0.0944120387664041,
    "sft": 0.0,
    "sfT": 0.00002462922750427933,
    "dsfb-red": 0.022153990140099257,
    "oneh-in": 0.0046631337408102195,
    "oneh-out": 0.00758169720006732,
    "redirect": 0.043798976245110074,
    "bad-redirect": 0.0022371548316387057,
    "unknown": 0.008566866300238493
  },
  "english-10k": {
    "dsfb": 0.0,
    "sfb": 0.025510893267208276,
    "roll-out": 0.2013276470928774,
    "sfR": 0.10567144593890508,
    "roll-in": 0.1915439686613535,
    "alternate": 0.308697246290114,
    "dsfb-alt": 0.06146156963393219,
    "sft": 0.0,
    "sfT": 0.0,
    "dsfb-red": 0.026109106346847804,
    "oneh-in": 0.006425966307095579,
    "oneh-out": 0.006271588738156346,
    "redirect": 0.06342988363790741,
    "bad-redirect": 0.003550684085602362,
    "unknown": 0.0
  },
  "wordle": {
    "dsfb": 0.0,
    "sfb": 0.029081117468865703,
    "roll-out": 0.19376192078985752,
    "sfR": 0.13138112868843263,
    "roll-in": 0.19398631212835185,
    "alternate": 0.2828228430382587,
    "dsfb-alt": 0.059441265567149106,
    "sft": 0.0,
    "sfT": 0.00013463480309660046,
    "dsfb-red": 0.03547627061595422,
    "oneh-in": 0.005677100863906653,
    "oneh-out": 0.008122966453494895,
    "redirect": 0.05645686076517446,
    "bad-redirect": 0.003657578817457646,
    "unknown": 0.0
  },
  "chained-bigrams": {
    "dsfb": 0.0,
    "sfb": 0.024733963635041416,
    "roll-out": 0.18277147916153985,
    "sfR": 0.11914286586209158,
    "roll-in": 0.17375783142621723,
    "alternate": 0.32925331908325967,
    "dsfb-alt": 0.07808862879185824,
    "sft": 0.0,
    "sfT": 0.00009804500850264495,
    "dsfb-red": 0.023056160310731252,
    "oneh-in": 0.004730833986425636,
    "oneh-out": 0.006478762217479412,
    "redirect": 0.03877972273391039,
    "bad-redirect": 0.003020565427511949,
    "unknown": 0.016087822355430687
  },
  "english-450k": {
    "dsfb": 0.0,
    "sfb": 0.033209651400542946,
    "roll-out": 0.1886346321495456,
    "sfR": 0.11369548401129392,
    "roll-in": 0.20120727287185122,
    "alternate": 0.2990953054462343,
    "dsfb-alt": 0.05840024650631673,
    "sft": 0.0,
    "sfT": 0.000026895850496491555,
    "dsfb-red": 0.026768972245236364,
    "oneh-in": 0.006915157039608817,
    "oneh-out": 0.005538206432668869,
    "redirect": 0.06370545301674968,
    "bad-redirect": 0.002802723029455049,
    "unknown": 0.0
  },
  "english-200": {
    "dsfb": 0.0,
    "sfb": 0.013363028953229399,
    "roll-out": 0.16258351893095768,
    "sfR": 0.10690423162583519,
    "roll-in": 0.1870824053452116,
    "alternate": 0.3429844097995546,
    "dsfb-alt": 0.1091314031180401,
    "sft": 0.0,
    "sfT": 0.0,
    "dsfb-red": 0.017817371937639197,
    "oneh-in": 0.008908685968819599,
    "oneh-out": 0.008908685968819599,
    "redirect": 0.042316258351893093,
    "bad-redirect": 0.0,
    "unknown": 0.0
  },
  "english-5k": {
    "dsfb": 0.0,
    "sfb": 0.024183847015389722,
    "roll-out": 0.2060812212220517,
    "sfR": 0.10644211224955408,
    "roll-in": 0.1869996266644543,
    "alternate": 0.30659144646783093,
    "dsfb-alt": 0.06263740822167835,
    "sft": 0.0,
    "sfT": 0.0,
    "dsfb-red": 0.023520139378603724,
    "oneh-in": 0.005600033185381839,
    "oneh-out": 0.007466710913842453,
    "redirect": 0.0662463184967022,
    "bad-redirect": 0.004231136184510723,
    "unknown": 0.0
  },
  "movie": {
    "dsfb": 0.0,
    "sfb": 0.025056228466481176,
    "roll-out": 0.16834811418323342,
    "sfR": 0.11567713207251198,
    "roll-in": 0.16366625787991407,
    "alternate": 0.32039638848155705,
    "dsfb-alt": 0.0975413707415104,
    "sft": 0.0,
    "sfT": 0.000048428004599081266,
    "dsfb-red": 0.02578699126414068,
    "oneh-in": 0.0038200220584297035,
    "oneh-out": 0.008179990048571447,
    "redirect": 0.04477090066481912,
    "bad-redirect": 0.002225056254786049,
    "unknown": 0.02448311987944585
  },
  "gutenberg": {
    "dsfb": 0.0,
    "sfb": 0.02321471938919521,
    "roll-out": 0.1653317056925373,
    "sfR": 0.09863878308844841,
    "roll-in": 0.17486340661126779,
    "alternate": 0.34840416563897214,
    "dsfb-alt": 0.08733660604310899,
    "sft": 0.0,