{
  "dutch": {
    "dsfb": 0.0,
    "sfb": 0.043842190506153685,
    "roll-out": 0.13280869502942963,
    "sfR": 0.18880787437283908,
    "roll-in": 0.20801794112237232,
    "alternate": 0.2767125531231158,
    "dsfb-alt": 0.04185990534190277,
    "sft": 0.0,
    "sfT": 0.0003710598558959446,
    "dsfb-red": 0.007276800431945661,
    "oneh-in": 0.004686517896779518,
    "oneh-out": 0.005161343258912528,
    "redirect": 0.016467605563695937,
    "bad-redirect": 0.0007276854224328365,
    "unknown": 0.07325982807452426
  },
  "english-1k": {
    "dsfb": 0.0,
    "sfb": 0.020465772759350742,
    "roll-out": 0.21242060691601977,
    "sfR": 0.10832745236414962,
    "roll-in": 0.21947776993648554,
    "alternate": 0.34897671136203245,
    "dsfb-alt": 0.05257586450247001,
    "sft": 0.0,
    "sfT": 0.0,
    "dsfb-red": 0.0067043048694424845,
    "oneh-in": 0.0028228652081863093,
    "oneh-out": 0.008468595624558928,
    "redirect": 0.019407198306280876,
    "bad-redirect": 0.00035285815102328866,
    "unknown": 0.0
  },
  "shai": {
    "dsfb": 0.0,
    "sfb": 0.021824136055087373,
    "roll-out": 0.21513734687501646,
    "sfR": 0.09823378925716947,
    "roll-in": 0.21496026406096297,
    "alternate": 0.3268155468438674,
    "dsfb-alt": 0.055715266254710676,
    "sft": 0.0,
    "sfT": 0.0002159378480465118,
    "dsfb-red": 0.006474671425514911,
    "oneh-in": 0.0028144413002963494,
    "oneh-out": 0.010612420977863428,
    "redirect": 0.022166771735364358,
    "bad-redirect": 0.0014075012547865346,
    "unknown": 0.023621906111313578
  },
  "akl": {
    "dsfb": 0.0,
    "sfb": 0.027447158908073643,
    "roll-out": 0.2095051825351953,
    "sfR": 0.11790358951788564,
    "roll-in": 0.18769765729905974,
    "alternate": 0.28080709291935996,
    "dsfb-alt": 0.054454194804739404,
    "sft": 0.0,
    "sfT": 0.0004640373529624231,
    "dsfb-red": 0.011225862778021258,
    "oneh-in": 0.004405319094759153,
    "oneh-out": 0.014591093877916171,
    "redirect": 0.02335514246938004,
    "bad-redirect": 0.0012215520011161678,
    "unknown": 0.06692211644153111
  },
  "monkeyracer": {
    "dsfb": 0.0,
    "sfb": 0.018742082049517494,
    "roll-out": 0.24102632278649294,
    "sfR": 0.09690789370786869,
    "roll-in": 0.20223814066972176,
    "alternate": 0.3138343212850149,
    "dsfb-alt": 0.05468371209159016,
    "sft": 0.0,
    "sfT": 0.00018475217792514507,
    "dsfb-red": 0.008209252858282372,
    "oneh-in": 0.003478033063797175,
    "oneh-out": 0.020398008977587312,
    "redirect": 0.025027566197976133,
    "bad-redirect": 0.0009178957411201652,
    "unknown": 0.014352018393105714
  },
  "tr-quotes": {
    "dsfb": 0.0,
    "sfb": 0.018859943135849842,
    "roll-out": 0.24032847137144311,
    "sfR": 0.09677191928064538,
    "roll-in": 0.20212315942766002,
    "alternate": 0.31459628764938397,
    "dsfb-alt": 0.05483692008968817,
    "sft": 0.0,
    "sfT": 0.00019879337047224983,
    "dsfb-red": 0.008170176371327524,
    "oneh-in": 0.0034499895980213127,
    "oneh-out": 0.01993597004230138,
    "redirect": 0.02503409537458681,
    "bad-redirect": 0.0009246203277779062,
    "unknown": 0.01476965396084233
  },
  "reddit": {
    "dsfb": 0.0,
    "sfb": 0.02017040501015377,
    "roll-out": 0.22636308931514176,
    "sfR": 0.10397777127267367,
    "roll-in": 0.1953744589510763,
    "alternate": 0.3024341138147248,
    "dsfb-alt": 0.05808891902962076,
    "sft": 0.0,
    "sfT": 0.0002902949527821213,
    "dsfb-red": 0.008714429738039707,
    "oneh-in": 0.0040776514651373556,
    "oneh-out": 0.014241645639011296,
    "redirect": 0.02393045506824085,
    "bad-redirect": 0.0011190402212084998,
    "unknown": 0.041217725522189115
  },
  "keymash": {
    "dsfb": 0.0,
    "sfb": 0.019769059943434874,
    "roll-out": 0.24333266287102906,
    "sfR": 0.099723742164827,
    "roll-in": 0.2011879497399564,
    "alternate": 0.3121303050329826,
    "dsfb-alt": 0.054065259243143836,
    "sft": 0.0,
    "sfT": 0.00016829972127924207,
    "dsfb-red": 0.008328783767697126,
    "oneh-in": 0.0033454700693312752,
    "oneh-out": 0.01926826565084786,
    "redirect": 0.02431315241797441,
    "bad-redirect": 0.0009728544864190335,
    "unknown": 0.013394194891077241
  },
  "english-10k": {
    "dsfb": 0.0,
    "sfb": 0.029235252117867275,
    "roll-out": 0.1560757221975647,
    "sfR": 0.10567144593890508,
    "roll-in": 0.24918469346403968,
    "alternate": 0.3644854402655294,
    "dsfb-alt": 0.060130063101831305,
    "sft": 0.0,
    "sfT": 0.00040524111846548696,
    "dsfb-red": 0.00540321491287316,
    "oneh-in": 0.0025086354952625384,
    "oneh-out": 0.0029717682020802376,
    "redirect": 0.022616313849597655,
    "bad-redirect": 0.0013122093359834816,
    "unknown": 0.0
  },
  "wordle": {
    "dsfb": 0.0,
    "sfb": 0.04844608998092673,
    "roll-out": 0.2011443958263211,
    "sfR": 0.13138112868843263,
    "roll-in": 0.16692471670593514,
    "alternate": 0.3357791989229216,
    "dsfb-alt": 0.06006956131493325,
    "sft": 0.0,
    "sfT": 0.0005385392123864019,
    "dsfb-red": 0.014899584876023785,
    "oneh-in": 0.0020868394479973073,
    "oneh-out": 0.005991248737798721,
    "redirect": 0.03141478738920678,
    "bad-redirect": 0.0013239088971165713,
    "unknown": 0.0
  },
  "chained-bigrams": {
    "dsfb": 0.0,
    "sfb": 0.024278801045899998,
    "roll-out": 0.20321483739137944,
    "sfR": 0.11914286586209158,
    "roll-in": 0.19406223845195372,
    "alternate": 0.32207071057957587,
    "dsfb-alt": 0.062046907069564554,
    "sft": 0.0,
    "sfT": 0.00013115954779824025,
    "dsfb-red": 0.012730917097426221,
    "oneh-in": 0.005086652957680268,
    "oneh-out": 0.006302800645928307,
    "redirect": 0.024576182594868285,
    "bad-redirect": 0.0027037047377815467,
    "unknown": 0.02365222201805197
  },
  "english-450k": {
    "dsfb": 0.0,
    "sfb": 0.04353795033739675,
    "roll-out": 0.16547291967905065,
    "sfR": 0.11369548401129392,
    "roll-in": 0.20968443566366388,
    "alternate": 0.37325330453528355,
    "dsfb-alt": 0.05694611650229989,
    "sft": 0.0,
    "sfT": 0.0017505690518803416,
    "dsfb-red": 0.0074375797008830605,
    "oneh-in": 0.00231889006671925,
    "oneh-out": 0.002878733041727743,
    "redirect": 0.021262923894682866,
    "bad-redirect": 0.001607319413366419,
    "unknown": 0.00015377410175167997
  },
  "english-200": {
    "dsfb": 0.0,
    "sfb": 0.015590200445434299,
    "roll-out": 0.24944320712694878,
    "sfR": 0.10690423162583519,
    "roll-in": 0.2026726057906459,
    "alternate": 0.32962138084632514,
    "dsfb-alt": 0.051224944320712694,
    "sft": 0.0,
    "sfT": 0.0,
    "dsfb-red": 0.0022271714922048997,
    "oneh-in": 0.0066815144766146995,
    "oneh-out": 0.011135857461024499,
    "redirect": 0.022271714922048998,
    "bad-redirect": 0.0022271714922048997,
    "unknown": 0.0
  },
  "english-5k": {
    "dsfb": 0.0,
    "sfb": 0.027294976562824078,
    "roll-out": 0.15970465010163024,
    "sfR": 0.10644211224955408,
    "roll-in": 0.2405110548803252,
    "alternate": 0.37337702741942175,
    "dsfb-alt": 0.058032936491475506,
    "sft": 0.0,
    "sfT": 0.0003733355456921226,
    "dsfb-red": 0.00543410627618534,
    "oneh-in": 0.0032355747293317293,
    "oneh-out": 0.003899282366117725,
    "redirect": 0.017837142738623635,
    "bad-redirect": 0.0017007508192641142,
    "unknown": 0.002157049819554486
  },
  "movie": {
    "dsfb": 0.0,
    "sfb": 0.01706297575086108,
    "roll-out": 0.2404828114141122,
    "sfR": 0.11567713207251198,
    "roll-in": 0.17097296467163905,
    "alternate": 0.29436186168303896,
    "dsfb-alt": 0.0592095523186289,
    "sft": 0.0,
    "sfT": 0.00009554003081231793,
    "dsfb-red": 0.011028162069054912,
    "oneh-in": 0.003259152070382735,
    "oneh-out": 0.03007576482360823,
    "redirect": 0.026656458183668207,
    "bad-redirect": 0.0006661482589145363,
    "unknown": 0.030451476652766863
  },
  "gutenberg": {
    "dsfb": 0.0,
    "sfb": 0.01969706785966372,
    "roll-out": 0.26471478588150427,
    "sfR": 0.09863878308844841,