{
  "english-1k": {
    "dsfb-alt": 0.035638673253352154,
    "redirect": 0.05716302046577276,
    "dsfb": 0.0,
    "unknown": 0.0,
    "sfb": 0.014467184191954835,
    "sft": 0.0,
    "bad-redirect": 0.0,
    "roll-out": 0.22829922371206776,
    "oneh-in": 0.014820042342978124,
    "alternate": 0.2364149611856034,
    "oneh-out": 0.010232886379675371,
    "dsfb-red": 0.043048694424841216,
    "roll-in": 0.2515878616796048,
    "sfR": 0.10832745236414962,
    "sfT": 0.0
  },
  "english-10k": {
    "dsfb-alt": 0.03859439223480828,
    "redirect": 0.053472530441326875,
    "dsfb": 0.0,
    "unknown": 0.0,
    "sfb": 0.02572316242449972,
    "sft": 0.0,
    "bad-redirect": 0.00013508037282182898,
    "roll-out": 0.18650740047471104,
    "oneh-in": 0.021033943767970513,
    "alternate": 0.24943555701356593,
    "oneh-out": 0.006541749483800004,
    "dsfb-red": 0.03747515485999884,
    "roll-in": 0.2754095829875919,
    "sfR": 0.10567144593890508,
    "sfT": 0.0
  },
  "mt-quotes": {
    "dsfb-alt": 0.03839303857233359,
    "redirect": 0.059385496228828244,
    "dsfb": 0.0,
    "unknown": 0.007995063410669249,
    "sfb": 0.021309212177717217,
    "sft": 0.0,
    "bad-redirect": 0.0017376674914237218,
    "roll-out": 0.2485716164042983,
    "oneh-in": 0.01266121609830148,
    "alternate": 0.2094061151552097,
    "oneh-out": 0.009971790918109992,
    "dsfb-red": 0.045602192180346876,
    "roll-in": 0.2484296745197882,
    "sfR": 0.0964592223377679,
    "sfT": 0.00007769450520553185
  },
  "english-200": {
    "dsfb-alt": 0.026726057906458798,
    "redirect": 0.0556792873051225,
    "dsfb": 0.0,
    "unknown": 0.0,
    "sfb": 0.004454342984409799,
    "sft": 0.0,
    "bad-redirect": 0.0,
    "roll-out": 0.2516703786191537,
    "oneh-in": 0.015590200445434299,
    "alternate": 0.22717149220489977,
    "oneh-out": 0.008908685968819599,
    "dsfb-red": 0.05790645879732739,
    "roll-in": 0.24498886414253898,
    "sfR": 0.10690423162583519,
    "sfT": 0.0
  },
  "chained-bigrams": {
    "dsfb-alt": 0.047717401820260776,
    "redirect": 0.06223130960211258,
    "dsfb": 0.0,
    "unknown": 0.023159399756770463,
    "sfb": 0.022805528699592043,
    "sft": 0.0,
    "bad-redirect": 0.002019986897031314,
    "roll-out": 0.2041900930388693,
    "oneh-in": 0.010095389352312077,
    "alternate": 0.23216863222018702,
    "oneh-out": 0.008827946593390468,
    "dsfb-red": 0.047427162622905264,
    "roll-in": 0.22014026279958107,
    "sfR": 0.11914286586209158,
    "sfT": 0.00007402073489603658
  },
  "english-5k": {
    "dsfb-alt": 0.03741651802381051,
    "redirect": 0.0541751358526569,
    "dsfb": 0.0,
    "unknown": 0.002157049819554486,
    "sfb": 0.026050524743850334,
    "sft": 0.0,
    "bad-redirect": 0.00016592690919649896,
    "roll-out": 0.18173144729746546,
    "oneh-in": 0.02322976728750985,
    "alternate": 0.2572696727091716,
    "oneh-out": 0.006844485004355581,
    "dsfb-red": 0.038038743933297384,
    "roll-in": 0.2664786161695773,
    "sfR": 0.10644211224955408,
    "sfT": 0.0
  },
  "tr-quotes": {
    "dsfb-alt": 0.03877857654700539,
    "redirect": 0.05821178428607753,
    "dsfb": 0.0,
    "unknown": 0.013894731975682485,
    "sfb": 0.022042948614225285,
    "sft": 0.0,
    "bad-redirect": 0.0015602968031252168,
    "roll-out": 0.2429728855088879,
    "oneh-in": 0.012972423198724024,
    "alternate": 0.21201428538406417,
    "oneh-out": 0.009746654030188854,
    "dsfb-red": 0.04445690113497145,
    "roll-in": 0.24649915628395092,
    "sfR": 0.09677191928064538,
    "sfT": 0.00007743695245139965
  },
  "dutch": {
    "dsfb-alt": 0.03098308555904397,
    "redirect": 0.045422001063009206,
    "dsfb": 0.0,
    "unknown": 0.07360270072188302,
    "sfb": 0.03875187112320539,
    "sft": 0.0,
    "bad-redirect": 0.001498906813267884,
    "roll-out": 0.13453937528897716,
    "oneh-in": 0.007497187823886178,
    "alternate": 0.16245399989220005,
    "oneh-out": 0.005389566407933674,
    "dsfb-red": 0.05045773910830662,
    "roll-in": 0.26035222750132697,
    "sfR": 0.18880787437283908,
    "sfT": 0.00024346432412076618
  },
  "movie": {
    "dsfb-alt": 0.044894471035249926,
    "redirect": 0.059258638312420904,
    "dsfb": 0.0,
    "unknown": 0.030282373430185833,
    "sfb": 0.023108975248946922,
    "sft": 0.0,
    "bad-redirect": 0.0030400416691396094,
    "roll-out": 0.2367168760673407,
    "oneh-in": 0.010542434446839671,
    "alternate": 0.19177292424478304,
    "oneh-out": 0.011307149486853968,
    "dsfb-red": 0.043577439866696654,
    "roll-in": 0.22976943137495132,
    "sfR": 0.11567713207251198,
    "sfT": 0.00005211274407944614
  },
  "gutenberg": {
    "dsfb-alt": 0.03586208699467266,
    "redirect": 0.05247758678761826,
    "dsfb": 0.0,
    "unknown": 0.03298207965968062,
    "sfb": 0.022450152553437273,
    "sft": 0.0,
    "bad-redirect": 0.0003491319817398101,
    "roll-out": 0.2532515875749175,
    "oneh-in": 0.011810246483769247,
    "alternate": 0.20727225058090787,
    "oneh-out": 0.009845218786217944,
    "dsfb-red": 0.04750657629774612,
    "roll-in": 0.22743476460396536,
    "sfR": 0.09863878308844841,
    "sfT": 0.00011953460687890406
  },
  "wordle": {
    "dsfb-alt": 0.047122181083810166,
    "redirect": 0.059104678559407604,
    "dsfb": 0.0,
    "unknown": 0.0,
    "sfb": 0.03309772242791428,
    "sft": 0.0,
    "bad-redirect": 0.0008526870862784697,
    "roll-out": 0.22176595983395042,
    "oneh-in": 0.006754179288679457,
    "alternate": 0.23395040951419274,
    "oneh-out": 0.009514192752159766,
    "dsfb-red": 0.041781667227645015,
    "roll-in": 0.21465275440368,
    "sfR": 0.13138112868843263,
    "sfT": 0.000022439133849433412
  },
  "reddit": {
    "dsfb-alt": 0.040292489957199286,
    "redirect": 0.05423222884531718,
    "dsfb": 0.0,
    "unknown": 0.04519941109454869,
    "sfb": 0.023524454165891766,
    "sft": 0.0,
    "bad-redirect": 0.0009252355649898294,
    "roll-out": 0.22451819933973818,
    "oneh-in": 0.013090129840504462,
    "alternate": 0.20771873677870367,
    "oneh-out": 0.00822343796499867,
    "dsfb-red": 0.03865451473265614,
    "roll-in": 0.2394944972250612,
    "sfR": 0.10397777127267367,
    "sfT": 0.00014889321771728155
  },
  "english-450k": {
    "dsfb-alt": 0.040684651415160256,
    "redirect": 0.06016163236763587,
    "dsfb": 0.0,
    "unknown": 0.00015377410175167997,
    "sfb": 0.030248769076320483,
    "sft": 0.0,
    "bad-redirect": 0.00045927588184769815,
    "roll-out": 0.2022018346478193,
    "oneh-in": 0.014377878513782076,
    "alternate": 0.25084268792452324,
    "oneh-out": 0.006207971579271719,
    "dsfb-red": 0.04005113719748746,
    "roll-in": 0.24088771508640877,
    "sfR": 0.11369548401129392,
    "sfT": 0.000027188196697540374
  },
  "akl": {
    "dsfb-alt": 0.04128110986335246,
    "redirect": 0.05195186253689531,
    "dsfb": 0.0,
    "unknown": 0.07331127266302054,
    "sfb": 0.027300079512087957,
    "sft": 0.0,
    "bad-redirect": 0.0008850165002761301,
    "roll-out": 0.21380970206075953,
    "oneh-in": 0.010319348152047136,
    "alternate": 0.19104851501232084,
    "oneh-out": 0.006024059810139953,
    "dsfb-red": 0.03741789047999801,
    "roll-in": 0.22730309048877073,
    "sfR": 0.11790358951788564,
    "sfT": 0.0014444634024457805
  },
  "keymash": {
    "dsfb-alt": 0.03930003735432838,
    "redirect": 0.05679089375361742,
    "dsfb": 0.0,
    "unknown": 0.012376186820900362,
    "sfb": 0.021616252006255825,
    "sft": 0.0,
    "bad-redirect": 0.0016747874702909944,
    "roll-out": 0.24093952293186324,
    "oneh-in": 0.012889295727239515,
    "alternate": 0.21330963454331256,
    "oneh-out": 0.00963413282542393,
    "dsfb-red": 0.04468152356401341,
    "roll-in": 0.2469818934129131,
    "sfR": 0.099723742164827,
    "sfT": 0.00008209742501426443
  },
  "monkeyracer": {
    "dsfb-alt": 0.03856823904781269,
    "redirect": 0.05837777812534213,
    "dsfb": 0.0,
    "unknown": 0.013491796612290222,
    "sfb": 0.021972801351330215,
    "sft": 0.0,