{
  "dutch": {
    "dsfb": 0.0,
    "sfb": 0.16944709929776197,
    "roll-out": 0.11527596442659525,
    "sfR": 0.18880787437283908,
    "roll-in": 0.1581860943176273,
    "alternate": 0.14414769896448587,
    "dsfb-alt": 0.047579057678667186,
    "sft": 0.0,
    "sfT": 0.0031147582665354465,
    "dsfb-red": 0.02367454762130263,
    "oneh-in": 0.018742431635888398,
    "oneh-out": 0.010254603292115338,
    "redirect": 0.025351220328614796,
    "bad-redirect": 0.021815949075683697,
    "unknown": 0.07360270072188302
  },
  "english-1k": {
    "dsfb": 0.0,
    "sfb": 0.1774876499647142,
    "roll-out": 0.15067043048694426,
    "sfR": 0.10832745236414962,
    "roll-in": 0.18101623147494708,
    "alternate": 0.20430486944248413,
    "dsfb-alt": 0.051517290049400144,
    "sft": 0.0,
    "sfT": 0.0024700070571630206,
    "dsfb-red": 0.03352152434721242,
    "oneh-in": 0.024700070571630206,
    "oneh-out": 0.014820042342978124,
    "redirect": 0.032462949894142556,
    "bad-redirect": 0.0187014820042343,
    "unknown": 0.0
  },
  "shai": {
    "dsfb": 0.0,
    "sfb": 0.15558587848836075,
    "roll-out": 0.14093108257192072,
    "sfR": 0.09823378925716947,
    "roll-in": 0.1957269061221507,
    "alternate": 0.18115285854460864,
    "dsfb-alt": 0.055280545808146,
    "sft": 0.0,
    "sfT": 0.0024937392267170913,
    "dsfb-red": 0.034089167406946855,
    "oneh-in": 0.054316903035112656,
    "oneh-out": 0.012131707379754914,
    "redirect": 0.030222311637266526,
    "bad-redirect": 0.015737360870414687,
    "unknown": 0.024097749651430984
  },
  "akl": {
    "dsfb": 0.0,
    "sfb": 0.14407213655807696,
    "roll-out": 0.12875989517836073,
    "sfR": 0.11790358951788564,
    "roll-in": 0.16757819958711206,
    "alternate": 0.17225438267481538,
    "dsfb-alt": 0.049771816291762895,
    "sft": 0.0,
    "sfT": 0.004149200213965207,
    "dsfb-red": 0.044427270725587144,
    "oneh-in": 0.040692978142167914,
    "oneh-out": 0.01168135044410667,
    "redirect": 0.03185749629730408,
    "bad-redirect": 0.013540411705834764,
    "unknown": 0.07331127266302054
  },
  "monkeyracer": {
    "dsfb": 0.0,
    "sfb": 0.1622798614260913,
    "roll-out": 0.13753479988113299,
    "sfR": 0.09690789370786869,
    "roll-in": 0.19404550573220514,
    "alternate": 0.17924871357742778,
    "dsfb-alt": 0.051485251106558015,
    "sft": 0.0,
    "sfT": 0.0037057963307630948,
    "dsfb-red": 0.046218347748564995,
    "oneh-in": 0.05859087852104415,
    "oneh-out": 0.01055140216150273,
    "redirect": 0.030739243317640802,
    "bad-redirect": 0.015200509876910084,
    "unknown": 0.013491796612290222
  },
  "tr-quotes": {
    "dsfb": 0.0,
    "sfb": 0.16291232287741847,
    "roll-out": 0.13736853054714407,
    "sfR": 0.09677191928064538,
    "roll-in": 0.1944488107071034,
    "alternate": 0.1787002149742262,
    "dsfb-alt": 0.05118466979496544,
    "sft": 0.0,
    "sfT": 0.0037135063914380158,
    "dsfb-red": 0.04566121911190218,
    "oneh-in": 0.05893992279420263,
    "oneh-out": 0.01051640045306396,
    "redirect": 0.03066041006911537,
    "bad-redirect": 0.015227341023092393,
    "unknown": 0.013894731975682485
  },
  "reddit": {
    "dsfb": 0.0,
    "sfb": 0.15193592085398408,
    "roll-out": 0.13513428576298034,
    "sfR": 0.10397777127267367,
    "roll-in": 0.179494426055976,
    "alternate": 0.1783661338536917,
    "dsfb-alt": 0.05519555859959467,
    "sft": 0.0,
    "sfT": 0.003577669912913387,
    "dsfb-red": 0.04085071778704599,
    "oneh-in": 0.04902208994761019,
    "oneh-out": 0.011676299776922375,
    "redirect": 0.031265478105486445,
    "bad-redirect": 0.014304236976572448,
    "unknown": 0.04519941109454869
  },
  "keymash": {
    "dsfb": 0.0,
    "sfb": 0.16053330487289266,
    "roll-out": 0.13784157659894997,
    "sfR": 0.099723742164827,
    "roll-in": 0.1966233329091633,
    "alternate": 0.17877945758231292,
    "dsfb-alt": 0.05151613419645093,
    "sft": 0.0,
    "sfT": 0.003226428803060592,
    "dsfb-red": 0.04461174075275129,
    "oneh-in": 0.0590198388427547,
    "oneh-out": 0.010007676109238833,
    "redirect": 0.031032826655391952,
    "bad-redirect": 0.014707753691305472,
    "unknown": 0.012376186820900362
  },
  "english-10k": {
    "dsfb": 0.0,
    "sfb": 0.15947202871422783,
    "roll-out": 0.1606877520696243,
    "sfR": 0.10567144593890508,
    "roll-in": 0.2065185928484591,
    "alternate": 0.19084926960112697,
    "dsfb-alt": 0.06528241446517821,
    "sft": 0.0,
    "sfT": 0.0022770691418536886,
    "dsfb-red": 0.026688022230369927,
    "oneh-in": 0.019586654059165202,
    "oneh-out": 0.013720306439474344,
    "redirect": 0.03182107639759943,
    "bad-redirect": 0.01742536809401594,
    "unknown": 0.0
  },
  "wordle": {
    "dsfb": 0.0,
    "sfb": 0.1610456636373836,
    "roll-out": 0.16349152922697183,
    "sfR": 0.13138112868843263,
    "roll-in": 0.18826433299674633,
    "alternate": 0.19539997756086616,
    "dsfb-alt": 0.0375406709301021,
    "sft": 0.0,
    "sfT": 0.004442948502187815,
    "dsfb-red": 0.027667452036351396,
    "oneh-in": 0.02012790306294177,
    "oneh-out": 0.013530797711208348,
    "redirect": 0.04155727588915068,
    "bad-redirect": 0.015550319757657355,
    "unknown": 0.0
  },
  "chained-bigrams": {
    "dsfb": 0.0,
    "sfb": 0.1622268293997373,
    "roll-out": 0.12240237541628547,
    "sfR": 0.11914286586209158,
    "roll-in": 0.2103110883710179,
    "alternate": 0.17662775816516882,
    "dsfb-alt": 0.03528321696711077,
    "sft": 0.0,
    "sfT": 0.0031861381239899253,
    "dsfb-red": 0.034782603049524415,
    "oneh-in": 0.042724898042930726,
    "oneh-out": 0.009273369612150828,
    "redirect": 0.03884205598434916,
    "bad-redirect": 0.022037401248872646,
    "unknown": 0.023159399756770463
  },
  "english-450k": {
    "dsfb": 0.0,
    "sfb": 0.1664534488373684,
    "roll-out": 0.1649019675484023,
    "sfR": 0.11369548401129392,
    "roll-in": 0.20033812761613307,
    "alternate": 0.1889100222709336,
    "dsfb-alt": 0.05360459942431186,
    "sft": 0.0,
    "sfT": 0.003563115498383033,
    "dsfb-red": 0.028938765749420715,
    "oneh-in": 0.01679996678947156,
    "oneh-out": 0.012662975698429692,
    "redirect": 0.031570466251262204,
    "bad-redirect": 0.01840728620283798,
    "unknown": 0.00015377410175167997
  },
  "english-200": {
    "dsfb": 0.0,
    "sfb": 0.13140311804008908,
    "roll-out": 0.1492204899777283,
    "sfR": 0.10690423162583519,
    "roll-in": 0.18262806236080179,
    "alternate": 0.19821826280623608,
    "dsfb-alt": 0.060133630289532294,
    "sft": 0.0,
    "sfT": 0.004454342984409799,
    "dsfb-red": 0.05790645879732739,
    "oneh-in": 0.044543429844097995,
    "oneh-out": 0.011135857461024499,
    "redirect": 0.028953229398663696,
    "bad-redirect": 0.024498886414253896,
    "unknown": 0.0
  },
  "english-5k": {
    "dsfb": 0.0,
    "sfb": 0.16696395237897707,
    "roll-out": 0.1639772680134401,
    "sfR": 0.10644211224955408,
    "roll-in": 0.19625005185215913,
    "alternate": 0.18417886920811383,
    "dsfb-alt": 0.06375741485875472,
    "sft": 0.0,
    "sfT": 0.0022400132741527356,
    "dsfb-red": 0.029576471564275935,
    "oneh-in": 0.016841581283444644,
    "oneh-out": 0.014145269009001534,
    "redirect": 0.03480316920396565,
    "bad-redirect": 0.01866677728460613,
    "unknown": 0.002157049819554486
  },
  "movie": {
    "dsfb": 0.0,
    "sfb": 0.1589254457449089,
    "roll-out": 0.12940318143038693,
    "sfR": 0.11567713207251198,
    "roll-in": 0.18833348313553958,
    "alternate": 0.16892517070542626,
    "dsfb-alt": 0.042844834699296966,
    "sft": 0.0,
    "sfT": 0.007014033198713131,
    "dsfb-red": 0.05740376677757294,
    "oneh-in": 0.04344571043027361,
    "oneh-out": 0.00968994364848954,
    "redirect": 0.030278030701512547,
    "bad-redirect": 0.01777689402518177,
    "unknown": 0.030282373430185833
  },
  "gutenberg": {
    "dsfb": 0.0,
    "sfb": 0.16253258786172478,
    "roll-out": 0.1269929222631027,
    "sfR": 0.09863878308844841,
    "roll-in": 0.19064784725939918,