{
  "english-1k": {
    "sfb": 0.020112914608327453,
    "unknown": 0.0,
    "outoneh": 0.014114326040931546,
    "red-sfs": 0.01799576570218772,
    "alt-sfs": 0.04516584333098095,
    "sft": 0.0,
    "inroll": 0.19371912491178547,
    "bad-red-sfs": 0.0035285815102328866,
    "red": 0.03493295695130558,
    "sfr": 0.10832745236414962,
    "outroll": 0.23112208892025407,
    "inoneh": 0.002117148906139732,
    "bad-red": 0.0,
    "alt": 0.32886379675370503
  },
  "shai": {
    "sfb": 0.01973199431638208,
    "unknown": 0.038488188905674424,
    "outoneh": 0.014286410406383636,
    "red-sfs": 0.015536564061613193,
    "alt-sfs": 0.04560323882001453,
    "sft": 0.0000755271574200536,
    "inroll": 0.20140808568651608,
    "bad-red-sfs": 0.0016587178790902868,
    "red": 0.0351164435711426,
    "sfr": 0.09823378925716947,
    "outroll": 0.20974414507778438,
    "inoneh": 0.0015858187292488032,
    "bad-red": 0.0007177866649244666,
    "alt": 0.317813289466636
  },
  "chained-bigrams": {
    "sfb": 0.02097189224918496,
    "unknown": 0.03727528376238305,
    "outoneh": 0.009257786299541137,
    "red-sfs": 0.017926003938682263,
    "alt-sfs": 0.05286573872368774,
    "sft": 0.000087656133429517,
    "inroll": 0.19323892010240834,
    "bad-red-sfs": 0.0020966048506956326,
    "red": 0.043285897296879636,
    "sfr": 0.11914286586209158,
    "outroll": 0.18801396524531705,
    "inoneh": 0.0028407080278084213,
    "bad-red": 0.002332302453917223,
    "alt": 0.31066437505397343
  },
  "english-200": {
    "sfb": 0.013363028953229399,
    "unknown": 0.0,
    "outoneh": 0.0200445434298441,
    "red-sfs": 0.011135857461024499,
    "alt-sfs": 0.053452115812917596,
    "sft": 0.0,
    "inroll": 0.22494432071269488,
    "bad-red-sfs": 0.0,
    "red": 0.026726057906458798,
    "sfr": 0.10690423162583519,
    "outroll": 0.18930957683741648,
    "inoneh": 0.0022271714922048997,
    "bad-red": 0.0,
    "alt": 0.3518930957683742
  },
  "english-450k": {
    "sfb": 0.030617125289642,
    "unknown": 0.00015377410175167997,
    "outoneh": 0.007456874550152283,
    "red-sfs": 0.016398283109230482,
    "alt-sfs": 0.05077819635257186,
    "sft": 0.00011547674941428439,
    "inroll": 0.16397844589928906,
    "bad-red-sfs": 0.002310996719290932,
    "red": 0.03915188028306128,
    "sfr": 0.11369548401129392,
    "outroll": 0.22976043398208854,
    "inoneh": 0.0017245502399869965,
    "bad-red": 0.0016634498839677928,
    "alt": 0.34219502882825886
  },
  "english-5k": {
    "sfb": 0.01796158792052101,
    "unknown": 0.002157049819554486,
    "outoneh": 0.008047455096030198,
    "red-sfs": 0.020326046376571122,
    "alt-sfs": 0.0469573153026092,
    "sft": 0.0,
    "inroll": 0.17335213838304228,
    "bad-red-sfs": 0.0022400132741527356,
    "red": 0.035715767204546396,
    "sfr": 0.10644211224955408,
    "outroll": 0.2463599784295018,
    "inoneh": 0.00236445845605011,
    "bad-red": 0.0010370431824781184,
    "alt": 0.33703903430538845
  },
  "monkeyracer": {
    "sfb": 0.016092989974506155,
    "unknown": 0.03713714281245601,
    "outoneh": 0.024542713921516492,
    "red-sfs": 0.013551425622096751,
    "alt-sfs": 0.045461743591347734,
    "sft": 0.00009090980183618249,
    "inroll": 0.21283353144501618,
    "bad-red-sfs": 0.0013294336612603031,
    "red": 0.031880014701972256,
    "sfr": 0.09690789370786869,
    "outroll": 0.19369066424761874,
    "inoneh": 0.001247321582182461,
    "bad-red": 0.0007008852464144393,
    "alt": 0.3245333296839076
  },
  "tr-quotes": {
    "sfb": 0.016172765308245303,
    "unknown": 0.037543052634012156,
    "outoneh": 0.023999676382885277,
    "red-sfs": 0.013582672615057441,
    "alt-sfs": 0.04563810360370773,
    "sft": 0.00009939668523612492,
    "inroll": 0.212398002820092,
    "bad-red-sfs": 0.0013511014539654654,
    "red": 0.031827743232934975,
    "sfr": 0.09677191928064538,
    "outroll": 0.19404313353829084,
    "inoneh": 0.0012274334851251705,
    "bad-red": 0.0007084903261598206,
    "alt": 0.3246365086336423
  },
  "movie": {
    "sfb": 0.016637519938717517,
    "unknown": 0.05100534826775791,
    "outoneh": 0.03412016119682444,
    "red-sfs": 0.012647078679320939,
    "alt-sfs": 0.049365244405479784,
    "sft": 0.00019765995355385885,
    "inroll": 0.1981150188796839,
    "bad-red-sfs": 0.001137005325369734,
    "red": 0.028032445183907323,
    "sfr": 0.11567713207251198,
    "outroll": 0.17832941544634895,
    "inoneh": 0.0009148681738391656,
    "bad-red": 0.0005195482667314479,
    "alt": 0.31330155420995304
  },
  "gutenberg": {
    "sfb": 0.017319257422985426,
    "unknown": 0.06779014042190601,
    "outoneh": 0.014434893042100808,
    "red-sfs": 0.012189688349979143,
    "alt-sfs": 0.044328016600723726,
    "sft": 0.00008979303274263158,
    "inroll": 0.22043280241781948,
    "bad-red-sfs": 0.0015942999231265554,
    "red": 0.02882015364838185,
    "sfr": 0.09863878308844841,
    "outroll": 0.18474348176462632,
    "inoneh": 0.002081910189539074,
    "bad-red": 0.0008598535350607694,
    "alt": 0.3066769265625598
  },
  "keymash": {
    "sfb": 0.016973642621699172,
    "unknown": 0.03704235816643611,
    "outoneh": 0.023057061815256165,
    "red-sfs": 0.013977086608678519,
    "alt-sfs": 0.045104325302836874,
    "sft": 0.00006567794001141154,
    "inroll": 0.21486127587608214,
    "bad-red-sfs": 0.0014367049377496275,
    "red": 0.03187843013303888,
    "sfr": 0.099723742164827,
    "outroll": 0.19493212595386947,
    "inoneh": 0.001317663671478944,
    "bad-red": 0.0007635060526326591,
    "alt": 0.318866398755403
  },
  "english-10k": {
    "sfb": 0.020049786765982902,
    "unknown": 0.0,
    "outoneh": 0.007332934524613573,
    "red-sfs": 0.018891954998938653,
    "alt-sfs": 0.04523262769919531,
    "sft": 0.00001929719611740414,
    "inroll": 0.1696609482642172,
    "bad-red-sfs": 0.0019683140039752226,
    "red": 0.03903822774550858,
    "sfr": 0.10567144593890508,
    "outroll": 0.2586789139538025,
    "inoneh": 0.0022577719457362844,
    "bad-red": 0.0007139962563439532,
    "alt": 0.33048378070666334
  },
  "mt-quotes": {
    "sfb": 0.015053310383571796,
    "unknown": 0.03118836733962061,
    "outoneh": 0.02620097775546551,
    "red-sfs": 0.013034747373328074,
    "alt-sfs": 0.04624466597339262,
    "sft": 0.0000896475060063829,
    "inroll": 0.2174370375682815,
    "bad-red-sfs": 0.0012789710856910628,
    "red": 0.03179647625536391,
    "sfr": 0.0964592223377679,
    "outroll": 0.19253893690010876,
    "inoneh": 0.0012072530808859565,
    "bad-red": 0.0006484502934461697,
    "alt": 0.3268219361470697
  }
}