{
  "english-1k": {
    "sfb": 0.019407198306280876,
    "unknown": 0.0,
    "outoneh": 0.014114326040931546,
    "red-sfs": 0.011644318983768526,
    "alt-sfs": 0.04022582921665491,
    "sft": 0.0,
    "inroll": 0.23817925194071984,
    "bad-red-sfs": 0.0035285815102328866,
    "red": 0.04269583627381793,
    "sfr": 0.10832745236414962,
    "outroll": 0.18207480592801695,
    "inoneh": 0.001058574453069866,
    "bad-red": 0.0,
    "alt": 0.3387438249823571
  },
  "shai": {
    "sfb": 0.020771226173376355,
    "unknown": 0.023260762136131256,
    "outoneh": 0.015507907554821244,
    "red-sfs": 0.012359887330851523,
    "alt-sfs": 0.04189001118702961,
    "sft": 0.00014141312650694366,
    "inroll": 0.19879522301759983,
    "bad-red-sfs": 0.0017521456772332956,
    "red": 0.039401837608174055,
    "sfr": 0.09823378925716947,
    "outroll": 0.20317448220896925,
    "inoneh": 0.0014215701907925762,
    "bad-red": 0.000943365701304142,
    "alt": 0.34234637883004043
  },
  "chained-bigrams": {
    "sfb": 0.022093241452390708,
    "unknown": 0.022916559801936097,
    "outoneh": 0.008734446717732316,
    "red-sfs": 0.017628622389713976,
    "alt-sfs": 0.061202810969872914,
    "sft": 0.0001240171961854648,
    "inroll": 0.16714271522340302,
    "bad-red-sfs": 0.0023608718603683244,
    "red": 0.039671867380815254,
    "sfr": 0.11914286586209158,
    "outroll": 0.20281226848229572,
    "inoneh": 0.002534236213151147,
    "bad-red": 0.0025478716116846276,
    "alt": 0.33108760483835886
  },
  "english-200": {
    "sfb": 0.017817371937639197,
    "unknown": 0.0,
    "outoneh": 0.024498886414253896,
    "red-sfs": 0.0022271714922048997,
    "alt-sfs": 0.0556792873051225,
    "sft": 0.0,
    "inroll": 0.1915367483296214,
    "bad-red-sfs": 0.0,
    "red": 0.028953229398663696,
    "sfr": 0.10690423162583519,
    "outroll": 0.2071269487750557,
    "inoneh": 0.0022271714922048997,
    "bad-red": 0.0,
    "alt": 0.36302895322939865
  },
  "english-450k": {
    "sfb": 0.029177320249476554,
    "unknown": 0.00015377410175167997,
    "outoneh": 0.00805062968448244,
    "red-sfs": 0.016870714570125376,
    "alt-sfs": 0.04558875893775423,
    "sft": 0.00021019691855410247,
    "inroll": 0.21996303574633938,
    "bad-red-sfs": 0.0022688988663399014,
    "red": 0.04183561840868946,
    "sfr": 0.11369548401129392,
    "outroll": 0.16737463171687322,
    "inoneh": 0.0012635202809330053,
    "bad-red": 0.002158976694745545,
    "alt": 0.3513884398126412
  },
  "english-5k": {
    "sfb": 0.02190235201393786,
    "unknown": 0.002157049819554486,
    "outoneh": 0.007923009914132825,
    "red-sfs": 0.0155971294644709,
    "alt-sfs": 0.042269880117808106,
    "sft": 0.00004148172729912474,
    "inroll": 0.24046957315302608,
    "bad-red-sfs": 0.002032604637657112,
    "red": 0.04214543493591073,
    "sfr": 0.10644211224955408,
    "outroll": 0.16945285601692456,
    "inoneh": 0.0008711162732816195,
    "bad-red": 0.0015348239100676153,
    "alt": 0.34716057576637493
  },
  "monkeyracer": {
    "sfb": 0.018310993634358824,
    "unknown": 0.013436077701487402,
    "outoneh": 0.02667567292803854,
    "red-sfs": 0.00936273206437587,
    "alt-sfs": 0.043004246367518026,
    "sft": 0.00011632544536027653,
    "inroll": 0.1832927334720115,
    "bad-red-sfs": 0.0014819275224048673,
    "red": 0.03564446251779095,
    "sfr": 0.09690789370786869,
    "outroll": 0.2161013966873641,
    "inoneh": 0.00121506326540188,
    "bad-red": 0.0008670644540719771,
    "alt": 0.35358341023194706
  },
  "tr-quotes": {
    "sfb": 0.018387230993273388,
    "unknown": 0.013835787429786644,
    "outoneh": 0.026084695222024456,
    "red-sfs": 0.009362936594161023,
    "alt-sfs": 0.04287117727283234,
    "sft": 0.00012482374425001734,
    "inroll": 0.18416009800975475,
    "bad-red-sfs": 0.0015001964818196528,
    "red": 0.03568803310140774,
    "sfr": 0.09677191928064538,
    "outroll": 0.21576130926238413,
    "inoneh": 0.001202006426111278,
    "bad-red": 0.000857585354014008,
    "alt": 0.3533922008275352
  },
  "movie": {
    "sfb": 0.018474888961033747,
    "unknown": 0.030236445784519856,
    "outoneh": 0.037044396768009726,
    "red-sfs": 0.008734016949012022,
    "alt-sfs": 0.04322041493061701,
    "sft": 0.00021897880340454137,
    "inroll": 0.1727000547052215,
    "bad-red-sfs": 0.001294396340316748,
    "red": 0.0318196993805295,
    "sfr": 0.11567713207251198,
    "outroll": 0.19956785901765636,
    "inoneh": 0.0011371369232083183,
    "bad-red": 0.0007123391002576817,
    "alt": 0.339162240263701
  },
  "gutenberg": {
    "sfb": 0.018638116270990067,
    "unknown": 0.032975828246008664,
    "outoneh": 0.016469822910711248,
    "red-sfs": 0.00925569153327476,
    "alt-sfs": 0.04024091811671048,
    "sft": 0.00025157204110171885,
    "inroll": 0.17917991303336397,
    "bad-red-sfs": 0.0016570034966240472,
    "red": 0.03435530686295348,
    "sfr": 0.09863878308844841,
    "outroll": 0.22305384967737021,
    "inoneh": 0.0018617846535750697,
    "bad-red": 0.0012419475161617986,
    "alt": 0.34217946255270604
  },
  "keymash": {
    "sfb": 0.0180080701768789,
    "unknown": 0.01232282349464109,
    "outoneh": 0.025236748449384887,
    "red-sfs": 0.009272904155361167,
    "alt-sfs": 0.041648023709736345,
    "sft": 0.00011083152376925698,
    "inroll": 0.1868742636887194,
    "bad-red-sfs": 0.0015721656890231638,
    "red": 0.03661955642761265,
    "sfr": 0.099723742164827,
    "outroll": 0.21614199570630468,
    "inoneh": 0.0014982780065103257,
    "bad-red": 0.0009030716751569087,
    "alt": 0.35006752513207423
  },
  "english-10k": {
    "sfb": 0.021226915729144556,
    "unknown": 0.0,
    "outoneh": 0.00764168966249204,
    "red-sfs": 0.015785106424036587,
    "alt-sfs": 0.0396171436290307,
    "sft": 0.00007718878446961657,
    "inroll": 0.24036587483838598,
    "bad-red-sfs": 0.0019490168078578182,
    "red": 0.04330290808745489,
    "sfr": 0.10567144593890508,
    "outroll": 0.17456243607803787,
    "inoneh": 0.0011385345709268443,
    "bad-red": 0.001099940178692036,
    "alt": 0.34756179927056596
  },
  "mt-quotes": {
    "sfb": 0.017436439918241474,
    "unknown": 0.007977133909467972,
    "outoneh": 0.028406306403222528,
    "red-sfs": 0.008601678201312439,
    "alt-sfs": 0.043782347808417305,
    "sft": 0.00011056525740787225,
    "inroll": 0.1811462330117976,
    "bad-red-sfs": 0.00143286597100202,
    "red": 0.03524491698640944,
    "sfr": 0.0964592223377679,
    "outroll": 0.2200577329938681,
    "inoneh": 0.0011758764537837224,
    "bad-red": 0.0007784391771554249,
    "alt": 0.3573902415701462
  }
}