{
  "gutenberg": {
    "bad-redirect": 0.010543293312919626,
    "dsfb-red": 0.06205797295827882,
    "sfb": 0.2210861698649278,
    "oneh-in": 0.017965426272532083,
    "roll-in": 0.10143827979281679,
    "unknown": 0.028072825559416276,
    "dsfb-alt": 0.0909055949394617,
    "alternate": 0.11127876265958628,
    "sfR": 0.09863878308844841,
    "sfT": 0.027711569623888432,
    "roll-out": 0.12363004058114657,
    "oneh-out": 0.03792334857541649,
    "redirect": 0.06874793277116076,
    "sft": 0.0,
    "dsfb": 0.0
  },
  "tr-quotes": {
    "bad-redirect": 0.012540163195487853,
    "dsfb-red": 0.06820230692771781,
    "sfb": 0.22519474815653823,
    "oneh-in": 0.0213413929405238,
    "roll-in": 0.1008414044982779,
    "unknown": 0.03385612907699776,
    "dsfb-alt": 0.07815353320542752,
    "alternate": 0.11120408682184878,
    "sfR": 0.09677191928064538,
    "sfT": 0.02900996278403181,
    "roll-out": 0.1258558516908994,
    "oneh-out": 0.0311215644575946,
    "redirect": 0.06590693696400915,
    "sft": 0.0,
    "dsfb": 0.0
  },
  "english-450k": {
    "bad-redirect": 0.01430508430972092,
    "dsfb-red": 0.0599695609135468,
    "sfb": 0.2524479609144823,
    "oneh-in": 0.018886441626356998,
    "roll-in": 0.10616201475646685,
    "unknown": 0.012619123768272369,
    "dsfb-alt": 0.04361600677307679,
    "alternate": 0.13326484636330097,
    "sfR": 0.11369548401129392,
    "sfT": 0.026479257159996984,
    "roll-out": 0.11994409171251143,
    "oneh-out": 0.024923390678015158,
    "redirect": 0.07368673701295854,
    "sft": 0.0,
    "dsfb": 0.0
  },
  "akl": {
    "bad-redirect": 0.009720188573876295,
    "dsfb-red": 0.056100876888102315,
    "sfb": 0.21247489768564934,
    "oneh-in": 0.02160183711706541,
    "roll-in": 0.09965205252580674,
    "unknown": 0.07514041002067909,
    "dsfb-alt": 0.06483506352974938,
    "alternate": 0.10693576620249301,
    "sfR": 0.11790358951788564,
    "sfT": 0.02479514516562912,
    "roll-out": 0.12127470627179009,
    "oneh-out": 0.024040542367353777,
    "redirect": 0.06552492413391982,
    "sft": 0.0,
    "dsfb": 0.0
  },
  "reddit": {
    "bad-redirect": 0.009951985214809837,
    "dsfb-red": 0.059988159711667814,
    "sfb": 0.21873357609482869,
    "oneh-in": 0.022423131301156293,
    "roll-in": 0.10747629367136402,
    "unknown": 0.05827201086564644,
    "dsfb-alt": 0.07426063280179392,
    "alternate": 0.10648738050382843,
    "sfR": 0.10397777127267367,
    "sfT": 0.02671073156762833,
    "roll-out": 0.1213947192913357,
    "oneh-out": 0.027185279536247258,
    "redirect": 0.06313832816701961,
    "sft": 0.0,
    "dsfb": 0.0
  },
  "english-200": {
    "bad-redirect": 0.008908685968819599,
    "dsfb-red": 0.0467706013363029,
    "sfb": 0.23608017817371937,
    "oneh-in": 0.015590200445434299,
    "roll-in": 0.11358574610244988,
    "unknown": 0.0,
    "dsfb-alt": 0.08908685968819599,
    "alternate": 0.1291759465478842,
    "sfR": 0.10690423162583519,
    "sfT": 0.026726057906458798,
    "roll-out": 0.12694877505567928,
    "oneh-out": 0.0334075723830735,
    "redirect": 0.066815144766147,
    "sft": 0.0,
    "dsfb": 0.0
  },
  "french": {
    "bad-redirect": 0.007815725425931043,
    "dsfb-red": 0.07931236897726915,
    "sfb": 0.18429698689911647,
    "oneh-in": 0.02340930219046612,
    "roll-in": 0.08297288153921849,
    "unknown": 0.17889534501248533,
    "dsfb-alt": 0.027599078155501385,
    "alternate": 0.07258971847672518,
    "sfR": 0.10898279115633469,
    "sfT": 0.02076410881291209,
    "roll-out": 0.11350111883619642,
    "oneh-out": 0.02888117893524165,
    "redirect": 0.07097939558260197,
    "sft": 0.0,
    "dsfb": 0.0
  },
  "dutch": {
    "bad-redirect": 0.00946351458126808,
    "dsfb-red": 0.053883058730989634,
    "sfb": 0.216446185436903,
    "oneh-in": 0.018170098614706285,
    "roll-in": 0.07526748531261748,
    "unknown": 0.09250645571350234,
    "dsfb-alt": 0.033573619125329406,
    "alternate": 0.09060331707500405,
    "sfR": 0.18880787437283908,
    "sfT": 0.016554049922702138,
    "roll-out": 0.10027538472401765,
    "oneh-out": 0.024911091053326218,
    "redirect": 0.07953786533679465,
    "sft": 0.0,
    "dsfb": 0.0
  },
  "english-1k": {
    "bad-redirect": 0.012350035285815103,
    "dsfb-red": 0.06316160903316867,
    "sfb": 0.2699364855328158,
    "oneh-in": 0.01834862385321101,
    "roll-in": 0.10197600564573042,
    "unknown": 0.0007057163020465773,
    "dsfb-alt": 0.05786873676781934,
    "alternate": 0.12067748764996472,
    "sfR": 0.10832745236414962,
    "sfT": 0.04163726182074806,
    "roll-out": 0.12314749470712774,
    "oneh-out": 0.025758645024700072,
    "redirect": 0.0561044460127029,
    "sft": 0.0,
    "dsfb": 0.0
  },
  "monkeyracer": {
    "bad-redirect": 0.012527957207876503,
    "dsfb-red": 0.06835830583230368,
    "sfb": 0.22525005083128705,
    "oneh-in": 0.021343275411733423,
    "roll-in": 0.10120118241393872,
    "unknown": 0.03333750410560395,
    "dsfb-alt": 0.07788135195583153,
    "alternate": 0.11110350814082613,
    "sfR": 0.09690789370786869,
    "sfT": 0.029142945399377514,
    "roll-out": 0.12590714296885996,
    "oneh-out": 0.031043253515179003,
    "redirect": 0.06599562850931386,
    "sft": 0.0,
    "dsfb": 0.0
  },
  "mt-quotes": {
    "bad-redirect": 0.013030264998027756,
    "dsfb-red": 0.06825761107325994,
    "sfb": 0.22608055127239693,
    "oneh-in": 0.02167079045194296,
    "roll-in": 0.10099239789149066,
    "unknown": 0.030928389572202102,
    "dsfb-alt": 0.07972203296637621,
    "alternate": 0.11128393158102341,
    "sfR": 0.0964592223377679,
    "sfT": 0.029081650948470615,
    "roll-out": 0.12602795806887318,
    "oneh-out": 0.031149520087017844,
    "redirect": 0.06531567875115048,
    "sft": 0.0,
    "dsfb": 0.0
  },
  "wordle": {
    "bad-redirect": 0.01599910243464602,
    "dsfb-red": 0.05084707730281611,
    "sfb": 0.22461572983282846,
    "oneh-in": 0.018624481095029732,
    "roll-in": 0.10366879838438237,
    "unknown": 0.017547402670256926,
    "dsfb-alt": 0.04285874565241782,
    "alternate": 0.14980365757881745,
    "sfR": 0.13138112868843263,
    "sfT": 0.0192752159766633,
    "roll-out": 0.1278133064063727,
    "oneh-out": 0.02210254684169191,
    "redirect": 0.07546280713564456,
    "sft": 0.0,
    "dsfb": 0.0
  },
  "movie": {
    "bad-redirect": 0.011798930609644095,
    "dsfb-red": 0.07119008794551955,
    "sfb": 0.21058101893311262,
    "oneh-in": 0.025349823244363107,
    "roll-in": 0.09893630783050567,
    "unknown": 0.0636478210227284,
    "dsfb-alt": 0.06869880926327714,
    "alternate": 0.10357473684709213,
    "sfR": 0.11567713207251198,
    "sfT": 0.023742355646053925,
    "roll-out": 0.12032490453563795,
    "oneh-out": 0.023514296591787057,
    "redirect": 0.06296377545776637,
    "sft": 0.0,
    "dsfb": 0.0
  },
  "chained-bigrams": {
    "bad-redirect": 0.014800251151054893,
    "dsfb-red": 0.049145872142815863,
    "sfb": 0.22985905543049226,
    "oneh-in": 0.016200801371850954,
    "roll-in": 0.09744050583432731,
    "unknown": 0.028344097722953376,
    "dsfb-alt": 0.07059305542659643,
    "alternate": 0.12882075229740234,
    "sfR": 0.11914286586209158,
    "sfT": 0.0212725203216136,
    "roll-out": 0.12418341818663484,
    "oneh-out": 0.03246068947068032,
    "redirect": 0.06773611478148625,
    "sft": 0.0,
    "dsfb": 0.0
  },
  "keymash": {
    "bad-redirect": 0.012240726069626826,
    "dsfb-red": 0.0667821503778534,
    "sfb": 0.22929400319358983,
    "oneh-in": 0.020434049086050416,
    "roll-in": 0.1015545147426451,
    "unknown": 0.028574008776214733,
    "dsfb-alt": 0.07830862884985612,
    "alternate": 0.11009675181537931,
    "sfR": 0.099723742164827,
    "sfT": 0.029924511417699383,
    "roll-out": 0.1268035778057821,
    "oneh-out": 0.03141047481045757,
    "redirect": 0.06485286089001818,
    "sft": 0.0,
    "dsfb": 0.0
  },
  "english-5k": {
    "bad-redirect": 0.012154146098643548,
    "dsfb-red": 0.07553822541170614,
    "sfb": 0.2537852076160451,
    "oneh-in": 0.016385282283154272,