{
  "english-200": {
    "dsfb-alt": 0.07349665924276169,
    "redirect": 0.05790645879732739,
    "dsfb": 0.0,
    "unknown": 0.0,
    "sfb": 0.09799554565701558,
    "sft": 0.0,
    "bad-redirect": 0.004454342984409799,
    "roll-out": 0.18485523385300667,
    "oneh-in": 0.013363028953229399,
    "alternate": 0.15367483296213807,
    "oneh-out": 0.013363028953229399,
    "dsfb-red": 0.06904231625835189,
    "roll-in": 0.22271714922049,
    "sfR": 0.10690423162583519,
    "sfT": 0.0022271714922048997
  },
  "movie": {
    "dsfb-alt": 0.05637427688632671,
    "redirect": 0.0582026972556192,
    "dsfb": 0.0,
    "unknown": 0.030236445784519856,
    "sfb": 0.09576585270332887,
    "sft": 0.0,
    "bad-redirect": 0.004098351487035836,
    "roll-out": 0.18237854934175418,
    "oneh-in": 0.008965102753566335,
    "alternate": 0.1768140663350489,
    "oneh-out": 0.009404113143084094,
    "dsfb-red": 0.0723439377942281,
    "roll-in": 0.18821280791755765,
    "sfR": 0.11567713207251198,
    "sfT": 0.0015266665254183198
  },
  "shai": {
    "dsfb-alt": 0.05451761082451164,
    "redirect": 0.05673966670516433,
    "dsfb": 0.0,
    "unknown": 0.023260762136131256,
    "sfb": 0.11907627352705401,
    "sft": 0.0,
    "bad-redirect": 0.004823527936455938,
    "roll-out": 0.16514134500731198,
    "oneh-in": 0.017428493423246542,
    "alternate": 0.19379212359422882,
    "oneh-out": 0.013341128852721037,
    "dsfb-red": 0.04862292789923809,
    "roll-in": 0.20300035251683396,
    "sfR": 0.09823378925716947,
    "sfT": 0.002021998319932946
  },
  "tr-quotes": {
    "dsfb-alt": 0.05924967060400823,
    "redirect": 0.05675897459605649,
    "dsfb": 0.0,
    "unknown": 0.013835787429786644,
    "sfb": 0.10797716187790389,
    "sft": 0.0,
    "bad-redirect": 0.0041134046832019605,
    "roll-out": 0.17698504426619818,
    "oneh-in": 0.012528605441390629,
    "alternate": 0.19267585122858927,
    "oneh-out": 0.011533482813619657,
    "dsfb-red": 0.06328332678393934,
    "roll-in": 0.20236818381452115,
    "sfR": 0.09677191928064538,
    "sfT": 0.0019185871801391554
  },
  "akl": {
    "dsfb-alt": 0.05192305380937494,
    "redirect": 0.05100575914342546,
    "dsfb": 0.0,
    "unknown": 0.06665478384099267,
    "sfb": 0.10616412598471638,
    "sft": 0.0,
    "bad-redirect": 0.0040949902428247375,
    "roll-out": 0.1661644035397686,
    "oneh-in": 0.014296439451922943,
    "alternate": 0.16823057786837967,
    "oneh-out": 0.011039876111319897,
    "dsfb-red": 0.05598712888008643,
    "roll-in": 0.1842110578180629,
    "sfR": 0.11790358951788564,
    "sfT": 0.0023242137912396934
  },
  "chained-bigrams": {
    "dsfb-alt": 0.05662586219546798,
    "redirect": 0.04992568707799253,
    "dsfb": 0.0,
    "unknown": 0.022916559801936097,
    "sfb": 0.11364000859679413,
    "sft": 0.0,
    "bad-redirect": 0.005143142465890402,
    "roll-out": 0.16988018380517222,
    "oneh-in": 0.013311395492137244,
    "alternate": 0.18794059381511308,
    "oneh-out": 0.013217246311787023,
    "dsfb-red": 0.03529620306095218,
    "roll-in": 0.21041822364520954,
    "sfR": 0.11914286586209158,
    "sfT": 0.002542027869455993
  },
  "wordle": {
    "dsfb-alt": 0.049119263996409736,
    "redirect": 0.055671491080444294,
    "dsfb": 0.0,
    "unknown": 0.0,
    "sfb": 0.14933243576797936,
    "sft": 0.0,
    "bad-redirect": 0.007449792438011893,
    "roll-out": 0.18545944126556715,
    "oneh-in": 0.01460787613598115,
    "alternate": 0.16842813867384718,
    "oneh-out": 0.01678447211937619,
    "dsfb-red": 0.037585549197800966,
    "roll-in": 0.18083697969258386,
    "sfR": 0.13138112868843263,
    "sfT": 0.003343430943565578
  },
  "gutenberg": {
    "dsfb-alt": 0.05905634721185056,
    "redirect": 0.04855776097852431,
    "dsfb": 0.0,
    "unknown": 0.032975828246008664,
    "sfb": 0.10750215105461348,
    "sft": 0.0,
    "bad-redirect": 0.004240731710920992,
    "roll-out": 0.16814806227014215,
    "oneh-in": 0.012804600131166025,
    "alternate": 0.21252438524924008,
    "oneh-out": 0.010998888763860615,
    "dsfb-red": 0.05551539495863269,
    "roll-in": 0.1874933460331749,
    "sfR": 0.09863878308844841,
    "sfT": 0.0015437203034170985
  },
  "english-10k": {
    "dsfb-alt": 0.05154281082958646,
    "redirect": 0.061017734123231894,
    "dsfb": 0.0,
    "unknown": 0.0,
    "sfb": 0.1421624437969163,
    "sft": 0.0,
    "bad-redirect": 0.005461106501225372,
    "roll-out": 0.1640454641940526,
    "oneh-in": 0.024256575519577005,
    "alternate": 0.16504891839215763,
    "oneh-out": 0.015592134462862546,
    "dsfb-red": 0.04096794735724899,
    "roll-in": 0.22164759460450398,
    "sfR": 0.10567144593890508,
    "sfT": 0.002585824279732155
  },
  "mt-quotes": {
    "dsfb-alt": 0.059827757258459735,
    "redirect": 0.056334492774411014,
    "dsfb": 0.0,
    "unknown": 0.007977133909467972,
    "sfb": 0.10581543371463406,
    "sft": 0.0,
    "bad-redirect": 0.004007243518485316,
    "roll-out": 0.17970739054039517,
    "oneh-in": 0.011684058282831904,
    "alternate": 0.19313509281505123,
    "oneh-out": 0.011790141164939458,
    "dsfb-red": 0.06683819222815889,
    "roll-in": 0.2045591733304646,
    "sfR": 0.0964592223377679,
    "sfT": 0.0018646681249327643
  },
  "french": {
    "dsfb-alt": 0.03958370984565815,
    "redirect": 0.038280200018928054,
    "dsfb": 0.0,
    "unknown": 0.15807962376648718,
    "sfb": 0.09897717042004416,
    "sft": 0.0,
    "bad-redirect": 0.0030218517752946578,
    "roll-out": 0.1595891039067346,
    "oneh-in": 0.021120376928670106,
    "alternate": 0.17062351250008934,
    "oneh-out": 0.011000040256199623,
    "dsfb-red": 0.02605606866104599,
    "roll-in": 0.16373390439306904,
    "sfR": 0.10898279115633469,
    "sfT": 0.0009516463714444483
  },
  "english-450k": {
    "dsfb-alt": 0.0467359254306698,
    "redirect": 0.05808831310979763,
    "dsfb": 0.0,
    "unknown": 0.00015377410175167997,
    "sfb": 0.13952427087395727,
    "sft": 0.0,
    "bad-redirect": 0.00507425301160439,
    "roll-out": 0.1814703961466432,
    "oneh-in": 0.016144818952921153,
    "alternate": 0.16768101053557238,
    "oneh-out": 0.013152363238985419,
    "dsfb-red": 0.03936178485541434,
    "roll-in": 0.2158684348544496,
    "sfR": 0.11369548401129392,
    "sfT": 0.0030491708769392056
  },
  "monkeyracer": {
    "dsfb-alt": 0.05926341554968172,
    "redirect": 0.05670621080125749,
    "dsfb": 0.0,
    "unknown": 0.013436077701487402,
    "sfb": 0.10777992398767537,
    "sft": 0.0,
    "bad-redirect": 0.004088986033126359,
    "roll-out": 0.177498944273269,
    "oneh-in": 0.012349070178456918,
    "alternate": 0.1922175344479722,
    "oneh-out": 0.01165405008054804,
    "dsfb-red": 0.0641256236607911,
    "roll-in": 0.20204752334329104,
    "sfR": 0.09690789370786869,
    "sfT": 0.0019247462345746594
  },
  "english-1k": {
    "dsfb-alt": 0.05998588567395907,
    "redirect": 0.06316160903316867,
    "dsfb": 0.0,
    "unknown": 0.0,
    "sfb": 0.13549752999294284,
    "sft": 0.0,
    "bad-redirect": 0.007057163020465773,
    "roll-out": 0.16302046577275936,
    "oneh-in": 0.0187014820042343,
    "alternate": 0.16901905434015527,
    "oneh-out": 0.016231474947071278,
    "dsfb-red": 0.05081157374735357,
    "roll-in": 0.20465772759350742,
    "sfR": 0.10832745236414962,
    "sfT": 0.0035285815102328866
  },
  "dutch": {
    "dsfb-alt": 0.03609859770789223,
    "redirect": 0.05063869668372471,
    "dsfb": 0.0,
    "unknown": 0.072903632847049,
    "sfb": 0.11682531056404577,
    "sft": 0.0,
    "bad-redirect": 0.001832545101595701,
    "roll-out": 0.1616334329556307,
    "oneh-in": 0.010441298721688575,
    "alternate": 0.1390832716484127,
    "oneh-out": 0.009229661162857191,
    "dsfb-red": 0.047042819346279824,
    "roll-in": 0.16390623284807465,
    "sfR": 0.18880787437283908,
    "sfT": 0.0015566260399098597
  },
  "english-5k": {
    "dsfb-alt": 0.05367735512506741,
    "redirect": 0.05848923549176588,
    "dsfb": 0.0,
    "unknown": 0.002157049819554486,
    "sfb": 0.13755340772389762,