{
  "english-1k": {
    "sfb": 0.019054340155257588,
    "unknown": 0.0,
    "outoneh": 0.026817219477769938,
    "red-sfs": 0.02364149611856034,
    "alt-sfs": 0.02646436132674665,
    "sft": 0.0,
    "inroll": 0.30980945659844744,
    "bad-red-sfs": 0.0007057163020465773,
    "red": 0.046224417784050814,
    "sfr": 0.10832745236414962,
    "outroll": 0.20642201834862386,
    "inoneh": 0.007057163020465773,
    "bad-red": 0.0,
    "alt": 0.22547635850388145
  },
  "shai": {
    "sfb": 0.016451033290779477,
    "unknown": 0.024084954079921773,
    "outoneh": 0.022897853254533876,
    "red-sfs": 0.019369685348149465,
    "alt-sfs": 0.027775628840800176,
    "sft": 0.00004321698471622008,
    "inroll": 0.3193779564117657,
    "bad-red-sfs": 0.0012656081975877754,
    "red": 0.04396224741325098,
    "sfr": 0.09823378925716947,
    "outroll": 0.17903548174049497,
    "inoneh": 0.006222483328601113,
    "bad-red": 0.0005297854276321798,
    "alt": 0.24075027642459684
  },
  "chained-bigrams": {
    "sfb": 0.017668879280622347,
    "unknown": 0.02315875045207839,
    "outoneh": 0.014941799573926261,
    "red-sfs": 0.027725959656102264,
    "alt-sfs": 0.03964199936498001,
    "sft": 0.00008051378181674155,
    "inroll": 0.2974321947342688,
    "bad-red-sfs": 0.002494628626934847,
    "red": 0.05713751429281953,
    "sfr": 0.11914286586209158,
    "outroll": 0.14467612357307177,
    "inoneh": 0.00808384341627768,
    "bad-red": 0.0026011145964344082,
    "alt": 0.24521381278857535
  },
  "english-200": {
    "sfb": 0.004454342984409799,
    "unknown": 0.0,
    "outoneh": 0.013363028953229399,
    "red-sfs": 0.017817371937639197,
    "alt-sfs": 0.028953229398663696,
    "sft": 0.0,
    "inroll": 0.34743875278396436,
    "bad-red-sfs": 0.0,
    "red": 0.0400890868596882,
    "sfr": 0.10690423162583519,
    "outroll": 0.19376391982182628,
    "inoneh": 0.004454342984409799,
    "bad-red": 0.0,
    "alt": 0.24276169265033407
  },
  "english-450k": {
    "sfb": 0.03100360696742854,
    "unknown": 0.00015377410175167997,
    "outoneh": 0.018131311389047892,
    "red-sfs": 0.02506605562412698,
    "alt-sfs": 0.03187889149336871,
    "sft": 0.0003031630104876276,
    "inroll": 0.27487003749632377,
    "bad-red-sfs": 0.0012500723556847595,
    "red": 0.052218878431340446,
    "sfr": 0.11369548401129392,
    "outroll": 0.1843979510039461,
    "inoneh": 0.006653507189670122,
    "bad-red": 0.0008071678610957954,
    "alt": 0.2595700990644337
  },
  "english-5k": {
    "sfb": 0.019662338739785123,
    "unknown": 0.002157049819554486,
    "outoneh": 0.029452026382378562,
    "red-sfs": 0.024183847015389722,
    "alt-sfs": 0.028373501472601318,
    "sft": 0.0,
    "inroll": 0.30372920728419134,
    "bad-red-sfs": 0.00078815281868337,
    "red": 0.039988385116356245,
    "sfr": 0.10644211224955408,
    "outroll": 0.17845439084083461,
    "inoneh": 0.007549674368440702,
    "bad-red": 0.00012444518189737422,
    "alt": 0.2590948687103331
  },
  "monkeyracer": {
    "sfb": 0.013344190374900292,
    "unknown": 0.01348984156278837,
    "outoneh": 0.02292588798348374,
    "red-sfs": 0.01791900620923722,
    "alt-sfs": 0.025535879068458014,
    "sft": 0.00002834821777687411,
    "inroll": 0.33254707759200464,
    "bad-red-sfs": 0.0022766551449082692,
    "red": 0.04692216556923221,
    "sfr": 0.09690789370786869,
    "outroll": 0.18183719911788165,
    "inoneh": 0.007002987315638832,
    "bad-red": 0.0012385238594241207,
    "alt": 0.23802434427639707
  },
  "tr-quotes": {
    "sfb": 0.01350407988719632,
    "unknown": 0.013892420424863041,
    "outoneh": 0.022905157069878182,
    "red-sfs": 0.01798502115069,
    "alt-sfs": 0.025579621367975775,
    "sft": 0.000031205936062504334,
    "inroll": 0.3317988488476919,
    "bad-red-sfs": 0.002271098680104482,
    "red": 0.04703774762488153,
    "sfr": 0.09677191928064538,
    "outroll": 0.1816624673493447,
    "inoneh": 0.007074501282910705,
    "bad-red": 0.0011603985113612723,
    "alt": 0.2383255125863942
  },
  "movie": {
    "sfb": 0.011549815901203712,
    "unknown": 0.030282373430185833,
    "outoneh": 0.021619550911848005,
    "red-sfs": 0.021138166018306048,
    "alt-sfs": 0.027890451116074688,
    "sft": 0.000022240034720773732,
    "inroll": 0.3024038055989353,
    "bad-red-sfs": 0.0036664473808016387,
    "red": 0.0476985577798076,
    "sfr": 0.11567713207251198,
    "outroll": 0.18057407977908407,
    "inoneh": 0.0062512921262776015,
    "bad-red": 0.002257166127400657,
    "alt": 0.22896892172284206
  },
  "gutenberg": {
    "sfb": 0.01629364670722887,
    "unknown": 0.03298207965968062,
    "outoneh": 0.019218550558592225,
    "red-sfs": 0.01646565530159661,
    "alt-sfs": 0.02740259823907149,
    "sft": 0.0002790403739027348,
    "inroll": 0.338125326068054,
    "bad-red-sfs": 0.001161247448760193,
    "red": 0.04258576655402756,
    "sfr": 0.09863878308844841,
    "outroll": 0.1728665535350229,
    "inoneh": 0.00795388199528454,
    "bad-red": 0.0010987333120406396,
    "alt": 0.22492813715828922
  },
  "keymash": {
    "sfb": 0.014104337617450629,
    "unknown": 0.012376186820900362,
    "outoneh": 0.022560372393919864,
    "red-sfs": 0.017178886184234833,
    "alt-sfs": 0.026111086025786802,
    "sft": 0.00003694384125641899,
    "inroll": 0.33356183783295634,
    "bad-red-sfs": 0.0023808253254136683,
    "red": 0.046672386120609324,
    "sfr": 0.099723742164827,
    "outroll": 0.18153793106279223,
    "inoneh": 0.007516019260055909,
    "bad-red": 0.0012766149589718118,
    "alt": 0.2349628303908248
  },
  "english-10k": {
    "sfb": 0.021516373670905618,
    "unknown": 0.0,
    "outoneh": 0.026437158680843672,
    "red-sfs": 0.023175932537002373,
    "alt-sfs": 0.029929951178093824,
    "sft": 0.00007718878446961657,
    "inroll": 0.3054167229501553,
    "bad-red-sfs": 0.0006946990602265491,
    "red": 0.042087184732058434,
    "sfr": 0.10567144593890508,
    "outroll": 0.18716350514270277,
    "inoneh": 0.0076223924663746355,
    "bad-red": 0.0004245383145828911,
    "alt": 0.2497829065436792
  },
  "mt-quotes": {
    "sfb": 0.012274237697373926,
    "unknown": 0.007995063410669249,
    "outoneh": 0.02294229091213349,
    "red-sfs": 0.01762768793105509,
    "alt-sfs": 0.02513865480928987,
    "sft": 0.000014941251001063817,
    "inroll": 0.3389318200834319,
    "bad-red-sfs": 0.0024130120366718066,
    "red": 0.04675715088272911,
    "sfr": 0.0964592223377679,
    "outroll": 0.18202926094596047,
    "inoneh": 0.006874469585589463,
    "bad-red": 0.0012969005868923393,
    "alt": 0.23924528752943428
  }
}