{
  "shai": {
    "dsfb-alt": 0.03529455591393821,
    "redirect": 0.04556193768765677,
    "dsfb": 0.0,
    "unknown": 0.024097749651430984,
    "sfb": 0.018823110087121352,
    "sft": 0.0,
    "bad-redirect": 0.0022244400524765507,
    "roll-out": 0.17635657828613963,
    "oneh-in": 0.0217103034617246,
    "alternate": 0.23150677646655207,
    "oneh-out": 0.00996873715991879,
    "dsfb-red": 0.022019916814077636,
    "roll-in": 0.31413921488912205,
    "sfR": 0.09823378925716947,
    "sfT": 0.00006289027267184847
  },
  "reddit": {
    "dsfb-alt": 0.033048825550900225,
    "redirect": 0.047749699076506204,
    "dsfb": 0.0,
    "unknown": 0.04519941109454869,
    "sfb": 0.01750748258651679,
    "sft": 0.0,
    "bad-redirect": 0.002385325533950744,
    "roll-out": 0.17861331532380903,
    "oneh-in": 0.021168832360657953,
    "alternate": 0.21934619208873213,
    "oneh-out": 0.010999893808233402,
    "dsfb-red": 0.019781971634624657,
    "roll-in": 0.3001234409054056,
    "sfR": 0.10397777127267367,
    "sfT": 0.00009783876344089043
  },
  "akl": {
    "dsfb-alt": 0.03034135182444742,
    "redirect": 0.04324561726323036,
    "dsfb": 0.0,
    "unknown": 0.07331127266302054,
    "sfb": 0.02212603204943057,
    "sft": 0.0,
    "bad-redirect": 0.0030192785526396166,
    "roll-out": 0.1683534951057999,
    "oneh-in": 0.019201605457723595,
    "alternate": 0.20709293175082347,
    "oneh-out": 0.010001956515301275,
    "dsfb-red": 0.02103483179606246,
    "roll-in": 0.28426321090801265,
    "sfR": 0.11790358951788564,
    "sfT": 0.00010482659562248597
  },
  "english-200": {
    "dsfb-alt": 0.035634743875278395,
    "redirect": 0.044543429844097995,
    "dsfb": 0.0,
    "unknown": 0.0,
    "sfb": 0.004454342984409799,
    "sft": 0.0,
    "bad-redirect": 0.0022271714922048997,
    "roll-out": 0.2026726057906459,
    "oneh-in": 0.008908685968819599,
    "alternate": 0.22939866369710468,
    "oneh-out": 0.011135857461024499,
    "dsfb-red": 0.017817371937639197,
    "roll-in": 0.3363028953229399,
    "sfR": 0.10690423162583519,
    "sfT": 0.0
  },
  "mt-quotes": {
    "dsfb-alt": 0.03262123331062263,
    "redirect": 0.04914625691779921,
    "dsfb": 0.0,
    "unknown": 0.007995063410669249,
    "sfb": 0.01814764346589211,
    "sft": 0.0,
    "bad-redirect": 0.0015807843559125518,
    "roll-out": 0.18334110278385388,
    "oneh-in": 0.028639389918839124,
    "alternate": 0.22268291079475502,
    "oneh-out": 0.01295406461792233,
    "dsfb-red": 0.019738886697505408,
    "roll-in": 0.3266262057589558,
    "sfR": 0.0964592223377679,
    "sfT": 0.00006723562950478718
  },
  "english-10k": {
    "dsfb-alt": 0.035854190386136894,
    "redirect": 0.045406302464251945,
    "dsfb": 0.0,
    "unknown": 0.0,
    "sfb": 0.01989540919704367,
    "sft": 0.0,
    "bad-redirect": 0.0019683140039752226,
    "roll-out": 0.18361282105710042,
    "oneh-in": 0.020956754983500896,
    "alternate": 0.24731286544065148,
    "oneh-out": 0.009629300862584667,
    "dsfb-red": 0.025761756816734527,
    "roll-in": 0.3039308388491152,
    "sfR": 0.10567144593890508,
    "sfT": 0.0
  },
  "english-450k": {
    "dsfb-alt": 0.03958484500681459,
    "redirect": 0.05599277554067968,
    "dsfb": 0.0,
    "unknown": 0.00015377410175167997,
    "sfb": 0.025620051675114497,
    "sft": 0.0,
    "bad-redirect": 0.0021580996561423984,
    "roll-out": 0.18119705244866255,
    "oneh-in": 0.013811019229948412,
    "alternate": 0.2590742799074549,
    "oneh-out": 0.007237907245566716,
    "dsfb-red": 0.02777785898505585,
    "roll-in": 0.2735995009065656,
    "sfR": 0.11369548401129392,
    "sfT": 0.00009735128494925746
  },
  "movie": {
    "dsfb-alt": 0.033780638773276535,
    "redirect": 0.04919587798722159,
    "dsfb": 0.0,
    "unknown": 0.030282373430185833,
    "sfb": 0.019581363587851886,
    "sft": 0.0,
    "bad-redirect": 0.002765528577852426,
    "roll-out": 0.18337250781658262,
    "oneh-in": 0.03462141736399265,
    "alternate": 0.20820988907749782,
    "oneh-out": 0.01311596177819737,
    "dsfb-red": 0.022472041710198135,
    "roll-in": 0.28688118254870537,
    "sfR": 0.11567713207251198,
    "sfT": 0.000044085275925794083
  },
  "tr-quotes": {
    "dsfb-alt": 0.03320311597050461,
    "redirect": 0.04911467603615265,
    "dsfb": 0.0,
    "unknown": 0.013894731975682485,
    "sfb": 0.018950093617808188,
    "sft": 0.0,
    "bad-redirect": 0.0016839647719655117,
    "roll-out": 0.1822877418460045,
    "oneh-in": 0.027220822449781558,
    "alternate": 0.22257922840433647,
    "oneh-out": 0.012562122928272579,
    "dsfb-red": 0.020364762719308385,
    "roll-in": 0.3213044081274127,
    "sfR": 0.09677191928064538,
    "sfT": 0.00006241187212500867
  },
  "wordle": {
    "dsfb-alt": 0.04380118927409402,
    "redirect": 0.050600246830472345,
    "dsfb": 0.0,
    "unknown": 0.0,
    "sfb": 0.03372601817569842,
    "sft": 0.0,
    "bad-redirect": 0.003926848423650847,
    "roll-out": 0.20915516661056882,
    "oneh-in": 0.008212722988892628,
    "alternate": 0.23641871423763042,
    "oneh-out": 0.014159093458992482,
    "dsfb-red": 0.03208796140468978,
    "roll-in": 0.23653090990687758,
    "sfR": 0.13138112868843263,
    "sfT": 0.0
  },
  "french": {
    "dsfb-alt": 0.029731637970528416,
    "redirect": 0.03769553377765571,
    "dsfb": 0.0,
    "unknown": 0.1584254645227596,
    "sfb": 0.04843787143254526,
    "sft": 0.0,
    "bad-redirect": 0.0033405154768158074,
    "roll-out": 0.13195817436291943,
    "oneh-in": 0.023720235263403115,
    "alternate": 0.18468615513187217,
    "oneh-out": 0.0062720417487502865,
    "dsfb-red": 0.026059454556511142,
    "roll-in": 0.24066023583241333,
    "sfR": 0.10898279115633469,
    "sfT": 0.00002988876749105281
  },
  "chained-bigrams": {
    "dsfb-alt": 0.04422284396753736,
    "redirect": 0.05868415806933146,
    "dsfb": 0.0,
    "unknown": 0.023159399756770463,
    "sfb": 0.02032972990872724,
    "sft": 0.0,
    "bad-redirect": 0.003395214234836625,
    "roll-out": 0.14126987115846995,
    "oneh-in": 0.01631313108357915,
    "alternate": 0.2390110050652259,
    "oneh-out": 0.007224813308668412,
    "dsfb-red": 0.03049719208185914,
    "roll-in": 0.29661666804102826,
    "sfR": 0.11914286586209158,
    "sfT": 0.00013310746187445176
  },
  "keymash": {
    "dsfb-alt": 0.03472310590978314,
    "redirect": 0.048121405672111095,
    "dsfb": 0.0,
    "unknown": 0.012376186820900362,
    "sfb": 0.019325733848357847,
    "sft": 0.0,
    "bad-redirect": 0.0018061433503138173,
    "roll-out": 0.18217008123540204,
    "oneh-in": 0.02625065164831105,
    "alternate": 0.2192493832430946,
    "oneh-out": 0.01270457652095742,
    "dsfb-red": 0.019723906359677027,
    "roll-in": 0.3237553004150025,
    "sfR": 0.099723742164827,
    "sfT": 0.00006978281126212477
  },
  "gutenberg": {
    "dsfb-alt": 0.03838216445158242,
    "redirect": 0.042716288494026866,
    "dsfb": 0.0,
    "unknown": 0.03298207965968062,
    "sfb": 0.022693768249865593,
    "sft": 0.0,
    "bad-redirect": 0.0018826226991482543,
    "roll-out": 0.17000795255593784,
    "oneh-in": 0.016004945057651293,
    "alternate": 0.20889894419306185,
    "oneh-out": 0.011252923483075529,
    "dsfb-red": 0.0196372058378353,
    "roll-in": 0.33667632415360593,
    "sfR": 0.09863878308844841,
    "sfT": 0.00022599807608008327
  },
  "dutch": {
    "dsfb-alt": 0.025992945523485772,
    "redirect": 0.039880327727581315,
    "dsfb": 0.0,
    "unknown": 0.07360270072188302,
    "sfb": 0.03523675408299426,
    "sft": 0.0,
    "bad-redirect": 0.0021396816760444123,
    "roll-out": 0.1350264115219841,
    "oneh-in": 0.007432636964640725,
    "alternate": 0.18159012004630878,
    "oneh-out": 0.00828773861090639,
    "dsfb-red": 0.020926025827013955,
    "roll-in": 0.28087577872094555,
    "sfR": 0.18880787437283908,
    "sfT": 0.00020100420337264613
  },
  "english-1k": {
    "dsfb-alt": 0.03387438249823571,
    "redirect": 0.05045871559633028,
    "dsfb": 0.0,
    "unknown": 0.0,
    "sfb": 0.01587861679604799,
    "sft": 0.0,