{
  "mt-quotes": {
    "dsfb-alt": 0.034766796954375394,
    "redirect": 0.028270341019112848,
    "dsfb": 0.0,
    "unknown": 0.007977133909467972,
    "sfb": 0.014149364698007434,
    "sft": 0.0,
    "bad-redirect": 0.007149388604009037,
    "roll-out": 0.2725254300092038,
    "oneh-in": 0.021246458923512748,
    "alternate": 0.27939392309439287,
    "oneh-out": 0.012576050967595415,
    "dsfb-red": 0.014744026487849775,
    "roll-in": 0.21072841586880386,
    "sfR": 0.0964592223377679,
    "sfT": 0.000013447125900957435
  },
  "chained-bigrams": {
    "dsfb-alt": 0.05047370023810003,
    "redirect": 0.0373006066453738,
    "dsfb": 0.0,
    "unknown": 0.022916559801936097,
    "sfb": 0.01736435538004128,
    "sft": 0.0,
    "bad-redirect": 0.004947701753577182,
    "roll-out": 0.225159388069286,
    "oneh-in": 0.0060229503236459234,
    "alternate": 0.2895087295769325,
    "oneh-out": 0.010106427532077276,
    "dsfb-red": 0.02100890261663298,
    "roll-in": 0.19600041295778417,
    "sfR": 0.11914286586209158,
    "sfT": 0.00004739924252114623
  },
  "wordle": {
    "dsfb-alt": 0.050241220688881406,
    "redirect": 0.03446650959272972,
    "dsfb": 0.0,
    "unknown": 0.0,
    "sfb": 0.025939638729945026,
    "sft": 0.0,
    "bad-redirect": 0.008661505665881296,
    "roll-out": 0.2324245484124313,
    "oneh-in": 0.004689778974531583,
    "alternate": 0.2865477392572647,
    "oneh-out": 0.012902501963424212,
    "dsfb-red": 0.019970829125995737,
    "roll-in": 0.19277459890048243,
    "sfR": 0.13138112868843263,
    "sfT": 0.0
  },
  "english-1k": {
    "dsfb-alt": 0.035638673253352154,
    "redirect": 0.027170077628793227,
    "dsfb": 0.0,
    "unknown": 0.0,
    "sfb": 0.011291460832745237,
    "sft": 0.0,
    "bad-redirect": 0.004940014114326041,
    "roll-out": 0.2512350035285815,
    "oneh-in": 0.0045871559633027525,
    "alternate": 0.2992237120677488,
    "oneh-out": 0.014820042342978124,
    "dsfb-red": 0.0187014820042343,
    "roll-in": 0.2240649258997883,
    "sfR": 0.10832745236414962,
    "sfT": 0.0
  },
  "french": {
    "dsfb-alt": 0.032651793027161785,
    "redirect": 0.028205468062368733,
    "dsfb": 0.0,
    "unknown": 0.15807962376648718,
    "sfb": 0.04836778639278428,
    "sft": 0.0,
    "bad-redirect": 0.005631418341272883,
    "roll-out": 0.17855335458866667,
    "oneh-in": 0.0035522088525795047,
    "alternate": 0.1991211413919533,
    "oneh-out": 0.013716037801755012,
    "dsfb-red": 0.01555323067388174,
    "roll-in": 0.20754103941267718,
    "sfR": 0.10898279115633469,
    "sfT": 0.00004410653207702229
  },
  "english-200": {
    "dsfb-alt": 0.0400890868596882,
    "redirect": 0.026726057906458798,
    "dsfb": 0.0,
    "unknown": 0.0,
    "sfb": 0.004454342984409799,
    "sft": 0.0,
    "bad-redirect": 0.0066815144766146995,
    "roll-out": 0.28507795100222716,
    "oneh-in": 0.008908685968819599,
    "alternate": 0.2806236080178174,
    "oneh-out": 0.015590200445434299,
    "dsfb-red": 0.017817371937639197,
    "roll-in": 0.2071269487750557,
    "sfR": 0.10690423162583519,
    "sfT": 0.0
  },
  "monkeyracer": {
    "dsfb-alt": 0.03561513677526315,
    "redirect": 0.027963073025008993,
    "dsfb": 0.0,
    "unknown": 0.013436077701487402,
    "sfb": 0.014705882352941176,
    "sft": 0.0,
    "bad-redirect": 0.007012762563148099,
    "roll-out": 0.26683395373570856,
    "oneh-in": 0.020059785413766677,
    "alternate": 0.2797656286657178,
    "oneh-out": 0.01230117146566151,
    "dsfb-red": 0.014635500570874455,
    "roll-in": 0.21074847115128956,
    "sfR": 0.09690789370786869,
    "sfT": 0.000014662871263900401
  },
  "english-450k": {
    "dsfb-alt": 0.04356689261130058,
    "redirect": 0.036402364262197125,
    "dsfb": 0.0,
    "unknown": 0.00015377410175167997,
    "sfb": 0.01944686929376759,
    "sft": 0.0,
    "bad-redirect": 0.004821958240099258,
    "roll-out": 0.21582136711608074,
    "oneh-in": 0.005266324465693466,
    "alternate": 0.31435899294919434,
    "oneh-out": 0.006785940018745239,
    "dsfb-red": 0.017874923770728076,
    "roll-in": 0.22180160100473542,
    "sfR": 0.11369548401129392,
    "sfT": 3.508154412585855e-6
  },
  "shai": {
    "dsfb-alt": 0.03961123059493137,
    "redirect": 0.026853527165470504,
    "dsfb": 0.0,
    "unknown": 0.023260762136131256,
    "sfb": 0.015583852716392234,
    "sft": 0.0,
    "bad-redirect": 0.00757072088376605,
    "roll-out": 0.24594900566101474,
    "oneh-in": 0.010087369060199719,
    "alternate": 0.2844886671333864,
    "oneh-out": 0.010929759666191174,
    "dsfb-red": 0.013202285677660588,
    "roll-in": 0.22419447503787582,
    "sfR": 0.09823378925716947,
    "sfT": 0.00003455500981071224
  },
  "english-5k": {
    "dsfb-alt": 0.04334840502758535,
    "redirect": 0.030198697473762807,
    "dsfb": 0.0,
    "unknown": 0.002157049819554486,
    "sfb": 0.013357116190318164,
    "sft": 0.0,
    "bad-redirect": 0.00551706973078359,
    "roll-out": 0.2124694072261169,
    "oneh-in": 0.004770398639399345,
    "alternate": 0.3118181441075206,
    "oneh-out": 0.007591156095739827,
    "dsfb-red": 0.013274152735719915,
    "roll-in": 0.24905629070394492,
    "sfR": 0.10644211224955408,
    "sfT": 0.0
  },
  "akl": {
    "dsfb-alt": 0.036127879029613015,
    "redirect": 0.029909468728652886,
    "dsfb": 0.0,
    "unknown": 0.06665478384099267,
    "sfb": 0.020429414838365693,
    "sft": 0.0,
    "bad-redirect": 0.007515608444662028,
    "roll-out": 0.23461629438975742,
    "oneh-in": 0.016626662805677636,
    "alternate": 0.2513025571865632,
    "oneh-out": 0.012265764910127302,
    "dsfb-red": 0.013787113540213452,
    "roll-in": 0.19273658253650872,
    "sfR": 0.11790358951788564,
    "sfT": 0.00012428023098032322
  },
  "english-10k": {
    "dsfb-alt": 0.044422145462264334,
    "redirect": 0.028945794176106213,
    "dsfb": 0.0,
    "unknown": 0.0,
    "sfb": 0.015553540070627737,
    "sft": 0.0,
    "bad-redirect": 0.008953898998475521,
    "roll-out": 0.21960209181605914,
    "oneh-in": 0.004071708380772273,
    "alternate": 0.30589915285309044,
    "oneh-out": 0.008606549468362246,
    "dsfb-red": 0.012137936357847205,
    "roll-in": 0.24613573647748982,
    "sfR": 0.10567144593890508,
    "sfT": 0.0
  },
  "dutch": {
    "dsfb-alt": 0.03296725345668955,
    "redirect": 0.02535278030771323,
    "dsfb": 0.0,
    "unknown": 0.072903632847049,
    "sfb": 0.02296298198288692,
    "sft": 0.0,
    "bad-redirect": 0.005945923091452537,
    "roll-out": 0.14626910916120497,
    "oneh-in": 0.00403154184496899,
    "alternate": 0.2388115699095309,
    "oneh-out": 0.004564857457896075,
    "dsfb-red": 0.014153403467363749,
    "roll-in": 0.24317158597408806,
    "sfR": 0.18880787437283908,
    "sfT": 0.0000574861263169227
  },
  "reddit": {
    "dsfb-alt": 0.03764792166606079,
    "redirect": 0.02870215494371368,
    "dsfb": 0.0,
    "unknown": 0.039285447401644795,
    "sfb": 0.015645699317731947,
    "sft": 0.0,
    "bad-redirect": 0.006899318406179574,
    "roll-out": 0.250885146768446,
    "oneh-in": 0.01529835672455148,
    "alternate": 0.2713398535452599,
    "oneh-out": 0.012134216654052883,
    "dsfb-red": 0.012701921209454925,
    "roll-in": 0.20541971312490906,
    "sfR": 0.10397777127267367,
    "sfT": 0.00006247896532136494
  },
  "tr-quotes": {
    "dsfb-alt": 0.03560481727190772,
    "redirect": 0.027850720048080257,
    "dsfb": 0.0,
    "unknown": 0.013835787429786644,
    "sfb": 0.014804327223134,
    "sft": 0.0,
    "bad-redirect": 0.007005154758327362,
    "roll-out": 0.26683155729178704,
    "oneh-in": 0.01952220244562077,
    "alternate": 0.279995839208525,
    "oneh-out": 0.012413027900418391,
    "dsfb-red": 0.014629805136265921,
    "roll-in": 0.21071866114976537,
    "sfR": 0.09677191928064538,
    "sfT": 0.00001618085573611336
  },
  "keymash": {
    "dsfb-alt": 0.035281368399880136,
    "redirect": 0.027605259161046412,
    "dsfb": 0.0,
    "unknown": 0.01232282349464109,
    "sfb": 0.01559851075271024,
    "sft": 0.0,