{
  "keymash": {
    "bad-redirect": 0.006875659344944646,
    "dsfb-red": 0.0287505182399954,
    "sfb": 0.018283096550676687,
    "oneh-in": 0.021283757434948054,
    "roll-in": 0.19471456777758164,
    "unknown": 0.009691601022933916,
    "dsfb-alt": 0.03774429115030807,
    "alternate": 0.3042325327466104,
    "sfR": 0.099723742164827,
    "sfT": 0.000012314613752139664,
    "roll-out": 0.2077393242560947,
    "oneh-out": 0.012355662464646797,
    "redirect": 0.05859293223268052,
    "sft": 0.0,
    "dsfb": 0.0
  },
  "english-450k": {
    "bad-redirect": 0.009417932866787776,
    "dsfb-red": 0.027713250474624057,
    "sfb": 0.02949334649281033,
    "oneh-in": 0.015472715036709913,
    "roll-in": 0.2080774085964985,
    "unknown": 0.0,
    "dsfb-alt": 0.0369651306992161,
    "alternate": 0.2669845834154339,
    "sfR": 0.11369548401129392,
    "sfT": 0.00003040400490907741,
    "roll-out": 0.2185051052417089,
    "oneh-out": 0.0113588192955509,
    "redirect": 0.06228581986445661,
    "sft": 0.0,
    "dsfb": 0.0
  },
  "akl": {
    "bad-redirect": 0.005119341857495058,
    "dsfb-red": 0.027591512316939123,
    "sfb": 0.024673652876021735,
    "oneh-in": 0.02288044898494772,
    "roll-in": 0.1792956693605615,
    "unknown": 0.06536917114255165,
    "dsfb-alt": 0.03837303919436672,
    "alternate": 0.27254047502308104,
    "sfR": 0.11790358951788564,
    "sfT": 0.0001611430113558428,
    "roll-out": 0.18386306078046746,
    "oneh-out": 0.011481300162035152,
    "redirect": 0.050747595772291355,
    "sft": 0.0,
    "dsfb": 0.0
  },
  "english-200": {
    "bad-redirect": 0.008908685968819599,
    "dsfb-red": 0.017817371937639197,
    "sfb": 0.011135857461024499,
    "oneh-in": 0.022271714922048998,
    "roll-in": 0.1714922048997773,
    "unknown": 0.0,
    "dsfb-alt": 0.0400890868596882,
    "alternate": 0.3051224944320713,
    "sfR": 0.10690423162583519,
    "sfT": 0.0,
    "roll-out": 0.22494432071269488,
    "oneh-out": 0.013363028953229399,
    "redirect": 0.0779510022271715,
    "sft": 0.0,
    "dsfb": 0.0
  },
  "reddit": {
    "bad-redirect": 0.0052681229734368885,
    "dsfb-red": 0.027708297397627486,
    "sfb": 0.020509469515003285,
    "oneh-in": 0.02130255532600404,
    "roll-in": 0.18365860414574905,
    "unknown": 0.041052388500049726,
    "dsfb-alt": 0.038988260284822426,
    "alternate": 0.2941710084490814,
    "sfR": 0.10397777127267367,
    "sfT": 0.00007319178551435676,
    "roll-out": 0.1976716097342078,
    "oneh-out": 0.012155267720306244,
    "redirect": 0.053463452895523594,
    "sft": 0.0,
    "dsfb": 0.0
  },
  "english-5k": {
    "bad-redirect": 0.00622225909486871,
    "dsfb-red": 0.028332019745302195,
    "sfb": 0.021860870286638735,
    "oneh-in": 0.015057867009582279,
    "roll-in": 0.19591819803376612,
    "unknown": 0.0,
    "dsfb-alt": 0.04160617248102211,
    "alternate": 0.29472767246028125,
    "sfR": 0.10644211224955408,
    "sfT": 0.00008296345459824948,
    "roll-out": 0.2218442775957191,
    "oneh-out": 0.010453395279379434,
    "redirect": 0.05745219230928776,
    "sft": 0.0,
    "dsfb": 0.0
  },
  "tr-quotes": {
    "bad-redirect": 0.00679595940916761,
    "dsfb-red": 0.027966297589052495,
    "sfb": 0.018018538637571947,
    "oneh-in": 0.02064908347010009,
    "roll-in": 0.19748734425926354,
    "unknown": 0.010735997780911213,
    "dsfb-alt": 0.03738933450451908,
    "alternate": 0.3040845102979589,
    "sfR": 0.09677191928064538,
    "sfT": 0.000013869304916668594,
    "roll-out": 0.20952936825316104,
    "oneh-out": 0.012588705762696193,
    "redirect": 0.05796907145003583,
    "sft": 0.0,
    "dsfb": 0.0
  },
  "gutenberg": {
    "bad-redirect": 0.0060820571924787535,
    "dsfb-red": 0.027003265511178095,
    "sfb": 0.01744618006420391,
    "oneh-in": 0.017647740795929987,
    "roll-in": 0.181213137970973,
    "unknown": 0.030721151714990094,
    "dsfb-alt": 0.03990826713465128,
    "alternate": 0.3191359940107668,
    "sfR": 0.09863878308844841,
    "sfT": 0.000011176769898344436,
    "roll-out": 0.191675731216491,
    "oneh-out": 0.012925271358712557,
    "redirect": 0.05759124317127775,
    "sft": 0.0,
    "dsfb": 0.0
  },
  "movie": {
    "bad-redirect": 0.007021665873351029,
    "dsfb-red": 0.030526355822921424,
    "sfb": 0.01791230820108518,
    "oneh-in": 0.019944836818022164,
    "roll-in": 0.1925101353365332,
    "unknown": 0.024744473186874588,
    "dsfb-alt": 0.03457996404483854,
    "alternate": 0.2815472589552,
    "sfR": 0.11567713207251198,
    "sfT": 0.000018028903886071013,
    "roll-out": 0.2065911040650704,
    "oneh-out": 0.010996315392117473,
    "redirect": 0.057930421327587946,
    "sft": 0.0,
    "dsfb": 0.0
  },
  "english-1k": {
    "bad-redirect": 0.008821453775582216,
    "dsfb-red": 0.025758645024700072,
    "sfb": 0.010938602681721948,
    "oneh-in": 0.011997177134791814,
    "roll-in": 0.18525052928722655,
    "unknown": 0.0,
    "dsfb-alt": 0.03881439661256175,
    "alternate": 0.3083980239943543,
    "sfR": 0.10832745236414962,
    "sfT": 0.0,
    "roll-out": 0.223712067748765,
    "oneh-out": 0.013761467889908258,
    "redirect": 0.06422018348623854,
    "sft": 0.0,
    "dsfb": 0.0
  },
  "shai": {
    "bad-redirect": 0.0064735064324646175,
    "dsfb-red": 0.02644939068928265,
    "sfb": 0.02036816954124509,
    "oneh-in": 0.020426395971306955,
    "roll-in": 0.1867036479067436,
    "unknown": 0.016772683614515952,
    "dsfb-alt": 0.04060828660717797,
    "alternate": 0.3110962685233895,
    "sfR": 0.09823378925716947,
    "sfT": 0.000055784202105935875,
    "roll-out": 0.20441982881646303,
    "oneh-out": 0.011097120013326592,
    "redirect": 0.05729512842480864,
    "sft": 0.0,
    "dsfb": 0.0
  },
  "mt-quotes": {
    "bad-redirect": 0.006832634082786483,
    "dsfb-red": 0.028679731296541996,
    "sfb": 0.01719588577712435,
    "oneh-in": 0.022018921600267746,
    "roll-in": 0.2001305865337493,
    "unknown": 0.006137865911237016,
    "dsfb-alt": 0.036494005570098374,
    "alternate": 0.30594602024838335,
    "sfR": 0.0964592223377679,
    "sfT": 0.000011953000800851053,
    "roll-out": 0.20920739651689557,
    "oneh-out": 0.012942111617121478,
    "redirect": 0.057943665507225586,
    "sft": 0.0,
    "dsfb": 0.0
  },
  "chained-bigrams": {
    "bad-redirect": 0.00807085732243627,
    "dsfb-red": 0.02977906109242917,
    "sfb": 0.023132128959703502,
    "oneh-in": 0.011432307713285229,
    "roll-in": 0.19455441140854315,
    "unknown": 0.017076064096761982,
    "dsfb-alt": 0.04850825493520264,
    "alternate": 0.2811385427914518,
    "sfR": 0.11914286586209158,
    "sfT": 0.00009674639911850395,
    "roll-out": 0.20431216232097857,
    "oneh-out": 0.010303166853774635,
    "redirect": 0.05245343024422297,
    "sft": 0.0,
    "dsfb": 0.0
  },
  "french": {
    "bad-redirect": 0.004462280622626624,
    "dsfb-red": 0.018458838365485633,
    "sfb": 0.048772715519475096,
    "oneh-in": 0.011619599198969046,
    "roll-in": 0.17353777969425455,
    "unknown": 0.1503721720862493,
    "dsfb-alt": 0.035967183961079105,
    "alternate": 0.25235784546362594,
    "sfR": 0.10898279115633469,
    "sfT": 0.00006227950198511605,
    "roll-out": 0.15313121245335948,
    "oneh-out": 0.004976262550604343,
    "redirect": 0.037299039425951086,
    "sft": 0.0,
    "dsfb": 0.0
  },
  "monkeyracer": {
    "bad-redirect": 0.006781089197178473,
    "dsfb-red": 0.028052027777343322,
    "sfb": 0.018021646308084522,
    "oneh-in": 0.020823232244240424,
    "roll-in": 0.19785589721131738,
    "unknown": 0.01033830176580071,
    "dsfb-alt": 0.037204592020269954,
    "alternate": 0.30336894130159375,
    "sfR": 0.09690789370786869,
    "sfT": 0.000014662871263900401,
    "roll-out": 0.20990975491499445,
    "oneh-out": 0.01275669799959335,
    "redirect": 0.05796526268045107,
    "sft": 0.0,
    "dsfb": 0.0
  },
  "wordle": {
    "bad-redirect": 0.008571749130483563,
    "dsfb-red": 0.032289913609334676,
    "sfb": 0.03206552227084034,
    "oneh-in": 0.012924941097273645,