{
  "dutch": {
    "dsfb": 0.0,
    "sfb": 0.29952855638565967,
    "roll-out": 0.06522735225034516,
    "sfR": 0.18880787437283908,
    "roll-in": 0.07323248361331611,
    "alternate": 0.08558441604549315,
    "dsfb-alt": 0.11173708908402295,
    "sft": 0.0,
    "sfT": 0.055091683916389564,
    "dsfb-red": 0.018742861974950033,
    "oneh-in": 0.0006755247420036637,
    "oneh-out": 0.003320926538647729,
    "redirect": 0.005383774761395818,
    "bad-redirect": 0.00004509594750064273,
    "unknown": 0.0926223603674364
  },
  "english-1k": {
    "dsfb": 0.0,
    "sfb": 0.3016937191249118,
    "roll-out": 0.08468595624558928,
    "sfR": 0.10832745236414962,
    "roll-in": 0.09985885673959069,
    "alternate": 0.10338743824982358,
    "dsfb-alt": 0.1901905434015526,
    "sft": 0.0,
    "sfT": 0.0744530698659139,
    "dsfb-red": 0.027522935779816515,
    "oneh-in": 0.0007057163020465773,
    "oneh-out": 0.0017642907551164433,
    "redirect": 0.0067043048694424845,
    "bad-redirect": 0.0,
    "unknown": 0.0007057163020465773
  },
  "shai": {
    "dsfb": 0.0,
    "sfb": 0.2971430732222516,
    "roll-out": 0.09708671232923369,
    "sfR": 0.09823378925716947,
    "roll-in": 0.08553750534503456,
    "alternate": 0.09973419580491034,
    "dsfb-alt": 0.18992437763052333,
    "sft": 0.0,
    "sfT": 0.06984321051339269,
    "dsfb-red": 0.030106911528337738,
    "oneh-in": 0.002430318708038963,
    "oneh-out": 0.00267311719319192,
    "redirect": 0.007429524500152184,
    "bad-redirect": 0.00003587094880439976,
    "unknown": 0.01982139301895912
  },
  "akl": {
    "dsfb": 0.0,
    "sfb": 0.2735451871396353,
    "roll-out": 0.1000085992502792,
    "sfR": 0.11790358951788564,
    "roll-in": 0.0863006632450572,
    "alternate": 0.0926248294554308,
    "dsfb-alt": 0.16250910262858265,
    "sft": 0.0,
    "sfT": 0.04865571042879654,
    "dsfb-red": 0.03392930846291375,
    "oneh-in": 0.004042638899266226,
    "oneh-out": 0.0027760461564139195,
    "redirect": 0.008605012024700914,
    "bad-redirect": 0.00006387483456665665,
    "unknown": 0.06903543795647119
  },
  "monkeyracer": {
    "dsfb": 0.0,
    "sfb": 0.2990903154667876,
    "roll-out": 0.11681225268623802,
    "sfR": 0.09690789370786869,
    "roll-in": 0.08524797847881509,
    "alternate": 0.10288936765878912,
    "dsfb-alt": 0.17936503902278805,
    "sft": 0.0,
    "sfT": 0.05708353535511519,
    "dsfb-red": 0.03258383252263947,
    "oneh-in": 0.003322606628399831,
    "oneh-out": 0.004697983952953688,
    "redirect": 0.009722461172716893,
    "bad-redirect": 0.000023460594022240643,
    "unknown": 0.012253272752866102
  },
  "tr-quotes": {
    "dsfb": 0.0,
    "sfb": 0.2986107579575137,
    "roll-out": 0.11617392108365503,
    "sfR": 0.09677191928064538,
    "roll-in": 0.08542682785881048,
    "alternate": 0.102710293335799,
    "dsfb-alt": 0.17997734680196945,
    "sft": 0.0,
    "sfT": 0.057496359307459374,
    "dsfb-red": 0.03269688634104621,
    "oneh-in": 0.00325466355377823,
    "oneh-out": 0.004603453456924251,
    "redirect": 0.009656503548230508,
    "bad-redirect": 0.00002195973278472527,
    "unknown": 0.012599107741383694
  },
  "reddit": {
    "dsfb": 0.0,
    "sfb": 0.28602623105193337,
    "roll-out": 0.10588128209983262,
    "sfR": 0.10397777127267367,
    "roll-in": 0.08429712194092329,
    "alternate": 0.0987277776872557,
    "dsfb-alt": 0.17159211049487424,
    "sft": 0.0,
    "sfT": 0.05751158791901033,
    "dsfb-red": 0.032712870011351466,
    "oneh-in": 0.00391478663227327,
    "oneh-out": 0.0031000504364069575,
    "redirect": 0.009947677612284683,
    "bad-redirect": 0.000036820637236751644,
    "unknown": 0.04227391220394363
  },
  "keymash": {
    "dsfb": 0.0,
    "sfb": 0.2989577731894439,
    "roll-out": 0.11563011826134073,
    "sfR": 0.099723742164827,
    "roll-in": 0.08781551066650795,
    "alternate": 0.10119328607258234,
    "dsfb-alt": 0.1795470685061963,
    "sft": 0.0,
    "sfT": 0.05707412986991663,
    "dsfb-red": 0.03138584558295329,
    "oneh-in": 0.003341365198080562,
    "oneh-out": 0.0048519578183430275,
    "redirect": 0.009166177502842623,
    "bad-redirect": 0.00003694384125641899,
    "unknown": 0.011276081325709219
  },
  "english-10k": {
    "dsfb": 0.0,
    "sfb": 0.31307770980876476,
    "roll-out": 0.08129908724262365,
    "sfR": 0.10567144593890508,
    "roll-in": 0.08288145732425078,
    "alternate": 0.09521236564327203,
    "dsfb-alt": 0.1827444472318172,
    "sft": 0.0,
    "sfT": 0.1001910422415623,
    "dsfb-red": 0.026707319426487332,
    "oneh-in": 0.0010227513942224194,
    "oneh-out": 0.0012929121398660775,
    "redirect": 0.004496246695355165,
    "bad-redirect": 0.0,
    "unknown": 0.00540321491287316
  },
  "wordle": {
    "dsfb": 0.0,
    "sfb": 0.27263547627061596,
    "roll-out": 0.10072927185010659,
    "sfR": 0.13138112868843263,
    "roll-in": 0.11311567373499383,
    "alternate": 0.1157186132615281,
    "dsfb-alt": 0.15465051049029507,
    "sft": 0.0,
    "sfT": 0.04279142825086952,
    "dsfb-red": 0.03563334455290026,
    "oneh-in": 0.0015034219679120385,
    "oneh-out": 0.0029619656681252105,
    "redirect": 0.011286884326265007,
    "bad-redirect": 0.000044878267698866824,
    "unknown": 0.017547402670256926
  },
  "chained-bigrams": {
    "dsfb": 0.0,
    "sfb": 0.29532390239911593,
    "roll-out": 0.08374147544102398,
    "sfR": 0.11914286586209158,
    "roll-in": 0.07550959055495422,
    "alternate": 0.08749250864711523,
    "dsfb-alt": 0.20602762531742883,
    "sft": 0.0,
    "sfT": 0.06585442978386595,
    "dsfb-red": 0.03481571758882001,
    "oneh-in": 0.0016609214023163297,
    "oneh-out": 0.0024322953764960792,
    "redirect": 0.009057151149691352,
    "bad-redirect": 0.000088954742813658,
    "unknown": 0.01885256173426686
  },
  "english-450k": {
    "dsfb": 0.0,
    "sfb": 0.30523808382267215,
    "roll-out": 0.0810500607787752,
    "sfR": 0.11369548401129392,
    "roll-in": 0.08921441313546563,
    "alternate": 0.0933897015788449,
    "dsfb-alt": 0.18003117579887984,
    "sft": 0.0,
    "sfT": 0.08401328187260605,
    "dsfb-red": 0.03285912830548541,
    "oneh-in": 0.0007261879634052719,
    "oneh-out": 0.0016210596848157137,
    "redirect": 0.005526220238425868,
    "bad-redirect": 0.00001666373345978281,
    "unknown": 0.01261853907587027
  },
  "english-200": {
    "dsfb": 0.0,
    "sfb": 0.30066815144766146,
    "roll-out": 0.10467706013363029,
    "sfR": 0.10690423162583519,
    "roll-in": 0.1091314031180401,
    "alternate": 0.0935412026726058,
    "dsfb-alt": 0.1714922048997773,
    "sft": 0.0,
    "sfT": 0.060133630289532294,
    "dsfb-red": 0.0400890868596882,
    "oneh-in": 0.0022271714922048997,
    "oneh-out": 0.0,
    "redirect": 0.011135857461024499,
    "bad-redirect": 0.0,
    "unknown": 0.0
  },
  "english-5k": {
    "dsfb": 0.0,
    "sfb": 0.289335047911395,
    "roll-out": 0.08960053096610943,
    "sfR": 0.10644211224955408,
    "roll-in": 0.08312938150744598,
    "alternate": 0.10009540797278799,
    "dsfb-alt": 0.18841000539262454,
    "sft": 0.0,
    "sfT": 0.10345542788401708,
    "dsfb-red": 0.0276683121085162,
    "oneh-in": 0.0010370431824781184,
    "oneh-out": 0.00157630563736674,
    "redirect": 0.004894843821296718,
    "bad-redirect": 0.0,
    "unknown": 0.004355581366408097
  },
  "movie": {
    "dsfb": 0.0,
    "sfb": 0.2840186663638162,
    "roll-out": 0.1333713826550627,
    "sfR": 0.11567713207251198,
    "roll-in": 0.0753925333228757,
    "alternate": 0.10734883125985585,
    "dsfb-alt": 0.15190746461103824,
    "sft": 0.0,
    "sfT": 0.045467053230930914,
    "dsfb-red": 0.03480710191423532,
    "oneh-in": 0.0029498971497092545,
    "oneh-out": 0.007399351670088429,
    "redirect": 0.014571565470780081,
    "bad-redirect": 0.00005645547275273332,
    "unknown": 0.027032564806342595
  },
  "gutenberg": {
    "dsfb": 0.0,
    "sfb": 0.30152026803030835,
    "roll-out": 0.10617268374704432,
    "sfR": 0.09863878308844841,
    "roll-in": 0.08339101683221546,