{
  "tr-quotes": {
    "bad-redirect": 0.0007940177064792769,
    "dsfb-red": 0.013260211275744897,
    "sfb": 0.022882041561683733,
    "oneh-in": 0.002153209588312799,
    "roll-in": 0.1928492175400476,
    "unknown": 0.039616513719054114,
    "dsfb-alt": 0.05937333857284852,
    "alternate": 0.27327616097639906,
    "sfR": 0.09677191928064538,
    "sfT": 0.00019648181965280508,
    "roll-out": 0.25367998890455606,
    "oneh-out": 0.021860336099489147,
    "redirect": 0.02328656295508657,
    "sft": 0.0,
    "dsfb": 0.0
  },
  "french": {
    "bad-redirect": 0.002075194356017889,
    "dsfb-red": 0.005811185419531101,
    "sfb": 0.022862480072844096,
    "oneh-in": 0.0037097279009007727,
    "roll-in": 0.20570852087411295,
    "unknown": 0.18457858553258105,
    "dsfb-alt": 0.035463958993030495,
    "alternate": 0.24366813951621216,
    "sfR": 0.10898279115633469,
    "sfT": 0.00029250541177710024,
    "roll-out": 0.14876282301161828,
    "oneh-out": 0.009387784704930372,
    "redirect": 0.02869630305010902,
    "sft": 0.0,
    "dsfb": 0.0
  },
  "gutenberg": {
    "bad-redirect": 0.0007819950193282345,
    "dsfb-red": 0.01362902898875238,
    "sfb": 0.021748478727954768,
    "oneh-in": 0.002345795621206765,
    "roll-in": 0.19487456064875278,
    "unknown": 0.04011588984327138,
    "dsfb-alt": 0.0554083631790977,
    "alternate": 0.2601152609131686,
    "sfR": 0.09863878308844841,
    "sfT": 0.00017106141047805128,
    "roll-out": 0.2719489975574022,
    "oneh-out": 0.016475884887605267,
    "redirect": 0.023745900114533477,
    "sft": 0.0,
    "dsfb": 0.0
  },
  "english-10k": {
    "bad-redirect": 0.0009841570019876113,
    "dsfb-red": 0.008567955076127438,
    "sfb": 0.030277300708207097,
    "oneh-in": 0.0021612859651492637,
    "roll-in": 0.24306748229482256,
    "unknown": 0.0,
    "dsfb-alt": 0.05650219023175933,
    "alternate": 0.3372377993477548,
    "sfR": 0.10567144593890508,
    "sfT": 0.00040524111846548696,
    "roll-out": 0.1830339051735783,
    "oneh-out": 0.004013816792420062,
    "redirect": 0.028077420350823026,
    "sft": 0.0,
    "dsfb": 0.0
  },
  "keymash": {
    "bad-redirect": 0.0008127645076412178,
    "dsfb-red": 0.012786673945971685,
    "sfb": 0.022794350055210518,
    "oneh-in": 0.002393139939165808,
    "roll-in": 0.19419324912874109,
    "unknown": 0.03457533054475746,
    "dsfb-alt": 0.05883922450772332,
    "alternate": 0.2730601404686942,
    "sfR": 0.099723742164827,
    "sfT": 0.00018471920628209497,
    "roll-out": 0.256673494435847,
    "oneh-out": 0.021111352842418097,
    "redirect": 0.022851818252720504,
    "sft": 0.0,
    "dsfb": 0.0
  },
  "dutch": {
    "bad-redirect": 0.0010739469899019864,
    "dsfb-red": 0.00925469255160904,
    "sfb": 0.05860778715028361,
    "oneh-in": 0.0043323847106412705,
    "roll-in": 0.19660199614925436,
    "unknown": 0.07489958127650687,
    "dsfb-alt": 0.0534583858003315,
    "alternate": 0.2584480309459688,
    "sfR": 0.18880787437283908,
    "sfT": 0.00012001080581383769,
    "roll-out": 0.1377214816186587,
    "oneh-out": 0.0033384628554094103,
    "redirect": 0.013335364772781513,
    "sft": 0.0,
    "dsfb": 0.0
  },
  "english-450k": {
    "bad-redirect": 0.0009030574150398088,
    "dsfb-red": 0.009599187511438045,
    "sfb": 0.046597938023774765,
    "oneh-in": 0.0019996480151739373,
    "roll-in": 0.2026108269830866,
    "unknown": 0.0001543587941537776,
    "dsfb-alt": 0.05635586952238232,
    "alternate": 0.3523286251952142,
    "sfR": 0.11369548401129392,
    "sfT": 0.0017625552461233431,
    "roll-out": 0.18473678025096169,
    "oneh-out": 0.0038651091240664657,
    "redirect": 0.025390559907291173,
    "sft": 0.0,
    "dsfb": 0.0
  },
  "mt-quotes": {
    "bad-redirect": 0.0007963686783567014,
    "dsfb-red": 0.013880422179988286,
    "sfb": 0.02189341509185881,
    "oneh-in": 0.002179928521055211,
    "roll-in": 0.19286316204683185,
    "unknown": 0.03468910244916987,
    "dsfb-alt": 0.05999509926967165,
    "alternate": 0.26877517600793677,
    "sfR": 0.0964592223377679,
    "sfT": 0.00014194188451010627,
    "roll-out": 0.2611192789949917,
    "oneh-out": 0.02388508385030062,
    "redirect": 0.023321798687560513,
    "sft": 0.0,
    "dsfb": 0.0
  },
  "english-5k": {
    "bad-redirect": 0.00078815281868337,
    "dsfb-red": 0.008462272369021445,
    "sfb": 0.02899572738208819,
    "oneh-in": 0.0026548305471439833,
    "roll-in": 0.23399842369436263,
    "unknown": 0.0022400132741527356,
    "dsfb-alt": 0.05421661757995603,
    "alternate": 0.34637242294769155,
    "sfR": 0.10644211224955408,
    "sfT": 0.0003733355456921226,
    "roll-out": 0.1866262911187622,
    "oneh-out": 0.004521508275604596,
    "redirect": 0.024308292197287095,
    "sft": 0.0,
    "dsfb": 0.0
  },
  "shai": {
    "bad-redirect": 0.0011854597720545956,
    "dsfb-red": 0.011651672186901732,
    "sfb": 0.023870556654579638,
    "oneh-in": 0.0021094463364722863,
    "roll-in": 0.20977187268646313,
    "unknown": 0.031793109309943265,
    "dsfb-alt": 0.0570199075250965,
    "alternate": 0.2963933247214157,
    "sfR": 0.09823378925716947,
    "sfT": 0.00021389814260629612,
    "roll-out": 0.23126594414907203,
    "oneh-out": 0.012267144595066993,
    "redirect": 0.024223874663158323,
    "sft": 0.0,
    "dsfb": 0.0
  },
  "reddit": {
    "bad-redirect": 0.0007665659624111112,
    "dsfb-red": 0.013935918231965145,
    "sfb": 0.02629532885455043,
    "oneh-in": 0.002055213350870894,
    "roll-in": 0.18797643254472368,
    "unknown": 0.06027830483479689,
    "dsfb-alt": 0.06042614924494283,
    "alternate": 0.269055213538158,
    "sfR": 0.10397777127267367,
    "sfT": 0.0002855004038845585,
    "roll-out": 0.2355486958546068,
    "oneh-out": 0.016255843122360072,
    "redirect": 0.02314306278405595,
    "sft": 0.0,
    "dsfb": 0.0
  },
  "akl": {
    "bad-redirect": 0.0007846506108503457,
    "dsfb-red": 0.011406335516229474,
    "sfb": 0.028768209439077347,
    "oneh-in": 0.002285058703513091,
    "roll-in": 0.18162391017822876,
    "unknown": 0.08788458567040264,
    "dsfb-alt": 0.05706823059025923,
    "alternate": 0.25140998586080043,
    "sfR": 0.11790358951788564,
    "sfT": 0.0004682502421481968,
    "roll-out": 0.2190108854861135,
    "oneh-out": 0.01657920584808495,
    "redirect": 0.02480710233640639,
    "sft": 0.0,
    "dsfb": 0.0
  },
  "monkeyracer": {
    "bad-redirect": 0.0007937500977524751,
    "dsfb-red": 0.013341257800647512,
    "sfb": 0.022860393825171653,
    "oneh-in": 0.0021837902935702334,
    "roll-in": 0.1928763861300968,
    "unknown": 0.03912933825484461,
    "dsfb-alt": 0.059262438024930794,
    "alternate": 0.27223771055883134,
    "sfR": 0.09690789370786869,
    "sfT": 0.00018279712842329167,
    "roll-out": 0.25454940019081285,
    "oneh-out": 0.022315912538905486,
    "redirect": 0.023358931448144268,
    "sft": 0.0,
    "dsfb": 0.0
  },
  "movie": {
    "bad-redirect": 0.000798272488853334,
    "dsfb-red": 0.014245729222444959,
    "sfb": 0.020016820835727867,
    "oneh-in": 0.001751830427236331,
    "roll-in": 0.1610698325246427,
    "unknown": 0.08496732886260383,
    "dsfb-alt": 0.05735599676216678,
    "alternate": 0.24835209896578575,
    "sfR": 0.11567713207251198,
    "sfT": 0.00009093410646186182,
    "roll-out": 0.24146492608346803,
    "oneh-out": 0.03175061051527265,
    "redirect": 0.022458487132823935,
    "sft": 0.0,
    "dsfb": 0.0
  },
  "wordle": {
    "bad-redirect": 0.0012117132278694042,
    "dsfb-red": 0.014899584876023785,
    "sfb": 0.04124312801525861,
    "oneh-in": 0.0022663525187927745,
    "roll-in": 0.18812969819364972,
    "unknown": 0.0,
    "dsfb-alt": 0.06033883092112644,
    "alternate": 0.3150005609783462,
    "sfR": 0.13138112868843263,
    "sfT": 0.00047122181083810165,
    "roll-out": 0.20426343543139236,
    "oneh-out": 0.006013687871648154,
    "redirect": 0.03478065746662179,
    "sft": 0.0,
    "dsfb": 0.0
  },
  "english-200": {
    "bad-redirect": 0.0022271714922048997,
    "dsfb-red": 0.015590200445434299,