{
  "english-1k": {
    "sfb": 0.014820042342978124,
    "unknown": 0.0,
    "outoneh": 0.008821453775582216,
    "red-sfs": 0.008115737473535639,
    "alt-sfs": 0.04904728299223712,
    "sft": 0.0,
    "inroll": 0.17466478475652789,
    "bad-red-sfs": 0.0007057163020465773,
    "red": 0.032462949894142556,
    "sfr": 0.10832745236414962,
    "outroll": 0.26887791107974596,
    "inoneh": 0.0017642907551164433,
    "bad-red": 0.0,
    "alt": 0.3323923782639379
  },
  "shai": {
    "sfb": 0.02065379797023377,
    "unknown": 0.016772683614515952,
    "outoneh": 0.012202977087489507,
    "red-sfs": 0.008227316385484048,
    "alt-sfs": 0.056807816863402125,
    "sft": 0.00005326843638270974,
    "inroll": 0.18327248018582917,
    "bad-red-sfs": 0.0007378586049870062,
    "red": 0.03118065969105468,
    "sfr": 0.09823378925716947,
    "outroll": 0.2313686067426237,
    "inoneh": 0.0025929107115266656,
    "bad-red": 0.0008352419609286876,
    "alt": 0.3370605924883725
  },
  "chained-bigrams": {
    "sfb": 0.02008299412574045,
    "unknown": 0.017076064096761982,
    "outoneh": 0.006731341742694835,
    "red-sfs": 0.013970439754588799,
    "alt-sfs": 0.07311430554590617,
    "sft": 0.00006687838328326112,
    "inroll": 0.18292341645948437,
    "bad-red-sfs": 0.0022576324143291156,
    "red": 0.03427160025686494,
    "sfr": 0.11914286586209158,
    "outroll": 0.18980604619543162,
    "inoneh": 0.0038614150037432414,
    "bad-red": 0.00245956617356304,
    "alt": 0.3342354339855166
  },
  "english-200": {
    "sfb": 0.008908685968819599,
    "unknown": 0.0,
    "outoneh": 0.0200445434298441,
    "red-sfs": 0.0,
    "alt-sfs": 0.060133630289532294,
    "sft": 0.0,
    "inroll": 0.16258351893095768,
    "bad-red-sfs": 0.0,
    "red": 0.024498886414253896,
    "sfr": 0.10690423162583519,
    "outroll": 0.26948775055679286,
    "inoneh": 0.0066815144766146995,
    "bad-red": 0.0,
    "alt": 0.34075723830734966
  },
  "english-450k": {
    "sfb": 0.028153523853403584,
    "unknown": 0.0,
    "outoneh": 0.0053072529338403,
    "red-sfs": 0.012138506613748106,
    "alt-sfs": 0.05728319167210918,
    "sft": 0.0002063964179404678,
    "inroll": 0.1581391228795399,
    "bad-red-sfs": 0.0013643797202948487,
    "red": 0.0353291613581469,
    "sfr": 0.11369548401129392,
    "outroll": 0.23221848084050703,
    "inoneh": 0.0022770845599692684,
    "bad-red": 0.0013021099794714498,
    "alt": 0.352585305159735
  },
  "english-5k": {
    "sfb": 0.020989754013357117,
    "unknown": 0.0,
    "outoneh": 0.005682996639980089,
    "red-sfs": 0.010909694279669806,
    "alt-sfs": 0.053304019579375285,
    "sft": 0.0,
    "inroll": 0.15136682291450615,
    "bad-red-sfs": 0.0006637076367859958,
    "red": 0.03318538183929979,
    "sfr": 0.10644211224955408,
    "outroll": 0.25984153980171737,
    "inoneh": 0.0018666777284606132,
    "bad-red": 0.0011200066370763678,
    "alt": 0.35462728668021737
  },
  "monkeyracer": {
    "sfb": 0.020943467788604408,
    "unknown": 0.01033830176580071,
    "outoneh": 0.022066643727419177,
    "red-sfs": 0.006697022068598777,
    "alt-sfs": 0.05746183743372382,
    "sft": 0.00002052801976946056,
    "inroll": 0.19150100880554297,
    "bad-red-sfs": 0.001230703661416707,
    "red": 0.027789073619344042,
    "sfr": 0.09690789370786869,
    "outroll": 0.22279353113220826,
    "inoneh": 0.003131989301969126,
    "bad-red": 0.0008230758402802759,
    "alt": 0.3382949231274536
  },
  "tr-quotes": {
    "sfb": 0.021003906520884862,
    "unknown": 0.010735997780911213,
    "outoneh": 0.021555211391322437,
    "red-sfs": 0.006742793740320381,
    "alt-sfs": 0.05748711310418159,
    "sft": 0.000019648181965280506,
    "inroll": 0.1912634936779085,
    "bad-red-sfs": 0.001177735142507108,
    "red": 0.02781835833660803,
    "sfr": 0.09677191928064538,
    "outroll": 0.22318138739280183,
    "inoneh": 0.003065116386583759,
    "bad-red": 0.0008136658884445575,
    "alt": 0.33836365317491507
  },
  "movie": {
    "sfb": 0.02760514700202358,
    "unknown": 0.024744473186874588,
    "outoneh": 0.030945626536651512,
    "red-sfs": 0.007512394213432481,
    "alt-sfs": 0.060689501611349735,
    "sft": 0.00002776714394132105,
    "inroll": 0.17672865933780757,
    "bad-red-sfs": 0.0020606905543940584,
    "red": 0.022718392864028245,
    "sfr": 0.11567713207251198,
    "outroll": 0.20457568316714939,
    "inoneh": 0.002110566135217569,
    "bad-red": 0.0006340383862999281,
    "alt": 0.323969927788318
  },
  "gutenberg": {
    "sfb": 0.016722910446036472,
    "unknown": 0.030721151714990094,
    "outoneh": 0.012520444964258963,
    "red-sfs": 0.005256112840668893,
    "alt-sfs": 0.0540752965727477,
    "sft": 0.0001587480199120786,
    "inroll": 0.20635727094346715,
    "bad-red-sfs": 0.000981471946496992,
    "red": 0.026146064091008458,
    "sfr": 0.09863878308844841,
    "outroll": 0.22340809645211437,
    "inoneh": 0.002532201410697798,
    "bad-red": 0.001207280585799137,
    "alt": 0.3212741669233535
  },
  "keymash": {
    "sfb": 0.021517735096238708,
    "unknown": 0.009691601022933916,
    "outoneh": 0.02059003419357752,
    "red-sfs": 0.006633471941152566,
    "alt-sfs": 0.05645018943980822,
    "sft": 0.000053363326259271875,
    "inroll": 0.19132804899574324,
    "bad-red-sfs": 0.001297139315225378,
    "red": 0.02801985115736845,
    "sfr": 0.099723742164827,
    "outroll": 0.2240726069626826,
    "inoneh": 0.0030745485667842028,
    "bad-red": 0.0008702327051512029,
    "alt": 0.3366774351122477
  },
  "english-10k": {
    "sfb": 0.021323401709731574,
    "unknown": 0.0,
    "outoneh": 0.004882190617703248,
    "red-sfs": 0.009938056000463132,
    "alt-sfs": 0.05549873603365431,
    "sft": 0.00005789158835221242,
    "inroll": 0.1538372474479458,
    "bad-red-sfs": 0.0007332934524613573,
    "red": 0.035873487582254296,
    "sfr": 0.10567144593890508,
    "outroll": 0.25518612145655234,
    "inoneh": 0.001640261669979352,
    "bad-red": 0.000675401864109145,
    "alt": 0.3546824646378881
  },
  "mt-quotes": {
    "sfb": 0.020560655502563918,
    "unknown": 0.006137865911237016,
    "outoneh": 0.023698318212787322,
    "red-sfs": 0.006269348920046378,
    "alt-sfs": 0.058000442261029635,
    "sft": 0.000014941251001063817,
    "inroll": 0.19367746022638985,
    "bad-red-sfs": 0.0012520768338891478,
    "red": 0.027160206069733808,
    "sfr": 0.0964592223377679,
    "outroll": 0.2225110864082428,
    "inoneh": 0.0032123689652287205,
    "bad-red": 0.0007470625500531909,
    "alt": 0.3402989445500293
  }
}