{
  "wordle": {
    "dsfb-alt": 0.05984516997643891,
    "redirect": 0.03635139683608213,
    "dsfb": 0.0,
    "unknown": 0.0,
    "sfb": 0.03397284864804218,
    "sft": 0.0,
    "bad-redirect": 0.0021990351172444743,
    "roll-out": 0.18501065858857849,
    "oneh-in": 0.0024683047234376754,
    "alternate": 0.32857623695725346,
    "oneh-out": 0.00650734881633569,
    "dsfb-red": 0.01579715023000112,
    "roll-in": 0.19762145181196006,
    "sfR": 0.13138112868843263,
    "sfT": 0.00026926960619320093
  },
  "english-10k": {
    "dsfb-alt": 0.05549873603365431,
    "redirect": 0.035873487582254296,
    "dsfb": 0.0,
    "unknown": 0.0,
    "sfb": 0.021323401709731574,
    "sft": 0.0,
    "bad-redirect": 0.000675401864109145,
    "roll-out": 0.1538372474479458,
    "oneh-in": 0.002026205592327435,
    "alternate": 0.3546824646378881,
    "oneh-out": 0.004496246695355165,
    "dsfb-red": 0.01067134945292449,
    "roll-in": 0.25518612145655234,
    "sfR": 0.10567144593890508,
    "sfT": 0.00005789158835221242
  },
  "french": {
    "dsfb-alt": 0.04015147657328142,
    "redirect": 0.025909216681623784,
    "dsfb": 0.0,
    "unknown": 0.1503721720862493,
    "sfb": 0.04699113523127157,
    "sft": 0.0,
    "bad-redirect": 0.0016740106889124194,
    "roll-out": 0.17336947372232747,
    "oneh-in": 0.0016663549695199742,
    "alternate": 0.25115324573362563,
    "oneh-out": 0.010908890751730668,
    "dsfb-red": 0.008904845145995993,
    "roll-in": 0.17945506649291929,
    "sfR": 0.10898279115633469,
    "sfT": 0.00046132076620776844
  },
  "tr-quotes": {
    "dsfb-alt": 0.05748711310418159,
    "redirect": 0.02781835833660803,
    "dsfb": 0.0,
    "unknown": 0.010735997780911213,
    "sfb": 0.021003906520884862,
    "sft": 0.0,
    "bad-redirect": 0.0008136658884445575,
    "roll-out": 0.1912634936779085,
    "oneh-in": 0.004172349229097802,
    "alternate": 0.33836365317491507,
    "oneh-out": 0.020447978548808397,
    "dsfb-red": 0.00792052888282749,
    "roll-in": 0.22318138739280183,
    "sfR": 0.09677191928064538,
    "sfT": 0.000019648181965280506
  },
  "dutch": {
    "dsfb-alt": 0.04263516116144066,
    "redirect": 0.023860418234341065,
    "dsfb": 0.0,
    "unknown": 0.06864643195663445,
    "sfb": 0.03086361267705718,
    "sft": 0.0,
    "bad-redirect": 0.0004568228447212226,
    "roll-out": 0.14022132122770425,
    "oneh-in": 0.0027903722680328114,
    "alternate": 0.2657088550402512,
    "oneh-out": 0.0037210522119983623,
    "dsfb-red": 0.011412125713945951,
    "roll-in": 0.22073602037282497,
    "sfR": 0.18880787437283908,
    "sfT": 0.0001399319182087538
  },
  "mt-quotes": {
    "dsfb-alt": 0.058000442261029635,
    "redirect": 0.027160206069733808,
    "dsfb": 0.0,
    "unknown": 0.006137865911237016,
    "sfb": 0.020560655502563918,
    "sft": 0.0,
    "bad-redirect": 0.0007470625500531909,
    "roll-out": 0.19367746022638985,
    "oneh-in": 0.00443904567241606,
    "alternate": 0.3402989445500293,
    "oneh-out": 0.022471641505599983,
    "dsfb-red": 0.007521425753935525,
    "roll-in": 0.2225110864082428,
    "sfR": 0.0964592223377679,
    "sfT": 0.000014941251001063817
  },
  "shai": {
    "dsfb-alt": 0.056807816863402125,
    "redirect": 0.03118065969105468,
    "dsfb": 0.0,
    "unknown": 0.016772683614515952,
    "sfb": 0.02065379797023377,
    "sft": 0.0,
    "bad-redirect": 0.0008352419609286876,
    "roll-out": 0.18327248018582917,
    "oneh-in": 0.0032142080849433975,
    "alternate": 0.3370605924883725,
    "oneh-out": 0.011581679714072776,
    "dsfb-red": 0.008965174990471053,
    "roll-in": 0.2313686067426237,
    "sfR": 0.09823378925716947,
    "sfT": 0.00005326843638270974
  },
  "english-200": {
    "dsfb-alt": 0.060133630289532294,
    "redirect": 0.024498886414253896,
    "dsfb": 0.0,
    "unknown": 0.0,
    "sfb": 0.008908685968819599,
    "sft": 0.0,
    "bad-redirect": 0.0,
    "roll-out": 0.16258351893095768,
    "oneh-in": 0.008908685968819599,
    "alternate": 0.34075723830734966,
    "oneh-out": 0.017817371937639197,
    "dsfb-red": 0.0,
    "roll-in": 0.26948775055679286,
    "sfR": 0.10690423162583519,
    "sfT": 0.0
  },
  "english-1k": {
    "dsfb-alt": 0.04904728299223712,
    "redirect": 0.032462949894142556,
    "dsfb": 0.0,
    "unknown": 0.0,
    "sfb": 0.014820042342978124,
    "sft": 0.0,
    "bad-redirect": 0.0,
    "roll-out": 0.17466478475652789,
    "oneh-in": 0.0028228652081863093,
    "alternate": 0.3323923782639379,
    "oneh-out": 0.0077628793225123505,
    "dsfb-red": 0.008821453775582216,
    "roll-in": 0.26887791107974596,
    "sfR": 0.10832745236414962,
    "sfT": 0.0
  },
  "movie": {
    "dsfb-alt": 0.060689501611349735,
    "redirect": 0.022718392864028245,
    "dsfb": 0.0,
    "unknown": 0.024744473186874588,
    "sfb": 0.02760514700202358,
    "sft": 0.0,
    "bad-redirect": 0.0006340383862999281,
    "roll-out": 0.17672865933780757,
    "oneh-in": 0.0027067043440051723,
    "alternate": 0.323969927788318,
    "oneh-out": 0.030349488327863907,
    "dsfb-red": 0.00957308476782654,
    "roll-in": 0.20457568316714939,
    "sfR": 0.11567713207251198,
    "sfT": 0.00002776714394132105
  },
  "gutenberg": {
    "dsfb-alt": 0.0540752965727477,
    "redirect": 0.026146064091008458,
    "dsfb": 0.0,
    "unknown": 0.030721151714990094,
    "sfb": 0.016722910446036472,
    "sft": 0.0,
    "bad-redirect": 0.001207280585799137,
    "roll-out": 0.20635727094346715,
    "oneh-in": 0.0028294277152825847,
    "alternate": 0.3212741669233535,
    "oneh-out": 0.012223218659674176,
    "dsfb-red": 0.0062375847871658854,
    "roll-in": 0.22340809645211437,
    "sfR": 0.09863878308844841,
    "sfT": 0.0001587480199120786
  },
  "english-450k": {
    "dsfb-alt": 0.05728319167210918,
    "redirect": 0.0353291613581469,
    "dsfb": 0.0,
    "unknown": 0.0,
    "sfb": 0.028153523853403584,
    "sft": 0.0,
    "bad-redirect": 0.0013021099794714498,
    "roll-out": 0.1581391228795399,
    "oneh-in": 0.003115241118376239,
    "alternate": 0.352585305159735,
    "oneh-out": 0.00446909637543333,
    "dsfb-red": 0.013502886334042955,
    "roll-in": 0.23221848084050703,
    "sfR": 0.11369548401129392,
    "sfT": 0.0002063964179404678
  },
  "reddit": {
    "dsfb-alt": 0.056429930196237515,
    "redirect": 0.027386800419597943,
    "dsfb": 0.0,
    "unknown": 0.041052388500049726,
    "sfb": 0.020957048146073423,
    "sft": 0.0,
    "bad-redirect": 0.0008563888394138889,
    "roll-out": 0.18100006423946374,
    "oneh-in": 0.0037274621085489614,
    "alternate": 0.3260963738040082,
    "oneh-out": 0.015158078711884506,
    "dsfb-red": 0.009206395403825562,
    "roll-in": 0.21400086938656182,
    "sfR": 0.10397777127267367,
    "sfT": 0.00015042897166103213
  },
  "monkeyracer": {
    "dsfb-alt": 0.05746183743372382,
    "redirect": 0.027789073619344042,
    "dsfb": 0.0,
    "unknown": 0.01033830176580071,
    "sfb": 0.020943467788604408,
    "sft": 0.0,
    "bad-redirect": 0.0008230758402802759,
    "roll-out": 0.19150100880554297,
    "oneh-in": 0.00425125514178019,
    "alternate": 0.3382949231274536,
    "oneh-out": 0.020947377887608115,
    "dsfb-red": 0.007927725730015484,
    "roll-in": 0.22279353113220826,
    "sfR": 0.09690789370786869,
    "sfT": 0.00002052801976946056
  },
  "english-5k": {
    "dsfb-alt": 0.053304019579375285,
    "redirect": 0.03318538183929979,
    "dsfb": 0.0,
    "unknown": 0.0,
    "sfb": 0.020989754013357117,
    "sft": 0.0,
    "bad-redirect": 0.0011200066370763678,
    "roll-out": 0.15136682291450615,
    "oneh-in": 0.00236445845605011,
    "alternate": 0.35462728668021737,
    "oneh-out": 0.005185215912390592,
    "dsfb-red": 0.0115734019164558,
    "roll-in": 0.25984153980171737,
    "sfR": 0.10644211224955408,
    "sfT": 0.0
  },
  "chained-bigrams": {
    "dsfb-alt": 0.07311430554590617,
    "redirect": 0.03427160025686494,
    "dsfb": 0.0,
    "unknown": 0.017076064096761982,
    "sfb": 0.02008299412574045,
    "sft": 0.0,
    "bad-redirect": 0.00245956617356304,