{
  "akl": {
    "bad-redirect": 0.0010433715702590344,
    "dsfb-red": 0.012309876338072461,
    "sfb": 0.021832306937228322,
    "oneh-in": 0.005179685299655993,
    "roll-in": 0.1762843829065243,
    "unknown": 0.10992691752439232,
    "dsfb-alt": 0.0513634210444471,
    "alternate": 0.24787487619991447,
    "sfR": 0.11790358951788564,
    "sfT": 0.00015222159896243975,
    "roll-out": 0.21876226306990013,
    "oneh-out": 0.009472495471453896,
    "redirect": 0.0278945925213039,
    "sft": 0.0,
    "dsfb": 0.0
  },
  "shai": {
    "bad-redirect": 0.001843944033269415,
    "dsfb-red": 0.015117940645268363,
    "sfb": 0.01745698737286868,
    "oneh-in": 0.005484152533739902,
    "roll-in": 0.2114680909564647,
    "unknown": 0.06456276146546681,
    "dsfb-alt": 0.0468357743743639,
    "alternate": 0.27206110957498886,
    "sfR": 0.09823378925716947,
    "sfT": 0.00008881814125629754,
    "roll-out": 0.22694808125257576,
    "oneh-out": 0.009827660758977877,
    "redirect": 0.030070889633589948,
    "sft": 0.0,
    "dsfb": 0.0
  },
  "english-10k": {
    "bad-redirect": 0.00191042241562301,
    "dsfb-red": 0.01673066903378939,
    "sfb": 0.020146272746569924,
    "oneh-in": 0.00708207097508732,
    "roll-in": 0.25055479438837536,
    "unknown": 0.0,
    "dsfb-alt": 0.047760560390575246,
    "alternate": 0.313135601397117,
    "sfR": 0.10567144593890508,
    "sfT": 0.0000964859805870207,
    "roll-out": 0.19357017425368095,
    "oneh-out": 0.01034329711892862,
    "redirect": 0.03299820536076108,
    "sft": 0.0,
    "dsfb": 0.0
  },
  "keymash": {
    "bad-redirect": 0.0018102482215645306,
    "dsfb-red": 0.014276742209980584,
    "sfb": 0.016842286741676347,
    "oneh-in": 0.005603149257223547,
    "roll-in": 0.19138962206450394,
    "unknown": 0.0849421007910087,
    "dsfb-alt": 0.048999848119763725,
    "alternate": 0.2514562030761905,
    "sfR": 0.099723742164827,
    "sfT": 0.00023397766129065362,
    "roll-out": 0.24519216954760215,
    "oneh-out": 0.010656245766851523,
    "redirect": 0.0288736643775168,
    "sft": 0.0,
    "dsfb": 0.0
  },
  "french": {
    "bad-redirect": 0.004275666844246397,
    "dsfb-red": 0.011965754573846627,
    "sfb": 0.014249061646264624,
    "oneh-in": 0.0037664041953462124,
    "roll-in": 0.19211597836580593,
    "unknown": 0.21023218208842423,
    "dsfb-alt": 0.027434997061986592,
    "alternate": 0.23355745114763354,
    "sfR": 0.10898279115633469,
    "sfT": 0.0000368852859964772,
    "roll-out": 0.1482301737130672,
    "oneh-out": 0.012508082139966237,
    "redirect": 0.032644571781081246,
    "sft": 0.0,
    "dsfb": 0.0
  },
  "movie": {
    "bad-redirect": 0.001248863488166525,
    "dsfb-red": 0.010325166415336729,
    "sfb": 0.014613018789934186,
    "oneh-in": 0.0036411805957934223,
    "roll-in": 0.15817757522823342,
    "unknown": 0.15450046842250645,
    "dsfb-alt": 0.04685146249283943,
    "alternate": 0.229966828132828,
    "sfR": 0.11567713207251198,
    "sfT": 0.00005606067923697994,
    "roll-out": 0.22933318454004384,
    "oneh-out": 0.00974982066504547,
    "redirect": 0.025859238477523548,
    "sft": 0.0,
    "dsfb": 0.0
  },
  "monkeyracer": {
    "bad-redirect": 0.0016060731657725573,
    "dsfb-red": 0.013713694730750582,
    "sfb": 0.01745077185354333,
    "oneh-in": 0.00545752068442373,
    "roll-in": 0.19239348890313904,
    "unknown": 0.0900202543128392,
    "dsfb-alt": 0.04977751536668908,
    "alternate": 0.24981915792107856,
    "sfR": 0.09690789370786869,
    "sfT": 0.00021407792045294587,
    "roll-out": 0.24295986674382594,
    "oneh-out": 0.010499593349703615,
    "redirect": 0.029180091339912728,
    "sft": 0.0,
    "dsfb": 0.0
  },
  "english-1k": {
    "bad-redirect": 0.0024700070571630206,
    "dsfb-red": 0.01587861679604799,
    "sfb": 0.013408609738884969,
    "oneh-in": 0.0028228652081863093,
    "roll-in": 0.22547635850388145,
    "unknown": 0.0,
    "dsfb-alt": 0.04728299223712068,
    "alternate": 0.2826393789696542,
    "sfR": 0.10832745236414962,
    "sfT": 0.00035285815102328866,
    "roll-out": 0.25335215243472126,
    "oneh-out": 0.015525758645024701,
    "redirect": 0.032462949894142556,
    "sft": 0.0,
    "dsfb": 0.0
  },
  "dutch": {
    "bad-redirect": 0.0010472480372862977,
    "dsfb-red": 0.011171853071198988,
    "sfb": 0.05084174499764013,
    "oneh-in": 0.0031722264620581346,
    "roll-in": 0.19303066606911698,
    "unknown": 0.10091671544141545,
    "dsfb-alt": 0.03797568290236729,
    "alternate": 0.23570710391888625,
    "sfR": 0.18880787437283908,
    "sfT": 0.0004739826148039721,
    "roll-out": 0.15714601859803495,
    "oneh-out": 0.0038489346364812983,
    "redirect": 0.015859948877871174,
    "sft": 0.0,
    "dsfb": 0.0
  },
  "reddit": {
    "bad-redirect": 0.0012871490919292947,
    "dsfb-red": 0.013172536149681321,
    "sfb": 0.01981605788069327,
    "oneh-in": 0.004244711528286808,
    "roll-in": 0.18712056810909547,
    "unknown": 0.1039671333673072,
    "dsfb-alt": 0.04841490527862978,
    "alternate": 0.2546507779811091,
    "sfR": 0.10397777127267367,
    "sfT": 0.00010836429656757121,
    "roll-out": 0.22439867273401848,
    "oneh-out": 0.010240032722796225,
    "redirect": 0.028601319587211814,
    "sft": 0.0,
    "dsfb": 0.0
  },
  "chained-bigrams": {
    "bad-redirect": 0.003626366705213722,
    "dsfb-red": 0.023434055641516283,
    "sfb": 0.017127359167435553,
    "oneh-in": 0.00569180493068997,
    "roll-in": 0.17948534811497108,
    "unknown": 0.05987563217928082,
    "dsfb-alt": 0.05687389658783891,
    "alternate": 0.27631226101529177,
    "sfR": 0.11914286586209158,
    "sfT": 0.00008570821935330551,
    "roll-out": 0.2086995141252989,
    "oneh-out": 0.011508925666949547,
    "redirect": 0.03813626178406853,
    "sft": 0.0,
    "dsfb": 0.0
  },
  "mt-quotes": {
    "bad-redirect": 0.0015255017272086157,
    "dsfb-red": 0.013357478394951052,
    "sfb": 0.017345298287134985,
    "oneh-in": 0.005586533749297761,
    "roll-in": 0.19238354788969772,
    "unknown": 0.0857358864943044,
    "dsfb-alt": 0.05128883231135176,
    "alternate": 0.24825635600817586,
    "sfR": 0.0964592223377679,
    "sfT": 0.00022262463991585087,
    "roll-out": 0.24815176725116841,
    "oneh-out": 0.010632194212357012,
    "redirect": 0.0290547566966687,
    "sft": 0.0,
    "dsfb": 0.0
  },
  "gutenberg": {
    "bad-redirect": 0.0024247907576069286,
    "dsfb-red": 0.011638237889401505,
    "sfb": 0.01508087245486953,
    "oneh-in": 0.0043769367542584444,
    "roll-in": 0.1954902301770514,
    "unknown": 0.09436925698728084,
    "dsfb-alt": 0.04514240530907936,
    "alternate": 0.2470795479129182,
    "sfR": 0.09863878308844841,
    "sfT": 0.00007558527439727847,
    "roll-out": 0.24733945517224917,
    "oneh-out": 0.010041285851383816,
    "redirect": 0.028302612371055122,
    "sft": 0.0,
    "dsfb": 0.0
  },
  "english-200": {
    "bad-redirect": 0.0,
    "dsfb-red": 0.024498886414253896,
    "sfb": 0.013363028953229399,
    "oneh-in": 0.004454342984409799,
    "roll-in": 0.21380846325167038,
    "unknown": 0.0,
    "dsfb-alt": 0.0645879732739421,
    "alternate": 0.2717149220489978,
    "sfR": 0.10690423162583519,
    "sfT": 0.0,
    "roll-out": 0.25389755011135856,
    "oneh-out": 0.013363028953229399,
    "redirect": 0.0334075723830735,
    "sft": 0.0,
    "dsfb": 0.0
  },
  "english-5k": {
    "bad-redirect": 0.002157049819554486,
    "dsfb-red": 0.018376405193512257,
    "sfb": 0.016800099556145517,
    "oneh-in": 0.00315261127473348,
    "roll-in": 0.2411747625171112,
    "unknown": 0.0022400132741527356,
    "dsfb-alt": 0.043597295391380096,
    "alternate": 0.31658854274692,
    "sfR": 0.10644211224955408,
    "sfT": 0.00012444518189737422,
    "roll-out": 0.20263823785622434,
    "oneh-out": 0.011365993279960178,
    "redirect": 0.03534243165885428,
    "sft": 0.0,
    "dsfb": 0.0
  },
  "tr-quotes": {
    "bad-redirect": 0.0015995931670557777,
    "dsfb-red": 0.013677446198654677,
    "sfb": 0.017426781627794086,