{
  "english-450k": {
    "dsfb-alt": 0.04925302622170016,
    "redirect": 0.03584135190238443,
    "dsfb": 0.0,
    "unknown": 0.00015377410175167997,
    "sfb": 0.03175230558831457,
    "sft": 0.0,
    "bad-redirect": 0.0035560991895578617,
    "roll-out": 0.1800656726506036,
    "oneh-in": 0.010231239998105596,
    "alternate": 0.3174739417213695,
    "oneh-out": 0.005468920383020299,
    "dsfb-red": 0.016982390818926024,
    "roll-in": 0.23530682610838677,
    "sfR": 0.11369548401129392,
    "sfT": 0.00021896730458556711
  },
  "keymash": {
    "dsfb-alt": 0.03874998460673281,
    "redirect": 0.02985472860643726,
    "dsfb": 0.0,
    "unknown": 0.01232282349464109,
    "sfb": 0.015229072340146052,
    "sft": 0.0,
    "bad-redirect": 0.0028118368067385564,
    "roll-out": 0.2576217196947618,
    "oneh-in": 0.009067660592825506,
    "alternate": 0.27285900177740924,
    "oneh-out": 0.010331960938045177,
    "dsfb-red": 0.022137570655096403,
    "roll-in": 0.22926116422358414,
    "sfR": 0.099723742164827,
    "sfT": 0.00002873409875499255
  },
  "tr-quotes": {
    "dsfb-alt": 0.03908948013222071,
    "redirect": 0.029995839208525,
    "dsfb": 0.0,
    "unknown": 0.013835787429786644,
    "sfb": 0.014568549039550634,
    "sft": 0.0,
    "bad-redirect": 0.0025773791636809133,
    "roll-out": 0.2582730403827928,
    "oneh-in": 0.009420725364647142,
    "alternate": 0.2721469684011003,
    "oneh-out": 0.010465546335036175,
    "dsfb-red": 0.022690182843669818,
    "roll-in": 0.23013222070687225,
    "sfR": 0.09677191928064538,
    "sfT": 0.00003236171147222672
  },
  "monkeyracer": {
    "dsfb-alt": 0.03908339459155106,
    "redirect": 0.029834055398282683,
    "dsfb": 0.0,
    "unknown": 0.013436077701487402,
    "sfb": 0.014476164036473404,
    "sft": 0.0,
    "bad-redirect": 0.002600215837465005,
    "roll-out": 0.2590205984015515,
    "oneh-in": 0.009310923252576755,
    "alternate": 0.2716062295697327,
    "oneh-out": 0.010525008993227709,
    "dsfb-red": 0.022868214023179068,
    "roll-in": 0.23030287626882712,
    "sfR": 0.09690789370786869,
    "sfT": 0.00002834821777687411
  },
  "english-5k": {
    "dsfb-alt": 0.044095076118969595,
    "redirect": 0.030240179201061933,
    "dsfb": 0.0,
    "unknown": 0.002157049819554486,
    "sfb": 0.022897913469116855,
    "sft": 0.0,
    "bad-redirect": 0.004355581366408097,
    "roll-out": 0.1631476334674576,
    "oneh-in": 0.019620857012486,
    "alternate": 0.3204878251130377,
    "oneh-out": 0.005019289003194093,
    "dsfb-red": 0.016053428464761273,
    "roll-in": 0.2654830547143983,
    "sfR": 0.10644211224955408,
    "sfT": 0.0
  },
  "gutenberg": {
    "dsfb-alt": 0.035704665032206144,
    "redirect": 0.02996529897101731,
    "dsfb": 0.0,
    "unknown": 0.032975828246008664,
    "sfb": 0.016680855481334227,
    "sft": 0.0,
    "bad-redirect": 0.0031455976976611758,
    "roll-out": 0.26742373180601825,
    "oneh-in": 0.007224171526667204,
    "alternate": 0.2596276506467561,
    "oneh-out": 0.012463803367655488,
    "dsfb-red": 0.017356197594683345,
    "roll-in": 0.2186233023149553,
    "sfR": 0.09863878308844841,
    "sfT": 0.00017011422658836108
  },
  "english-1k": {
    "dsfb-alt": 0.03952011291460833,
    "redirect": 0.032462949894142556,
    "dsfb": 0.0,
    "unknown": 0.0,
    "sfb": 0.017642907551164433,
    "sft": 0.0,
    "bad-redirect": 0.003175723359209598,
    "roll-out": 0.2050105857445307,
    "oneh-in": 0.010232886379675371,
    "alternate": 0.30239943542695835,
    "oneh-out": 0.010232886379675371,
    "dsfb-red": 0.016231474947071278,
    "roll-in": 0.2547635850388144,
    "sfR": 0.10832745236414962,
    "sfT": 0.0
  },
  "akl": {
    "dsfb-alt": 0.039700780784665476,
    "redirect": 0.024052809309394706,
    "dsfb": 0.0,
    "unknown": 0.06665478384099267,
    "sfb": 0.02698033361373828,
    "sft": 0.0,
    "bad-redirect": 0.002379415030423875,
    "roll-out": 0.22375682906239303,
    "oneh-in": 0.008548881471725752,
    "alternate": 0.2518074843463287,
    "oneh-out": 0.007457557309852176,
    "dsfb-red": 0.02295423649995149,
    "roll-in": 0.2075947611979524,
    "sfR": 0.11790358951788564,
    "sfT": 0.00020853801469579656
  },
  "dutch": {
    "dsfb-alt": 0.030806897574892356,
    "redirect": 0.02920800865297096,
    "dsfb": 0.0,
    "unknown": 0.072903632847049,
    "sfb": 0.035790690109291416,
    "sft": 0.0,
    "bad-redirect": 0.002153255287280192,
    "roll-out": 0.12918437945232827,
    "oneh-in": 0.005722971595936438,
    "alternate": 0.2197406999156428,
    "oneh-out": 0.006675509178074268,
    "dsfb-red": 0.015380999433064148,
    "roll-in": 0.26351308583984023,
    "sfR": 0.18880787437283908,
    "sfT": 0.00011199574079086063
  },
  "wordle": {
    "dsfb-alt": 0.06029395265342758,
    "redirect": 0.03260406148322675,
    "dsfb": 0.0,
    "unknown": 0.0,
    "sfb": 0.03973970604734657,
    "sft": 0.0,
    "bad-redirect": 0.003343430943565578,
    "roll-out": 0.20231123078649163,
    "oneh-in": 0.006260518343991922,
    "alternate": 0.29608437114327385,
    "oneh-out": 0.009087849209020532,
    "dsfb-red": 0.022528890384831145,
    "roll-in": 0.19553461236396275,
    "sfR": 0.13138112868843263,
    "sfT": 0.0008302479524290362
  },
  "movie": {
    "dsfb-alt": 0.03966622050612792,
    "redirect": 0.030530303758078955,
    "dsfb": 0.0,
    "unknown": 0.030236445784519856,
    "sfb": 0.013567737158057822,
    "sft": 0.0,
    "bad-redirect": 0.0016814255835936448,
    "roll-out": 0.27115155609838204,
    "oneh-in": 0.00749673407064093,
    "alternate": 0.2503931814422307,
    "oneh-out": 0.012609573295324368,
    "dsfb-red": 0.02642458279208239,
    "roll-in": 0.20053405034854346,
    "sfR": 0.11567713207251198,
    "sfT": 0.00003105708990593255
  },
  "chained-bigrams": {
    "dsfb-alt": 0.05323519309347585,
    "redirect": 0.040103655001042134,
    "dsfb": 0.0,
    "unknown": 0.022916559801936097,
    "sfb": 0.020139483633950583,
    "sft": 0.0,
    "bad-redirect": 0.0033237907187088707,
    "roll-out": 0.19889955840787893,
    "oneh-in": 0.008545499052339802,
    "alternate": 0.274490312049342,
    "oneh-out": 0.00715598701130894,
    "dsfb-red": 0.029637512669557803,
    "roll-in": 0.22234075640100798,
    "sfR": 0.11914286586209158,
    "sfT": 0.00006882629735947261
  },
  "english-10k": {
    "dsfb-alt": 0.0447501977962602,
    "redirect": 0.031145674533490285,
    "dsfb": 0.0,
    "unknown": 0.0,
    "sfb": 0.02394782038169854,
    "sft": 0.0,
    "bad-redirect": 0.00438046351865074,
    "roll-out": 0.16794349780976825,
    "oneh-in": 0.017502556878485558,
    "alternate": 0.31276895467088633,
    "oneh-out": 0.005422512108990564,
    "dsfb-red": 0.01528337932498408,
    "roll-in": 0.27110630825341075,
    "sfR": 0.10567144593890508,
    "sfT": 0.00007718878446961657
  },
  "english-200": {
    "dsfb-alt": 0.035634743875278395,
    "redirect": 0.022271714922048998,
    "dsfb": 0.0,
    "unknown": 0.0,
    "sfb": 0.004454342984409799,
    "sft": 0.0,
    "bad-redirect": 0.0,
    "roll-out": 0.2583518930957684,
    "oneh-in": 0.011135857461024499,
    "alternate": 0.2873051224944321,
    "oneh-out": 0.008908685968819599,
    "dsfb-red": 0.024498886414253896,
    "roll-in": 0.24053452115812918,
    "sfR": 0.10690423162583519,
    "sfT": 0.0
  },
  "french": {
    "dsfb-alt": 0.039835899130458596,
    "redirect": 0.029936439700655078,
    "dsfb": 0.0,
    "unknown": 0.15807962376648718,
    "sfb": 0.049476217702471265,
    "sft": 0.0,
    "bad-redirect": 0.003286700713493571,
    "roll-out": 0.16840426776841907,
    "oneh-in": 0.012998093126597747,
    "alternate": 0.21214001432833055,
    "oneh-out": 0.012529775841884555,
    "dsfb-red": 0.015223195757059483,
    "roll-in": 0.1890333153086836,
    "sfR": 0.10898279115633469,
    "sfT": 0.00007366569912456474
  },
  "reddit": {
    "dsfb-alt": 0.039263497357473136,
    "redirect": 0.027693913750934798,
    "dsfb": 0.0,
    "unknown": 0.039285447401644795,
    "sfb": 0.018121484504710926,
    "sft": 0.0,