{
  "english-1k": {
    "sfb": 0.013408609738884969,
    "unknown": 0.0,
    "outoneh": 0.0,
    "red-sfs": 0.014467184191954835,
    "alt-sfs": 0.043048694424841216,
    "sft": 0.0,
    "inroll": 0.25229357798165136,
    "bad-red-sfs": 0.0014114326040931546,
    "red": 0.031051517290049402,
    "sfr": 0.10832745236414962,
    "outroll": 0.2025405786873677,
    "inoneh": 0.015172900494001412,
    "bad-red": 0.0014114326040931546,
    "alt": 0.3168666196189132
  },
  "shai": {
    "sfb": 0.01761214432104205,
    "unknown": 0.02126309320594631,
    "outoneh": 0.0009035198426570449,
    "red-sfs": 0.012764813370435588,
    "alt-sfs": 0.04847231481100175,
    "sft": 0.000038576364559069095,
    "inroll": 0.23595275376490146,
    "bad-red-sfs": 0.0012400867219278476,
    "red": 0.029359392382973547,
    "sfr": 0.09823378925716947,
    "outroll": 0.1983013549836777,
    "inoneh": 0.016685665213353962,
    "bad-red": 0.002524172251150518,
    "alt": 0.3166483235092037
  },
  "chained-bigrams": {
    "sfb": 0.019867424967973047,
    "unknown": 0.019994039382926793,
    "outoneh": 0.0036374048849789203,
    "red-sfs": 0.016322221349268137,
    "alt-sfs": 0.06123592550916851,
    "sft": 0.00006947560205154311,
    "inroll": 0.21017603299506724,
    "bad-red-sfs": 0.002508264025468327,
    "red": 0.038805045616901145,
    "sfr": 0.11914286586209158,
    "outroll": 0.1869276784954831,
    "inoneh": 0.01057132969159975,
    "bad-red": 0.003443262782049842,
    "alt": 0.30729902883497207
  },
  "english-200": {
    "sfb": 0.013363028953229399,
    "unknown": 0.0,
    "outoneh": 0.0,
    "red-sfs": 0.011135857461024499,
    "alt-sfs": 0.04899777282850779,
    "sft": 0.0,
    "inroll": 0.26057906458797325,
    "bad-red-sfs": 0.0,
    "red": 0.017817371937639197,
    "sfr": 0.10690423162583519,
    "outroll": 0.2071269487750557,
    "inoneh": 0.017817371937639197,
    "bad-red": 0.004454342984409799,
    "alt": 0.311804008908686
  },
  "english-450k": {
    "sfb": 0.02586240667578397,
    "unknown": 0.00015377410175167997,
    "outoneh": 0.0005168680834543159,
    "red-sfs": 0.010938133112241646,
    "alt-sfs": 0.056009146927938416,
    "sft": 0.000016079041057685168,
    "inroll": 0.250787726838726,
    "bad-red-sfs": 0.0024998523651684704,
    "red": 0.03409516804351982,
    "sfr": 0.11369548401129392,
    "outroll": 0.14219105291992462,
    "inoneh": 0.013039517605380573,
    "bad-red": 0.0019259767725096342,
    "alt": 0.3482688135012492
  },
  "english-5k": {
    "sfb": 0.016551209192350768,
    "unknown": 0.002157049819554486,
    "outoneh": 0.00020740863649562367,
    "red-sfs": 0.010660803915875056,
    "alt-sfs": 0.0545069896710499,
    "sft": 0.0,
    "inroll": 0.26208155307587006,
    "bad-red-sfs": 0.001244451818973742,
    "red": 0.032272783838719045,
    "sfr": 0.10644211224955408,
    "outroll": 0.16140540092089434,
    "inoneh": 0.010080059733687311,
    "bad-red": 0.00157630563736674,
    "alt": 0.34081387148960884
  },
  "monkeyracer": {
    "sfb": 0.016616943241002862,
    "unknown": 0.012336362356694872,
    "outoneh": 0.0014144783145909254,
    "red-sfs": 0.01270684423729609,
    "alt-sfs": 0.04171684627054757,
    "sft": 6.842673256486854e-6,
    "inroll": 0.22413078499147598,
    "bad-red-sfs": 0.0009902325726887406,
    "red": 0.03018400925911444,
    "sfr": 0.09690789370786869,
    "outroll": 0.22095187450146236,
    "inoneh": 0.02754469243161237,
    "bad-red": 0.0014359838591113127,
    "alt": 0.3130562115832773
  },
  "tr-quotes": {
    "sfb": 0.016528744134439794,
    "unknown": 0.013051015926585146,
    "outoneh": 0.0014019555719932504,
    "red-sfs": 0.012745891218418437,
    "alt-sfs": 0.04186796421719331,
    "sft": 5.778877048611914e-6,
    "inroll": 0.22464806638773954,
    "bad-red-sfs": 0.0009881879753126373,
    "red": 0.030057095305240287,
    "sfr": 0.09677191928064538,
    "outroll": 0.2204421996717598,
    "inoneh": 0.026994290469475973,
    "bad-red": 0.00145512124084048,
    "alt": 0.3130417697233074
  },
  "movie": {
    "sfb": 0.014640785933875508,
    "unknown": 0.02905074925887387,
    "outoneh": 0.0027446045215174966,
    "red-sfs": 0.013229662310734344,
    "alt-sfs": 0.040535819023494034,
    "sft": 0.000011185816279679096,
    "inroll": 0.20772166109634949,
    "bad-red-sfs": 0.0010275159236674634,
    "red": 0.030911805892135304,
    "sfr": 0.11567713207251198,
    "outroll": 0.21873139946800257,
    "inoneh": 0.03670619032284766,
    "bad-red": 0.0021447815732495283,
    "alt": 0.28686670678646103
  },
  "gutenberg": {
    "sfb": 0.016849075340143207,
    "unknown": 0.028333301129081084,
    "outoneh": 0.001848713515897345,
    "red-sfs": 0.013795733353337856,
    "alt-sfs": 0.04781119063667049,
    "sft": 4.735919448451032e-6,
    "inroll": 0.22339009995821024,
    "bad-red-sfs": 0.0015835020267840872,
    "red": 0.02723873542615508,
    "sfr": 0.09863878308844841,
    "outroll": 0.23179256824365208,
    "inoneh": 0.020138455552259356,
    "bad-red": 0.001573461877553371,
    "alt": 0.28700164393235894
  },
  "keymash": {
    "sfb": 0.01711320824422342,
    "unknown": 0.010910747784395743,
    "outoneh": 0.0014777536502567597,
    "red-sfs": 0.013246419526051566,
    "alt-sfs": 0.042612668453653954,
    "sft": 4.104871250713221e-6,
    "inroll": 0.22665046610813053,
    "bad-red-sfs": 0.001280719830222525,
    "red": 0.029329305086345965,
    "sfr": 0.099723742164827,
    "outroll": 0.21899077635429964,
    "inoneh": 0.026226022420806773,
    "bad-red": 0.0014941731352596127,
    "alt": 0.3109398923702758
  },
  "english-10k": {
    "sfb": 0.019393682097991163,
    "unknown": 0.0,
    "outoneh": 0.0001929719611740414,
    "red-sfs": 0.010459080295633045,
    "alt-sfs": 0.05480403697342776,
    "sft": 0.0,
    "inroll": 0.26456455876961077,
    "bad-red-sfs": 0.0013893981204530983,
    "red": 0.030489569865498542,
    "sfr": 0.10567144593890508,
    "outroll": 0.14887786804577294,
    "inoneh": 0.010864321414098531,
    "bad-red": 0.0017174504544489686,
    "alt": 0.35157561606298604
  },
  "mt-quotes": {
    "sfb": 0.016181374834152114,
    "unknown": 0.007107553101206057,
    "outoneh": 0.0014059717192001053,
    "red-sfs": 0.012677651474402649,
    "alt-sfs": 0.041151193507129966,
    "sft": 2.9882502002127633e-6,
    "inroll": 0.22323424295669428,
    "bad-red-sfs": 0.0009442870632672333,
    "red": 0.03025603327715423,
    "sfr": 0.0964592223377679,
    "outroll": 0.2263016817872127,
    "inoneh": 0.029181757330177742,
    "bad-red": 0.001338736089695318,
    "alt": 0.31375730627173953
  }
}