{
  "dutch": {
    "dsfb": 0.0,
    "sfb": 0.04163550145205365,
    "roll-out": 0.14564187204807577,
    "sfR": 0.18880787437283908,
    "roll-in": 0.25225057467298984,
    "alternate": 0.21307270374035292,
    "dsfb-alt": 0.027832573288804237,
    "sft": 0.0,
    "sfT": 0.00014357186943842796,
    "dsfb-red": 0.013800991637472046,
    "oneh-in": 0.006874379616932967,
    "oneh-out": 0.00285664448352481,
    "redirect": 0.02967582307455814,
    "bad-redirect": 0.004147661668433866,
    "unknown": 0.07325982807452426
  },
  "english-1k": {
    "dsfb": 0.0,
    "sfb": 0.01305575158786168,
    "roll-out": 0.2057163020465773,
    "sfR": 0.10832745236414962,
    "roll-in": 0.2664079040225829,
    "alternate": 0.29992942836979536,
    "dsfb-alt": 0.03211009174311927,
    "sft": 0.0,
    "sfT": 0.0,
    "dsfb-red": 0.012350035285815103,
    "oneh-in": 0.014820042342978124,
    "oneh-out": 0.008468595624558928,
    "redirect": 0.03458009880028229,
    "bad-redirect": 0.004234297812279464,
    "unknown": 0.0
  },
  "shai": {
    "dsfb": 0.0,
    "sfb": 0.020036518081156588,
    "roll-out": 0.16500687152379234,
    "sfR": 0.09823378925716947,
    "roll-in": 0.2818070389112323,
    "alternate": 0.29894103679891804,
    "dsfb-alt": 0.03788201321945868,
    "sft": 0.0,
    "sfT": 0.00014825987968292373,
    "dsfb-red": 0.015001096873855327,
    "oneh-in": 0.018697399209136146,
    "oneh-out": 0.005500342453771063,
    "redirect": 0.03058715572326639,
    "bad-redirect": 0.0045365719572471545,
    "unknown": 0.023621906111313578
  },
  "akl": {
    "dsfb": 0.0,
    "sfb": 0.023614359062810585,
    "roll-out": 0.1569767737223763,
    "sfR": 0.11790358951788564,
    "roll-in": 0.2529518413485409,
    "alternate": 0.2657886386060987,
    "dsfb-alt": 0.03353249147416551,
    "sft": 0.0,
    "sfT": 0.00025457002447564706,
    "dsfb-red": 0.02080987590439269,
    "oneh-in": 0.018076330365352902,
    "oneh-out": 0.006424160374282988,
    "redirect": 0.03162969051000865,
    "bad-redirect": 0.005115562648078408,
    "unknown": 0.06692211644153111
  },
  "monkeyracer": {
    "dsfb": 0.0,
    "sfb": 0.021360870857250105,
    "roll-out": 0.16392894568090463,
    "sfR": 0.09690789370786869,
    "roll-in": 0.2933229194363201,
    "alternate": 0.2859308772698125,
    "dsfb-alt": 0.03383408667907471,
    "sft": 0.0,
    "sfT": 0.0003431111875752694,
    "dsfb-red": 0.01989849382986377,
    "oneh-in": 0.023809570358321472,
    "oneh-out": 0.0077938048391385266,
    "redirect": 0.034367815193080686,
    "bad-redirect": 0.004149592567683814,
    "unknown": 0.014352018393105714
  },
  "tr-quotes": {
    "dsfb": 0.0,
    "sfb": 0.021288227271676567,
    "roll-out": 0.16376644090520331,
    "sfR": 0.09677191928064538,
    "roll-in": 0.2928919812302073,
    "alternate": 0.28647396038001893,
    "dsfb-alt": 0.033946279558956106,
    "sft": 0.0,
    "sfT": 0.0003490441737361596,
    "dsfb-red": 0.019915166084926376,
    "oneh-in": 0.023473798571461594,
    "oneh-out": 0.007779524282841358,
    "redirect": 0.03443170523103951,
    "bad-redirect": 0.00414229906844502,
    "unknown": 0.01476965396084233
  },
  "reddit": {
    "dsfb": 0.0,
    "sfb": 0.02076590296619637,
    "roll-out": 0.15913212671767993,
    "sfR": 0.10397777127267367,
    "roll-in": 0.2739012663789563,
    "alternate": 0.2843934624078337,
    "dsfb-alt": 0.034941361355973345,
    "sft": 0.0,
    "sfT": 0.0002855753187110829,
    "dsfb-red": 0.017461297595964487,
    "oneh-in": 0.01909822401293629,
    "oneh-out": 0.007086605472490621,
    "redirect": 0.03321184021341736,
    "bad-redirect": 0.0045268407649777685,
    "unknown": 0.041217725522189115
  },
  "keymash": {
    "dsfb": 0.0,
    "sfb": 0.022075997586335706,
    "roll-out": 0.16634169769265186,
    "sfR": 0.099723742164827,
    "roll-in": 0.29273068350211195,
    "alternate": 0.2828461535303945,
    "dsfb-alt": 0.0340581167671676,
    "sft": 0.0,
    "sfT": 0.0002791312450484991,
    "dsfb-red": 0.019604865093406344,
    "oneh-in": 0.022888762093976923,
    "oneh-out": 0.007277936727514541,
    "redirect": 0.03477646923604241,
    "bad-redirect": 0.004002249469445391,
    "unknown": 0.013394194891077241
  },
  "english-10k": {
    "dsfb": 0.0,
    "sfb": 0.02059010825727022,
    "roll-out": 0.1701433781671523,
    "sfR": 0.10567144593890508,
    "roll-in": 0.26392775129773643,
    "alternate": 0.32403851720345034,
    "dsfb-alt": 0.04058200343490091,
    "sft": 0.0,
    "sfT": 0.0,
    "dsfb-red": 0.013739603635591749,
    "oneh-in": 0.020011192373748096,
    "oneh-out": 0.0047278130487640145,
    "redirect": 0.032071939947125684,
    "bad-redirect": 0.004496246695355165,
    "unknown": 0.0
  },
  "wordle": {
    "dsfb": 0.0,
    "sfb": 0.033815774711096154,
    "roll-out": 0.19118142039717267,
    "sfR": 0.13138112868843263,
    "roll-in": 0.22540109951755863,
    "alternate": 0.28513407382475037,
    "dsfb-alt": 0.04743632895770223,
    "sft": 0.0,
    "sfT": 0.000022439133849433412,
    "dsfb-red": 0.022910355660271515,
    "oneh-in": 0.007068327162571525,
    "oneh-out": 0.0072254010995175585,
    "redirect": 0.04431728935263099,
    "bad-redirect": 0.004106361494446314,
    "unknown": 0.0
  },
  "chained-bigrams": {
    "dsfb": 0.0,
    "sfb": 0.02145237772131713,
    "roll-out": 0.1328133268489438,
    "sfR": 0.11914286586209158,
    "roll-in": 0.2793555521070262,
    "alternate": 0.285755099152073,
    "dsfb-alt": 0.0504568183161062,
    "sft": 0.0,
    "sfT": 0.00009285057096608097,
    "dsfb-red": 0.022876952215719795,
    "oneh-in": 0.01020382323588785,
    "oneh-out": 0.0058755581585459215,
    "redirect": 0.04443646521122856,
    "bad-redirect": 0.0038860885820419205,
    "unknown": 0.02365222201805197
  },
  "english-450k": {
    "dsfb": 0.0,
    "sfb": 0.02763314761553668,
    "roll-out": 0.16267955172802917,
    "sfR": 0.11369548401129392,
    "roll-in": 0.25303557677859045,
    "alternate": 0.3234176323348931,
    "dsfb-alt": 0.04115825226085935,
    "sft": 0.0,
    "sfT": 0.00002368004228495452,
    "dsfb-red": 0.017310403256502804,
    "oneh-in": 0.012648943080779348,
    "oneh-out": 0.003440914786344626,
    "redirect": 0.0414412433834746,
    "bad-redirect": 0.0033613966196593464,
    "unknown": 0.00015377410175167997
  },
  "english-200": {
    "dsfb": 0.0,
    "sfb": 0.015590200445434299,
    "roll-out": 0.16703786191536749,
    "sfR": 0.10690423162583519,
    "roll-in": 0.3028953229398664,
    "alternate": 0.31403118040089084,
    "dsfb-alt": 0.0200445434298441,
    "sft": 0.0,
    "sfT": 0.0,
    "dsfb-red": 0.017817371937639197,
    "oneh-in": 0.008908685968819599,
    "oneh-out": 0.0066815144766146995,
    "redirect": 0.035634743875278395,
    "bad-redirect": 0.004454342984409799,
    "unknown": 0.0
  },
  "english-5k": {
    "dsfb": 0.0,
    "sfb": 0.01750528892023064,
    "roll-out": 0.175260297838802,
    "sfR": 0.10644211224955408,
    "roll-in": 0.24470070933753682,
    "alternate": 0.3377857053967727,
    "dsfb-alt": 0.04206247148131248,
    "sft": 0.0,
    "sfT": 0.0,
    "dsfb-red": 0.012568963371634795,
    "oneh-in": 0.021860870286638735,
    "oneh-out": 0.005019289003194093,
    "redirect": 0.030281660928361057,
    "bad-redirect": 0.004355581366408097,
    "unknown": 0.002157049819554486
  },
  "movie": {
    "dsfb": 0.0,
    "sfb": 0.02187261355544592,
    "roll-out": 0.15551916729098875,
    "sfR": 0.11567713207251198,
    "roll-in": 0.26643482636783783,
    "alternate": 0.2712185393982215,
    "dsfb-alt": 0.03112670516254373,
    "sft": 0.0,
    "sfT": 0.0003345217056816972,
    "dsfb-red": 0.027620675546976545,
    "oneh-in": 0.03221199253734977,
    "oneh-out": 0.007285256344035703,
    "redirect": 0.03595831980617217,
    "bad-redirect": 0.00428877355946755,
    "unknown": 0.030451476652766863
  },
  "gutenberg": {
    "dsfb": 0.0,
    "sfb": 0.021470006664385848,
    "roll-out": 0.1621607234666324,
    "sfR": 0.09863878308844841,
    "roll-in": 0.3060559528044789,
    "alternate": 0.2688611780770121,