{
  "movie": {
    "dsfb-alt": 0.03438414646102487,
    "redirect": 0.02790374249777172,
    "dsfb": 0.0,
    "unknown": 0.08379360774026903,
    "sfb": 0.015703306882606436,
    "sft": 0.0,
    "bad-redirect": 0.0020052878643500006,
    "roll-out": 0.20806236790044466,
    "oneh-in": 0.029560427687711485,
    "alternate": 0.2758831563846863,
    "oneh-out": 0.009255539183322238,
    "dsfb-red": 0.01596163343974773,
    "roll-in": 0.1817992556563054,
    "sfR": 0.11567713207251198,
    "sfT": 0.000010396229248172336
  },
  "reddit": {
    "dsfb-alt": 0.03991645498545997,
    "redirect": 0.028486887189695765,
    "dsfb": 0.0,
    "unknown": 0.06378446854579271,
    "sfb": 0.021795007938162306,
    "sft": 0.0,
    "bad-redirect": 0.0022637762279148752,
    "roll-out": 0.20913035685490328,
    "oneh-in": 0.016303151835310243,
    "alternate": 0.290905471160882,
    "oneh-out": 0.007832532400194254,
    "dsfb-red": 0.01882965435984625,
    "roll-in": 0.19670876692630274,
    "sfR": 0.10397777127267367,
    "sfT": 0.00006570030286191493
  },
  "french": {
    "dsfb-alt": 0.03814593278371261,
    "redirect": 0.02918436639775615,
    "dsfb": 0.0,
    "unknown": 0.18188314306923004,
    "sfb": 0.04103913551316984,
    "sft": 0.0,
    "bad-redirect": 0.0022345112249401223,
    "roll-out": 0.1351665200618876,
    "oneh-in": 0.005987476711294118,
    "alternate": 0.2249958548998769,
    "oneh-out": 0.0057116610674293146,
    "dsfb-red": 0.009896807644417093,
    "roll-in": 0.21671158746165756,
    "sfR": 0.10898279115633469,
    "sfT": 0.00006021200829400563
  },
  "english-200": {
    "dsfb-alt": 0.0400890868596882,
    "redirect": 0.022271714922048998,
    "dsfb": 0.0,
    "unknown": 0.0,
    "sfb": 0.011135857461024499,
    "sft": 0.0,
    "bad-redirect": 0.004454342984409799,
    "roll-out": 0.23385300668151449,
    "oneh-in": 0.008908685968819599,
    "alternate": 0.30734966592427615,
    "oneh-out": 0.008908685968819599,
    "dsfb-red": 0.017817371937639197,
    "roll-in": 0.2383073496659243,
    "sfR": 0.10690423162583519,
    "sfT": 0.0
  },
  "akl": {
    "dsfb-alt": 0.04039987257249298,
    "redirect": 0.026664243016299792,
    "dsfb": 0.0,
    "unknown": 0.09295002732802088,
    "sfb": 0.026846450473584502,
    "sft": 0.0,
    "bad-redirect": 0.0027057280795631383,
    "roll-out": 0.1894318187872802,
    "oneh-in": 0.0172413729012842,
    "alternate": 0.272855078718454,
    "oneh-out": 0.006957276719041553,
    "dsfb-red": 0.020109606985763286,
    "roll-in": 0.1846465342605159,
    "sfR": 0.11790358951788564,
    "sfT": 0.0012884006398139589
  },
  "gutenberg": {
    "dsfb-alt": 0.03884704230464237,
    "redirect": 0.029688910712005707,
    "dsfb": 0.0,
    "unknown": 0.035538907851510364,
    "sfb": 0.019631333297719218,
    "sft": 0.0,
    "bad-redirect": 0.001729557782574317,
    "roll-out": 0.23903056865510874,
    "oneh-in": 0.012612511238336852,
    "alternate": 0.28760973598954004,
    "oneh-out": 0.010179574699278587,
    "dsfb-red": 0.017130578392159135,
    "roll-in": 0.2093310494835385,
    "sfR": 0.09863878308844841,
    "sfT": 0.00003144650513771486
  },
  "english-10k": {
    "dsfb-alt": 0.04988325196348971,
    "redirect": 0.03295961096852627,
    "dsfb": 0.0,
    "unknown": 0.0,
    "sfb": 0.027421315682831286,
    "sft": 0.0,
    "bad-redirect": 0.0017367476505663728,
    "roll-out": 0.16043688852009802,
    "oneh-in": 0.007448717701317998,
    "alternate": 0.34771617683950523,
    "oneh-out": 0.004843596225468439,
    "dsfb-red": 0.015572837266745142,
    "roll-in": 0.24629011404642906,
    "sfR": 0.10567144593890508,
    "sfT": 0.00001929719611740414
  },
  "english-450k": {
    "dsfb-alt": 0.051736214853408846,
    "redirect": 0.03905949888352986,
    "dsfb": 0.0,
    "unknown": 0.0001543587941537776,
    "sfb": 0.028963615176509867,
    "sft": 0.0,
    "bad-redirect": 0.0016061500285622237,
    "roll-out": 0.15773100758287575,
    "oneh-in": 0.011471957275356794,
    "alternate": 0.34402131554621085,
    "oneh-out": 0.0035104931821942453,
    "dsfb-red": 0.018064071762806663,
    "roll-in": 0.229942858011543,
    "sfR": 0.11369548401129392,
    "sfT": 0.00004297489155417672
  },
  "dutch": {
    "dsfb-alt": 0.02835771245956023,
    "redirect": 0.024242093120424038,
    "dsfb": 0.0,
    "unknown": 0.07448901988091156,
    "sfb": 0.03823438840158768,
    "sft": 0.0,
    "bad-redirect": 0.0008698228283324766,
    "roll-out": 0.14553475348331676,
    "oneh-in": 0.009318723417821681,
    "alternate": 0.275381855090565,
    "oneh-out": 0.0017282596023258249,
    "dsfb-red": 0.014895433525184463,
    "roll-in": 0.19793536587014612,
    "sfR": 0.18880787437283908,
    "sfT": 0.00020469794698502482
  },
  "english-1k": {
    "dsfb-alt": 0.04022582921665491,
    "redirect": 0.032815808045165845,
    "dsfb": 0.0,
    "unknown": 0.0,
    "sfb": 0.015172900494001412,
    "sft": 0.0,
    "bad-redirect": 0.001058574453069866,
    "roll-out": 0.21594918842625266,
    "oneh-in": 0.007410021171489062,
    "alternate": 0.3168666196189132,
    "oneh-out": 0.009880028228652082,
    "dsfb-red": 0.022230063514467185,
    "roll-in": 0.2300635144671842,
    "sfR": 0.10832745236414962,
    "sfT": 0.0
  },
  "english-5k": {
    "dsfb-alt": 0.048989919940266316,
    "redirect": 0.03459576056747003,
    "dsfb": 0.0,
    "unknown": 0.0022400132741527356,
    "sfb": 0.024847554652175717,
    "sft": 0.0,
    "bad-redirect": 0.00157630563736674,
    "roll-out": 0.17335213838304228,
    "oneh-in": 0.006346704276766085,
    "alternate": 0.337536815032978,
    "oneh-out": 0.004977807275894968,
    "dsfb-red": 0.015887501555564773,
    "roll-in": 0.2431658854274692,
    "sfR": 0.10644211224955408,
    "sfT": 0.00004148172729912474
  },
  "chained-bigrams": {
    "dsfb-alt": 0.0584478111614178,
    "redirect": 0.03964719380251658,
    "dsfb": 0.0,
    "unknown": 0.030774445185373242,
    "sfb": 0.023126934522166936,
    "sft": 0.0,
    "bad-redirect": 0.0025270938615383717,
    "roll-out": 0.19487711584050219,
    "oneh-in": 0.007983201189006752,
    "alternate": 0.2960855368029146,
    "oneh-out": 0.006289814552086897,
    "dsfb-red": 0.024863824573455515,
    "roll-in": 0.19616988148241454,
    "sfR": 0.11914286586209158,
    "sfT": 0.00006428116451497913
  },
  "mt-quotes": {
    "dsfb-alt": 0.03859922783614826,
    "redirect": 0.030006514385436465,
    "dsfb": 0.0,
    "unknown": 0.033834462891909015,
    "sfb": 0.017893642198874026,
    "sft": 0.0,
    "bad-redirect": 0.001287935836291701,
    "roll-out": 0.22824553854245108,
    "oneh-in": 0.022399923500794873,
    "alternate": 0.30376609172732816,
    "oneh-out": 0.009069339357645737,
    "dsfb-red": 0.01557177179330871,
    "roll-in": 0.20285587071634334,
    "sfR": 0.0964592223377679,
    "sfT": 0.000010458875700744673
  },
  "shai": {
    "dsfb-alt": 0.0447015999960367,
    "redirect": 0.030444705327199714,
    "dsfb": 0.0,
    "unknown": 0.029814924017682504,
    "sfb": 0.021790641537289223,
    "sft": 0.0,
    "bad-redirect": 0.002542610878697363,
    "roll-out": 0.20552636708257563,
    "oneh-in": 0.01199090190743035,
    "alternate": 0.3116586002186626,
    "oneh-out": 0.0064903736740366475,
    "dsfb-red": 0.017806508510409696,
    "roll-in": 0.21895180505029518,
    "sfR": 0.09823378925716947,
    "sfT": 0.000047172542514892556
  },
  "wordle": {
    "dsfb-alt": 0.05805003926848424,
    "redirect": 0.03947043644115337,
    "dsfb": 0.0,
    "unknown": 0.0,
    "sfb": 0.03864018848872434,
    "sft": 0.0,
    "bad-redirect": 0.0024683047234376754,
    "roll-out": 0.1617861550544149,
    "oneh-in": 0.007045888028722092,
    "alternate": 0.3048356333445529,
    "oneh-out": 0.007606866374957927,
    "dsfb-red": 0.0281386738471895,
    "roll-in": 0.22041961180298442,
    "sfR": 0.13138112868843263,
    "sfT": 0.0001570739369460339
  },
  "monkeyracer": {
    "dsfb-alt": 0.039137158452852025,
    "redirect": 0.030114605001798647,
    "dsfb": 0.0,
    "unknown": 0.038052105979323396,