{
  "dutch": {
    "dsfb": 0.0,
    "sfb": 0.0387310893326872,
    "roll-out": 0.13265709016417399,
    "sfR": 0.18880787437283908,
    "roll-in": 0.26626024489376704,
    "alternate": 0.16762534853429564,
    "dsfb-alt": 0.034508638321499786,
    "sft": 0.0,
    "sfT": 0.0001503855712476702,
    "dsfb-red": 0.03846818802761586,
    "oneh-in": 0.007029104440385471,
    "oneh-out": 0.005797420253599526,
    "redirect": 0.045517823227400236,
    "bad-redirect": 0.001543160013439489,
    "unknown": 0.072903632847049
  },
  "english-1k": {
    "dsfb": 0.0,
    "sfb": 0.015525758645024701,
    "roll-out": 0.2268877911079746,
    "sfR": 0.10832745236414962,
    "roll-in": 0.24700070571630206,
    "alternate": 0.24805928016937193,
    "dsfb-alt": 0.04481298517995766,
    "sft": 0.0,
    "sfT": 0.0,
    "dsfb-red": 0.03705010585744531,
    "oneh-in": 0.014467184191954835,
    "oneh-out": 0.009527170077628794,
    "redirect": 0.04798870853916726,
    "bad-redirect": 0.00035285815102328866,
    "unknown": 0.0
  },
  "shai": {
    "dsfb": 0.0,
    "sfb": 0.020324557774830762,
    "roll-out": 0.22282133527245976,
    "sfR": 0.09823378925716947,
    "roll-in": 0.25074569618281706,
    "alternate": 0.24219609085614371,
    "dsfb-alt": 0.044111966437053375,
    "sft": 0.0,
    "sfT": 0.00005560616330090756,
    "dsfb-red": 0.03180121007557205,
    "oneh-in": 0.014666658719427253,
    "oneh-out": 0.007886766855552937,
    "redirect": 0.042949187260595864,
    "bad-redirect": 0.0009463730089455984,
    "unknown": 0.023260762136131256
  },
  "akl": {
    "dsfb": 0.0,
    "sfb": 0.029026868444233304,
    "roll-out": 0.21492710896303327,
    "sfR": 0.11790358951788564,
    "roll-in": 0.22766731954058195,
    "alternate": 0.1988946493953079,
    "dsfb-alt": 0.050799823207344406,
    "sft": 0.0,
    "sfT": 0.0001692590184637303,
    "dsfb-red": 0.03191765387670682,
    "oneh-in": 0.010128219282369021,
    "oneh-out": 0.005945006183653965,
    "redirect": 0.04475878793195589,
    "bad-redirect": 0.001206930797471424,
    "unknown": 0.06665478384099267
  },
  "monkeyracer": {
    "dsfb": 0.0,
    "sfb": 0.018523116505309915,
    "roll-out": 0.24576829535323835,
    "sfR": 0.09690789370786869,
    "roll-in": 0.24601658663997372,
    "alternate": 0.22548563429626037,
    "dsfb-alt": 0.04548129408636627,
    "sft": 0.0,
    "sfT": 0.00002834821777687411,
    "dsfb-red": 0.035619046874266855,
    "oneh-in": 0.012374485821981012,
    "oneh-out": 0.01058366047828331,
    "redirect": 0.04744416378622707,
    "bad-redirect": 0.0023313965309601638,
    "unknown": 0.013436077701487402
  },
  "tr-quotes": {
    "dsfb": 0.0,
    "sfb": 0.018601049444072027,
    "roll-out": 0.24580106793647857,
    "sfR": 0.09677191928064538,
    "roll-in": 0.2453734310348813,
    "alternate": 0.22574374147615636,
    "dsfb-alt": 0.04555719932502716,
    "sft": 0.0,
    "sfT": 0.000028894385243059568,
    "dsfb-red": 0.035708837058782736,
    "oneh-in": 0.012381821964355886,
    "oneh-out": 0.01065162617600148,
    "redirect": 0.04726081227895795,
    "bad-redirect": 0.002283812209611428,
    "unknown": 0.013835787429786644
  },
  "reddit": {
    "dsfb": 0.0,
    "sfb": 0.022449651149745935,
    "roll-out": 0.2271546019147855,
    "sfR": 0.10397777127267367,
    "roll-in": 0.23958945176768087,
    "alternate": 0.22055569196296884,
    "dsfb-alt": 0.04758230189663739,
    "sft": 0.0,
    "sfT": 0.0001336480505195624,
    "dsfb-red": 0.030781902900271323,
    "oneh-in": 0.012571719240955487,
    "oneh-out": 0.008419003119640663,
    "redirect": 0.04602785670366897,
    "bad-redirect": 0.001470952618806955,
    "unknown": 0.039285447401644795
  },
  "keymash": {
    "dsfb": 0.0,
    "sfb": 0.018775681100762276,
    "roll-out": 0.2423557035133593,
    "sfR": 0.099723742164827,
    "roll-in": 0.24544667156514635,
    "alternate": 0.2273236649932475,
    "dsfb-alt": 0.04549839294290534,
    "sft": 0.0,
    "sfT": 0.00002873409875499255,
    "dsfb-red": 0.036828904861399024,
    "oneh-in": 0.012363872207148224,
    "oneh-out": 0.01039763887805659,
    "redirect": 0.046532820498085076,
    "bad-redirect": 0.0024013496816672345,
    "unknown": 0.01232282349464109
  },
  "english-10k": {
    "dsfb": 0.0,
    "sfb": 0.0237548484205245,
    "roll-out": 0.1826479612512302,
    "sfR": 0.10567144593890508,
    "roll-in": 0.27525520541865267,
    "alternate": 0.2632909438258621,
    "dsfb-alt": 0.044865980972964625,
    "sft": 0.0,
    "sfT": 0.00005789158835221242,
    "dsfb-red": 0.032168425927712706,
    "oneh-in": 0.020435730688330985,
    "oneh-out": 0.005345323324520947,
    "redirect": 0.04556068003319118,
    "bad-redirect": 0.0009455626097528029,
    "unknown": 0.0
  },
  "wordle": {
    "dsfb": 0.0,
    "sfb": 0.034152361718837655,
    "roll-out": 0.21745764613485918,
    "sfR": 0.13138112868843263,
    "roll-in": 0.21774935487490182,
    "alternate": 0.23715920565466173,
    "dsfb-alt": 0.05261976887692135,
    "sft": 0.0,
    "sfT": 0.000044878267698866824,
    "dsfb-red": 0.03857287108717603,
    "oneh-in": 0.006484909682486256,
    "oneh-out": 0.008145405587344329,
    "redirect": 0.05497587793111186,
    "bad-redirect": 0.0012565914955682711,
    "unknown": 0.0
  },
  "chained-bigrams": {
    "dsfb": 0.0,
    "sfb": 0.022027661678491586,
    "roll-out": 0.20270383459871996,
    "sfR": 0.11914286586209158,
    "roll-in": 0.21863842104682202,
    "alternate": 0.2483837182952635,
    "dsfb-alt": 0.050860685834574045,
    "sft": 0.0,
    "sfT": 0.0001058366648074909,
    "dsfb-red": 0.042025596889570804,
    "oneh-in": 0.009624643450560967,
    "oneh-out": 0.008954561008344214,
    "redirect": 0.05291638448966924,
    "bad-redirect": 0.0016992303791484888,
    "unknown": 0.022916559801936097
  },
  "english-450k": {
    "dsfb": 0.0,
    "sfb": 0.031056521629818378,
    "roll-out": 0.19831918475168991,
    "sfR": 0.11369548401129392,
    "roll-in": 0.2401717592400402,
    "alternate": 0.25796044088145886,
    "dsfb-alt": 0.04312428046291267,
    "sft": 0.0,
    "sfT": 0.000032742774517467975,
    "dsfb-red": 0.03884608615676422,
    "oneh-in": 0.014128507204287433,
    "oneh-out": 0.005312807511660228,
    "redirect": 0.05627810543290333,
    "bad-redirect": 0.0009203058409016893,
    "unknown": 0.00015377410175167997
  },
  "english-200": {
    "dsfb": 0.0,
    "sfb": 0.008908685968819599,
    "roll-out": 0.24276169265033407,
    "sfR": 0.10690423162583519,
    "roll-in": 0.24498886414253898,
    "alternate": 0.24721603563474387,
    "dsfb-alt": 0.0400890868596882,
    "sft": 0.0,
    "sfT": 0.0,
    "dsfb-red": 0.0467706013363029,
    "oneh-in": 0.013363028953229399,
    "oneh-out": 0.008908685968819599,
    "redirect": 0.0400890868596882,
    "bad-redirect": 0.0,
    "unknown": 0.0
  },
  "english-5k": {
    "dsfb": 0.0,
    "sfb": 0.02285643174181773,
    "roll-out": 0.17853735429543285,
    "sfR": 0.10644211224955408,
    "roll-in": 0.2659808354419878,
    "alternate": 0.2731571742647364,
    "dsfb-alt": 0.04368025884597835,
    "sft": 0.0,
    "sfT": 0.00004148172729912474,
    "dsfb-red": 0.03289500974820592,
    "oneh-in": 0.02260754137802298,
    "oneh-out": 0.005558551458082714,
    "redirect": 0.04529804621064421,
    "bad-redirect": 0.00078815281868337,
    "unknown": 0.002157049819554486
  },
  "movie": {
    "dsfb": 0.0,
    "sfb": 0.019590970230068554,
    "roll-out": 0.2411263248447902,
    "sfR": 0.11567713207251198,
    "roll-in": 0.2286442698550542,
    "alternate": 0.2038143896709383,
    "dsfb-alt": 0.050473692999876696,
    "sft": 0.0,
    "sfT": 0.000064088147390632,
    "dsfb-red": 0.03512780584686565,
    "oneh-in": 0.0100882903058847,
    "oneh-out": 0.012644051929033498,
    "redirect": 0.04807321682625756,
    "bad-redirect": 0.004439321486808172,
    "unknown": 0.030236445784519856
  },
  "gutenberg": {
    "dsfb": 0.0,
    "sfb": 0.017852711389658948,
    "roll-out": 0.2561611470472679,
    "sfR": 0.09863878308844841,
    "roll-in": 0.2262471854430718,