{
  "wordle": {
    "dsfb-alt": 0.053382699427802084,
    "redirect": 0.05508807360035903,
    "dsfb": 0.0,
    "unknown": 0.0,
    "sfb": 0.02676988668237406,
    "sft": 0.0,
    "bad-redirect": 0.0016156176371592056,
    "roll-out": 0.22380792101424885,
    "oneh-in": 0.006305396611690789,
    "alternate": 0.236396275103781,
    "oneh-out": 0.01005273196454617,
    "dsfb-red": 0.0383484797486817,
    "roll-in": 0.2168517895209245,
    "sfR": 0.13138112868843263,
    "sfT": 0.0
  },
  "monkeyracer": {
    "dsfb-alt": 0.047470556954502086,
    "redirect": 0.04180384597338005,
    "dsfb": 0.0,
    "unknown": 0.013436077701487402,
    "sfb": 0.017231806309335754,
    "sft": 0.0,
    "bad-redirect": 0.00073021098894224,
    "roll-out": 0.2744019503573831,
    "oneh-in": 0.00909098018361825,
    "alternate": 0.22349637142812456,
    "oneh-out": 0.015266004035222172,
    "dsfb-red": 0.04249593349703615,
    "roll-in": 0.2176566385660885,
    "sfR": 0.09690789370786869,
    "sfT": 0.000011730297011120321
  },
  "english-450k": {
    "dsfb-alt": 0.04644971849984301,
    "redirect": 0.054788016846157486,
    "dsfb": 0.0,
    "unknown": 0.00015377410175167997,
    "sfb": 0.032105752145382596,
    "sft": 0.0,
    "bad-redirect": 0.0011123772949907648,
    "roll-out": 0.21090468870684165,
    "oneh-in": 0.00985557512975786,
    "alternate": 0.25463500284452856,
    "oneh-out": 0.008663387321880768,
    "dsfb-red": 0.03991285744439137,
    "roll-in": 0.22770290141910693,
    "sfR": 0.11369548401129392,
    "sfT": 0.000020464234073417485
  },
  "chained-bigrams": {
    "dsfb-alt": 0.05382865758202828,
    "redirect": 0.05354491143159348,
    "dsfb": 0.0,
    "unknown": 0.022916559801936097,
    "sfb": 0.020203764798465564,
    "sft": 0.0,
    "bad-redirect": 0.001433664760091656,
    "roll-out": 0.21602496966123827,
    "oneh-in": 0.00732545553593934,
    "alternate": 0.2454157465478093,
    "oneh-out": 0.011012856882207689,
    "dsfb-red": 0.042305447211853184,
    "roll-in": 0.2067522493537795,
    "sfR": 0.11914286586209158,
    "sfT": 0.00009285057096608097
  },
  "dutch": {
    "dsfb-alt": 0.039405340988300196,
    "redirect": 0.03807143334358138,
    "dsfb": 0.0,
    "unknown": 0.072903632847049,
    "sfb": 0.0580401340663968,
    "sft": 0.0,
    "bad-redirect": 0.001338695166779517,
    "roll-out": 0.1318786426632623,
    "oneh-in": 0.005313790871497206,
    "alternate": 0.16272864586749522,
    "oneh-out": 0.006146192132261555,
    "dsfb-red": 0.04233835272447122,
    "roll-in": 0.25289550948002887,
    "sfR": 0.18880787437283908,
    "sfT": 0.00013175547603766312
  },
  "mt-quotes": {
    "dsfb-alt": 0.04794049796201336,
    "redirect": 0.04125727638923752,
    "dsfb": 0.0,
    "unknown": 0.007977133909467972,
    "sfb": 0.016804425000896475,
    "sft": 0.0,
    "bad-redirect": 0.000708215297450425,
    "roll-out": 0.2820982895255854,
    "oneh-in": 0.008916938597434886,
    "alternate": 0.2211559149424463,
    "oneh-out": 0.015742102054720836,
    "dsfb-red": 0.043601558671304434,
    "roll-in": 0.21733095468617397,
    "sfR": 0.0964592223377679,
    "sfT": 7.470625500531909e-6
  },
  "french": {
    "dsfb-alt": 0.024910227701020575,
    "redirect": 0.04486702517306907,
    "dsfb": 0.0,
    "unknown": 0.15807962376648718,
    "sfb": 0.025939539922426737,
    "sft": 0.0,
    "bad-redirect": 0.002724102720098075,
    "roll-out": 0.16562840279685154,
    "oneh-in": 0.022608343149059268,
    "alternate": 0.17938306377785063,
    "oneh-out": 0.010703250038656888,
    "dsfb-red": 0.030001341024349936,
    "roll-in": 0.22598555514070845,
    "sfR": 0.10898279115633469,
    "sfT": 0.0001867336330869585
  },
  "gutenberg": {
    "dsfb-alt": 0.045676427586086706,
    "redirect": 0.03664635525533615,
    "dsfb": 0.0,
    "unknown": 0.032975828246008664,
    "sfb": 0.01741549130617795,
    "sft": 0.0,
    "bad-redirect": 0.000734256951287848,
    "roll-out": 0.26885947314601066,
    "oneh-in": 0.008935164505003593,
    "alternate": 0.21537635594109727,
    "oneh-out": 0.016679150550332783,
    "dsfb-red": 0.04435681099097031,
    "roll-in": 0.21369055805422665,
    "sfR": 0.09863878308844841,
    "sfT": 0.000015344379012981343
  },
  "english-5k": {
    "dsfb-alt": 0.04650101630231883,
    "redirect": 0.04301655120919235,
    "dsfb": 0.0,
    "unknown": 0.002157049819554486,
    "sfb": 0.021653461650143112,
    "sft": 0.0,
    "bad-redirect": 0.0009955614551789937,
    "roll-out": 0.1883270419380263,
    "oneh-in": 0.020906790558758867,
    "alternate": 0.2703364168083959,
    "oneh-out": 0.007425229186543328,
    "dsfb-red": 0.03517650474965778,
    "roll-in": 0.25706226407267596,
    "sfR": 0.10644211224955408,
    "sfT": 0.0
  },
  "movie": {
    "dsfb-alt": 0.04775461845904458,
    "redirect": 0.04573656560435189,
    "dsfb": 0.0,
    "unknown": 0.030236445784519856,
    "sfb": 0.014891743012056072,
    "sft": 0.0,
    "bad-redirect": 0.0008767048006496722,
    "roll-out": 0.28146895824124224,
    "oneh-in": 0.006415789424508176,
    "alternate": 0.2065334642117704,
    "oneh-out": 0.019947337176955272,
    "dsfb-red": 0.04064465043600338,
    "roll-in": 0.1898068525363312,
    "sfR": 0.11567713207251198,
    "sfT": 9.738240055250037e-6
  },
  "english-200": {
    "dsfb-alt": 0.051224944320712694,
    "redirect": 0.026726057906458798,
    "dsfb": 0.0,
    "unknown": 0.0,
    "sfb": 0.011135857461024499,
    "sft": 0.0,
    "bad-redirect": 0.0,
    "roll-out": 0.26948775055679286,
    "oneh-in": 0.011135857461024499,
    "alternate": 0.23608017817371937,
    "oneh-out": 0.015590200445434299,
    "dsfb-red": 0.05790645879732739,
    "roll-in": 0.21380846325167038,
    "sfR": 0.10690423162583519,
    "sfT": 0.0
  },
  "keymash": {
    "dsfb-alt": 0.048556522024686695,
    "redirect": 0.04131142426717786,
    "dsfb": 0.0,
    "unknown": 0.01232282349464109,
    "sfb": 0.01656315549662785,
    "sft": 0.0,
    "bad-redirect": 0.0007840304088862252,
    "roll-out": 0.2701703111081921,
    "oneh-in": 0.009030716751569088,
    "alternate": 0.22426553591146614,
    "oneh-out": 0.015315274636411028,
    "dsfb-red": 0.042780968174933195,
    "roll-in": 0.21915086633307745,
    "sfR": 0.099723742164827,
    "sfT": 0.00002462922750427933
  },
  "reddit": {
    "dsfb-alt": 0.046756965252817875,
    "redirect": 0.04057342055666586,
    "dsfb": 0.0,
    "unknown": 0.039285447401644795,
    "sfb": 0.022777178771310694,
    "sft": 0.0,
    "bad-redirect": 0.000809866732142225,
    "roll-out": 0.24837718566347472,
    "oneh-in": 0.008701731674943819,
    "alternate": 0.22138102860678838,
    "oneh-out": 0.012164032755009602,
    "dsfb-red": 0.03810733683972179,
    "roll-in": 0.21698083135605012,
    "sfR": 0.10397777127267367,
    "sfT": 0.00010720311675644273
  },
  "english-10k": {
    "dsfb-alt": 0.0484745566469192,
    "redirect": 0.043997607147681445,
    "dsfb": 0.0,
    "unknown": 0.0,
    "sfb": 0.021883020397136296,
    "sft": 0.0,
    "bad-redirect": 0.0010806429825746318,
    "roll-out": 0.19119661913124023,
    "oneh-in": 0.01844811948823836,
    "alternate": 0.25968236815190754,
    "oneh-out": 0.007043476582852512,
    "dsfb-red": 0.03417533432392273,
    "roll-in": 0.268346809208622,
    "sfR": 0.10567144593890508,
    "sfT": 0.0
  },
  "shai": {
    "dsfb-alt": 0.04677590689096873,
    "redirect": 0.03999866625712581,
    "dsfb": 0.0,
    "unknown": 0.023260762136131256,
    "sfb": 0.01891869757337753,
    "sft": 0.0,
    "bad-redirect": 0.0008099681914322773,
    "roll-out": 0.2406718696830259,
    "oneh-in": 0.012026327759222178,
    "alternate": 0.23953215040222836,
    "oneh-out": 0.010444507162268902,
    "dsfb-red": 0.0358053995608789,
    "roll-in": 0.23348119972145442,
    "sfR": 0.09823378925716947,
    "sfT": 0.000040755404716263424
  },
  "english-1k": {
    "dsfb-alt": 0.05187014820042343,
    "redirect": 0.040931545518701484,
    "dsfb": 0.0,
    "unknown": 0.0,
    "sfb": 0.015525758645024701,
    "sft": 0.0,