{
  "english-1k": {
    "sfb": 0.1714890613973183,
    "unknown": 0.0,
    "outoneh": 0.001058574453069866,
    "red-sfs": 0.00035285815102328866,
    "alt-sfs": 0.13161609033168667,
    "sft": 0.003175723359209598,
    "inroll": 0.1309103740296401,
    "bad-red-sfs": 0.0,
    "red": 0.001058574453069866,
    "sfr": 0.10832745236414962,
    "outroll": 0.17925194071983064,
    "inoneh": 0.005998588567395907,
    "bad-red": 0.0007057163020465773,
    "alt": 0.26605504587155965
  },
  "shai": {
    "sfb": 0.13757622770141376,
    "unknown": 0.024097749651430984,
    "outoneh": 0.0066393147456692446,
    "red-sfs": 0.004471073029040761,
    "alt-sfs": 0.12967861596038932,
    "sft": 0.005510831261632513,
    "inroll": 0.15658183143409793,
    "bad-red-sfs": 0.000047586676257023634,
    "red": 0.0018296467431438805,
    "sfr": 0.09823378925716947,
    "outroll": 0.1793694090009608,
    "inoneh": 0.005546651895122449,
    "bad-red": 0.000311850448642307,
    "alt": 0.25010542219502957
  },
  "chained-bigrams": {
    "sfb": 0.1250184240206375,
    "unknown": 0.023159399756770463,
    "outoneh": 0.0016232617301762408,
    "red-sfs": 0.006916393579934926,
    "alt-sfs": 0.11502562480967256,
    "sft": 0.005504155874681597,
    "inroll": 0.15113280943102078,
    "bad-red-sfs": 0.0007291691691951673,
    "red": 0.009587633083112949,
    "sfr": 0.11914286586209158,
    "outroll": 0.16097951508626987,
    "inoneh": 0.00423931033452827,
    "bad-red": 0.0009070786548224833,
    "alt": 0.2760343586070856
  },
  "english-200": {
    "sfb": 0.16481069042316257,
    "unknown": 0.0,
    "outoneh": 0.0022271714922048997,
    "red-sfs": 0.0,
    "alt-sfs": 0.13140311804008908,
    "sft": 0.011135857461024499,
    "inroll": 0.16703786191536749,
    "bad-red-sfs": 0.0,
    "red": 0.0022271714922048997,
    "sfr": 0.10690423162583519,
    "outroll": 0.16703786191536749,
    "inoneh": 0.0022271714922048997,
    "bad-red": 0.0,
    "alt": 0.24498886414253898
  },
  "english-450k": {
    "sfb": 0.14770528696410748,
    "unknown": 0.00015377410175167997,
    "outoneh": 0.001278722283387544,
    "red-sfs": 0.004936265604709346,
    "alt-sfs": 0.14856244602558263,
    "sft": 0.006252700548032188,
    "inroll": 0.10855896125886613,
    "bad-red-sfs": 0.000096474246346111,
    "red": 0.0017327359336163635,
    "sfr": 0.11369548401129392,
    "outroll": 0.1683414206037417,
    "inoneh": 0.006803188444607119,
    "bad-red": 0.0005034201582060702,
    "alt": 0.2913791198157517
  },
  "english-5k": {
    "sfb": 0.14535197245613307,
    "unknown": 0.002157049819554486,
    "outoneh": 0.0014518604554693657,
    "red-sfs": 0.0018251960011614883,
    "alt-sfs": 0.15626166673580288,
    "sft": 0.004148172729912474,
    "inroll": 0.0979383581532335,
    "bad-red-sfs": 0.00004148172729912474,
    "red": 0.0010370431824781184,
    "sfr": 0.10644211224955408,
    "outroll": 0.19807524785332062,
    "inoneh": 0.007176338822748579,
    "bad-red": 0.00020740863649562367,
    "alt": 0.2778860911768366
  },
  "monkeyracer": {
    "sfb": 0.14201284076512818,
    "unknown": 0.013491796612290222,
    "outoneh": 0.016116450568528395,
    "red-sfs": 0.0038983687066956535,
    "alt-sfs": 0.12119449614464238,
    "sft": 0.005701901872155403,
    "inroll": 0.1692740510189718,
    "bad-red-sfs": 0.00005083128704818806,
    "red": 0.00254547445141311,
    "sfr": 0.09690789370786869,
    "outroll": 0.18055566416941676,
    "inoneh": 0.0054888014764533834,
    "bad-red": 0.0002825046530178144,
    "alt": 0.24247892456637002
  },
  "tr-quotes": {
    "sfb": 0.14181826587457524,
    "unknown": 0.013894731975682485,
    "outoneh": 0.015679249208293843,
    "red-sfs": 0.0039030535586324867,
    "alt-sfs": 0.12140264903723909,
    "sft": 0.0057129978502577375,
    "inroll": 0.16931416287187073,
    "bad-red-sfs": 0.00004738679179861769,
    "red": 0.0025716002866323015,
    "sfr": 0.09677191928064538,
    "outroll": 0.18031252167078893,
    "inoneh": 0.005418275120778531,
    "bad-red": 0.000265828344236148,
    "alt": 0.24288735812856846
  },
  "movie": {
    "sfb": 0.1360712439114615,
    "unknown": 0.030282373430185833,
    "outoneh": 0.027814124369695704,
    "red-sfs": 0.003005299839753312,
    "alt-sfs": 0.1044040664258514,
    "sft": 0.006924415070637114,
    "inroll": 0.16284363979092262,
    "bad-red-sfs": 0.0001793678539906189,
    "red": 0.004622110884601987,
    "sfr": 0.11567713207251198,
    "outroll": 0.16292523045084498,
    "inoneh": 0.0035705125564735674,
    "bad-red": 0.00031372924718535254,
    "alt": 0.24136675409588404
  },
  "gutenberg": {
    "sfb": 0.1429143257016833,
    "unknown": 0.03298207965968062,
    "outoneh": 0.006465666667803288,
    "red-sfs": 0.0042610014461603625,
    "alt-sfs": 0.10770977376323358,
    "sft": 0.004734403954227528,
    "inroll": 0.19666151777504232,
    "bad-red-sfs": 0.000059862021828421046,
    "red": 0.002251645542571559,
    "sfr": 0.09863878308844841,
    "outroll": 0.17200234295406955,
    "inoneh": 0.004697274345751672,
    "bad-red": 0.0006399174358747035,
    "alt": 0.2259814056436247
  },
  "keymash": {
    "sfb": 0.14087097158197634,
    "unknown": 0.012376186820900362,
    "outoneh": 0.015134660301379646,
    "red-sfs": 0.003817530263163296,
    "alt-sfs": 0.11954616543452115,
    "sft": 0.005143403677143666,
    "inroll": 0.17177654722859617,
    "bad-red-sfs": 0.00006567794001141154,
    "red": 0.0023438814841572494,
    "sfr": 0.099723742164827,
    "outroll": 0.18046245479510536,
    "inoneh": 0.00537738133843432,
    "bad-red": 0.0003078653438034916,
    "alt": 0.24305353162598056
  },
  "english-10k": {
    "sfb": 0.15246714652361013,
    "unknown": 0.0,
    "outoneh": 0.0006946990602265491,
    "red-sfs": 0.0062329943459215375,
    "alt-sfs": 0.14936029794870806,
    "sft": 0.00461202987205959,
    "inroll": 0.10760116555064549,
    "bad-red-sfs": 0.00003859439223480828,
    "red": 0.0008490766291657822,
    "sfr": 0.10567144593890508,
    "outroll": 0.1900580845603134,
    "inoneh": 0.0072557457401439575,
    "bad-red": 0.00030875513787846626,
    "alt": 0.27484996430018716
  },
  "mt-quotes": {
    "sfb": 0.14248126367124467,
    "unknown": 0.007995063410669249,
    "outoneh": 0.01752459329914775,
    "red-sfs": 0.003974372766282976,
    "alt-sfs": 0.12055796607738373,
    "sft": 0.005770311136610846,
    "inroll": 0.17421050429710377,
    "bad-red-sfs": 0.00004482375300319145,
    "red": 0.0024922006669774446,
    "sfr": 0.0964592223377679,
    "outroll": 0.18172445942553878,
    "inoneh": 0.005413215237685421,
    "bad-red": 0.00026744839291904235,
    "alt": 0.24108455552766522
  }
}