{
  "chained-bigrams": {
    "dsfb-alt": 0.06969052190461844,
    "redirect": 0.03220940855484904,
    "dsfb": 0.0,
    "unknown": 0.02365222201805197,
    "sfb": 0.02481382811216609,
    "sft": 0.0,
    "bad-redirect": 0.008958456836496638,
    "roll-out": 0.17943210513022131,
    "oneh-in": 0.006163849441825221,
    "alternate": 0.31157989466979286,
    "oneh-out": 0.005497013523068822,
    "dsfb-red": 0.01578135054077341,
    "roll-in": 0.2029739453506213,
    "sfR": 0.11914286586209158,
    "sfT": 0.0001045380554233499
  },
  "dutch": {
    "dsfb-alt": 0.05098716373888475,
    "redirect": 0.020705692227456142,
    "dsfb": 0.0,
    "unknown": 0.07325982807452426,
    "sfb": 0.06606274795374673,
    "sft": 0.0,
    "bad-redirect": 0.005995053467656021,
    "roll-out": 0.13842827766580793,
    "oneh-in": 0.007953580329545764,
    "alternate": 0.22710979014551522,
    "oneh-out": 0.006684797329487919,
    "dsfb-red": 0.006928082345666337,
    "roll-in": 0.20348673976525505,
    "sfR": 0.18880787437283908,
    "sfT": 0.00359037258361479
  },
  "english-1k": {
    "dsfb-alt": 0.061397318278052226,
    "redirect": 0.016584333098094567,
    "dsfb": 0.0,
    "unknown": 0.0,
    "sfb": 0.01834862385321101,
    "sft": 0.0,
    "bad-redirect": 0.008821453775582216,
    "roll-out": 0.17678193366266762,
    "oneh-in": 0.00529287226534933,
    "alternate": 0.30875088214537755,
    "oneh-out": 0.005998588567395907,
    "dsfb-red": 0.013761467889908258,
    "roll-in": 0.27593507410021173,
    "sfR": 0.10832745236414962,
    "sfT": 0.0
  },
  "keymash": {
    "dsfb-alt": 0.06700791829664263,
    "redirect": 0.01986757685345199,
    "dsfb": 0.0,
    "unknown": 0.013394194891077241,
    "sfb": 0.023155578725273282,
    "sft": 0.0,
    "bad-redirect": 0.00769663359508729,
    "roll-out": 0.19572436610525712,
    "oneh-in": 0.0048601675608444545,
    "alternate": 0.29936826031451524,
    "oneh-out": 0.0194981384408878,
    "dsfb-red": 0.011292500810712073,
    "roll-in": 0.23833292968766034,
    "sfR": 0.099723742164827,
    "sfT": 0.0000779925537635512
  },
  "monkeyracer": {
    "dsfb-alt": 0.06754402771478174,
    "redirect": 0.02002654957223517,
    "dsfb": 0.0,
    "unknown": 0.014352018393105714,
    "sfb": 0.023241628478033065,
    "sft": 0.0,
    "bad-redirect": 0.007967804244803478,
    "roll-out": 0.19687739493563977,
    "oneh-in": 0.004189671082471808,
    "alternate": 0.30248623645150696,
    "oneh-out": 0.02033055976977337,
    "dsfb-red": 0.010686300577130613,
    "roll-in": 0.23528825249855326,
    "sfR": 0.09690789370786869,
    "sfT": 0.00010166257409637611
  },
  "tr-quotes": {
    "dsfb-alt": 0.06747532419500243,
    "redirect": 0.019991447261968054,
    "dsfb": 0.0,
    "unknown": 0.01476965396084233,
    "sfb": 0.023238020387878228,
    "sft": 0.0,
    "bad-redirect": 0.007913594230369156,
    "roll-out": 0.19694990869374263,
    "oneh-in": 0.00418621853401447,
    "alternate": 0.3030454682046185,
    "oneh-out": 0.019846975335752755,
    "dsfb-red": 0.010766047941563996,
    "roll-in": 0.2349529599408243,
    "sfR": 0.09677191928064538,
    "sfT": 0.00009246203277779062
  },
  "movie": {
    "dsfb-alt": 0.0672459691253047,
    "redirect": 0.01854950493551114,
    "dsfb": 0.0,
    "unknown": 0.030451476652766863,
    "sfb": 0.027639230842216957,
    "sft": 0.0,
    "bad-redirect": 0.007566349327252109,
    "roll-out": 0.18321222164918674,
    "oneh-in": 0.004499330101202686,
    "alternate": 0.29790355431286253,
    "oneh-out": 0.030857455984799925,
    "dsfb-red": 0.012690637563892396,
    "roll-in": 0.20358264587719105,
    "sfR": 0.11567713207251198,
    "sfT": 0.0001244915553008991
  },
  "english-10k": {
    "dsfb-alt": 0.06586133034870033,
    "redirect": 0.024951274579803555,
    "dsfb": 0.0,
    "unknown": 0.0,
    "sfb": 0.02977557360915459,
    "sft": 0.0,
    "bad-redirect": 0.008471469095540418,
    "roll-out": 0.1846162752552054,
    "oneh-in": 0.004187491557476698,
    "alternate": 0.3172652013662415,
    "oneh-out": 0.004457652303120356,
    "dsfb-red": 0.008336388722718588,
    "roll-in": 0.24638660002701607,
    "sfR": 0.10567144593890508,
    "sfT": 0.00001929719611740414
  },
  "gutenberg": {
    "dsfb-alt": 0.06523899533341442,
    "redirect": 0.01861576273119338,
    "dsfb": 0.0,
    "unknown": 0.03802431837805746,
    "sfb": 0.020575675635740354,
    "sft": 0.0,
    "bad-redirect": 0.007750995206112898,
    "roll-out": 0.20506588042826351,
    "oneh-in": 0.004533411532835267,
    "alternate": 0.2742381515820055,
    "oneh-out": 0.010766449837330638,
    "dsfb-red": 0.010520939773122937,
    "roll-in": 0.2459851716467701,
    "sfR": 0.09863878308844841,
    "sfT": 0.00004546482670512991
  },
  "akl": {
    "dsfb-alt": 0.06515518115361545,
    "redirect": 0.020990224734095446,
    "dsfb": 0.0,
    "unknown": 0.06692211644153111,
    "sfb": 0.02889149840201396,
    "sft": 0.0,
    "bad-redirect": 0.008454029510793113,
    "roll-out": 0.168575601101844,
    "oneh-in": 0.00866888685926757,
    "alternate": 0.2796355380001985,
    "oneh-out": 0.015700384773082016,
    "dsfb-red": 0.013989641992394249,
    "roll-in": 0.2049455353968808,
    "sfR": 0.11790358951788564,
    "sfT": 0.00016777211639816314
  },
  "shai": {
    "dsfb-alt": 0.06589180953377675,
    "redirect": 0.021307746112329173,
    "dsfb": 0.0,
    "unknown": 0.023621906111313578,
    "sfb": 0.024098515992374364,
    "sft": 0.0,
    "bad-redirect": 0.007971923590079739,
    "roll-out": 0.19452806247644855,
    "oneh-in": 0.0048662804721155625,
    "alternate": 0.30231716343621706,
    "oneh-out": 0.01125279172587102,
    "dsfb-red": 0.008973713112294803,
    "roll-in": 0.2368375640513953,
    "sfR": 0.09823378925716947,
    "sfT": 0.00009873412861461349
  },
  "reddit": {
    "dsfb-alt": 0.06684050652161658,
    "redirect": 0.019926070303444378,
    "dsfb": 0.0,
    "unknown": 0.041217725522189115,
    "sfb": 0.025013311428238056,
    "sft": 0.0,
    "bad-redirect": 0.008798783832706202,
    "roll-out": 0.1849149632439768,
    "oneh-in": 0.004677531938531636,
    "alternate": 0.29723509976875667,
    "oneh-out": 0.015488003607898045,
    "dsfb-red": 0.009527330520656171,
    "roll-in": 0.2221687954651059,
    "sfR": 0.10397777127267367,
    "sfT": 0.00021410657420678776
  },
  "english-450k": {
    "dsfb-alt": 0.06146520407811257,
    "redirect": 0.02640587826353373,
    "dsfb": 0.0,
    "unknown": 0.00015377410175167997,
    "sfb": 0.03755362360192738,
    "sft": 0.0,
    "bad-redirect": 0.00856135849771473,
    "roll-out": 0.18796252823333437,
    "oneh-in": 0.004181720059802339,
    "alternate": 0.32214592636033074,
    "oneh-out": 0.005582350709027241,
    "dsfb-red": 0.010323036705234927,
    "roll-in": 0.2219314027180011,
    "sfR": 0.11369548401129392,
    "sfT": 0.00003771265993529794
  },
  "english-200": {
    "dsfb-alt": 0.07126948775055679,
    "redirect": 0.008908685968819599,
    "dsfb": 0.0,
    "unknown": 0.0,
    "sfb": 0.004454342984409799,
    "sft": 0.0,
    "bad-redirect": 0.008908685968819599,
    "roll-out": 0.19376391982182628,
    "oneh-in": 0.008908685968819599,
    "alternate": 0.31403118040089084,
    "oneh-out": 0.013363028953229399,
    "dsfb-red": 0.0066815144766146995,
    "roll-in": 0.26280623608017817,
    "sfR": 0.10690423162583519,
    "sfT": 0.0
  },
  "mt-quotes": {
    "dsfb-alt": 0.06787660917273282,
    "redirect": 0.01981658120271094,
    "dsfb": 0.0,
    "unknown": 0.008869126594231481,
    "sfb": 0.022477618006000406,
    "sft": 0.0,
    "bad-redirect": 0.007993569285569142,
    "roll-out": 0.1985901435555396,
    "oneh-in": 0.004241821159202018,
    "alternate": 0.304339835765769,
    "oneh-out": 0.021718602455146365,
    "dsfb-red": 0.010714371092862864,
    "roll-in": 0.2368158401166613,
    "sfR": 0.0964592223377679,
    "sfT": 0.00008665925580617014
  },
  "english-5k": {
    "dsfb-alt": 0.0664122454058987,
    "redirect": 0.021653461650143112,
    "dsfb": 0.0,
    "unknown": 0.002157049819554486,