{
  "dutch": {
    "dsfb": 0.0,
    "sfb": 0.055018006282878576,
    "roll-out": 0.12128378461974648,
    "sfR": 0.18880787437283908,
    "roll-in": 0.20232279811908838,
    "alternate": 0.24823276781640474,
    "dsfb-alt": 0.054073268596232904,
    "sft": 0.0,
    "sfT": 0.00032766733384761244,
    "dsfb-red": 0.008152540422375638,
    "oneh-in": 0.00332026309926104,
    "oneh-out": 0.002903085240593066,
    "redirect": 0.014341694737623888,
    "bad-redirect": 0.0002995339176931359,
    "unknown": 0.10091671544141545
  },
  "english-1k": {
    "dsfb": 0.0,
    "sfb": 0.01834862385321101,
    "roll-out": 0.23712067748764998,
    "sfR": 0.10832745236414962,
    "roll-in": 0.19830628087508823,
    "alternate": 0.3323923782639379,
    "dsfb-alt": 0.06916019760056458,
    "sft": 0.0,
    "sfT": 0.0,
    "dsfb-red": 0.009527170077628794,
    "oneh-in": 0.0014114326040931546,
    "oneh-out": 0.009880028228652082,
    "redirect": 0.015172900494001412,
    "bad-redirect": 0.00035285815102328866,
    "unknown": 0.0
  },
  "shai": {
    "dsfb": 0.0,
    "sfb": 0.019160183989945605,
    "roll-out": 0.22810303059202083,
    "sfR": 0.09823378925716947,
    "roll-in": 0.18503049340281078,
    "alternate": 0.3023696810132916,
    "dsfb-alt": 0.062379235504467535,
    "sft": 0.0,
    "sfT": 0.00018916235993377575,
    "dsfb-red": 0.008656904669973337,
    "oneh-in": 0.00133364224356142,
    "oneh-out": 0.011825898639257154,
    "redirect": 0.017643150165978613,
    "bad-redirect": 0.0005120666961230579,
    "unknown": 0.06456276146546681
  },
  "akl": {
    "dsfb": 0.0,
    "sfb": 0.02557174172362431,
    "roll-out": 0.22217563262416778,
    "sfR": 0.11790358951788564,
    "roll-in": 0.1626638643519071,
    "alternate": 0.25510512335649305,
    "dsfb-alt": 0.05586235301508425,
    "sft": 0.0,
    "sfT": 0.00023660329118337702,
    "dsfb-red": 0.010113845895735206,
    "oneh-in": 0.001561185214592804,
    "oneh-out": 0.016317449130292396,
    "redirect": 0.02208340752355098,
    "bad-redirect": 0.00047828683109077527,
    "unknown": 0.10992691752439232
  },
  "monkeyracer": {
    "dsfb": 0.0,
    "sfb": 0.018495745812283967,
    "roll-out": 0.24084254813331873,
    "sfR": 0.09690789370786869,
    "roll-in": 0.16935323052379686,
    "alternate": 0.273282684517572,
    "dsfb-alt": 0.06104544317062108,
    "sft": 0.0,
    "sfT": 0.0001681342571593913,
    "dsfb-red": 0.008915025728451445,
    "oneh-in": 0.0020459593036895696,
    "oneh-out": 0.02032176204701503,
    "redirect": 0.018023601357586374,
    "bad-redirect": 0.0005777171277976758,
    "unknown": 0.0900202543128392
  },
  "tr-quotes": {
    "dsfb": 0.0,
    "sfb": 0.01854903955063452,
    "roll-out": 0.24012389912392224,
    "sfR": 0.09677191928064538,
    "roll-in": 0.16952451399644022,
    "alternate": 0.27409791729271166,
    "dsfb-alt": 0.06127112179561268,
    "sft": 0.0,
    "sfT": 0.0001803009639166917,
    "dsfb-red": 0.008909872633549849,
    "oneh-in": 0.001999491458819722,
    "oneh-out": 0.019967175978363883,
    "redirect": 0.017952659439217773,
    "bad-redirect": 0.0005894454589584152,
    "unknown": 0.09006264302720696
  },
  "reddit": {
    "dsfb": 0.0,
    "sfb": 0.02150688551534939,
    "roll-out": 0.23217816543703343,
    "sfR": 0.10397777127267367,
    "roll-in": 0.1636667960820295,
    "alternate": 0.27100108869971645,
    "dsfb-alt": 0.0586067677679708,
    "sft": 0.0,
    "sfT": 0.00024789316096930045,
    "dsfb-red": 0.010210890855278227,
    "oneh-in": 0.0013595917291784072,
    "oneh-out": 0.015361509923311565,
    "redirect": 0.017570261211144255,
    "bad-redirect": 0.0003452449780377822,
    "unknown": 0.1039671333673072
  },
  "keymash": {
    "dsfb": 0.0,
    "sfb": 0.01840213781694737,
    "roll-out": 0.24324235570351335,
    "sfR": 0.099723742164827,
    "roll-in": 0.1706353930208979,
    "alternate": 0.27190256677599306,
    "dsfb-alt": 0.062192904319556014,
    "sft": 0.0,
    "sfT": 0.0001518802362763892,
    "dsfb-red": 0.009063555721574792,
    "oneh-in": 0.0017117313115474133,
    "oneh-out": 0.01944477511462853,
    "redirect": 0.01802038479063104,
    "bad-redirect": 0.0005664722325984245,
    "unknown": 0.0849421007910087
  },
  "english-10k": {
    "dsfb": 0.0,
    "sfb": 0.02475830261862951,
    "roll-out": 0.19181412940699716,
    "sfR": 0.10567144593890508,
    "roll-in": 0.21796183014607978,
    "alternate": 0.35765423283996833,
    "dsfb-alt": 0.06696127052739237,
    "sft": 0.0,
    "sfT": 0.00036664672623067866,
    "dsfb-red": 0.008162713957661952,
    "oneh-in": 0.0007332934524613573,
    "oneh-out": 0.0040910055768896775,
    "redirect": 0.021265510121379363,
    "bad-redirect": 0.0005596186874047201,
    "unknown": 0.0
  },
  "wordle": {
    "dsfb": 0.0,
    "sfb": 0.0393582407719062,
    "roll-out": 0.20468977897453158,
    "sfR": 0.13138112868843263,
    "roll-in": 0.17116571300347808,
    "alternate": 0.33414114215191293,
    "dsfb-alt": 0.061707618085941884,
    "sft": 0.0,
    "sfT": 0.0005385392123864019,
    "dsfb-red": 0.015146415348367553,
    "oneh-in": 0.0024009873218893752,
    "oneh-out": 0.006260518343991922,
    "redirect": 0.030876248176820376,
    "bad-redirect": 0.0023336699203410746,
    "unknown": 0.0
  },
  "chained-bigrams": {
    "dsfb": 0.0,
    "sfb": 0.020124549626032964,
    "roll-out": 0.21710541266884356,
    "sfR": 0.11914286586209158,
    "roll-in": 0.1681225160037374,
    "alternate": 0.3068756821757421,
    "dsfb-alt": 0.06059051664525043,
    "sft": 0.0,
    "sfT": 0.0000701249067436136,
    "dsfb-red": 0.013316589929673809,
    "oneh-in": 0.0049197816518181505,
    "oneh-out": 0.00700015388521202,
    "redirect": 0.02150821792483519,
    "bad-redirect": 0.0013479565407383503,
    "unknown": 0.05987563217928082
  },
  "english-450k": {
    "dsfb": 0.0,
    "sfb": 0.0432903331051084,
    "roll-out": 0.19158089716371562,
    "sfR": 0.11369548401129392,
    "roll-in": 0.1842088030118675,
    "alternate": 0.36501615797453196,
    "dsfb-alt": 0.06518297071685042,
    "sft": 0.0,
    "sfT": 0.0017377058190341933,
    "dsfb-red": 0.008322803997658891,
    "oneh-in": 0.0011495052625239651,
    "oneh-out": 0.0037946536896136997,
    "redirect": 0.021332209944331437,
    "bad-redirect": 0.0005341165093161964,
    "unknown": 0.0001543587941537776
  },
  "english-200": {
    "dsfb": 0.0,
    "sfb": 0.011135857461024499,
    "roll-out": 0.2806236080178174,
    "sfR": 0.10690423162583519,
    "roll-in": 0.17817371937639198,
    "alternate": 0.3051224944320713,
    "dsfb-alt": 0.0757238307349666,
    "sft": 0.0,
    "sfT": 0.0,
    "dsfb-red": 0.0066815144766146995,
    "oneh-in": 0.004454342984409799,
    "oneh-out": 0.017817371937639197,
    "redirect": 0.013363028953229399,
    "bad-redirect": 0.0,
    "unknown": 0.0
  },
  "english-5k": {
    "dsfb": 0.0,
    "sfb": 0.022192724105031734,
    "roll-out": 0.19264114157713527,
    "sfR": 0.10644211224955408,
    "roll-in": 0.21251088895341602,
    "alternate": 0.3664495789604679,
    "dsfb-alt": 0.06496038495042934,
    "sft": 0.0,
    "sfT": 0.0003733355456921226,
    "dsfb-red": 0.009001534823910067,
    "oneh-in": 0.0009540797278798689,
    "oneh-out": 0.004604471730202846,
    "redirect": 0.01742232546563239,
    "bad-redirect": 0.00020740863649562367,
    "unknown": 0.0022400132741527356
  },
  "movie": {
    "dsfb": 0.0,
    "sfb": 0.015147832405941431,
    "roll-out": 0.22635473065936176,
    "sfR": 0.11567713207251198,
    "roll-in": 0.13779517559691792,
    "alternate": 0.23930277359552535,
    "dsfb-alt": 0.05525122093184693,
    "sft": 0.0,
    "sfT": 0.00008711776914291249,
    "dsfb-red": 0.009243168986495298,
    "oneh-in": 0.0011701679806930178,
    "oneh-out": 0.02918787420667888,
    "redirect": 0.01576147312726077,
    "bad-redirect": 0.0005208642451172925,
    "unknown": 0.15450046842250645
  },
  "gutenberg": {
    "dsfb": 0.0,
    "sfb": 0.018688695890699526,
    "roll-out": 0.2588865739714625,
    "sfR": 0.09863878308844841,
    "roll-in": 0.17425929272642335,