{
  "english-10k": {
    "dsfb-alt": 0.06765596958761892,
    "redirect": 0.021921614789371106,
    "dsfb": 0.0,
    "unknown": 0.0,
    "sfb": 0.024565330657455472,
    "sft": 0.0,
    "bad-redirect": 0.0005596186874047201,
    "roll-out": 0.18710561355435054,
    "oneh-in": 0.0007139962563439532,
    "alternate": 0.3537754964203701,
    "oneh-out": 0.0047278130487640145,
    "dsfb-red": 0.008085525173192335,
    "roll-in": 0.22485092915999305,
    "sfR": 0.10567144593890508,
    "sfT": 0.00036664672623067866
  },
  "english-1k": {
    "dsfb-alt": 0.06986591390261115,
    "redirect": 0.014820042342978124,
    "dsfb": 0.0,
    "unknown": 0.0,
    "sfb": 0.01799576570218772,
    "sft": 0.0,
    "bad-redirect": 0.00035285815102328866,
    "roll-out": 0.23429781227946367,
    "oneh-in": 0.0014114326040931546,
    "alternate": 0.32533521524347214,
    "oneh-out": 0.011291460832745237,
    "dsfb-red": 0.008115737473535639,
    "roll-in": 0.2081863091037403,
    "sfR": 0.10832745236414962,
    "sfT": 0.0
  },
  "akl": {
    "dsfb-alt": 0.05693453331286365,
    "redirect": 0.017226689743386724,
    "dsfb": 0.0,
    "unknown": 0.10992691752439232,
    "sfb": 0.026057339156537455,
    "sft": 0.0,
    "bad-redirect": 0.0004767999290252081,
    "roll-out": 0.21857931216158263,
    "oneh-in": 0.0015609993518346079,
    "alternate": 0.2594497272835749,
    "oneh-out": 0.016515083196507366,
    "dsfb-red": 0.007800783869987266,
    "roll-in": 0.16732833808584405,
    "sfR": 0.11790358951788564,
    "sfT": 0.0002398868665781712
  },
  "shai": {
    "dsfb-alt": 0.0635254493312398,
    "redirect": 0.01599480885289443,
    "dsfb": 0.0,
    "unknown": 0.06456276146546681,
    "sfb": 0.01893496490158479,
    "sft": 0.0,
    "bad-redirect": 0.0005072557779784886,
    "roll-out": 0.22363903267027554,
    "oneh-in": 0.0013270780302282023,
    "alternate": 0.30225134713448865,
    "oneh-out": 0.012151233592175953,
    "dsfb-red": 0.008379535693374449,
    "roll-in": 0.1903102651291958,
    "sfR": 0.09823378925716947,
    "sfT": 0.00018247816392760415
  },
  "chained-bigrams": {
    "dsfb-alt": 0.06125280743116234,
    "redirect": 0.021382902119265586,
    "dsfb": 0.0,
    "unknown": 0.05987563217928082,
    "sfb": 0.01996157414832327,
    "sft": 0.0,
    "bad-redirect": 0.0013492551501224914,
    "roll-out": 0.2141225069134717,
    "oneh-in": 0.004965882284955155,
    "alternate": 0.3062419607962813,
    "oneh-out": 0.006856657548264441,
    "dsfb-red": 0.013397103711490551,
    "roll-in": 0.1713839734720075,
    "sfR": 0.11914286586209158,
    "sfT": 0.00006687838328326112
  },
  "english-450k": {
    "dsfb-alt": 0.06480789054090479,
    "redirect": 0.020948359382354335,
    "dsfb": 0.0,
    "unknown": 0.0001543587941537776,
    "sfb": 0.04255128190885698,
    "sft": 0.0,
    "bad-redirect": 0.0005358705865224894,
    "roll-out": 0.18683787239789956,
    "oneh-in": 0.0011161777956043995,
    "alternate": 0.3655289332111716,
    "oneh-out": 0.004254221917662447,
    "dsfb-red": 0.0082833372605173,
    "roll-in": 0.18957277110871126,
    "sfR": 0.11369548401129392,
    "sfT": 0.0017134410843471413
  },
  "english-5k": {
    "dsfb-alt": 0.06587298295101009,
    "redirect": 0.01750528892023064,
    "dsfb": 0.0,
    "unknown": 0.0022400132741527356,
    "sfb": 0.022275687559629984,
    "sft": 0.0,
    "bad-redirect": 0.00020740863649562367,
    "roll-out": 0.18878334093831667,
    "oneh-in": 0.0009540797278798689,
    "alternate": 0.3634628945949309,
    "oneh-out": 0.0053096610942879666,
    "dsfb-red": 0.008213382005226698,
    "roll-in": 0.21835981250259262,
    "sfR": 0.10644211224955408,
    "sfT": 0.0003733355456921226
  },
  "french": {
    "dsfb-alt": 0.04147516693625736,
    "redirect": 0.02530733630809719,
    "dsfb": 0.0,
    "unknown": 0.21023218208842423,
    "sfb": 0.015843893319542852,
    "sft": 0.0,
    "bad-redirect": 0.001251462920332142,
    "roll-out": 0.1536227515875018,
    "oneh-in": 0.0011631449833097078,
    "alternate": 0.24154942291981257,
    "oneh-out": 0.009129303048026545,
    "dsfb-red": 0.008304328119758463,
    "roll-in": 0.18301194967906131,
    "sfR": 0.10898279115633469,
    "sfT": 0.0001262669335411494
  },
  "gutenberg": {
    "dsfb-alt": 0.0584260910516507,
    "redirect": 0.015184873245957515,
    "dsfb": 0.0,
    "unknown": 0.09436925698728084,
    "sfb": 0.01855097535313857,
    "sft": 0.0,
    "bad-redirect": 0.0007579365485301032,
    "roll-out": 0.2554801218305806,
    "oneh-in": 0.0016704535078576482,
    "alternate": 0.25436244484074616,
    "oneh-out": 0.015326761392633106,
    "dsfb-red": 0.009593078434782411,
    "roll-in": 0.17755890252454817,
    "sfR": 0.09863878308844841,
    "sfT": 0.00008032119384572951
  },
  "english-200": {
    "dsfb-alt": 0.0779510022271715,
    "redirect": 0.0066815144766146995,
    "dsfb": 0.0,
    "unknown": 0.0,
    "sfb": 0.011135857461024499,
    "sft": 0.0,
    "bad-redirect": 0.0,
    "roll-out": 0.2828507795100223,
    "oneh-in": 0.004454342984409799,
    "alternate": 0.3051224944320713,
    "oneh-out": 0.017817371937639197,
    "dsfb-red": 0.0066815144766146995,
    "roll-in": 0.18040089086859687,
    "sfR": 0.10690423162583519,
    "sfT": 0.0
  },
  "keymash": {
    "dsfb-alt": 0.06390874050235415,
    "redirect": 0.0146543903650462,
    "dsfb": 0.0,
    "unknown": 0.0849421007910087,
    "sfb": 0.017884924039357507,
    "sft": 0.0,
    "bad-redirect": 0.0005664722325984245,
    "roll-out": 0.2401185486817206,
    "oneh-in": 0.0017076264402967,
    "alternate": 0.2729698333011785,
    "oneh-out": 0.01974032584467988,
    "dsfb-red": 0.008324678896446412,
    "roll-in": 0.17530673650420955,
    "sfR": 0.099723742164827,
    "sfT": 0.0001518802362763892
  },
  "movie": {
    "dsfb-alt": 0.057686702130529524,
    "redirect": 0.010880377696324564,
    "dsfb": 0.0,
    "unknown": 0.15450046842250645,
    "sfb": 0.014786333143349921,
    "sft": 0.0,
    "bad-redirect": 0.0005259965608220864,
    "roll-out": 0.2231134758950265,
    "oneh-in": 0.0011708259698859401,
    "alternate": 0.23824156862518028,
    "oneh-out": 0.029306312261404895,
    "dsfb-red": 0.008119849836338348,
    "roll-in": 0.14590594518239394,
    "sfR": 0.11567713207251198,
    "sfT": 0.00008501220372556113
  },
  "reddit": {
    "dsfb-alt": 0.060327748620303004,
    "redirect": 0.013859467651496976,
    "dsfb": 0.0,
    "unknown": 0.1039671333673072,
    "sfb": 0.021398408846542035,
    "sft": 0.0,
    "bad-redirect": 0.0003439339685736048,
    "roll-out": 0.22785056065319736,
    "oneh-in": 0.0013535985430564537,
    "alternate": 0.27317234511687366,
    "oneh-out": 0.015552730018015142,
    "dsfb-red": 0.009306931101021333,
    "roll-in": 0.16864807018470437,
    "sfR": 0.10397777127267367,
    "sfT": 0.00024130065623515165
  },
  "tr-quotes": {
    "dsfb-alt": 0.06293890571184207,
    "redirect": 0.014253022352696425,
    "dsfb": 0.0,
    "unknown": 0.09006264302720696,
    "sfb": 0.018139895055592797,
    "sft": 0.0,
    "bad-redirect": 0.0005894454589584152,
    "roll-out": 0.23773722290284552,
    "oneh-in": 0.001987933704722498,
    "alternate": 0.2753484662860313,
    "oneh-out": 0.02021104458981531,
    "dsfb-red": 0.00838168327130672,
    "roll-in": 0.17340214049605882,
    "sfR": 0.09677191928064538,
    "sfT": 0.00017567786227780217
  },
  "wordle": {
    "dsfb-alt": 0.06565690564344216,
    "redirect": 0.0277347694378997,
    "dsfb": 0.0,
    "unknown": 0.0,
    "sfb": 0.034623583529675754,
    "sft": 0.0,
    "bad-redirect": 0.0023112307864916414,
    "roll-out": 0.20038146527544037,
    "oneh-in": 0.0018624481095029732,
    "alternate": 0.3345001682935039,
    "oneh-out": 0.0063951531470885226,
    "dsfb-red": 0.01144395826321104,
    "roll-in": 0.18330528441602154,
    "sfR": 0.13138112868843263,
    "sfT": 0.0004039044092898014
  },
  "dutch": {
    "dsfb-alt": 0.053741423387328575,
    "redirect": 0.01287092134051048,
    "dsfb": 0.0,
    "unknown": 0.10091671544141545,
    "sfb": 0.054290536029976556,