{
  "english-1k": {
    "sfb": 0.017642907551164433,
    "unknown": 0.0,
    "outoneh": 0.032462949894142556,
    "red-sfs": 0.038108680310515175,
    "alt-sfs": 0.021524347212420608,
    "sft": 0.0,
    "inroll": 0.19054340155257588,
    "bad-red-sfs": 0.002117148906139732,
    "red": 0.03952011291460833,
    "sfr": 0.10832745236414962,
    "outroll": 0.29322512350035285,
    "inoneh": 0.0017642907551164433,
    "bad-red": 0.0038814396612561752,
    "alt": 0.2508821453775582
  },
  "shai": {
    "sfb": 0.019825456948204333,
    "unknown": 0.03207490216380623,
    "outoneh": 0.028386576741072436,
    "red-sfs": 0.028227735163716745,
    "alt-sfs": 0.025746733452376786,
    "sft": 0.00009459666160210773,
    "inroll": 0.1697232858965709,
    "bad-red-sfs": 0.001947972881129218,
    "red": 0.03722491456459604,
    "sfr": 0.09823378925716947,
    "outroll": 0.3023613093190465,
    "inoneh": 0.0026712555265567327,
    "bad-red": 0.0021603460826663586,
    "alt": 0.25132112534148615
  },
  "chained-bigrams": {
    "sfb": 0.02080177441986249,
    "unknown": 0.028514215552275846,
    "outoneh": 0.03368787533869356,
    "red-sfs": 0.026498773788089024,
    "alt-sfs": 0.03080950763874505,
    "sft": 0.00010843388357577289,
    "inroll": 0.14892387486859696,
    "bad-red-sfs": 0.0020518028269427683,
    "red": 0.04498902350418055,
    "sfr": 0.11914286586209158,
    "outroll": 0.2810437443064095,
    "inoneh": 0.00859549551362923,
    "bad-red": 0.0019037613571506952,
    "alt": 0.252928851139757
  },
  "english-200": {
    "sfb": 0.011135857461024499,
    "unknown": 0.0,
    "outoneh": 0.035634743875278395,
    "red-sfs": 0.0378619153674833,
    "alt-sfs": 0.011135857461024499,
    "sft": 0.0,
    "inroll": 0.17817371937639198,
    "bad-red-sfs": 0.0022271714922048997,
    "red": 0.024498886414253896,
    "sfr": 0.10690423162583519,
    "outroll": 0.3273942093541203,
    "inoneh": 0.0022271714922048997,
    "bad-red": 0.0,
    "alt": 0.26280623608017817
  },
  "english-450k": {
    "sfb": 0.039176437363949386,
    "unknown": 0.0,
    "outoneh": 0.03068319553107903,
    "red-sfs": 0.030310454124741787,
    "alt-sfs": 0.025541702893233414,
    "sft": 0.000059638625013959534,
    "inroll": 0.17285086075491976,
    "bad-red-sfs": 0.0022329402836108966,
    "red": 0.050011664613421845,
    "sfr": 0.11369548401129392,
    "outroll": 0.26921723135284376,
    "inoneh": 0.0037639573385035733,
    "bad-red": 0.0028328346881630775,
    "alt": 0.2596235984192256
  },
  "english-5k": {
    "sfb": 0.02372754801509935,
    "unknown": 0.0,
    "outoneh": 0.028249056290703945,
    "red-sfs": 0.028788318745592567,
    "alt-sfs": 0.02970091674617331,
    "sft": 0.00004148172729912474,
    "inroll": 0.19123076284896504,
    "bad-red-sfs": 0.002198531546853611,
    "red": 0.047703986393993446,
    "sfr": 0.10644211224955408,
    "outroll": 0.25901190525573486,
    "inoneh": 0.002530385365246609,
    "bad-red": 0.0033185381839299787,
    "alt": 0.2770564566308541
  },
  "monkeyracer": {
    "sfb": 0.018356937297652375,
    "unknown": 0.035817484398704975,
    "outoneh": 0.033307200838325224,
    "red-sfs": 0.030232885496660776,
    "alt-sfs": 0.02372745827924363,
    "sft": 0.000018572970267607176,
    "inroll": 0.16753307943757137,
    "bad-red-sfs": 0.0016266011855420178,
    "red": 0.036240752615856235,
    "sfr": 0.09690789370786869,
    "outroll": 0.31633580712263637,
    "inoneh": 0.002306958412186997,
    "bad-red": 0.001869027323771838,
    "alt": 0.23571934091371194
  },
  "tr-quotes": {
    "sfb": 0.01830979404082199,
    "unknown": 0.03570768128337302,
    "outoneh": 0.033237789232796286,
    "red-sfs": 0.030473174452740344,
    "alt-sfs": 0.02385404868126026,
    "sft": 0.00001618085573611336,
    "inroll": 0.16732160606550936,
    "bad-red-sfs": 0.0016689396916391207,
    "red": 0.03627169968331754,
    "sfr": 0.09677191928064538,
    "outroll": 0.3159439217771203,
    "inoneh": 0.002310395044035043,
    "bad-red": 0.0018503964309655348,
    "alt": 0.23626245348003977
  },
  "movie": {
    "sfb": 0.014800677307755626,
    "unknown": 0.07377795944128296,
    "outoneh": 0.03427570984203127,
    "red-sfs": 0.030927860828442608,
    "alt-sfs": 0.025269811758503753,
    "sft": 8.422261669405438e-6,
    "inroll": 0.14855487807526055,
    "bad-red-sfs": 0.001283210524037069,
    "red": 0.034955544276158594,
    "sfr": 0.11567713207251198,
    "outroll": 0.29699829278124007,
    "inoneh": 0.0017087979340192124,
    "bad-red": 0.0010079078457183787,
    "alt": 0.22075379505136855
  },
  "gutenberg": {
    "sfb": 0.017903291009368407,
    "unknown": 0.04056523388054041,
    "outoneh": 0.02804838821506227,
    "red-sfs": 0.029237482870179354,
    "alt-sfs": 0.023747983919090793,
    "sft": 0.00001780705712617588,
    "inroll": 0.16731851861955147,
    "bad-red-sfs": 0.001275477825856832,
    "red": 0.033810486689603673,
    "sfr": 0.09863878308844841,
    "outroll": 0.32412083338542846,
    "inoneh": 0.002738687498650263,
    "bad-red": 0.0017907458618483044,
    "alt": 0.2307862800792452
  },
  "keymash": {
    "sfb": 0.01868126906199587,
    "unknown": 0.03332744968454064,
    "outoneh": 0.03300726972698501,
    "red-sfs": 0.031266804316682606,
    "alt-sfs": 0.023722050957871707,
    "sft": 0.000012314613752139664,
    "inroll": 0.16491320249740368,
    "bad-red-sfs": 0.0015844803027753034,
    "red": 0.03611055239252421,
    "sfr": 0.099723742164827,
    "outroll": 0.3182629826815482,
    "inoneh": 0.002393139939165808,
    "bad-red": 0.0020483307541058976,
    "alt": 0.23494641090582194
  },
  "english-10k": {
    "sfb": 0.02334960730205901,
    "unknown": 0.0,
    "outoneh": 0.027980934370236004,
    "red-sfs": 0.029235252117867275,
    "alt-sfs": 0.02846336427317111,
    "sft": 0.00011578317670442484,
    "inroll": 0.1844811948823836,
    "bad-red-sfs": 0.002219177553501476,
    "red": 0.04534841087589973,
    "sfr": 0.10567144593890508,
    "outroll": 0.27882518670037243,
    "inoneh": 0.002740201848671388,
    "bad-red": 0.003647170066189383,
    "alt": 0.2679222708940391
  },
  "mt-quotes": {
    "sfb": 0.0173019686592319,
    "unknown": 0.03232539654080157,
    "outoneh": 0.033961463525418054,
    "red-sfs": 0.030466704916269228,
    "alt-sfs": 0.023445811070869342,
    "sft": 0.000011953000800851053,
    "inroll": 0.1681757330177741,
    "bad-red-sfs": 0.001515042851507871,
    "red": 0.035513859504428584,
    "sfr": 0.0964592223377679,
    "outroll": 0.32188534681631825,
    "inoneh": 0.002274058402361913,
    "bad-red": 0.0018303032476303176,
    "alt": 0.23483313610882012
  }
}