{
  "akl": {
    "bad-redirect": 0.012353492131995766,
    "dsfb-red": 0.021924123139777096,
    "sfb": 0.024581279085198374,
    "oneh-in": 0.007601972672970388,
    "roll-in": 0.2063448961033377,
    "unknown": 0.33541369518582,
    "dsfb-alt": 0.01772697033419735,
    "alternate": 0.12216895395572328,
    "sfR": 0.11790358951788564,
    "sfT": 0.0002029001776971877,
    "roll-out": 0.10091319329441863,
    "oneh-out": 0.009984175644767201,
    "redirect": 0.02288075875621138,
    "sft": 0.0,
    "dsfb": 0.0
  },
  "english-10k": {
    "bad-redirect": 0.004187491557476698,
    "dsfb-red": 0.022577719457362845,
    "sfb": 0.019914706393161074,
    "oneh-in": 0.008046930780957527,
    "roll-in": 0.20860269002913875,
    "unknown": 0.30337122016171053,
    "dsfb-alt": 0.020570811061152813,
    "alternate": 0.15254433530807973,
    "sfR": 0.10567144593890508,
    "sfT": 0.0000964859805870207,
    "roll-out": 0.11487620848690686,
    "oneh-out": 0.0032226317516064916,
    "redirect": 0.036317323092954594,
    "sft": 0.0,
    "dsfb": 0.0
  },
  "monkeyracer": {
    "bad-redirect": 0.016328573439479487,
    "dsfb-red": 0.029305214508031342,
    "sfb": 0.01927874313777625,
    "oneh-in": 0.008216095531538858,
    "roll-in": 0.21875342133662826,
    "unknown": 0.32982955878442843,
    "dsfb-alt": 0.016613033141999155,
    "alternate": 0.1289658179145096,
    "sfR": 0.09690789370786869,
    "sfT": 0.000013685346512973709,
    "roll-out": 0.10246218934263415,
    "oneh-out": 0.004569928210582292,
    "redirect": 0.028755845598010542,
    "sft": 0.0,
    "dsfb": 0.0
  },
  "tr-quotes": {
    "bad-redirect": 0.015878042578766093,
    "dsfb-red": 0.029521971290538823,
    "sfb": 0.019152354314509606,
    "oneh-in": 0.008137814659855297,
    "roll-in": 0.21841496960310672,
    "unknown": 0.32997156792492083,
    "dsfb-alt": 0.016581909803287026,
    "alternate": 0.12956242342987911,
    "sfR": 0.09677191928064538,
    "sfT": 0.00001271352950694621,
    "roll-out": 0.10257622338827119,
    "oneh-out": 0.004582649499549248,
    "redirect": 0.028835440697163726,
    "sft": 0.0,
    "dsfb": 0.0
  },
  "shai": {
    "bad-redirect": 0.008224680637087867,
    "dsfb-red": 0.02363985319694219,
    "sfb": 0.0184696604846433,
    "oneh-in": 0.00857550223198735,
    "roll-in": 0.2137521353045377,
    "unknown": 0.33436177191030686,
    "dsfb-alt": 0.018203918216094524,
    "alternate": 0.1377642908652469,
    "sfR": 0.09823378925716947,
    "sfT": 0.00006780956226295682,
    "roll-out": 0.10465380276954069,
    "oneh-out": 0.003938051939647632,
    "redirect": 0.03011473362453257,
    "sft": 0.0,
    "dsfb": 0.0
  },
  "english-1k": {
    "bad-redirect": 0.00529287226534933,
    "dsfb-red": 0.03175723359209598,
    "sfb": 0.01305575158786168,
    "oneh-in": 0.009527170077628794,
    "roll-in": 0.22265349329569514,
    "unknown": 0.32357092448835567,
    "dsfb-alt": 0.017290049400141144,
    "alternate": 0.13302752293577982,
    "sfR": 0.10832745236414962,
    "sfT": 0.0,
    "roll-out": 0.10515172900494002,
    "oneh-out": 0.0038814396612561752,
    "redirect": 0.02646436132674665,
    "sft": 0.0,
    "dsfb": 0.0
  },
  "keymash": {
    "bad-redirect": 0.015315274636411028,
    "dsfb-red": 0.030511508006551374,
    "sfb": 0.01969927713217275,
    "oneh-in": 0.008378042222705684,
    "roll-in": 0.22048084461830855,
    "unknown": 0.32705972177182663,
    "dsfb-alt": 0.017031110819209154,
    "alternate": 0.126647592698255,
    "sfR": 0.099723742164827,
    "sfT": 4.104871250713221e-6,
    "roll-out": 0.10150936115888726,
    "oneh-out": 0.004810909105835895,
    "redirect": 0.028828510793758953,
    "sft": 0.0,
    "dsfb": 0.0
  },
  "english-450k": {
    "bad-redirect": 0.0032862636459897996,
    "dsfb-red": 0.02248726978467533,
    "sfb": 0.0230529596837048,
    "oneh-in": 0.008558142689503192,
    "roll-in": 0.20338495972346388,
    "unknown": 0.2817214630641039,
    "dsfb-alt": 0.021455872387375088,
    "alternate": 0.1643392011113833,
    "sfR": 0.11369548401129392,
    "sfT": 0.000038297352337395584,
    "roll-out": 0.11655521454995349,
    "oneh-out": 0.0025355186016964267,
    "redirect": 0.038889353394519446,
    "sft": 0.0,
    "dsfb": 0.0
  },
  "movie": {
    "bad-redirect": 0.02551524172746377,
    "dsfb-red": 0.03357495135156902,
    "sfb": 0.018360530439303854,
    "oneh-in": 0.008607025034778018,
    "roll-in": 0.20539316894043605,
    "unknown": 0.3044481780213449,
    "dsfb-alt": 0.0175327800346076,
    "alternate": 0.13460998151181966,
    "sfR": 0.11567713207251198,
    "sfT": 7.369478960729757e-6,
    "roll-out": 0.10038493683764341,
    "oneh-out": 0.004435636747327807,
    "redirect": 0.03145306780223319,
    "sft": 0.0,
    "dsfb": 0.0
  },
  "dutch": {
    "bad-redirect": 0.002317608947236809,
    "dsfb-red": 0.019465347467054767,
    "sfb": 0.023601103088116693,
    "oneh-in": 0.0038115489305016403,
    "roll-in": 0.14973798268308444,
    "unknown": 0.4391261907974932,
    "dsfb-alt": 0.009384690809811688,
    "alternate": 0.06863639071186294,
    "sfR": 0.18880787437283908,
    "sfT": 0.00013747539939857963,
    "roll-out": 0.07642409326394212,
    "oneh-out": 0.0018135563905009968,
    "redirect": 0.016736137138157022,
    "sft": 0.0,
    "dsfb": 0.0
  },
  "french": {
    "bad-redirect": 0.002975752658718232,
    "dsfb-red": 0.01363840191546998,
    "sfb": 0.01758457318907441,
    "oneh-in": 0.007984420925654979,
    "roll-in": 0.1628393687893819,
    "unknown": 0.4351309247121723,
    "dsfb-alt": 0.012749978901826156,
    "alternate": 0.10458738946006399,
    "sfR": 0.10898279115633469,
    "sfT": 0.0000704296220428267,
    "roll-out": 0.09432896518360101,
    "oneh-out": 0.004877547217772991,
    "redirect": 0.03424945626788654,
    "sft": 0.0,
    "dsfb": 0.0
  },
  "gutenberg": {
    "bad-redirect": 0.00704761644962895,
    "dsfb-red": 0.024149211014763566,
    "sfb": 0.017115423449924092,
    "oneh-in": 0.008425390135572324,
    "roll-in": 0.22645405040458014,
    "unknown": 0.3556618674753344,
    "dsfb-alt": 0.016589925827923967,
    "alternate": 0.12065209443196057,
    "sfR": 0.09863878308844841,
    "sfT": 0.000039402849811112586,
    "roll-out": 0.0967364589643946,
    "oneh-out": 0.003523902943203444,
    "redirect": 0.02496587296445446,
    "sft": 0.0,
    "dsfb": 0.0
  },
  "english-5k": {
    "bad-redirect": 0.004687435184801095,
    "dsfb-red": 0.02161197992284399,
    "sfb": 0.01899863110299913,
    "oneh-in": 0.008213382005226698,
    "roll-in": 0.2002322976728751,
    "unknown": 0.30107437673704734,
    "dsfb-alt": 0.0238105114696976,
    "alternate": 0.1594557597378355,
    "sfR": 0.10644211224955408,
    "sfT": 0.00004148172729912474,
    "roll-out": 0.11507031152777202,
    "oneh-out": 0.0026548305471439833,
    "redirect": 0.037706890114904384,
    "sft": 0.0,
    "dsfb": 0.0
  },
  "chained-bigrams": {
    "bad-redirect": 0.00387245318350844,
    "dsfb-red": 0.024326200288421144,
    "sfb": 0.018143521010525878,
    "oneh-in": 0.01322828449155222,
    "roll-in": 0.20491991151275657,
    "unknown": 0.31981048094647846,
    "dsfb-alt": 0.02191403335737925,
    "alternate": 0.14338725375931183,
    "sfR": 0.11914286586209158,
    "sfT": 0.00005584020351806268,
    "roll-out": 0.08979234586642894,
    "oneh-out": 0.005242486083777187,
    "redirect": 0.03616432343425043,
    "sft": 0.0,
    "dsfb": 0.0
  },
  "mt-quotes": {
    "bad-redirect": 0.017635158556555623,
    "dsfb-red": 0.030133515018945508,
    "sfb": 0.019520744432889876,
    "oneh-in": 0.008219182175685206,
    "roll-in": 0.22178195335939088,
    "unknown": 0.32806654235545835,
    "dsfb-alt": 0.016015526948040305,
    "alternate": 0.12730692915456426,
    "sfR": 0.0964592223377679,
    "sfT": 0.000010458875700744673,
    "roll-out": 0.10215482721937343,
    "oneh-out": 0.004890271452648187,
    "redirect": 0.027805668112979763,
    "sft": 0.0,
    "dsfb": 0.0
  },
  "reddit": {
    "bad-redirect": 0.01088302667885531,
    "dsfb-red": 0.022475047275937715,