{
  "movie": {
    "bad-redirect": 0.029768615468352102,
    "dsfb-red": 0.01611678729143881,
    "sfb": 0.07124351666798484,
    "oneh-in": 0.051783091493792066,
    "roll-in": 0.24408977657187367,
    "unknown": 0.030236445784519856,
    "dsfb-alt": 0.03580158678041808,
    "alternate": 0.17942404626769448,
    "sfR": 0.11567713207251198,
    "sfT": 0.000624300146244678,
    "roll-out": 0.15865817053474388,
    "oneh-out": 0.012735512426849697,
    "redirect": 0.05384101849357585,
    "sft": 0.0,
    "dsfb": 0.0
  },
  "dutch": {
    "bad-redirect": 0.03610858516028104,
    "dsfb-red": 0.01759383874958674,
    "sfb": 0.04856645272479756,
    "oneh-in": 0.03299640892811541,
    "roll-in": 0.19957940453195086,
    "unknown": 0.072903632847049,
    "dsfb-alt": 0.020085519847255453,
    "alternate": 0.1640460213199295,
    "sfR": 0.18880787437283908,
    "sfT": 0.0003132868368712643,
    "roll-out": 0.15551897832916484,
    "oneh-out": 0.007016929431100009,
    "redirect": 0.056463066921059214,
    "sft": 0.0,
    "dsfb": 0.0
  },
  "tr-quotes": {
    "bad-redirect": 0.03355909479669911,
    "dsfb-red": 0.01574050530500913,
    "sfb": 0.06256443447909202,
    "oneh-in": 0.06412241973139779,
    "roll-in": 0.26286724763643926,
    "unknown": 0.013835787429786644,
    "dsfb-alt": 0.03409999768844918,
    "alternate": 0.1844166801507131,
    "sfR": 0.09677191928064538,
    "sfT": 0.000576731929451469,
    "roll-out": 0.16313769908231432,
    "oneh-out": 0.011450266984119646,
    "redirect": 0.056857215505882894,
    "sft": 0.0,
    "dsfb": 0.0
  },
  "keymash": {
    "bad-redirect": 0.03435366749721895,
    "dsfb-red": 0.016505687299117864,
    "sfb": 0.061934297430761086,
    "oneh-in": 0.06571898872391868,
    "roll-in": 0.26078247055781095,
    "unknown": 0.01232282349464109,
    "dsfb-alt": 0.03327408635828137,
    "alternate": 0.18067590810014245,
    "sfR": 0.099723742164827,
    "sfT": 0.0008456034776469236,
    "roll-out": 0.1638089921309618,
    "oneh-out": 0.01103389392191714,
    "redirect": 0.0590198388427547,
    "sft": 0.0,
    "dsfb": 0.0
  },
  "shai": {
    "bad-redirect": 0.03877588026255615,
    "dsfb-red": 0.016282415060782447,
    "sfb": 0.055055086754439285,
    "oneh-in": 0.06229496509355707,
    "roll-in": 0.25654541088724325,
    "unknown": 0.023260762136131256,
    "dsfb-alt": 0.030998936256844044,
    "alternate": 0.19672321901590675,
    "sfR": 0.09823378925716947,
    "sfT": 0.00062677013146695,
    "roll-out": 0.15801731187413554,
    "oneh-out": 0.009261861177415514,
    "redirect": 0.05392359209235229,
    "sft": 0.0,
    "dsfb": 0.0
  },
  "gutenberg": {
    "bad-redirect": 0.031279043026017625,
    "dsfb-red": 0.014800884897077104,
    "sfb": 0.04863618780459066,
    "oneh-in": 0.06993115488616175,
    "roll-in": 0.254543356963677,
    "unknown": 0.032975828246008664,
    "dsfb-alt": 0.033445820892072944,
    "alternate": 0.17933506175449523,
    "sfR": 0.09863878308844841,
    "sfT": 0.0006491998379936676,
    "roll-out": 0.16864950142134413,
    "oneh-out": 0.00782051850361616,
    "redirect": 0.05929465867849661,
    "sft": 0.0,
    "dsfb": 0.0
  },
  "chained-bigrams": {
    "bad-redirect": 0.032742487707038914,
    "dsfb-red": 0.025322233686057287,
    "sfb": 0.04812971029972554,
    "oneh-in": 0.052348242884107554,
    "roll-in": 0.26897706590897136,
    "unknown": 0.022916559801936097,
    "dsfb-alt": 0.029443370566628727,
    "alternate": 0.1844239596028593,
    "sfR": 0.11914286586209158,
    "sfT": 0.00048632921436080176,
    "roll-out": 0.1500809358298666,
    "oneh-out": 0.011483602783958798,
    "redirect": 0.05450263585239746,
    "sft": 0.0,
    "dsfb": 0.0
  },
  "mt-quotes": {
    "bad-redirect": 0.03352069662088667,
    "dsfb-red": 0.015410406282497222,
    "sfb": 0.06385143615304623,
    "oneh-in": 0.06635409569572441,
    "roll-in": 0.2665055999808752,
    "unknown": 0.007977133909467972,
    "dsfb-alt": 0.034161676288832314,
    "alternate": 0.18230268583927994,
    "sfR": 0.0964592223377679,
    "sfT": 0.0005274261603375527,
    "roll-out": 0.16373071084495763,
    "oneh-out": 0.011588434276425096,
    "redirect": 0.057610475609901866,
    "sft": 0.0,
    "dsfb": 0.0
  },
  "french": {
    "bad-redirect": 0.038502006135572184,
    "dsfb-red": 0.013459818402440734,
    "sfb": 0.04411595565333902,
    "oneh-in": 0.021185727707515204,
    "roll-in": 0.21010419224347382,
    "unknown": 0.15807962376648718,
    "dsfb-alt": 0.018786191533244782,
    "alternate": 0.17300397679415117,
    "sfR": 0.10898279115633469,
    "sfT": 0.0003962846059678385,
    "roll-out": 0.16263602029757437,
    "oneh-out": 0.00815337111663072,
    "redirect": 0.04259404058726829,
    "sft": 0.0,
    "dsfb": 0.0
  },
  "akl": {
    "bad-redirect": 0.03296802627752457,
    "dsfb-red": 0.013428956005169959,
    "sfb": 0.06487304148667407,
    "oneh-in": 0.049698276593770054,
    "roll-in": 0.24364965811784714,
    "unknown": 0.06665478384099267,
    "dsfb-alt": 0.031811216470513305,
    "alternate": 0.1765082236216449,
    "sfR": 0.11790358951788564,
    "sfT": 0.0009338984056816511,
    "roll-out": 0.14233611644227456,
    "oneh-out": 0.008189980485649475,
    "redirect": 0.05104423273437201,
    "sft": 0.0,
    "dsfb": 0.0
  },
  "english-10k": {
    "bad-redirect": 0.0461588931128307,
    "dsfb-red": 0.01821655313482951,
    "sfb": 0.05480403697342776,
    "oneh-in": 0.04691148376140947,
    "roll-in": 0.256073792477953,
    "unknown": 0.0,
    "dsfb-alt": 0.030971999768433647,
    "alternate": 0.21003068254182666,
    "sfR": 0.10567144593890508,
    "sfT": 0.0009069682175179947,
    "roll-out": 0.16281044364253874,
    "oneh-out": 0.009378437313058412,
    "redirect": 0.05806526311726906,
    "sft": 0.0,
    "dsfb": 0.0
  },
  "english-5k": {
    "bad-redirect": 0.04123283693532999,
    "dsfb-red": 0.01551416600987265,
    "sfb": 0.054424026216451656,
    "oneh-in": 0.044468411664661714,
    "roll-in": 0.26826233044343967,
    "unknown": 0.002157049819554486,
    "dsfb-alt": 0.03239722902061642,
    "alternate": 0.2212220516862322,
    "sfR": 0.10644211224955408,
    "sfT": 0.000622225909486871,
    "roll-out": 0.1519060853693948,
    "oneh-out": 0.008379308914423197,
    "redirect": 0.052972165760982286,
    "sft": 0.0,
    "dsfb": 0.0
  },
  "english-450k": {
    "bad-redirect": 0.040833455631494105,
    "dsfb-red": 0.020694895226045007,
    "sfb": 0.060587580782564,
    "oneh-in": 0.035754525080672936,
    "roll-in": 0.23918216734948994,
    "unknown": 0.00015377410175167997,
    "dsfb-alt": 0.03465325694132203,
    "alternate": 0.2108318945027805,
    "sfR": 0.11369548401129392,
    "sfT": 0.000807752553497893,
    "roll-out": 0.1763636927067224,
    "oneh-out": 0.01324094413790321,
    "redirect": 0.05320057697446239,
    "sft": 0.0,
    "dsfb": 0.0
  },
  "monkeyracer": {
    "bad-redirect": 0.03352909895678559,
    "dsfb-red": 0.01577822700470776,
    "sfb": 0.06292620079140404,
    "oneh-in": 0.06395944445313355,
    "roll-in": 0.262948292850775,
    "unknown": 0.013436077701487402,
    "dsfb-alt": 0.03407064766879898,
    "alternate": 0.18420671911412798,
    "sfR": 0.09690789370786869,
    "sfT": 0.0005884699000578695,
    "roll-out": 0.16323294805824484,
    "oneh-out": 0.011471252952124748,
    "redirect": 0.0569447268404836,
    "sft": 0.0,
    "dsfb": 0.0
  },
  "english-200": {
    "bad-redirect": 0.0378619153674833,
    "dsfb-red": 0.013363028953229399,
    "sfb": 0.0378619153674833,
    "oneh-in": 0.044543429844097995,
    "roll-in": 0.34075723830734966,
    "unknown": 0.0,
    "dsfb-alt": 0.026726057906458798,
    "alternate": 0.17817371937639198,
    "sfR": 0.10690423162583519,
    "sfT": 0.0,
    "roll-out": 0.14253897550111358,
    "oneh-out": 0.011135857461024499,
    "redirect": 0.060133630289532294,
    "sft": 0.0,
    "dsfb": 0.0
  },
  "reddit": {
    "bad-redirect": 0.03294847714077077,
    "dsfb-red": 0.013721774200345095,
    "sfb": 0.06382975455842672,
    "oneh-in": 0.057110905969344476,