{
  "dutch": {
    "dsfb": 0.0,
    "sfb": 0.03302681955513771,
    "roll-out": 0.17348086456121609,
    "sfR": 0.18880787437283908,
    "roll-in": 0.2344935836266602,
    "alternate": 0.18282167871753507,
    "dsfb-alt": 0.01732487683606402,
    "sft": 0.0,
    "sfT": 0.0000893850092607173,
    "dsfb-red": 0.02889570800978261,
    "oneh-in": 0.01194201654517418,
    "oneh-out": 0.017680982409568103,
    "redirect": 0.03541622340249085,
    "bad-redirect": 0.002999481190399609,
    "unknown": 0.07302050576387174
  },
  "english-1k": {
    "dsfb": 0.0,
    "sfb": 0.017642907551164433,
    "roll-out": 0.18136908962597037,
    "sfR": 0.10832745236414962,
    "roll-in": 0.30239943542695835,
    "alternate": 0.2508821453775582,
    "dsfb-alt": 0.021524347212420608,
    "sft": 0.0,
    "sfT": 0.0,
    "dsfb-red": 0.04022582921665491,
    "oneh-in": 0.030345800988002825,
    "oneh-out": 0.0035285815102328866,
    "redirect": 0.03705010585744531,
    "bad-redirect": 0.0067043048694424845,
    "unknown": 0.0
  },
  "shai": {
    "dsfb": 0.0,
    "sfb": 0.019931165553485487,
    "roll-out": 0.16993663831153571,
    "sfR": 0.09823378925716947,
    "roll-in": 0.30495462642349763,
    "alternate": 0.25546212990763967,
    "dsfb-alt": 0.02567043995401335,
    "sft": 0.0,
    "sfT": 0.00009243310308013326,
    "dsfb-red": 0.03085700062514843,
    "oneh-in": 0.02313286060676244,
    "oneh-out": 0.006876903660570722,
    "redirect": 0.037692161926757624,
    "bad-redirect": 0.003874882997541826,
    "unknown": 0.0232849676727975
  },
  "akl": {
    "dsfb": 0.0,
    "sfb": 0.023381039347022,
    "roll-out": 0.15696209056447882,
    "sfR": 0.11790358951788564,
    "roll-in": 0.288363838987836,
    "alternate": 0.22497664634443268,
    "dsfb-alt": 0.023995315762859442,
    "sft": 0.0,
    "sfT": 0.0002362935199197172,
    "dsfb-red": 0.027271332738820323,
    "oneh-in": 0.02373424054184694,
    "oneh-out": 0.006782317909326482,
    "redirect": 0.03305017761664716,
    "bad-redirect": 0.0030029226299183778,
    "unknown": 0.07034019451900639
  },
  "monkeyracer": {
    "dsfb": 0.0,
    "sfb": 0.019232799474482695,
    "roll-out": 0.16964453289957301,
    "sfR": 0.09690789370786869,
    "roll-in": 0.3220582370145612,
    "alternate": 0.24511237624536653,
    "dsfb-alt": 0.02419471511018659,
    "sft": 0.0,
    "sfT": 0.000015640396014827094,
    "dsfb-red": 0.03376468242175892,
    "oneh-in": 0.026606268670722744,
    "oneh-out": 0.0065386630589486525,
    "redirect": 0.03991820072884245,
    "bad-redirect": 0.004865140685362154,
    "unknown": 0.011140849586311525
  },
  "tr-quotes": {
    "dsfb": 0.0,
    "sfb": 0.019161600517787383,
    "roll-out": 0.1695187351193916,
    "sfR": 0.09677191928064538,
    "roll-in": 0.3213460160421627,
    "alternate": 0.24544855643651325,
    "dsfb-alt": 0.02434063012875338,
    "sft": 0.0,
    "sfT": 0.00001271352950694621,
    "dsfb-red": 0.03398557592288667,
    "oneh-in": 0.026551628487552298,
    "oneh-out": 0.0065243521878828505,
    "redirect": 0.0399204826518111,
    "bad-redirect": 0.004821895009361781,
    "unknown": 0.011595894685744667
  },
  "reddit": {
    "dsfb": 0.0,
    "sfb": 0.020044061155220335,
    "roll-out": 0.16335518786110118,
    "sfR": 0.10397777127267367,
    "roll-in": 0.30080542802867066,
    "alternate": 0.2430308141537331,
    "dsfb-alt": 0.02565375828019531,
    "sft": 0.0,
    "sfT": 0.0001424505426361816,
    "dsfb-red": 0.028036873826763585,
    "oneh-in": 0.025601055699735382,
    "oneh-out": 0.006673862235754337,
    "redirect": 0.037085760807821555,
    "bad-redirect": 0.003156686045259418,
    "unknown": 0.04243629009043531
  },
  "keymash": {
    "dsfb": 0.0,
    "sfb": 0.019465299470882096,
    "roll-out": 0.16666598252145823,
    "sfR": 0.099723742164827,
    "roll-in": 0.32408779498631024,
    "alternate": 0.2436610525710861,
    "dsfb-alt": 0.024247474477962997,
    "sft": 0.0,
    "sfT": 8.209742501426442e-6,
    "dsfb-red": 0.03458354028725889,
    "oneh-in": 0.026316329588322463,
    "oneh-out": 0.006510325803631169,
    "redirect": 0.03924667402806911,
    "bad-redirect": 0.005295283913420055,
    "unknown": 0.010188290444270215
  },
  "english-10k": {
    "dsfb": 0.0,
    "sfb": 0.02334960730205901,
    "roll-out": 0.18606356496401072,
    "sfR": 0.10567144593890508,
    "roll-in": 0.2772428166187453,
    "alternate": 0.2679222708940391,
    "dsfb-alt": 0.02846336427317111,
    "sft": 0.0,
    "sfT": 0.00011578317670442484,
    "dsfb-red": 0.03145442967136875,
    "oneh-in": 0.020570811061152813,
    "oneh-out": 0.009011790586827734,
    "redirect": 0.044808089384612414,
    "bad-redirect": 0.005326026128403543,
    "unknown": 0.0
  },
  "wordle": {
    "dsfb": 0.0,
    "sfb": 0.03208796140468978,
    "roll-out": 0.18815213732749916,
    "sfR": 0.13138112868843263,
    "roll-in": 0.26128127454280264,
    "alternate": 0.23890945809491754,
    "dsfb-alt": 0.029911365421294737,
    "sft": 0.0,
    "sfT": 0.000022439133849433412,
    "dsfb-red": 0.033905531246493884,
    "oneh-in": 0.028116234713340064,
    "oneh-out": 0.008953214405923931,
    "redirect": 0.044092898014136656,
    "bad-redirect": 0.0031863570066195447,
    "unknown": 0.0
  },
  "chained-bigrams": {
    "dsfb": 0.0,
    "sfb": 0.020766711966490683,
    "roll-out": 0.15006210599379655,
    "sfR": 0.11914286586209158,
    "roll-in": 0.2819501736565399,
    "alternate": 0.2557767015191782,
    "dsfb-alt": 0.030898462381558706,
    "sft": 0.0,
    "sfT": 0.00010388875073127941,
    "dsfb-red": 0.02862459734992783,
    "oneh-in": 0.03020695288450363,
    "oneh-out": 0.011417373705367608,
    "redirect": 0.0441449274044889,
    "bad-redirect": 0.004502928039508892,
    "unknown": 0.022402310485816264
  },
  "english-450k": {
    "dsfb": 0.0,
    "sfb": 0.03917000574752631,
    "roll-out": 0.1764578281834601,
    "sfR": 0.11369548401129392,
    "roll-in": 0.26555910333911986,
    "alternate": 0.2595893939137029,
    "dsfb-alt": 0.02551773050474741,
    "sft": 0.0,
    "sfT": 0.000059638625013959534,
    "dsfb-red": 0.03253111586790863,
    "oneh-in": 0.02022246376515011,
    "oneh-out": 0.012885451157427844,
    "redirect": 0.04945562213902699,
    "bad-redirect": 0.00470238864387029,
    "unknown": 0.00015377410175167997
  },
  "english-200": {
    "dsfb": 0.0,
    "sfb": 0.011135857461024499,
    "roll-out": 0.16926503340757237,
    "sfR": 0.10690423162583519,
    "roll-in": 0.3363028953229399,
    "alternate": 0.26280623608017817,
    "dsfb-alt": 0.011135857461024499,
    "sft": 0.0,
    "sfT": 0.0,
    "dsfb-red": 0.0400890868596882,
    "oneh-in": 0.0400890868596882,
    "oneh-out": 0.0022271714922048997,
    "redirect": 0.0200445434298441,
    "bad-redirect": 0.0,
    "unknown": 0.0
  },
  "english-5k": {
    "dsfb": 0.0,
    "sfb": 0.023437175924005474,
    "roll-out": 0.1909818724851703,
    "sfR": 0.10644211224955408,
    "roll-in": 0.25847264280084625,
    "alternate": 0.2765171941759655,
    "dsfb-alt": 0.02941054465507944,
    "sft": 0.0,
    "sfT": 0.00004148172729912474,
    "dsfb-red": 0.03094536856514705,
    "oneh-in": 0.02136308955904924,
    "oneh-out": 0.008462272369021445,
    "redirect": 0.046583979756917075,
    "bad-redirect": 0.005185215912390592,
    "unknown": 0.002157049819554486
  },
  "movie": {
    "dsfb": 0.0,
    "sfb": 0.017623187749715125,
    "roll-out": 0.16156056086472415,
    "sfR": 0.11567713207251198,
    "roll-in": 0.3046728155318086,
    "alternate": 0.24001353352172003,
    "dsfb-alt": 0.027114945053296466,
    "sft": 0.0,
    "sfT": 7.632674637898677e-6,
    "dsfb-red": 0.036230332538526255,
    "oneh-in": 0.024207554005449994,
    "oneh-out": 0.00683756049717137,
    "redirect": 0.043889326744141824,
    "bad-redirect": 0.005507895936113987,
    "unknown": 0.016657522810182356
  },
  "gutenberg": {
    "dsfb": 0.0,
    "sfb": 0.018237836359206987,
    "roll-out": 0.16095685274283617,
    "sfR": 0.09863878308844841,
    "roll-in": 0.33377964638215535,