{
  "wordle": {
    "dsfb-alt": 0.0674969146190957,
    "redirect": 0.038034331874789634,
    "dsfb": 0.0,
    "unknown": 0.0,
    "sfb": 0.04216313250308538,
    "sft": 0.0,
    "bad-redirect": 0.0023336699203410746,
    "roll-out": 0.16946033883092113,
    "oneh-in": 0.0055424660608100525,
    "alternate": 0.28553797823404015,
    "oneh-out": 0.007921014248849995,
    "dsfb-red": 0.021115224952316842,
    "roll-in": 0.22885672613037136,
    "sfR": 0.13138112868843263,
    "sfT": 0.0001570739369460339
  },
  "dutch": {
    "dsfb-alt": 0.04727340936013997,
    "redirect": 0.025783944185884384,
    "dsfb": 0.0,
    "unknown": 0.072903632847049,
    "sfb": 0.05377821737709848,
    "sft": 0.0,
    "bad-redirect": 0.002149633266844753,
    "roll-out": 0.10536502273678501,
    "oneh-in": 0.010075976719947782,
    "alternate": 0.21888757065674294,
    "oneh-out": 0.0024754178672977065,
    "dsfb-red": 0.016962656861725857,
    "roll-in": 0.25537720312530876,
    "sfR": 0.18880787437283908,
    "sfT": 0.00015944062233626846
  },
  "reddit": {
    "dsfb-alt": 0.054593955085190334,
    "redirect": 0.027979713814125454,
    "dsfb": 0.0,
    "unknown": 0.039285447401644795,
    "sfb": 0.03774081605095107,
    "sft": 0.0,
    "bad-redirect": 0.001930030675748591,
    "roll-out": 0.15109290431110478,
    "oneh-in": 0.008967154905319833,
    "alternate": 0.26623998927219683,
    "oneh-out": 0.016937006182533347,
    "dsfb-red": 0.017774441570836557,
    "roll-in": 0.2733801588456524,
    "sfR": 0.10397777127267367,
    "sfT": 0.0001006106120222939
  },
  "chained-bigrams": {
    "dsfb-alt": 0.057649166390171085,
    "redirect": 0.040146509110718785,
    "dsfb": 0.0,
    "unknown": 0.022916559801936097,
    "sfb": 0.03220161689854419,
    "sft": 0.0,
    "bad-redirect": 0.0024770974002489435,
    "roll-out": 0.1236977382769661,
    "oneh-in": 0.013484759844920067,
    "alternate": 0.2726261582784076,
    "oneh-out": 0.006535901030381616,
    "dsfb-red": 0.023760655901627743,
    "roll-in": 0.2851544923119078,
    "sfR": 0.11914286586209158,
    "sfT": 0.00020647889207841782
  },
  "mt-quotes": {
    "dsfb-alt": 0.05790631237972293,
    "redirect": 0.029023380069566465,
    "dsfb": 0.0,
    "unknown": 0.007977133909467972,
    "sfb": 0.034436595307251884,
    "sft": 0.0,
    "bad-redirect": 0.002317388030264998,
    "roll-out": 0.1627176940270855,
    "oneh-in": 0.009330811250164354,
    "alternate": 0.2638580103034867,
    "oneh-out": 0.024493192766043916,
    "dsfb-red": 0.01714956789902105,
    "roll-in": 0.29424403246435016,
    "sfR": 0.0964592223377679,
    "sfT": 0.00008665925580617014
  },
  "shai": {
    "dsfb-alt": 0.05417075252822844,
    "redirect": 0.027428902138416346,
    "dsfb": 0.0,
    "unknown": 0.023260762136131256,
    "sfb": 0.034189887055278416,
    "sft": 0.0,
    "bad-redirect": 0.0026869074597640043,
    "roll-out": 0.15017758596719813,
    "oneh-in": 0.012631160413582596,
    "alternate": 0.28440599133090355,
    "oneh-out": 0.012399884135442015,
    "dsfb-red": 0.015885423359248557,
    "roll-in": 0.28445746776800956,
    "sfR": 0.09823378925716947,
    "sfT": 0.00007148645062767194
  },
  "gutenberg": {
    "dsfb-alt": 0.05848746856770262,
    "redirect": 0.028354518048210143,
    "dsfb": 0.0,
    "unknown": 0.032975828246008664,
    "sfb": 0.030728539749329677,
    "sft": 0.0,
    "bad-redirect": 0.0021735975900610857,
    "roll-out": 0.14996743581787245,
    "oneh-in": 0.009428836748310129,
    "alternate": 0.25488074386518467,
    "oneh-out": 0.012643957743474566,
    "dsfb-red": 0.015332823369527125,
    "roll-in": 0.3063577255917342,
    "sfR": 0.09863878308844841,
    "sfT": 0.000029741574136272482
  },
  "english-200": {
    "dsfb-alt": 0.06904231625835189,
    "redirect": 0.024498886414253896,
    "dsfb": 0.0,
    "unknown": 0.0,
    "sfb": 0.028953229398663696,
    "sft": 0.0,
    "bad-redirect": 0.0,
    "roll-out": 0.16703786191536749,
    "oneh-in": 0.011135857461024499,
    "alternate": 0.2650334075723831,
    "oneh-out": 0.008908685968819599,
    "dsfb-red": 0.015590200445434299,
    "roll-in": 0.3028953229398664,
    "sfR": 0.10690423162583519,
    "sfT": 0.0
  },
  "french": {
    "dsfb-alt": 0.030523682818122146,
    "redirect": 0.034079487311903585,
    "dsfb": 0.0,
    "unknown": 0.15807962376648718,
    "sfb": 0.03334429854081539,
    "sft": 0.0,
    "bad-redirect": 0.00420176143570837,
    "roll-out": 0.13025292654106524,
    "oneh-in": 0.019918668693469685,
    "alternate": 0.2222288741584458,
    "oneh-out": 0.011537663525080039,
    "dsfb-red": 0.01606429114338289,
    "roll-in": 0.230703380979924,
    "sfR": 0.10898279115633469,
    "sfT": 0.000082549929261003
  },
  "tr-quotes": {
    "dsfb-alt": 0.056787868981299554,
    "redirect": 0.029607498670858278,
    "dsfb": 0.0,
    "unknown": 0.013835787429786644,
    "sfb": 0.03473567416379649,
    "sft": 0.0,
    "bad-redirect": 0.002303460391576709,
    "roll-out": 0.160703636069439,
    "oneh-in": 0.009567508841681885,
    "alternate": 0.2668338688426065,
    "oneh-out": 0.02257807262892675,
    "dsfb-red": 0.017038441090127365,
    "roll-in": 0.2891438015764777,
    "sfR": 0.09677191928064538,
    "sfT": 0.00009246203277779062
  },
  "keymash": {
    "dsfb-alt": 0.05652818199357177,
    "redirect": 0.02971516298391301,
    "dsfb": 0.0,
    "unknown": 0.01232282349464109,
    "sfb": 0.034924244601068084,
    "sft": 0.0,
    "bad-redirect": 0.0025696494029464768,
    "roll-out": 0.16103409916547967,
    "oneh-in": 0.00977369844794818,
    "alternate": 0.2643413939321793,
    "oneh-out": 0.021575203293748693,
    "dsfb-red": 0.0175113807555426,
    "roll-in": 0.28989421746786914,
    "sfR": 0.099723742164827,
    "sfT": 0.00008620229626497765
  },
  "english-5k": {
    "dsfb-alt": 0.05309661094287966,
    "redirect": 0.02829053801800307,
    "dsfb": 0.0,
    "unknown": 0.002157049819554486,
    "sfb": 0.03783133529680176,
    "sft": 0.0,
    "bad-redirect": 0.00394076409341685,
    "roll-out": 0.13834156054258098,
    "oneh-in": 0.021943833741236984,
    "alternate": 0.3216078317501141,
    "oneh-out": 0.005143734185091467,
    "dsfb-red": 0.015348239100676153,
    "roll-in": 0.2657734268054922,
    "sfR": 0.10644211224955408,
    "sfT": 0.00008296345459824948
  },
  "akl": {
    "dsfb-alt": 0.056253656075339345,
    "redirect": 0.02643823390233358,
    "dsfb": 0.0,
    "unknown": 0.06665478384099267,
    "sfb": 0.042577564556021574,
    "sft": 0.0,
    "bad-redirect": 0.0019301847438643915,
    "roll-out": 0.14244565156110467,
    "oneh-in": 0.007526760210153782,
    "alternate": 0.24445109833118786,
    "oneh-out": 0.01800347216414011,
    "dsfb-red": 0.01607737640095603,
    "roll-in": 0.259489006279807,
    "sfR": 0.11790358951788564,
    "sfT": 0.00024862241621337837
  },
  "english-450k": {
    "dsfb-alt": 0.0583695501552066,
    "redirect": 0.03695109808156576,
    "dsfb": 0.0,
    "unknown": 0.00015377410175167997,
    "sfb": 0.04521806395482433,
    "sft": 0.0,
    "bad-redirect": 0.0029079676618326247,
    "roll-out": 0.14703815293331407,
    "oneh-in": 0.010881417949238175,
    "alternate": 0.31113090619721323,
    "oneh-out": 0.005763313007476462,
    "dsfb-red": 0.01586270486890904,
    "roll-in": 0.2518825633616539,
    "sfR": 0.11369548401129392,
    "sfT": 0.00014500371572021532
  },
  "english-10k": {
    "dsfb-alt": 0.05221821269369561,
    "redirect": 0.03056675864996816,
    "dsfb": 0.0,
    "unknown": 0.0,
    "sfb": 0.03805407074352097,
    "sft": 0.0,
    "bad-redirect": 0.004226085949711507,
    "roll-out": 0.14125547557939833,
    "oneh-in": 0.019084926960112696,
    "alternate": 0.31145674533490286,
    "oneh-out": 0.005557592481812393,
    "dsfb-red": 0.01505181297157523,
    "roll-in": 0.276798981108045,
    "sfR": 0.10567144593890508,
    "sfT": 0.00005789158835221242
  },
  "monkeyracer": {
    "dsfb-alt": 0.05697991773151696,
    "redirect": 0.029503652032469463,
    "dsfb": 0.0,
    "unknown": 0.013436077701487402,