{
  "english-1k": {
    "sfb": 0.03881439661256175,
    "unknown": 0.0,
    "outoneh": 0.020112914608327453,
    "red-sfs": 0.013761467889908258,
    "alt-sfs": 0.05963302752293578,
    "sft": 0.0,
    "inroll": 0.1651376146788991,
    "bad-red-sfs": 0.0,
    "red": 0.02858151023288638,
    "sfr": 0.10832745236414962,
    "outroll": 0.28405081157374734,
    "inoneh": 0.0024700070571630206,
    "bad-red": 0.0038814396612561752,
    "alt": 0.27522935779816515
  },
  "shai": {
    "sfb": 0.034189887055278416,
    "unknown": 0.023260762136131256,
    "outoneh": 0.02159440794046878,
    "red-sfs": 0.015213377185581148,
    "alt-sfs": 0.05417075252822844,
    "sft": 0.00007148645062767194,
    "inroll": 0.15017758596719813,
    "bad-red-sfs": 0.0006720461736674105,
    "red": 0.027428902138416346,
    "sfr": 0.09823378925716947,
    "outroll": 0.28445746776800956,
    "inoneh": 0.0034366366085558328,
    "bad-red": 0.0026869074597640043,
    "alt": 0.28440599133090355
  },
  "chained-bigrams": {
    "sfb": 0.03220161689854419,
    "unknown": 0.022916559801936097,
    "outoneh": 0.011790723903308143,
    "red-sfs": 0.02155756508143255,
    "alt-sfs": 0.057649166390171085,
    "sft": 0.00020647889207841782,
    "inroll": 0.1236977382769661,
    "bad-red-sfs": 0.002203090820195194,
    "red": 0.040146509110718785,
    "sfr": 0.11914286586209158,
    "outroll": 0.2851544923119078,
    "inoneh": 0.008229936971993541,
    "bad-red": 0.0024770974002489435,
    "alt": 0.2726261582784076
  },
  "english-200": {
    "sfb": 0.028953229398663696,
    "unknown": 0.0,
    "outoneh": 0.015590200445434299,
    "red-sfs": 0.015590200445434299,
    "alt-sfs": 0.06904231625835189,
    "sft": 0.0,
    "inroll": 0.16703786191536749,
    "bad-red-sfs": 0.0,
    "red": 0.024498886414253896,
    "sfr": 0.10690423162583519,
    "outroll": 0.3028953229398664,
    "inoneh": 0.004454342984409799,
    "bad-red": 0.0,
    "alt": 0.2650334075723831
  },
  "english-450k": {
    "sfb": 0.04521806395482433,
    "unknown": 0.00015377410175167997,
    "outoneh": 0.012959122400092147,
    "red-sfs": 0.014853233436687461,
    "alt-sfs": 0.0583695501552066,
    "sft": 0.00014500371572021532,
    "inroll": 0.14703815293331407,
    "bad-red-sfs": 0.0010094714322215798,
    "red": 0.03695109808156576,
    "sfr": 0.11369548401129392,
    "outroll": 0.2518825633616539,
    "inoneh": 0.0036856085566224894,
    "bad-red": 0.0029079676618326247,
    "alt": 0.31113090619721323
  },
  "english-5k": {
    "sfb": 0.03783133529680176,
    "unknown": 0.002157049819554486,
    "outoneh": 0.023851993196996723,
    "red-sfs": 0.014269714190898909,
    "alt-sfs": 0.05309661094287966,
    "sft": 0.00008296345459824948,
    "inroll": 0.13834156054258098,
    "bad-red-sfs": 0.001078524909777243,
    "red": 0.02829053801800307,
    "sfr": 0.10644211224955408,
    "outroll": 0.2657734268054922,
    "inoneh": 0.0032355747293317293,
    "bad-red": 0.00394076409341685,
    "alt": 0.3216078317501141
  },
  "monkeyracer": {
    "sfb": 0.03468062311337723,
    "unknown": 0.013436077701487402,
    "outoneh": 0.0298858642100818,
    "red-sfs": 0.01626601185542018,
    "alt-sfs": 0.05697991773151696,
    "sft": 0.00008602217808154903,
    "inroll": 0.16137271845723133,
    "bad-red-sfs": 0.0007497614839607738,
    "red": 0.029503652032469463,
    "sfr": 0.09690789370786869,
    "outroll": 0.2891449786508594,
    "inoneh": 0.0026041259364687113,
    "bad-red": 0.0023206437586999703,
    "alt": 0.2660617091824765
  },
  "tr-quotes": {
    "sfb": 0.03473567416379649,
    "unknown": 0.013835787429786644,
    "outoneh": 0.029562423429879105,
    "red-sfs": 0.01630799103118282,
    "alt-sfs": 0.056787868981299554,
    "sft": 0.00009246203277779062,
    "inroll": 0.160703636069439,
    "bad-red-sfs": 0.0007304500589445459,
    "red": 0.029607498670858278,
    "sfr": 0.09677191928064538,
    "outroll": 0.2891438015764777,
    "inoneh": 0.0025831580407295256,
    "bad-red": 0.002303460391576709,
    "alt": 0.2668338688426065
  },
  "movie": {
    "sfb": 0.03209579164587969,
    "unknown": 0.030236445784519856,
    "outoneh": 0.04006535675055459,
    "red-sfs": 0.016623570567827567,
    "alt-sfs": 0.05385115152714686,
    "sft": 0.00013844092619085186,
    "inroll": 0.16540821846925657,
    "bad-red-sfs": 0.0008226180889914592,
    "red": 0.034339271598067565,
    "sfr": 0.11567713207251198,
    "outroll": 0.2564616841707145,
    "inoneh": 0.002064506891713008,
    "bad-red": 0.0015931234339034723,
    "alt": 0.25062268807272203
  },
  "gutenberg": {
    "sfb": 0.030728539749329677,
    "unknown": 0.032975828246008664,
    "outoneh": 0.019013769401641203,
    "red-sfs": 0.014506879017717264,
    "alt-sfs": 0.05848746856770262,
    "sft": 0.000029741574136272482,
    "inroll": 0.14996743581787245,
    "bad-red-sfs": 0.00082594435180986,
    "red": 0.028354518048210143,
    "sfr": 0.09863878308844841,
    "outroll": 0.3063577255917342,
    "inoneh": 0.0030590250901434907,
    "bad-red": 0.0021735975900610857,
    "alt": 0.25488074386518467
  },
  "keymash": {
    "sfb": 0.034924244601068084,
    "unknown": 0.01232282349464109,
    "outoneh": 0.028450862638693338,
    "red-sfs": 0.016727350346656376,
    "alt-sfs": 0.05652818199357177,
    "sft": 0.00008620229626497765,
    "inroll": 0.16103409916547967,
    "bad-red-sfs": 0.0007840304088862252,
    "red": 0.02971516298391301,
    "sfr": 0.099723742164827,
    "outroll": 0.28989421746786914,
    "inoneh": 0.0028980391030035343,
    "bad-red": 0.0025696494029464768,
    "alt": 0.2643413939321793
  },
  "english-10k": {
    "sfb": 0.03805407074352097,
    "unknown": 0.0,
    "outoneh": 0.02138129329808379,
    "red-sfs": 0.014530788676405318,
    "alt-sfs": 0.05221821269369561,
    "sft": 0.00005789158835221242,
    "inroll": 0.14125547557939833,
    "bad-red-sfs": 0.0005210242951699118,
    "red": 0.03056675864996816,
    "sfr": 0.10567144593890508,
    "outroll": 0.276798981108045,
    "inoneh": 0.0032612261438413,
    "bad-red": 0.004226085949711507,
    "alt": 0.31145674533490286
  },
  "mt-quotes": {
    "sfb": 0.034436595307251884,
    "unknown": 0.007977133909467972,
    "outoneh": 0.031324332723730294,
    "red-sfs": 0.01646376447807222,
    "alt-sfs": 0.05790631237972293,
    "sft": 0.00008665925580617014,
    "inroll": 0.1627176940270855,
    "bad-red-sfs": 0.0006858034209488292,
    "red": 0.029023380069566465,
    "sfr": 0.0964592223377679,
    "outroll": 0.29424403246435016,
    "inoneh": 0.0024996712924779765,
    "bad-red": 0.002317388030264998,
    "alt": 0.2638580103034867
  }
}