{
  "french": {
    "dsfb-alt": 0.03240388854812697,
    "redirect": 0.028528955915835808,
    "dsfb": 0.0,
    "unknown": 0.1584254645227596,
    "sfb": 0.04511199321178898,
    "sft": 0.0,
    "bad-redirect": 0.0026092519473730567,
    "roll-out": 0.20845792791916962,
    "oneh-in": 0.005128747701242907,
    "alternate": 0.2237496506048026,
    "oneh-out": 0.010536037740928747,
    "dsfb-red": 0.017269325346695095,
    "roll-in": 0.1587637694143463,
    "sfR": 0.10898279115633469,
    "sfT": 0.00003219597059562531
  },
  "english-10k": {
    "dsfb-alt": 0.04123810810289265,
    "redirect": 0.044480037050616546,
    "dsfb": 0.0,
    "unknown": 0.0,
    "sfb": 0.02265490824183246,
    "sft": 0.0,
    "bad-redirect": 0.001929719611740414,
    "roll-out": 0.2292506898747612,
    "oneh-in": 0.005962833600277879,
    "alternate": 0.3076359005036568,
    "oneh-out": 0.007448717701317998,
    "dsfb-red": 0.015437756893923313,
    "roll-in": 0.21827058528395824,
    "sfR": 0.10567144593890508,
    "sfT": 0.00001929719611740414
  },
  "gutenberg": {
    "dsfb-alt": 0.03570352841153852,
    "redirect": 0.039171736942028176,
    "dsfb": 0.0,
    "unknown": 0.03298207965968062,
    "sfb": 0.022970156508877196,
    "sft": 0.0,
    "bad-redirect": 0.00293627005803964,
    "roll-out": 0.212588793753739,
    "oneh-in": 0.009607475629905703,
    "alternate": 0.2623557296858418,
    "oneh-out": 0.010477369314197188,
    "dsfb-red": 0.013707834688374606,
    "roll-in": 0.25883523660464125,
    "sfR": 0.09863878308844841,
    "sfT": 0.00002500565468782145
  },
  "tr-quotes": {
    "dsfb-alt": 0.03514828598506738,
    "redirect": 0.04459674995954786,
    "dsfb": 0.0,
    "unknown": 0.013894731975682485,
    "sfb": 0.026406000785927277,
    "sft": 0.0,
    "bad-redirect": 0.003645315642264395,
    "roll-out": 0.2179029610965997,
    "oneh-in": 0.017750398742516355,
    "alternate": 0.27026421025866254,
    "oneh-out": 0.01291232287741846,
    "dsfb-red": 0.012814081967592058,
    "roll-in": 0.24784563463627748,
    "sfR": 0.09677191928064538,
    "sfT": 0.00004738679179861769
  },
  "keymash": {
    "dsfb-alt": 0.034994027412330216,
    "redirect": 0.043532159613813716,
    "dsfb": 0.0,
    "unknown": 0.012376186820900362,
    "sfb": 0.025762171969476177,
    "sft": 0.0,
    "bad-redirect": 0.003558923374368363,
    "roll-out": 0.21706148686646443,
    "oneh-in": 0.017540114854297593,
    "alternate": 0.27130736044463966,
    "oneh-out": 0.0125116475721739,
    "dsfb-red": 0.013037071092265191,
    "roll-in": 0.24853763961693343,
    "sfR": 0.099723742164827,
    "sfT": 0.0000574681975099851
  },
  "wordle": {
    "dsfb-alt": 0.050936833838213846,
    "redirect": 0.044137776281835524,
    "dsfb": 0.0,
    "unknown": 0.0,
    "sfb": 0.029956243688993606,
    "sft": 0.0,
    "bad-redirect": 0.0021990351172444743,
    "roll-out": 0.22335913833726018,
    "oneh-in": 0.005093683383821384,
    "alternate": 0.2904521485470661,
    "oneh-out": 0.01025468416919107,
    "dsfb-red": 0.018759115898126334,
    "roll-in": 0.19347021204981488,
    "sfR": 0.13138112868843263,
    "sfT": 0.0
  },
  "monkeyracer": {
    "dsfb-alt": 0.03506576786524235,
    "redirect": 0.044721757354896224,
    "dsfb": 0.0,
    "unknown": 0.013491796612290222,
    "sfb": 0.026271955205905813,
    "sft": 0.0,
    "bad-redirect": 0.0036989536575066082,
    "roll-out": 0.21803298559519527,
    "oneh-in": 0.01824354442654488,
    "alternate": 0.27016438056211584,
    "oneh-out": 0.01299325898931761,
    "dsfb-red": 0.012828057306410998,
    "roll-in": 0.24752686238015548,
    "sfR": 0.09690789370786869,
    "sfT": 0.00005278633655004145
  },
  "english-450k": {
    "dsfb-alt": 0.04564752052416504,
    "redirect": 0.04597114776872609,
    "dsfb": 0.0,
    "unknown": 0.00015377410175167997,
    "sfb": 0.033739675063044455,
    "sft": 0.0,
    "bad-redirect": 0.0013699342981147763,
    "roll-out": 0.1989515295845585,
    "oneh-in": 0.006217911350107378,
    "alternate": 0.3226177731288235,
    "oneh-out": 0.004767581846704176,
    "dsfb-red": 0.016298300708471783,
    "roll-in": 0.21054948807256735,
    "sfR": 0.11369548401129392,
    "sfT": 0.000019879541671319842
  },
  "movie": {
    "dsfb-alt": 0.036655788350669814,
    "redirect": 0.037362468743868366,
    "dsfb": 0.0,
    "unknown": 0.030282373430185833,
    "sfb": 0.037300617759733666,
    "sft": 0.0,
    "bad-redirect": 0.005575274029469231,
    "roll-out": 0.2029978250825217,
    "oneh-in": 0.026477485123193343,
    "alternate": 0.25413740314563577,
    "oneh-out": 0.015069663289822262,
    "dsfb-red": 0.012755515298314535,
    "roll-in": 0.22556817037814245,
    "sfR": 0.11567713207251198,
    "sfT": 0.00014028329593103431
  },
  "mt-quotes": {
    "dsfb-alt": 0.034578537191761995,
    "redirect": 0.04538106166553113,
    "dsfb": 0.0,
    "unknown": 0.007995063410669249,
    "sfb": 0.02590364686054434,
    "sft": 0.0,
    "bad-redirect": 0.0037666893773681885,
    "roll-out": 0.21854119601726013,
    "oneh-in": 0.019561085810592748,
    "alternate": 0.2700362175924266,
    "oneh-out": 0.013641362163971264,
    "dsfb-red": 0.012611909969997968,
    "roll-in": 0.25148516034950574,
    "sfR": 0.0964592223377679,
    "sfT": 0.00003884725260276592
  },
  "reddit": {
    "dsfb-alt": 0.036762653161021744,
    "redirect": 0.04293192658272086,
    "dsfb": 0.0,
    "unknown": 0.04519941109454869,
    "sfb": 0.028343125637595407,
    "sft": 0.0,
    "bad-redirect": 0.004326518518851474,
    "roll-out": 0.20899551016715934,
    "oneh-in": 0.012893291133811552,
    "alternate": 0.26153477630526445,
    "oneh-out": 0.0106427748301915,
    "dsfb-red": 0.013826954616785379,
    "roll-in": 0.23042317325345915,
    "sfR": 0.10397777127267367,
    "sfT": 0.0001421134259168217
  },
  "shai": {
    "dsfb-alt": 0.03682219852843961,
    "redirect": 0.04379326149441748,
    "dsfb": 0.0,
    "unknown": 0.024097749651430984,
    "sfb": 0.022430578799510655,
    "sft": 0.0,
    "bad-redirect": 0.00326406282076013,
    "roll-out": 0.21955193128754877,
    "oneh-in": 0.010065845716835319,
    "alternate": 0.2779318965963006,
    "oneh-out": 0.009853975668442823,
    "dsfb-red": 0.014196918813995275,
    "roll-in": 0.2396945372740494,
    "sfR": 0.09823378925716947,
    "sfT": 0.00006325409109951502
  },
  "akl": {
    "dsfb-alt": 0.034498482182762316,
    "redirect": 0.04049850374284227,
    "dsfb": 0.0,
    "unknown": 0.07331127266302054,
    "sfb": 0.03391636002409277,
    "sft": 0.0,
    "bad-redirect": 0.004852195119714822,
    "roll-out": 0.19585027937031185,
    "oneh-in": 0.014308210759942016,
    "alternate": 0.247661877479022,
    "oneh-out": 0.00899005770543008,
    "dsfb-red": 0.013674604617252202,
    "roll-in": 0.21433810988231047,
    "sfR": 0.11790358951788564,
    "sfT": 0.00019645693541306324
  },
  "dutch": {
    "dsfb-alt": 0.02790802607094448,
    "redirect": 0.0313220313624653,
    "dsfb": 0.0,
    "unknown": 0.07360270072188302,
    "sfb": 0.02116065026957694,
    "sft": 0.0,
    "bad-redirect": 0.0033615935799723644,
    "roll-out": 0.20255207918496937,
    "oneh-in": 0.004745205386310175,
    "alternate": 0.22350344122423718,
    "oneh-out": 0.0024351811650347075,
    "dsfb-red": 0.014249960794318405,
    "roll-in": 0.20629384146430899,
    "sfR": 0.18880787437283908,
    "sfT": 0.000057414403139983306
  },
  "chained-bigrams": {
    "dsfb-alt": 0.05312091546767144,
    "redirect": 0.04918742764310838,
    "dsfb": 0.0,
    "unknown": 0.023159399756770463,
    "sfb": 0.02250360201777926,
    "sft": 0.0,
    "bad-redirect": 0.003783498440694782,
    "roll-out": 0.18617578366206547,
    "oneh-in": 0.009948646491904144,
    "alternate": 0.2926955170056145,
    "oneh-out": 0.009363622964348627,
    "dsfb-red": 0.02220362325004269,
    "roll-in": 0.2086339343513998,
    "sfR": 0.11914286586209158,
    "sfT": 0.00008116308650881204
  },
  "english-1k": {
    "dsfb-alt": 0.03493295695130558,
    "redirect": 0.04269583627381793,
    "dsfb": 0.0,
    "unknown": 0.0,