{
  "monkeyracer": {
    "bad-redirect": 0.0008582667313136368,
    "dsfb-red": 0.012185823545052162,
    "sfb": 0.011241534635656974,
    "oneh-in": 0.002247329402380468,
    "roll-in": 0.20006999077216636,
    "unknown": 0.061826485446611505,
    "dsfb-alt": 0.04590749487777031,
    "alternate": 0.2918273065674023,
    "sfR": 0.09690789370786869,
    "sfT": 0.00003128079202965419,
    "roll-out": 0.22670460766066597,
    "oneh-out": 0.02213409293523312,
    "redirect": 0.02805789292584888,
    "sft": 0.0,
    "dsfb": 0.0
  },
  "english-5k": {
    "bad-redirect": 0.0015348239100676153,
    "dsfb-red": 0.014394159372796284,
    "sfb": 0.01725639855643589,
    "oneh-in": 0.0014933421827684904,
    "roll-in": 0.23636288215041273,
    "unknown": 0.0022400132741527356,
    "dsfb-alt": 0.04816028539428382,
    "alternate": 0.3482805824034513,
    "sfR": 0.10644211224955408,
    "sfT": 0.0,
    "roll-out": 0.18836852366532542,
    "oneh-out": 0.006014850458373086,
    "redirect": 0.029452026382378562,
    "sft": 0.0,
    "dsfb": 0.0
  },
  "gutenberg": {
    "bad-redirect": 0.001210690447802022,
    "dsfb-red": 0.011502411719619928,
    "sfb": 0.01221696724600222,
    "oneh-in": 0.0019472206404251265,
    "roll-in": 0.20345263682734316,
    "unknown": 0.07302882507900461,
    "dsfb-alt": 0.04103219553815768,
    "alternate": 0.27924212407123883,
    "sfR": 0.09863878308844841,
    "sfT": 0.00011574587132014323,
    "roll-out": 0.2394729035315941,
    "oneh-out": 0.012443723069194057,
    "redirect": 0.025695772869849736,
    "sft": 0.0,
    "dsfb": 0.0
  },
  "english-1k": {
    "bad-redirect": 0.0,
    "dsfb-red": 0.017290049400141144,
    "sfb": 0.012702893436838392,
    "oneh-in": 0.0024700070571630206,
    "roll-in": 0.2508821453775582,
    "unknown": 0.0,
    "dsfb-alt": 0.04199011997177135,
    "alternate": 0.3158080451658433,
    "sfR": 0.10832745236414962,
    "sfT": 0.0,
    "roll-out": 0.21312632321806635,
    "oneh-out": 0.008821453775582216,
    "redirect": 0.02858151023288638,
    "sft": 0.0,
    "dsfb": 0.0
  },
  "chained-bigrams": {
    "bad-redirect": 0.002571895885291236,
    "dsfb-red": 0.021830922356794225,
    "sfb": 0.015730704774791913,
    "oneh-in": 0.004815892901086871,
    "roll-in": 0.18499469842718924,
    "unknown": 0.044929287472510064,
    "dsfb-alt": 0.05739334034149531,
    "alternate": 0.3031499718526416,
    "sfR": 0.11914286586209158,
    "sfT": 0.000034413148679736306,
    "roll-out": 0.2002182962374741,
    "oneh-out": 0.007337143020396608,
    "redirect": 0.03785056771955751,
    "sft": 0.0,
    "dsfb": 0.0
  },
  "mt-quotes": {
    "bad-redirect": 0.0007963686783567014,
    "dsfb-red": 0.012060577808058713,
    "sfb": 0.010457381575644565,
    "oneh-in": 0.002309917404764466,
    "roll-in": 0.20031286979596227,
    "unknown": 0.05742819234768889,
    "dsfb-alt": 0.04641798448500496,
    "alternate": 0.2911392405063291,
    "sfR": 0.0964592223377679,
    "sfT": 0.00001942362630138296,
    "roll-out": 0.23079750421343279,
    "oneh-out": 0.023795436344294235,
    "redirect": 0.02800588087639402,
    "sft": 0.0,
    "dsfb": 0.0
  },
  "movie": {
    "bad-redirect": 0.0007294468192736615,
    "dsfb-red": 0.012183985885342224,
    "sfb": 0.010245418125154546,
    "oneh-in": 0.001355589335258522,
    "roll-in": 0.17735559144082394,
    "unknown": 0.10443736067901327,
    "dsfb-alt": 0.04744352116863092,
    "alternate": 0.2698966391096406,
    "sfR": 0.11567713207251198,
    "sfT": 0.000010396229248172336,
    "roll-out": 0.20592982492618347,
    "oneh-out": 0.032160274586786074,
    "redirect": 0.0225748196221326,
    "sft": 0.0,
    "dsfb": 0.0
  },
  "akl": {
    "bad-redirect": 0.0011431798714102311,
    "dsfb-red": 0.014339002023549803,
    "sfb": 0.021890729797554565,
    "oneh-in": 0.0023587223100113982,
    "roll-in": 0.19436096108888812,
    "unknown": 0.0796065062373683,
    "dsfb-alt": 0.04980279341812888,
    "alternate": 0.2725306862511494,
    "sfR": 0.11790358951788564,
    "sfT": 0.0004351047169365952,
    "roll-out": 0.2020569183632529,
    "oneh-out": 0.017201908042293938,
    "redirect": 0.026369898361570224,
    "sft": 0.0,
    "dsfb": 0.0
  },
  "keymash": {
    "bad-redirect": 0.0008825473189033426,
    "dsfb-red": 0.012774359332219544,
    "sfb": 0.012014958150837599,
    "oneh-in": 0.002093484337863743,
    "roll-in": 0.20184883401132123,
    "unknown": 0.05843694712515342,
    "dsfb-alt": 0.044476280001477755,
    "alternate": 0.29030880946419113,
    "sfR": 0.099723742164827,
    "sfT": 0.00002052435625356611,
    "roll-out": 0.22879731377225354,
    "oneh-out": 0.020992311576147414,
    "redirect": 0.027629888388550693,
    "sft": 0.0,
    "dsfb": 0.0
  },
  "shai": {
    "bad-redirect": 0.0009916219582844243,
    "dsfb-red": 0.012027477270637252,
    "sfb": 0.014197832230473245,
    "oneh-in": 0.0020190606796499787,
    "roll-in": 0.21347927535419658,
    "unknown": 0.04382122132762453,
    "dsfb-alt": 0.04619546942330599,
    "alternate": 0.3062765606804241,
    "sfR": 0.09823378925716947,
    "sfT": 0.000042338401917493414,
    "roll-out": 0.2204722641860546,
    "oneh-out": 0.012389952666448479,
    "redirect": 0.029853136563813908,
    "sft": 0.0,
    "dsfb": 0.0
  },
  "wordle": {
    "bad-redirect": 0.0019970829125995735,
    "dsfb-red": 0.01413665432514305,
    "sfb": 0.029888926287445303,
    "oneh-in": 0.00190732637720184,
    "roll-in": 0.19158532480646248,
    "unknown": 0.0,
    "dsfb-alt": 0.058678335016268374,
    "alternate": 0.3242679232581622,
    "sfR": 0.13138112868843263,
    "sfT": 0.000044878267698866824,
    "roll-out": 0.20563222259620778,
    "oneh-out": 0.007584427241108493,
    "redirect": 0.03289577022326938,
    "sft": 0.0,
    "dsfb": 0.0
  },
  "dutch": {
    "bad-redirect": 0.0007955176170232665,
    "dsfb-red": 0.008121089809287715,
    "sfb": 0.029904655870583274,
    "oneh-in": 0.0011672409123059005,
    "roll-in": 0.2143304951635448,
    "unknown": 0.0814117050575132,
    "dsfb-alt": 0.039371882126257966,
    "alternate": 0.2732220729941834,
    "sfR": 0.18880787437283908,
    "sfT": 0.00003128923593980977,
    "roll-out": 0.14248859843552386,
    "oneh-out": 0.0019248707611109331,
    "redirect": 0.018422707643886822,
    "sft": 0.0,
    "dsfb": 0.0
  },
  "english-10k": {
    "bad-redirect": 0.0010806429825746318,
    "dsfb-red": 0.013179984948187028,
    "sfb": 0.017174504544489686,
    "oneh-in": 0.0015823700816271396,
    "roll-in": 0.2414272206248432,
    "unknown": 0.0,
    "dsfb-alt": 0.05121475849559059,
    "alternate": 0.34138669651299663,
    "sfR": 0.10567144593890508,
    "sfT": 0.00005789158835221242,
    "roll-out": 0.18882306400879953,
    "oneh-out": 0.0051137569711120975,
    "redirect": 0.03328766330252214,
    "sft": 0.0,
    "dsfb": 0.0
  },
  "english-200": {
    "bad-redirect": 0.0,
    "dsfb-red": 0.013363028953229399,
    "sfb": 0.008908685968819599,
    "oneh-in": 0.004454342984409799,
    "roll-in": 0.23162583518930957,
    "unknown": 0.0,
    "dsfb-alt": 0.0467706013363029,
    "alternate": 0.3184855233853007,
    "sfR": 0.10690423162583519,
    "sfT": 0.0,
    "roll-out": 0.22494432071269488,
    "oneh-out": 0.015590200445434299,
    "redirect": 0.028953229398663696,
    "sft": 0.0,
    "dsfb": 0.0
  },
  "reddit": {
    "bad-redirect": 0.0010081288205390983,
    "dsfb-red": 0.012021132723414273,
    "sfb": 0.013030984584963433,
    "oneh-in": 0.002535192644412843,
    "roll-in": 0.1978970284472198,
    "unknown": 0.07033146252282796,
    "dsfb-alt": 0.04906700138611158,
    "alternate": 0.2895594390153045,
    "sfR": 0.10397777127267367,
    "sfT": 0.00011042445429699271,
    "roll-out": 0.21594622014433465,
    "oneh-out": 0.01679260785440753,
    "redirect": 0.02772260612949365,
    "sft": 0.0,
    "dsfb": 0.0
  },
  "french": {
    "bad-redirect": 0.0013337881220180242,
    "dsfb-red": 0.008050415923548758,
    "sfb": 0.03387840107768558,
    "oneh-in": 0.00019888390398181756,
    "roll-in": 0.15363341865640087,