{
  "monkeyracer": {
    "bad-redirect": 0.0015835900965012434,
    "dsfb-red": 0.008836823748377309,
    "sfb": 0.01637842720177675,
    "oneh-in": 0.005339240189561599,
    "roll-in": 0.1940103148411718,
    "unknown": 0.013491796612290222,
    "dsfb-alt": 0.055878247337222575,
    "alternate": 0.3269468382939456,
    "sfR": 0.09690789370786869,
    "sfT": 0.0001808420789214383,
    "roll-out": 0.24561580149209378,
    "oneh-out": 0.021462533431346482,
    "redirect": 0.013367650968922533,
    "sft": 0.0,
    "dsfb": 0.0
  },
  "mt-quotes": {
    "bad-redirect": 0.0014582660977038285,
    "dsfb-red": 0.008945326974336908,
    "sfb": 0.015477641912002009,
    "oneh-in": 0.005576074873597016,
    "roll-in": 0.19445440527844515,
    "unknown": 0.007995063410669249,
    "dsfb-alt": 0.05547835909205006,
    "alternate": 0.32657391138045205,
    "sfR": 0.0964592223377679,
    "sfT": 0.00014941251001063816,
    "roll-out": 0.25139103046819905,
    "oneh-out": 0.022878043532828917,
    "redirect": 0.013163242131937224,
    "sft": 0.0,
    "dsfb": 0.0
  },
  "reddit": {
    "bad-redirect": 0.001592876498975446,
    "dsfb-red": 0.00923141695588472,
    "sfb": 0.018599291268283667,
    "oneh-in": 0.005439827755830855,
    "roll-in": 0.18178464721765397,
    "unknown": 0.04519941109454869,
    "dsfb-alt": 0.05562688071330901,
    "alternate": 0.3175264547663341,
    "sfR": 0.10397777127267367,
    "sfT": 0.000274487924385469,
    "roll-out": 0.23190674902053546,
    "oneh-out": 0.0155340387687973,
    "redirect": 0.013306146742787623,
    "sft": 0.0,
    "dsfb": 0.0
  },
  "wordle": {
    "bad-redirect": 0.0008526870862784697,
    "dsfb-red": 0.010950297318523506,
    "sfb": 0.03964994951194884,
    "oneh-in": 0.011825423538651408,
    "roll-in": 0.18357455402221473,
    "unknown": 0.0,
    "dsfb-alt": 0.06792325816223493,
    "alternate": 0.33034892853135867,
    "sfR": 0.13138112868843263,
    "sfT": 0.000381465275440368,
    "roll-out": 0.19849657803208795,
    "oneh-out": 0.006081005273196455,
    "redirect": 0.018534724559632,
    "sft": 0.0,
    "dsfb": 0.0
  },
  "akl": {
    "bad-redirect": 0.0014732721299661445,
    "dsfb-red": 0.010117934876415515,
    "sfb": 0.027218299898481763,
    "oneh-in": 0.006030503052424078,
    "roll-in": 0.17412942813374832,
    "unknown": 0.07331127266302054,
    "dsfb-alt": 0.05100960030709484,
    "alternate": 0.2958925197798245,
    "sfR": 0.11790358951788564,
    "sfT": 0.001497620151289807,
    "roll-out": 0.21291179907591515,
    "oneh-out": 0.01588804420460714,
    "redirect": 0.012616116209326568,
    "sft": 0.0,
    "dsfb": 0.0
  },
  "movie": {
    "bad-redirect": 0.001320452712356471,
    "dsfb-red": 0.010279107171832167,
    "sfb": 0.014485237288668676,
    "oneh-in": 0.004160334069009117,
    "roll-in": 0.16568207357135084,
    "unknown": 0.030282373430185833,
    "dsfb-alt": 0.05585972933746147,
    "alternate": 0.3087951178254668,
    "sfR": 0.11567713207251198,
    "sfT": 0.0000972508027139159,
    "roll-out": 0.246366682375062,
    "oneh-out": 0.0304105497249671,
    "redirect": 0.016583959618413642,
    "sft": 0.0,
    "dsfb": 0.0
  },
  "dutch": {
    "bad-redirect": 0.0018604812790135941,
    "dsfb-red": 0.008621502414793852,
    "sfb": 0.03476850932234544,
    "oneh-in": 0.002826753849535318,
    "roll-in": 0.20220181905038587,
    "unknown": 0.07360270072188302,
    "dsfb-alt": 0.048421518114997286,
    "alternate": 0.27254878960145906,
    "sfR": 0.18880787437283908,
    "sfT": 0.0002782321341421365,
    "roll-out": 0.14502514238036815,
    "oneh-out": 0.00735358009285928,
    "redirect": 0.01368309666537792,
    "sft": 0.0,
    "dsfb": 0.0
  },
  "english-200": {
    "bad-redirect": 0.0,
    "dsfb-red": 0.0022271714922048997,
    "sfb": 0.008908685968819599,
    "oneh-in": 0.004454342984409799,
    "roll-in": 0.18262806236080179,
    "unknown": 0.0,
    "dsfb-alt": 0.0645879732739421,
    "alternate": 0.3429844097995546,
    "sfR": 0.10690423162583519,
    "sfT": 0.0,
    "roll-out": 0.2583518930957684,
    "oneh-out": 0.011135857461024499,
    "redirect": 0.017817371937639197,
    "sft": 0.0,
    "dsfb": 0.0
  },
  "tr-quotes": {
    "bad-redirect": 0.0015787892096807748,
    "dsfb-red": 0.00884283765978595,
    "sfb": 0.016519497931162017,
    "oneh-in": 0.005292295601118791,
    "roll-in": 0.1938605210235547,
    "unknown": 0.013894731975682485,
    "dsfb-alt": 0.055974203092854995,
    "alternate": 0.327506298975983,
    "sfR": 0.09677191928064538,
    "sfT": 0.0001941702688333603,
    "roll-out": 0.245104135364416,
    "oneh-out": 0.021028177804489033,
    "redirect": 0.013432421811793532,
    "sft": 0.0,
    "dsfb": 0.0
  },
  "chained-bigrams": {
    "bad-redirect": 0.0037646686046247375,
    "dsfb-red": 0.010038899844101943,
    "sfb": 0.020780347365024165,
    "oneh-in": 0.004746417299035328,
    "roll-in": 0.17787247525986796,
    "unknown": 0.023159399756770463,
    "dsfb-alt": 0.06548887124223025,
    "alternate": 0.3358463589265435,
    "sfR": 0.11914286586209158,
    "sfT": 0.00008246169589295303,
    "roll-out": 0.21362384090996156,
    "oneh-out": 0.006152161957367953,
    "redirect": 0.019301231276487574,
    "sft": 0.0,
    "dsfb": 0.0
  },
  "english-10k": {
    "bad-redirect": 0.0019876112000926267,
    "dsfb-red": 0.0073715289168483815,
    "sfb": 0.023619768047702668,
    "oneh-in": 0.006001427992512688,
    "roll-in": 0.23706605430230987,
    "unknown": 0.0,
    "dsfb-alt": 0.06613149109434399,
    "alternate": 0.36313463653731115,
    "sfR": 0.10567144593890508,
    "sfT": 0.0004824299029351035,
    "roll-out": 0.16919781555739952,
    "oneh-out": 0.006425966307095579,
    "redirect": 0.012909824202543371,
    "sft": 0.0,
    "dsfb": 0.0
  },
  "english-1k": {
    "bad-redirect": 0.0014114326040931546,
    "dsfb-red": 0.007057163020465773,
    "sfb": 0.016584333098094567,
    "oneh-in": 0.0007057163020465773,
    "roll-in": 0.1993648553281581,
    "unknown": 0.0,
    "dsfb-alt": 0.06598447424135498,
    "alternate": 0.34262526464361326,
    "sfR": 0.10832745236414962,
    "sfT": 0.0,
    "roll-out": 0.2304163726182075,
    "oneh-out": 0.01305575158786168,
    "redirect": 0.014467184191954835,
    "sft": 0.0,
    "dsfb": 0.0
  },
  "english-5k": {
    "bad-redirect": 0.002530385365246609,
    "dsfb-red": 0.006968930186252956,
    "sfb": 0.021404571286348362,
    "oneh-in": 0.001244451818973742,
    "roll-in": 0.22259094868710333,
    "unknown": 0.002157049819554486,
    "dsfb-alt": 0.06516779358692495,
    "alternate": 0.37370888123781476,
    "sfR": 0.10644211224955408,
    "sfT": 0.00045629900029037207,
    "roll-out": 0.17675364002157049,
    "oneh-out": 0.0077156012776372004,
    "redirect": 0.012859335462728667,
    "sft": 0.0,
    "dsfb": 0.0
  },
  "french": {
    "bad-redirect": 0.004668880173354252,
    "dsfb-red": 0.006280910997048383,
    "sfb": 0.0482481713954667,
    "oneh-in": 0.0023767188344765,
    "roll-in": 0.1681370067542472,
    "unknown": 0.1584254645227596,
    "dsfb-alt": 0.05187527445791477,
    "alternate": 0.24725197502953034,
    "sfR": 0.10898279115633469,
    "sfT": 0.00015468748087474698,
    "roll-out": 0.1768561220503251,
    "oneh-out": 0.012444723945620541,
    "redirect": 0.014297273202047184,
    "sft": 0.0,
    "dsfb": 0.0
  },
  "shai": {
    "bad-redirect": 0.0019054370883626716,
    "dsfb-red": 0.007727162807662666,
    "sfb": 0.018751553969135193,
    "oneh-in": 0.0048942132124609825,
    "roll-in": 0.20485122845227305,
    "unknown": 0.024097749651430984,
    "dsfb-alt": 0.06014876922548166,
    "alternate": 0.3347746245471235,
    "sfR": 0.09823378925716947,
    "sfT": 0.0002452329722912789,
    "roll-out": 0.21904067350686596,
    "oneh-out": 0.012554193464087097,
    "redirect": 0.012775371845655529,
    "sft": 0.0,
    "dsfb": 0.0
  },
  "gutenberg": {
    "bad-redirect": 0.0021980349344150932,
    "dsfb-red": 0.008110167337083423,
    "sfb": 0.01844053371160069,
    "oneh-in": 0.004192235895768854,