{
  "english-1k": {
    "dsfb-alt": 0.02364149611856034,
    "redirect": 0.04728299223712068,
    "dsfb": 0.0,
    "unknown": 0.0,
    "sfb": 0.01305575158786168,
    "sft": 0.0,
    "bad-redirect": 0.0017642907551164433,
    "roll-out": 0.24347212420606917,
    "oneh-in": 0.01058574453069866,
    "alternate": 0.2367678193366267,
    "oneh-out": 0.008468595624558928,
    "dsfb-red": 0.011291460832745237,
    "roll-in": 0.2953422724064926,
    "sfR": 0.10832745236414962,
    "sfT": 0.0
  },
  "english-5k": {
    "dsfb-alt": 0.032106856929522545,
    "redirect": 0.040527647571244864,
    "dsfb": 0.0,
    "unknown": 0.00008296345459824948,
    "sfb": 0.015057867009582279,
    "sft": 0.0,
    "bad-redirect": 0.004023727548015099,
    "roll-out": 0.23939104824324886,
    "oneh-in": 0.008296345459824947,
    "alternate": 0.26270377898535696,
    "oneh-out": 0.005102252457792342,
    "dsfb-red": 0.013771933463309412,
    "roll-in": 0.2724934666279504,
    "sfR": 0.10644211224955408,
    "sfT": 0.0
  },
  "mt-quotes": {
    "dsfb-alt": 0.030003526135236252,
    "redirect": 0.03875461684655933,
    "dsfb": 0.0,
    "unknown": 0.05840236191295825,
    "sfb": 0.013375407896152328,
    "sft": 0.0,
    "bad-redirect": 0.0022068227728571257,
    "roll-out": 0.2171546479243614,
    "oneh-in": 0.007001470219098505,
    "alternate": 0.2528104493133001,
    "oneh-out": 0.007700720765948291,
    "dsfb-red": 0.008562830948709674,
    "roll-in": 0.26754551105054925,
    "sfR": 0.0964592223377679,
    "sfT": 0.000022411876501595726
  },
  "english-10k": {
    "dsfb-alt": 0.033943767970513884,
    "redirect": 0.04085216418054457,
    "dsfb": 0.0,
    "unknown": 0.0,
    "sfb": 0.014993921383223018,
    "sft": 0.0,
    "bad-redirect": 0.0036857644584241908,
    "roll-out": 0.24578838694737654,
    "oneh-in": 0.008027633584840124,
    "alternate": 0.2595086933868509,
    "oneh-out": 0.009069682175179946,
    "dsfb-red": 0.012543177476312692,
    "roll-in": 0.26587676810559424,
    "sfR": 0.10567144593890508,
    "sfT": 0.00003859439223480828
  },
  "tr-quotes": {
    "dsfb-alt": 0.030332169852754214,
    "redirect": 0.03885601349945678,
    "dsfb": 0.0,
    "unknown": 0.060635445320265366,
    "sfb": 0.01414900256582141,
    "sft": 0.0,
    "bad-redirect": 0.0024121032800906127,
    "roll-out": 0.2160028663230161,
    "oneh-in": 0.007129978502577379,
    "alternate": 0.25077205797369456,
    "oneh-out": 0.0074882688795913175,
    "dsfb-red": 0.008899470654862348,
    "roll-in": 0.26652527680821064,
    "sfR": 0.09677191928064538,
    "sfT": 0.00002542705901389242
  },
  "chained-bigrams": {
    "dsfb-alt": 0.04125227500131484,
    "redirect": 0.049421177332253756,
    "dsfb": 0.0,
    "unknown": 0.03813561247937646,
    "sfb": 0.017068921745149207,
    "sft": 0.0,
    "bad-redirect": 0.005830756134793057,
    "roll-out": 0.1854427186647179,
    "oneh-in": 0.012648455401533268,
    "alternate": 0.27081005305468636,
    "oneh-out": 0.005401565733334459,
    "dsfb-red": 0.018242215323720595,
    "roll-in": 0.23650079312568137,
    "sfR": 0.11914286586209158,
    "sfT": 0.00010259014134713841
  },
  "shai": {
    "dsfb-alt": 0.03343175911937982,
    "redirect": 0.04091562028874488,
    "dsfb": 0.0,
    "unknown": 0.04028886563891315,
    "sfb": 0.014784028866437765,
    "sft": 0.0,
    "bad-redirect": 0.0027966025861142735,
    "roll-out": 0.22195559836055676,
    "oneh-in": 0.008137147471554817,
    "alternate": 0.25073966995630775,
    "oneh-out": 0.007391292601976757,
    "dsfb-red": 0.010278528551076856,
    "roll-in": 0.2710124571429633,
    "sfR": 0.09823378925716947,
    "sfT": 0.00003464015880442143
  },
  "wordle": {
    "dsfb-alt": 0.04142264108605408,
    "redirect": 0.04683047234376753,
    "dsfb": 0.0,
    "unknown": 0.0,
    "sfb": 0.03525187927745989,
    "sft": 0.0,
    "bad-redirect": 0.003769774486704813,
    "roll-out": 0.2339728486480422,
    "oneh-in": 0.007045888028722092,
    "alternate": 0.24968024234264558,
    "oneh-out": 0.012924941097273645,
    "dsfb-red": 0.01427128912823965,
    "roll-in": 0.22297767306181981,
    "sfR": 0.13138112868843263,
    "sfT": 0.00047122181083810165
  },
  "dutch": {
    "dsfb-alt": 0.02891089539249953,
    "redirect": 0.027652189498801667,
    "dsfb": 0.0,
    "unknown": 0.08614150789157564,
    "sfb": 0.021954572045913306,
    "sft": 0.0,
    "bad-redirect": 0.003613646754531623,
    "roll-out": 0.19133193848489594,
    "oneh-in": 0.007834250893912851,
    "alternate": 0.21003291412451336,
    "oneh-out": 0.008878934827623565,
    "dsfb-red": 0.013098947250795042,
    "roll-in": 0.211707865475579,
    "sfR": 0.18880787437283908,
    "sfT": 0.00003446298651937786
  },
  "french": {
    "dsfb-alt": 0.025254839946548997,
    "redirect": 0.041552338385553805,
    "dsfb": 0.0,
    "unknown": 0.1882397872590941,
    "sfb": 0.03594178974509046,
    "sft": 0.0,
    "bad-redirect": 0.0033746740682341534,
    "roll-out": 0.22169134078059544,
    "oneh-in": 0.0053928475475247505,
    "alternate": 0.18295675658661167,
    "oneh-out": 0.012938420464484032,
    "dsfb-red": 0.014387898342174191,
    "roll-in": 0.15925433472899644,
    "sfR": 0.10898279115633469,
    "sfT": 0.00003218098875728393
  },
  "gutenberg": {
    "dsfb-alt": 0.029814507295778628,
    "redirect": 0.03754239121498309,
    "dsfb": 0.0,
    "unknown": 0.04457712596371225,
    "sfb": 0.015465429114083754,
    "sft": 0.0,
    "bad-redirect": 0.0027138712807403794,
    "roll-out": 0.2209745916027223,
    "oneh-in": 0.006355035589487471,
    "alternate": 0.24157868275515335,
    "oneh-out": 0.008306613275805173,
    "dsfb-red": 0.010345142443196434,
    "roll-in": 0.2836256911127251,
    "sfR": 0.09863878308844841,
    "sfT": 0.00006213526316367755
  },
  "movie": {
    "dsfb-alt": 0.02886835465459581,
    "redirect": 0.03492067084893371,
    "dsfb": 0.0,
    "unknown": 0.1278003197564282,
    "sfb": 0.013761449176454147,
    "sft": 0.0,
    "bad-redirect": 0.0014188878956176473,
    "roll-out": 0.19037864514498068,
    "oneh-in": 0.005548954461752339,
    "alternate": 0.2309934228716254,
    "oneh-out": 0.006104428938417344,
    "dsfb-red": 0.00740790552959642,
    "roll-in": 0.2370767961558692,
    "sfR": 0.11567713207251198,
    "sfT": 0.0000430324932171184
  },
  "reddit": {
    "dsfb-alt": 0.03309130225753957,
    "redirect": 0.03745509090258694,
    "dsfb": 0.0,
    "unknown": 0.08180594175709355,
    "sfb": 0.013712409847029542,
    "sft": 0.0,
    "bad-redirect": 0.004160282518793789,
    "roll-out": 0.20676724356701703,
    "oneh-in": 0.007472266999438326,
    "alternate": 0.24778011449607512,
    "oneh-out": 0.006769715756292331,
    "dsfb-red": 0.008877032369010957,
    "roll-in": 0.24807692703876486,
    "sfR": 0.10397777127267367,
    "sfT": 0.000053901217684319034
  },
  "keymash": {
    "dsfb-alt": 0.030322683929018567,
    "redirect": 0.03891828432801205,
    "dsfb": 0.0,
    "unknown": 0.0548616042657822,
    "sfb": 0.01469133420630262,
    "sft": 0.0,
    "bad-redirect": 0.0025901737592000425,
    "roll-out": 0.21717231839023368,
    "oneh-in": 0.007273831856263829,
    "alternate": 0.24882087573323264,
    "oneh-out": 0.007807465118856547,
    "dsfb-red": 0.008784424476526293,
    "roll-in": 0.268984003316736,
    "sfR": 0.099723742164827,
    "sfT": 0.00004925845500855866
  },
  "akl": {
    "dsfb-alt": 0.03574023127026911,
    "redirect": 0.03417470925798507,
    "dsfb": 0.0,
    "unknown": 0.08182211422356886,
    "sfb": 0.020406491764854866,
    "sft": 0.0,
    "bad-redirect": 0.004321433036560072,
    "roll-out": 0.2040417467580269,
    "oneh-in": 0.008536862346695751,
    "alternate": 0.24018189272968082,
    "oneh-out": 0.006190283070219817,
    "dsfb-red": 0.008868503461569963,
    "roll-in": 0.23773178789688978,
    "sfR": 0.11790358951788564,
    "sfT": 0.00008035466579335951
  },
  "english-200": {
    "dsfb-alt": 0.024498886414253896,
    "redirect": 0.0400890868596882,
    "dsfb": 0.0,
    "unknown": 0.0,