{
  "english-1k": {
    "sfb": 0.017290049400141144,
    "unknown": 0.0,
    "outoneh": 0.016937191249117856,
    "red-sfs": 0.016937191249117856,
    "alt-sfs": 0.04798870853916726,
    "sft": 0.0,
    "inroll": 0.3073394495412844,
    "bad-red-sfs": 0.0007057163020465773,
    "red": 0.04163726182074806,
    "sfr": 0.10832745236414962,
    "outroll": 0.17043048694424842,
    "inoneh": 0.005998588567395907,
    "bad-red": 0.0007057163020465773,
    "alt": 0.26570218772053633
  },
  "shai": {
    "sfb": 0.020750546579131435,
    "unknown": 0.024097749651430984,
    "outoneh": 0.015990369493995137,
    "red-sfs": 0.01763529710651334,
    "alt-sfs": 0.047113522651025676,
    "sft": 0.0000366256785213676,
    "inroll": 0.28258203795911174,
    "bad-red-sfs": 0.0009176158715247212,
    "red": 0.03235787549235471,
    "sfr": 0.09823378925716947,
    "outroll": 0.17740989069036636,
    "inoneh": 0.005400400757609301,
    "bad-red": 0.0017574442668872902,
    "alt": 0.27571683454435847
  },
  "chained-bigrams": {
    "sfb": 0.022204921859426834,
    "unknown": 0.023159399756770463,
    "outoneh": 0.012791951738480847,
    "red-sfs": 0.028497982934974082,
    "alt-sfs": 0.0571933544963376,
    "sft": 0.00009090265688986949,
    "inroll": 0.2810502373533302,
    "bad-red-sfs": 0.001946615466827348,
    "red": 0.0425625718699131,
    "sfr": 0.11914286586209158,
    "outroll": 0.14068874345906685,
    "inoneh": 0.00833317641803275,
    "bad-red": 0.0030452390058106275,
    "alt": 0.25929203712204785
  },
  "english-200": {
    "sfb": 0.0200445434298441,
    "unknown": 0.0,
    "outoneh": 0.013363028953229399,
    "red-sfs": 0.024498886414253896,
    "alt-sfs": 0.04899777282850779,
    "sft": 0.0,
    "inroll": 0.2962138084632517,
    "bad-red-sfs": 0.0,
    "red": 0.0334075723830735,
    "sfr": 0.10690423162583519,
    "outroll": 0.17817371937639198,
    "inoneh": 0.0022271714922048997,
    "bad-red": 0.0022271714922048997,
    "alt": 0.2739420935412027
  },
  "english-450k": {
    "sfb": 0.03467635229120488,
    "unknown": 0.00015377410175167997,
    "outoneh": 0.013336541345646175,
    "red-sfs": 0.01979329954201044,
    "alt-sfs": 0.04932903623397285,
    "sft": 0.00006723962624122889,
    "inroll": 0.2669582722573395,
    "bad-red-sfs": 0.0011670460345868943,
    "red": 0.04001342453755216,
    "sfr": 0.11369548401129392,
    "outroll": 0.15223519134935898,
    "inoneh": 0.006928020272454966,
    "bad-red": 0.0023642037278818174,
    "alt": 0.2992821146687045
  },
  "english-5k": {
    "sfb": 0.024017920106193223,
    "unknown": 0.002157049819554486,
    "outoneh": 0.022026797195835234,
    "red-sfs": 0.017629734102128012,
    "alt-sfs": 0.04766250466669432,
    "sft": 0.00004148172729912474,
    "inroll": 0.2783838719044261,
    "bad-red-sfs": 0.00045629900029037207,
    "red": 0.033434272203094535,
    "sfr": 0.10644211224955408,
    "outroll": 0.15120089600530967,
    "inoneh": 0.006844485004355581,
    "bad-red": 0.0016592690919649893,
    "alt": 0.3080433069233003
  },
  "monkeyracer": {
    "sfb": 0.01787990521920015,
    "unknown": 0.013491796612290222,
    "outoneh": 0.016371584528520264,
    "red-sfs": 0.01996398798817586,
    "alt-sfs": 0.04373152478220749,
    "sft": 0.000017595445516680483,
    "inroll": 0.28595433786383473,
    "bad-red-sfs": 0.002103633263994244,
    "red": 0.03721436726777922,
    "sfr": 0.09690789370786869,
    "outroll": 0.19345605830739634,
    "inoneh": 0.005306981872781019,
    "bad-red": 0.0015278711856984218,
    "alt": 0.2660724619547367
  },
  "tr-quotes": {
    "sfb": 0.01802431751462056,
    "unknown": 0.013894731975682485,
    "outoneh": 0.016344975844293938,
    "red-sfs": 0.01996948752918333,
    "alt-sfs": 0.043872078777651924,
    "sft": 0.00001733663114583574,
    "inroll": 0.2858232588243452,
    "bad-red-sfs": 0.002086174614548901,
    "red": 0.03730149557338018,
    "sfr": 0.09677191928064538,
    "outroll": 0.1923372090335406,
    "inoneh": 0.005281893622431289,
    "bad-red": 0.0015556737014863272,
    "alt": 0.266719447077044
  },
  "movie": {
    "sfb": 0.015952289993208236,
    "unknown": 0.030282373430185833,
    "outoneh": 0.016908479888362922,
    "red-sfs": 0.024120831029822834,
    "alt-sfs": 0.04693318475060038,
    "sft": 0.000015002153598628435,
    "inroll": 0.2550830652137037,
    "bad-red-sfs": 0.003589199449552561,
    "red": 0.03690332388504718,
    "sfr": 0.11567713207251198,
    "outroll": 0.19549964343565635,
    "inoneh": 0.003854237496461663,
    "bad-red": 0.0010490979691953149,
    "alt": 0.2541321392320924
  },
  "gutenberg": {
    "sfb": 0.020156830919719346,
    "unknown": 0.03298207965968062,
    "outoneh": 0.013384087234878493,
    "red-sfs": 0.016691653377676693,
    "alt-sfs": 0.05417001496171672,
    "sft": 0.00004565426348306795,
    "inroll": 0.2889301103317682,
    "bad-red-sfs": 0.0009202838672230046,
    "red": 0.0361750365518263,
    "sfr": 0.09863878308844841,
    "outroll": 0.18787941818661266,
    "inoneh": 0.004467108660556952,
    "bad-red": 0.0013836462260594536,
    "alt": 0.24417529267035007
  },
  "keymash": {
    "sfb": 0.018874198010779393,
    "unknown": 0.012376186820900362,
    "outoneh": 0.015590301010208816,
    "red-sfs": 0.020146708098500492,
    "alt-sfs": 0.04508380094658331,
    "sft": 0.00004104871250713222,
    "inroll": 0.28548558574460314,
    "bad-red-sfs": 0.002171476891627294,
    "red": 0.037337908896487464,
    "sfr": 0.099723742164827,
    "outroll": 0.1942342978412482,
    "inoneh": 0.005307598527172195,
    "bad-red": 0.0014982780065103257,
    "alt": 0.2621288683280449
  },
  "english-10k": {
    "sfb": 0.022867177399123906,
    "unknown": 0.0,
    "outoneh": 0.020300650315509157,
    "red-sfs": 0.01673066903378939,
    "alt-sfs": 0.04903417533432392,
    "sft": 0.00001929719611740414,
    "inroll": 0.28733525018814765,
    "bad-red-sfs": 0.00040524111846548696,
    "red": 0.03388587638216167,
    "sfr": 0.10567144593890508,
    "outroll": 0.1547249184693464,
    "inoneh": 0.007950444800370507,
    "bad-red": 0.002180583161266668,
    "alt": 0.29889427066247276
  },
  "mt-quotes": {
    "sfb": 0.017052449767514133,
    "unknown": 0.007995063410669249,
    "outoneh": 0.016536976607977434,
    "red-sfs": 0.02031711311124658,
    "alt-sfs": 0.043628452923106346,
    "sft": 0.000010458875700744673,
    "inroll": 0.28973625703732925,
    "bad-red-sfs": 0.002244175900359785,
    "red": 0.03712751461254348,
    "sfr": 0.0964592223377679,
    "outroll": 0.19664927505050142,
    "inoneh": 0.005183119972269038,
    "bad-red": 0.0013910304681990413,
    "alt": 0.26566888992481563
  }
}