{
  "dutch": {
    "dsfb": 0.0,
    "sfb": 0.027522800887603005,
    "roll-out": 0.1713781561828839,
    "sfR": 0.18880787437283908,
    "roll-in": 0.17592834625109588,
    "alternate": 0.2716056118939118,
    "dsfb-alt": 0.03707695563372824,
    "sft": 0.0,
    "sfT": 0.00008748434507182342,
    "dsfb-red": 0.013166456691089245,
    "oneh-in": 0.006051660985055436,
    "oneh-out": 0.0016040709214552675,
    "redirect": 0.032437685379757546,
    "bad-redirect": 0.0014292636084597345,
    "unknown": 0.072903632847049
  },
  "english-1k": {
    "dsfb": 0.0,
    "sfb": 0.010938602681721948,
    "roll-out": 0.21700776287932252,
    "sfR": 0.10832745236414962,
    "roll-in": 0.2240649258997883,
    "alternate": 0.32780522230063514,
    "dsfb-alt": 0.03458009880028229,
    "sft": 0.0,
    "sfT": 0.0,
    "dsfb-red": 0.013761467889908258,
    "oneh-in": 0.006351446718419196,
    "oneh-out": 0.010232886379675371,
    "redirect": 0.0465772759350741,
    "bad-redirect": 0.00035285815102328866,
    "unknown": 0.0
  },
  "shai": {
    "dsfb": 0.0,
    "sfb": 0.017460807466359182,
    "roll-out": 0.21749269963491208,
    "sfR": 0.09823378925716947,
    "roll-in": 0.19770422057243037,
    "alternate": 0.3290924231948336,
    "dsfb-alt": 0.04094613459176321,
    "sft": 0.0,
    "sfT": 0.00008360857100481696,
    "dsfb-red": 0.013670001359287573,
    "oneh-in": 0.00970659824196743,
    "oneh-out": 0.008510347770164598,
    "redirect": 0.04163457581712845,
    "bad-redirect": 0.0022040313868479794,
    "unknown": 0.023260762136131256
  },
  "akl": {
    "dsfb": 0.0,
    "sfb": 0.02080510542693233,
    "roll-out": 0.20102333556492552,
    "sfR": 0.11790358951788564,
    "roll-in": 0.17007291148187015,
    "alternate": 0.3073182469771591,
    "dsfb-alt": 0.04156015181765724,
    "sft": 0.0,
    "sfT": 0.00026999663340590655,
    "dsfb-red": 0.014606272669835503,
    "oneh-in": 0.014862639367640377,
    "oneh-out": 0.008750170838851908,
    "redirect": 0.033135860348175464,
    "bad-redirect": 0.003036935514668227,
    "unknown": 0.06665478384099267
  },
  "monkeyracer": {
    "dsfb": 0.0,
    "sfb": 0.018093983139653096,
    "roll-out": 0.22390497677401192,
    "sfR": 0.09690789370786869,
    "roll-in": 0.184899784162535,
    "alternate": 0.3383545521372601,
    "dsfb-alt": 0.04177354270610132,
    "sft": 0.0,
    "sfT": 0.00008113455432691556,
    "dsfb-red": 0.013130112454447347,
    "oneh-in": 0.018754789871279542,
    "oneh-out": 0.011177018002095813,
    "redirect": 0.037449950732752556,
    "bad-redirect": 0.0020361840561803025,
    "unknown": 0.013436077701487402
  },
  "tr-quotes": {
    "dsfb": 0.0,
    "sfb": 0.01810637756871085,
    "roll-out": 0.2236240493747255,
    "sfR": 0.09677191928064538,
    "roll-in": 0.18568918887681746,
    "alternate": 0.33817757333394977,
    "dsfb-alt": 0.041745452023762744,
    "sft": 0.0,
    "sfT": 0.00007974850327084441,
    "dsfb-red": 0.013171216569196273,
    "oneh-in": 0.01828205543098865,
    "oneh-out": 0.0110399667136682,
    "redirect": 0.03742863086844964,
    "bad-redirect": 0.0020480340260280623,
    "unknown": 0.013835787429786644
  },
  "reddit": {
    "dsfb": 0.0,
    "sfb": 0.017951727507806593,
    "roll-out": 0.21255744796650258,
    "sfR": 0.10397777127267367,
    "roll-in": 0.18136141590520427,
    "alternate": 0.32696489884531904,
    "dsfb-alt": 0.04163309077785375,
    "sft": 0.0,
    "sfT": 0.00015009185494167226,
    "dsfb-red": 0.012350832874948238,
    "oneh-in": 0.01354688553782384,
    "oneh-out": 0.010031207643859409,
    "redirect": 0.03779303168503859,
    "bad-redirect": 0.0023961507263835224,
    "unknown": 0.039285447401644795
  },
  "keymash": {
    "dsfb": 0.0,
    "sfb": 0.01767147073432042,
    "roll-out": 0.2233911983350642,
    "sfR": 0.099723742164827,
    "roll-in": 0.1895095910316773,
    "alternate": 0.33411189058055196,
    "dsfb-alt": 0.04091325175585868,
    "sft": 0.0,
    "sfT": 0.0000779925537635512,
    "dsfb-red": 0.013554284869855058,
    "oneh-in": 0.018036804275633894,
    "oneh-out": 0.010849174715635044,
    "redirect": 0.03780996909031948,
    "bad-redirect": 0.0020278063978523314,
    "unknown": 0.01232282349464109
  },
  "english-10k": {
    "dsfb": 0.0,
    "sfb": 0.016788560622141603,
    "roll-out": 0.19659983404411338,
    "sfR": 0.10567144593890508,
    "roll-in": 0.22761042820478183,
    "alternate": 0.33895524980220376,
    "dsfb-alt": 0.041064433337836014,
    "sft": 0.0,
    "sfT": 0.0,
    "dsfb-red": 0.016441211092028327,
    "oneh-in": 0.003955925204067849,
    "oneh-out": 0.006194399953686729,
    "redirect": 0.04529051928754752,
    "bad-redirect": 0.0014279925126879063,
    "unknown": 0.0
  },
  "wordle": {
    "dsfb": 0.0,
    "sfb": 0.0281386738471895,
    "roll-out": 0.19699315606417592,
    "sfR": 0.13138112868843263,
    "roll-in": 0.19977560866150568,
    "alternate": 0.3140356782228206,
    "dsfb-alt": 0.04579827218669359,
    "sft": 0.0,
    "sfT": 0.0,
    "dsfb-red": 0.021653764164703243,
    "oneh-in": 0.0065971053517334234,
    "oneh-out": 0.009020531807472231,
    "redirect": 0.04328508919555705,
    "bad-redirect": 0.003320991809716145,
    "unknown": 0.0
  },
  "chained-bigrams": {
    "dsfb": 0.0,
    "sfb": 0.018911648461245274,
    "roll-out": 0.20522183819456935,
    "sfR": 0.11914286586209158,
    "roll-in": 0.16944904548963743,
    "alternate": 0.3259782262164561,
    "dsfb-alt": 0.056512883179047714,
    "sft": 0.0,
    "sfT": 0.00006233325043876765,
    "dsfb-red": 0.02274124753507706,
    "oneh-in": 0.0065371996397657565,
    "oneh-out": 0.007191698769372817,
    "redirect": 0.04246387755671839,
    "bad-redirect": 0.0028705760436436643,
    "unknown": 0.022916559801936097
  },
  "english-450k": {
    "dsfb": 0.0,
    "sfb": 0.01960707501194234,
    "roll-out": 0.17856184379240847,
    "sfR": 0.11369548401129392,
    "roll-in": 0.21962829934613848,
    "alternate": 0.34813608832597304,
    "dsfb-alt": 0.04404897149683009,
    "sft": 0.0,
    "sfT": 0.00001403261765034342,
    "dsfb-red": 0.01878996738001089,
    "oneh-in": 0.004334617122950872,
    "oneh-out": 0.005583812440032486,
    "redirect": 0.04578083039184331,
    "bad-redirect": 0.0016652039611740857,
    "unknown": 0.00015377410175167997
  },
  "english-200": {
    "dsfb": 0.0,
    "sfb": 0.008908685968819599,
    "roll-out": 0.2182628062360802,
    "sfR": 0.10690423162583519,
    "roll-in": 0.2026726057906459,
    "alternate": 0.3518930957683742,
    "dsfb-alt": 0.044543429844097995,
    "sft": 0.0,
    "sfT": 0.0,
    "dsfb-red": 0.0022271714922048997,
    "oneh-in": 0.0066815144766146995,
    "oneh-out": 0.015590200445434299,
    "redirect": 0.0400890868596882,
    "bad-redirect": 0.0022271714922048997,
    "unknown": 0.0
  },
  "english-5k": {
    "dsfb": 0.0,
    "sfb": 0.015223793918778778,
    "roll-out": 0.19380262994151076,
    "sfR": 0.10644211224955408,
    "roll-in": 0.22590948687103332,
    "alternate": 0.339859791761729,
    "dsfb-alt": 0.04397063093707222,
    "sft": 0.0,
    "sfT": 0.0,
    "dsfb-red": 0.01646824573775252,
    "oneh-in": 0.003899282366117725,
    "oneh-out": 0.006678558095159082,
    "redirect": 0.044302484755465214,
    "bad-redirect": 0.0012859335462728667,
    "unknown": 0.002157049819554486
  },
  "movie": {
    "dsfb": 0.0,
    "sfb": 0.018898765599114294,
    "roll-out": 0.1984774393271455,
    "sfR": 0.11567713207251198,
    "roll-in": 0.18137445783335476,
    "alternate": 0.32421930569243557,
    "dsfb-alt": 0.04174309759466786,
    "sft": 0.0,
    "sfT": 0.00010277791193446323,
    "dsfb-red": 0.014710137994809518,
    "oneh-in": 0.028881514438454256,
    "oneh-out": 0.011208582705754208,
    "redirect": 0.031214612518718148,
    "bad-redirect": 0.003255730526579539,
    "unknown": 0.030236445784519856
  },
  "gutenberg": {
    "dsfb": 0.0,
    "sfb": 0.01968437559554187,
    "roll-out": 0.23080067727436848,
    "sfR": 0.09863878308844841,
    "roll-in": 0.18410148052419428,
    "alternate": 0.32618777806951044,