{
  "english-1k": {
    "sfb": 0.01058574453069866,
    "unknown": 0.0,
    "outoneh": 0.015525758645024701,
    "red-sfs": 0.01305575158786168,
    "alt-sfs": 0.03458009880028229,
    "sft": 0.0,
    "inroll": 0.21559633027522937,
    "bad-red-sfs": 0.0007057163020465773,
    "red": 0.0465772759350741,
    "sfr": 0.10832745236414962,
    "outroll": 0.22582921665490474,
    "inoneh": 0.001058574453069866,
    "bad-red": 0.00035285815102328866,
    "alt": 0.32780522230063514
  },
  "shai": {
    "sfb": 0.016479113106659487,
    "unknown": 0.023260762136131256,
    "outoneh": 0.016771847606214082,
    "red-sfs": 0.012815469280874948,
    "alt-sfs": 0.040619394680448215,
    "sft": 0.0000858379264764758,
    "inroll": 0.21679747358291174,
    "bad-red-sfs": 0.0009891565078756627,
    "red": 0.041659768308039954,
    "sfr": 0.09823378925716947,
    "outroll": 0.19921563456281255,
    "inoneh": 0.0014484192166726066,
    "bad-red": 0.002204170721564958,
    "alt": 0.3294191631061486
  },
  "chained-bigrams": {
    "sfb": 0.018094823158620592,
    "unknown": 0.022916559801936097,
    "outoneh": 0.011023895061972886,
    "red-sfs": 0.020209608540694198,
    "alt-sfs": 0.05644081035822789,
    "sft": 0.00006168394574669716,
    "inroll": 0.20456214462742572,
    "bad-red-sfs": 0.002558909791449826,
    "red": 0.04262555442504394,
    "sfr": 0.11914286586209158,
    "outroll": 0.17074895348316255,
    "inoneh": 0.002699159604937053,
    "bad-red": 0.0028647323014150297,
    "alt": 0.32605029903727595
  },
  "english-200": {
    "sfb": 0.008908685968819599,
    "unknown": 0.0,
    "outoneh": 0.0200445434298441,
    "red-sfs": 0.0022271714922048997,
    "alt-sfs": 0.044543429844097995,
    "sft": 0.0,
    "inroll": 0.2182628062360802,
    "bad-red-sfs": 0.0,
    "red": 0.0400890868596882,
    "sfr": 0.10690423162583519,
    "outroll": 0.2026726057906459,
    "inoneh": 0.0022271714922048997,
    "bad-red": 0.0022271714922048997,
    "alt": 0.3518930957683742
  },
  "english-450k": {
    "sfb": 0.018756055220689224,
    "unknown": 0.00015377410175167997,
    "outoneh": 0.008294154069956107,
    "red-sfs": 0.017549542448960738,
    "alt-sfs": 0.04430068157593312,
    "sft": 0.000014324963851392241,
    "inroll": 0.1777859569748249,
    "bad-red-sfs": 0.0014091086890553183,
    "red": 0.045780538045642256,
    "sfr": 0.11369548401129392,
    "outroll": 0.22108622985076895,
    "inoneh": 0.001622229069619909,
    "bad-red": 0.0016675427307824764,
    "alt": 0.34788437824687
  },
  "english-5k": {
    "sfb": 0.013564524826813789,
    "unknown": 0.002157049819554486,
    "outoneh": 0.009416352096901314,
    "red-sfs": 0.01601194673746215,
    "alt-sfs": 0.04401211266437134,
    "sft": 0.0,
    "inroll": 0.19280706848633178,
    "bad-red-sfs": 0.0007051893640851205,
    "red": 0.04434396648276434,
    "sfr": 0.10644211224955408,
    "outroll": 0.22827394532708342,
    "inoneh": 0.0011614883643754927,
    "bad-red": 0.0012859335462728667,
    "alt": 0.33981831003442986
  },
  "monkeyracer": {
    "sfb": 0.017508445813848007,
    "unknown": 0.013436077701487402,
    "outoneh": 0.028556430548821496,
    "red-sfs": 0.011348084833507984,
    "alt-sfs": 0.041914306270234764,
    "sft": 0.00008113455432691556,
    "inroll": 0.2233331247947198,
    "bad-red-sfs": 0.0018612071257644244,
    "red": 0.037460703505012745,
    "sfr": 0.09690789370786869,
    "outroll": 0.1859652861410451,
    "inoneh": 0.001377332374055711,
    "bad-red": 0.0020361840561803025,
    "alt": 0.3382137885731267
  },
  "tr-quotes": {
    "sfb": 0.01750537435565521,
    "unknown": 0.013835787429786644,
    "outoneh": 0.027961674487413605,
    "red-sfs": 0.011416749497237698,
    "alt-sfs": 0.04188067774670026,
    "sft": 0.00007974850327084441,
    "inroll": 0.22304962899609349,
    "bad-red-sfs": 0.0018342155752294213,
    "red": 0.03744250017336631,
    "sfr": 0.09677191928064538,
    "outroll": 0.18676868310949815,
    "inoneh": 0.0013626592080626893,
    "bad-red": 0.0020480340260280623,
    "alt": 0.3380423476110122
  },
  "movie": {
    "sfb": 0.018420407455859784,
    "unknown": 0.030236445784519856,
    "outoneh": 0.03890361103153098,
    "red-sfs": 0.011337548587566979,
    "alt-sfs": 0.041995502249072864,
    "sft": 0.0001031727054502166,
    "inroll": 0.19817252713514533,
    "bad-red-sfs": 0.0034272025102550906,
    "red": 0.031219613236584356,
    "sfr": 0.11567713207251198,
    "outroll": 0.18209587718447476,
    "inoneh": 0.0011883284824176733,
    "bad-red": 0.003255730526579539,
    "alt": 0.3239669010380306
  },
  "gutenberg": {
    "sfb": 0.019199228007242546,
    "unknown": 0.032975828246008664,
    "outoneh": 0.017069579749663086,
    "red-sfs": 0.01094622533959384,
    "alt-sfs": 0.03866802454949093,
    "sft": 0.00015154942235043304,
    "inroll": 0.2303056789736164,
    "bad-red-sfs": 0.0013724694561611092,
    "red": 0.03529396609763647,
    "sfr": 0.09863878308844841,
    "outroll": 0.18499467493217217,
    "inoneh": 0.0020425073397279613,
    "bad-red": 0.002065429189858464,
    "alt": 0.3262760556080295
  },
  "keymash": {
    "sfb": 0.016953118265445603,
    "unknown": 0.01232282349464109,
    "outoneh": 0.02725634510473579,
    "red-sfs": 0.011629100253270555,
    "alt-sfs": 0.04111028557589291,
    "sft": 0.0000779925537635512,
    "inroll": 0.2229889209524943,
    "bad-red-sfs": 0.0020319112691030445,
    "red": 0.03781817883282091,
    "sfr": 0.099723742164827,
    "outroll": 0.19051528448810204,
    "inoneh": 0.0016296338865331489,
    "bad-red": 0.0020278063978523314,
    "alt": 0.3339148567605177
  },
  "english-10k": {
    "sfb": 0.015495648482275526,
    "unknown": 0.0,
    "outoneh": 0.008973196194592926,
    "red-sfs": 0.015862295208506204,
    "alt-sfs": 0.04096794735724899,
    "sft": 0.0,
    "inroll": 0.1956156770421258,
    "bad-red-sfs": 0.0007525906485787615,
    "red": 0.04538700526813454,
    "sfr": 0.10567144593890508,
    "outroll": 0.22961733660099187,
    "inoneh": 0.0011771289631616526,
    "bad-red": 0.0014279925126879063,
    "alt": 0.33905173578279074
  },
  "mt-quotes": {
    "sfb": 0.017064402768314984,
    "unknown": 0.007977133909467972,
    "outoneh": 0.03060565855057912,
    "red-sfs": 0.010706900467362331,
    "alt-sfs": 0.04229569333381145,
    "sft": 0.00007470625500531908,
    "inroll": 0.2271219564671711,
    "bad-red-sfs": 0.001961786256439679,
    "red": 0.036885466346326244,
    "sfr": 0.0964592223377679,
    "outroll": 0.18351740954566645,
    "inoneh": 0.0013267830888944669,
    "bad-red": 0.0020125865098432963,
    "alt": 0.3419902941633497
  }
}