{
  "chained-bigrams": {
    "dsfb-alt": 0.05607070668374771,
    "redirect": 0.04263918982357742,
    "dsfb": 0.0,
    "unknown": 0.022916559801936097,
    "sfb": 0.01802924338472147,
    "sft": 0.0,
    "bad-redirect": 0.002871874653027805,
    "roll-out": 0.20515560911597816,
    "oneh-in": 0.006538498249149898,
    "alternate": 0.3264204027117561,
    "oneh-out": 0.007189750855296605,
    "dsfb-red": 0.02275163641015019,
    "roll-in": 0.1702126278075123,
    "sfR": 0.11914286586209158,
    "sfT": 0.00006103464105462665
  },
  "tr-quotes": {
    "dsfb-alt": 0.04188761239915859,
    "redirect": 0.03751531402417882,
    "dsfb": 0.0,
    "unknown": 0.013835787429786644,
    "sfb": 0.017512309008113545,
    "sft": 0.0,
    "bad-redirect": 0.0020480340260280623,
    "roll-out": 0.22361827049767688,
    "oneh-in": 0.01828205543098865,
    "alternate": 0.3380354129585539,
    "oneh-out": 0.0110399667136682,
    "dsfb-red": 0.013178151221654609,
    "roll-in": 0.18619541850627586,
    "sfR": 0.09677191928064538,
    "sfT": 0.00007974850327084441
  },
  "gutenberg": {
    "dsfb-alt": 0.03889326487845926,
    "redirect": 0.035367278130698496,
    "dsfb": 0.0,
    "unknown": 0.032975828246008664,
    "sfb": 0.01921551957014522,
    "sft": 0.0,
    "bad-redirect": 0.0020656186266364025,
    "roll-out": 0.23082700898650188,
    "oneh-in": 0.009377688818266857,
    "alternate": 0.3260508152790612,
    "oneh-out": 0.009739323627350579,
    "dsfb-red": 0.0122402679696886,
    "roll-in": 0.184457053356384,
    "sfR": 0.09863878308844841,
    "sfT": 0.00015154942235043304
  },
  "reddit": {
    "dsfb-alt": 0.041784381270019814,
    "redirect": 0.037955222284463956,
    "dsfb": 0.0,
    "unknown": 0.039285447401644795,
    "sfb": 0.01708623651696999,
    "sft": 0.0,
    "bad-redirect": 0.002398435628592517,
    "roll-out": 0.21257475329142972,
    "oneh-in": 0.013547484856436035,
    "alternate": 0.326813608353153,
    "oneh-out": 0.010035065757425417,
    "dsfb-red": 0.012357912326054796,
    "roll-in": 0.1820419421893521,
    "sfR": 0.10397777127267367,
    "sfT": 0.0001417388517841996
  },
  "dutch": {
    "dsfb-alt": 0.03684993384792083,
    "redirect": 0.03255561621344014,
    "dsfb": 0.0,
    "unknown": 0.072903632847049,
    "sfb": 0.027197876965273322,
    "sft": 0.0,
    "bad-redirect": 0.0014297477399040752,
    "roll-out": 0.17137313556049816,
    "oneh-in": 0.006052037531734368,
    "alternate": 0.2718326336797192,
    "oneh-out": 0.0016041067830437372,
    "dsfb-red": 0.013165147743110102,
    "roll-in": 0.17614104133230965,
    "sfR": 0.18880787437283908,
    "sfT": 0.00008721538315830069
  },
  "french": {
    "dsfb-alt": 0.03510897931536984,
    "redirect": 0.032087352267650304,
    "dsfb": 0.0,
    "unknown": 0.15807962376648718,
    "sfb": 0.04141017572153245,
    "sft": 0.0,
    "bad-redirect": 0.001989812859310365,
    "roll-out": 0.18926793089710964,
    "oneh-in": 0.0026303014302426955,
    "alternate": 0.24178445799971213,
    "oneh-out": 0.006059824008644641,
    "dsfb-red": 0.010798219911902895,
    "roll-in": 0.1713733535090754,
    "sfR": 0.10898279115633469,
    "sfT": 0.00042717715662776376
  },
  "english-5k": {
    "dsfb-alt": 0.04351433193678185,
    "redirect": 0.044592856846559094,
    "dsfb": 0.0,
    "unknown": 0.002157049819554486,
    "sfb": 0.013564524826813789,
    "sft": 0.0,
    "bad-redirect": 0.0012859335462728667,
    "roll-out": 0.19380262994151076,
    "oneh-in": 0.003899282366117725,
    "alternate": 0.34031609076201935,
    "oneh-out": 0.006678558095159082,
    "dsfb-red": 0.01646824573775252,
    "roll-in": 0.22727838387190444,
    "sfR": 0.10644211224955408,
    "sfT": 0.0
  },
  "keymash": {
    "dsfb-alt": 0.040937880983362956,
    "redirect": 0.03792490548533945,
    "dsfb": 0.0,
    "unknown": 0.01232282349464109,
    "sfb": 0.01694901339419489,
    "sft": 0.0,
    "bad-redirect": 0.0020278063978523314,
    "roll-out": 0.22340761782006707,
    "oneh-in": 0.018036804275633894,
    "alternate": 0.33408726135304767,
    "oneh-out": 0.010849174715635044,
    "dsfb-red": 0.013554284869855058,
    "roll-in": 0.19010069249178,
    "sfR": 0.099723742164827,
    "sfT": 0.0000779925537635512
  },
  "shai": {
    "dsfb-alt": 0.04062793280227196,
    "redirect": 0.0417940134374401,
    "dsfb": 0.0,
    "unknown": 0.023260762136131256,
    "sfb": 0.016510200230180953,
    "sft": 0.0,
    "bad-redirect": 0.0022047745053385324,
    "roll-out": 0.21738529579057433,
    "oneh-in": 0.00970939654753342,
    "alternate": 0.32941062498432483,
    "oneh-out": 0.008510401955887868,
    "dsfb-red": 0.013674312994696302,
    "roll-in": 0.19859554088653417,
    "sfR": 0.09823378925716947,
    "sfT": 0.00008295447191677816
  },
  "mt-quotes": {
    "dsfb-alt": 0.0423539642127156,
    "redirect": 0.03695120785073092,
    "dsfb": 0.0,
    "unknown": 0.007977133909467972,
    "sfb": 0.017073367518915625,
    "sft": 0.0,
    "bad-redirect": 0.0020125865098432963,
    "roll-out": 0.22767627687931055,
    "oneh-in": 0.020240912731141154,
    "alternate": 0.34193202328444555,
    "oneh-out": 0.01169003478323233,
    "dsfb-red": 0.01260294521939733,
    "roll-in": 0.18295561850802644,
    "sfR": 0.0964592223377679,
    "sfT": 0.00007470625500531908
  },
  "akl": {
    "dsfb-alt": 0.041406753087892885,
    "redirect": 0.033307039948473886,
    "dsfb": 0.0,
    "unknown": 0.06665478384099267,
    "sfb": 0.019942888091661566,
    "sft": 0.0,
    "bad-redirect": 0.003041644037875856,
    "roll-out": 0.2010869006282285,
    "oneh-in": 0.01486970215245182,
    "alternate": 0.3074716457069234,
    "oneh-out": 0.008773651500637324,
    "dsfb-red": 0.01459481113308009,
    "roll-in": 0.17069871138871573,
    "sfR": 0.11790358951788564,
    "sfT": 0.0002478789651805948
  },
  "english-10k": {
    "dsfb-alt": 0.04046622025819648,
    "redirect": 0.04552208564095637,
    "dsfb": 0.0,
    "unknown": 0.0,
    "sfb": 0.015495648482275526,
    "sft": 0.0,
    "bad-redirect": 0.0014279925126879063,
    "roll-out": 0.19642615927905677,
    "oneh-in": 0.003955925204067849,
    "alternate": 0.3395534628818433,
    "oneh-out": 0.006194399953686729,
    "dsfb-red": 0.016479805484263137,
    "roll-in": 0.2288068543640609,
    "sfR": 0.10567144593890508,
    "sfT": 0.0
  },
  "english-200": {
    "dsfb-alt": 0.044543429844097995,
    "redirect": 0.0400890868596882,
    "dsfb": 0.0,
    "unknown": 0.0,
    "sfb": 0.008908685968819599,
    "sft": 0.0,
    "bad-redirect": 0.0022271714922048997,
    "roll-out": 0.2182628062360802,
    "oneh-in": 0.0066815144766146995,
    "alternate": 0.3518930957683742,
    "oneh-out": 0.015590200445434299,
    "dsfb-red": 0.0022271714922048997,
    "roll-in": 0.2026726057906459,
    "sfR": 0.10690423162583519,
    "sfT": 0.0
  },
  "english-450k": {
    "dsfb-alt": 0.04382766542263613,
    "redirect": 0.045949806496049524,
    "dsfb": 0.0,
    "unknown": 0.00015377410175167997,
    "sfb": 0.0188607151606647,
    "sft": 0.0,
    "bad-redirect": 0.001668127423184574,
    "roll-out": 0.17832972090877572,
    "oneh-in": 0.004334617122950872,
    "alternate": 0.348357394400167,
    "oneh-out": 0.005582350709027241,
    "dsfb-red": 0.018791136764815083,
    "roll-in": 0.22043575955343533,
    "sfR": 0.11369548401129392,
    "sfT": 0.000013447925248245777
  },
  "movie": {
    "dsfb-alt": 0.041958260060753455,
    "redirect": 0.03127593711149851,
    "dsfb": 0.0,
    "unknown": 0.030236445784519856,
    "sfb": 0.018415801531509325,
    "sft": 0.0,
    "bad-redirect": 0.003255993722256708,
    "roll-out": 0.19845427810755464,
    "oneh-in": 0.028881514438454256,
    "alternate": 0.32400414322635,
    "oneh-out": 0.011209898684140053,
    "dsfb-red": 0.014708822016423673,
    "roll-in": 0.18181899533209306,
    "sfR": 0.11567713207251198,
    "sfT": 0.00010277791193446323
  },
  "wordle": {
    "dsfb-alt": 0.04617973746213396,
    "redirect": 0.043352406597105354,
    "dsfb": 0.0,
    "unknown": 0.0,
    "sfb": 0.02728598676091103,