{
  "reddit": {
    "bad-redirect": 0.0023967125875824554,
    "dsfb-red": 0.012504782843455919,
    "sfb": 0.01708934548227075,
    "oneh-in": 0.013549732301231769,
    "roll-in": 0.18254739252391233,
    "unknown": 0.039285447401644795,
    "dsfb-alt": 0.04166301925105026,
    "alternate": 0.32693497037212255,
    "sfR": 0.10397777127267367,
    "sfT": 0.00014795678238572633,
    "roll-out": 0.21206548230071673,
    "oneh-out": 0.010032556110736848,
    "redirect": 0.03780483077021619,
    "sft": 0.0,
    "dsfb": 0.0
  },
  "dutch": {
    "bad-redirect": 0.0013454909377945245,
    "dsfb-red": 0.013410530662213996,
    "sfb": 0.035384808650991396,
    "oneh-in": 0.006000737529428468,
    "roll-in": 0.16545968513740494,
    "unknown": 0.072903632847049,
    "dsfb-alt": 0.03584159563412415,
    "alternate": 0.2728409718935159,
    "sfR": 0.18880787437283908,
    "sfT": 0.00028241000919885606,
    "roll-out": 0.17449311168815596,
    "oneh-out": 0.0017410442586152715,
    "redirect": 0.031488106378668466,
    "sft": 0.0,
    "dsfb": 0.0
  },
  "akl": {
    "bad-redirect": 0.0030334660765152367,
    "dsfb-red": 0.014701124630768142,
    "sfb": 0.02002057872458745,
    "oneh-in": 0.014863940406947749,
    "roll-in": 0.17112161111786411,
    "unknown": 0.06665478384099267,
    "dsfb-alt": 0.041582827074157135,
    "alternate": 0.3072955717206592,
    "sfR": 0.11790358951788564,
    "sfT": 0.0002686336398458033,
    "roll-out": 0.20061871234033304,
    "oneh-out": 0.008764792042496652,
    "redirect": 0.03317036886694717,
    "sft": 0.0,
    "dsfb": 0.0
  },
  "english-200": {
    "bad-redirect": 0.0022271714922048997,
    "dsfb-red": 0.0022271714922048997,
    "sfb": 0.008908685968819599,
    "oneh-in": 0.0066815144766146995,
    "roll-in": 0.2026726057906459,
    "unknown": 0.0,
    "dsfb-alt": 0.044543429844097995,
    "alternate": 0.3518930957683742,
    "sfR": 0.10690423162583519,
    "sfT": 0.0,
    "roll-out": 0.2182628062360802,
    "oneh-out": 0.015590200445434299,
    "redirect": 0.0400890868596882,
    "sft": 0.0,
    "dsfb": 0.0
  },
  "chained-bigrams": {
    "bad-redirect": 0.0028647323014150297,
    "dsfb-red": 0.022768518332144022,
    "sfb": 0.018094823158620592,
    "oneh-in": 0.006551484342991308,
    "roll-in": 0.17074895348316255,
    "unknown": 0.022916559801936097,
    "dsfb-alt": 0.05644081035822789,
    "alternate": 0.32605029903727595,
    "sfR": 0.11914286586209158,
    "sfT": 0.00006168394574669716,
    "roll-out": 0.20456214462742572,
    "oneh-out": 0.007171570323918632,
    "redirect": 0.04262555442504394,
    "sft": 0.0,
    "dsfb": 0.0
  },
  "monkeyracer": {
    "bad-redirect": 0.0020361840561803025,
    "dsfb-red": 0.01320929195927241,
    "sfb": 0.017508445813848007,
    "oneh-in": 0.018754789871279542,
    "roll-in": 0.1859652861410451,
    "unknown": 0.013436077701487402,
    "dsfb-alt": 0.041914306270234764,
    "alternate": 0.3382137885731267,
    "sfR": 0.09690789370786869,
    "sfT": 0.00008113455432691556,
    "roll-out": 0.2233331247947198,
    "oneh-out": 0.011178973051597667,
    "redirect": 0.037460703505012745,
    "sft": 0.0,
    "dsfb": 0.0
  },
  "mt-quotes": {
    "bad-redirect": 0.0020125865098432963,
    "dsfb-red": 0.01266868672380201,
    "sfb": 0.017064402768314984,
    "oneh-in": 0.020240912731141154,
    "roll-in": 0.18351740954566645,
    "unknown": 0.007977133909467972,
    "dsfb-alt": 0.04229569333381145,
    "alternate": 0.3419902941633497,
    "sfR": 0.0964592223377679,
    "sfT": 0.00007470625500531908,
    "roll-out": 0.2271219564671711,
    "oneh-out": 0.011691528908332437,
    "redirect": 0.036885466346326244,
    "sft": 0.0,
    "dsfb": 0.0
  },
  "english-450k": {
    "bad-redirect": 0.0016675427307824764,
    "dsfb-red": 0.018958651138016057,
    "sfb": 0.018756055220689224,
    "oneh-in": 0.004334324776749824,
    "roll-in": 0.22108622985076895,
    "unknown": 0.00015377410175167997,
    "dsfb-alt": 0.04430068157593312,
    "alternate": 0.34788437824687,
    "sfR": 0.11369548401129392,
    "sfT": 0.000014324963851392241,
    "roll-out": 0.1777859569748249,
    "oneh-out": 0.005582058362826193,
    "redirect": 0.045780538045642256,
    "sft": 0.0,
    "dsfb": 0.0
  },
  "wordle": {
    "bad-redirect": 0.003320991809716145,
    "dsfb-red": 0.021698642432402108,
    "sfb": 0.027173791091663863,
    "oneh-in": 0.0065971053517334234,
    "roll-in": 0.2012790306294177,
    "unknown": 0.0,
    "dsfb-alt": 0.0466733984068215,
    "alternate": 0.3131605520026927,
    "sfR": 0.13138112868843263,
    "sfT": 0.0,
    "roll-out": 0.19631998204869291,
    "oneh-out": 0.008998092673622797,
    "redirect": 0.043397284864804216,
    "sft": 0.0,
    "dsfb": 0.0
  },
  "keymash": {
    "bad-redirect": 0.0020278063978523314,
    "dsfb-red": 0.0136610115223736,
    "sfb": 0.016953118265445603,
    "oneh-in": 0.018036804275633894,
    "roll-in": 0.19051528448810204,
    "unknown": 0.01232282349464109,
    "dsfb-alt": 0.04111028557589291,
    "alternate": 0.3339148567605177,
    "sfR": 0.099723742164827,
    "sfT": 0.0000779925537635512,
    "roll-out": 0.2229889209524943,
    "oneh-out": 0.010849174715635044,
    "redirect": 0.03781817883282091,
    "sft": 0.0,
    "dsfb": 0.0
  },
  "shai": {
    "bad-redirect": 0.002204170721564958,
    "dsfb-red": 0.013804625788750611,
    "sfb": 0.016479113106659487,
    "oneh-in": 0.009709462344483104,
    "roll-in": 0.19921563456281255,
    "unknown": 0.023260762136131256,
    "dsfb-alt": 0.040619394680448215,
    "alternate": 0.3294191631061486,
    "sfR": 0.09823378925716947,
    "sfT": 0.0000858379264764758,
    "roll-out": 0.21679747358291174,
    "oneh-out": 0.008510804478403583,
    "redirect": 0.041659768308039954,
    "sft": 0.0,
    "dsfb": 0.0
  },
  "english-1k": {
    "bad-redirect": 0.00035285815102328866,
    "dsfb-red": 0.013761467889908258,
    "sfb": 0.01058574453069866,
    "oneh-in": 0.006351446718419196,
    "roll-in": 0.22582921665490474,
    "unknown": 0.0,
    "dsfb-alt": 0.03458009880028229,
    "alternate": 0.32780522230063514,
    "sfR": 0.10832745236414962,
    "sfT": 0.0,
    "roll-out": 0.21559633027522937,
    "oneh-out": 0.010232886379675371,
    "redirect": 0.0465772759350741,
    "sft": 0.0,
    "dsfb": 0.0
  },
  "french": {
    "bad-redirect": 0.0019882397662845204,
    "dsfb-red": 0.01088957916210863,
    "sfb": 0.04139714152217545,
    "oneh-in": 0.0026313651407649332,
    "roll-in": 0.17192387614076773,
    "unknown": 0.15807962376648718,
    "dsfb-alt": 0.035792405834988564,
    "alternate": 0.2411010314800934,
    "sfR": 0.10898279115633469,
    "sfT": 0.0004284056673717569,
    "roll-out": 0.18872759591548943,
    "oneh-out": 0.006058685388930696,
    "redirect": 0.031999259058202986,
    "sft": 0.0,
    "dsfb": 0.0
  },
  "english-10k": {
    "bad-redirect": 0.0014279925126879063,
    "dsfb-red": 0.016614885857084965,
    "sfb": 0.015495648482275526,
    "oneh-in": 0.003955925204067849,
    "roll-in": 0.22961733660099187,
    "unknown": 0.0,
    "dsfb-alt": 0.04096794735724899,
    "alternate": 0.33905173578279074,
    "sfR": 0.10567144593890508,
    "sfT": 0.0,
    "roll-out": 0.1956156770421258,
    "oneh-out": 0.006194399953686729,
    "redirect": 0.04538700526813454,
    "sft": 0.0,
    "dsfb": 0.0
  },
  "english-5k": {
    "bad-redirect": 0.0012859335462728667,
    "dsfb-red": 0.016717136101547268,
    "sfb": 0.013564524826813789,
    "oneh-in": 0.003899282366117725,
    "roll-in": 0.22827394532708342,
    "unknown": 0.002157049819554486,
    "dsfb-alt": 0.04401211266437134,
    "alternate": 0.33981831003442986,
    "sfR": 0.10644211224955408,
    "sfT": 0.0,
    "roll-out": 0.19280706848633178,
    "oneh-out": 0.006678558095159082,
    "redirect": 0.04434396648276434,
    "sft": 0.0,
    "dsfb": 0.0
  },
  "movie": {
    "bad-redirect": 0.003255730526579539,
    "dsfb-red": 0.01476475109782207,
    "sfb": 0.018420407455859784,
    "oneh-in": 0.02888190923197001,
    "roll-in": 0.18209587718447476,