{
  "reddit": {
    "dsfb-alt": 0.03381973657324975,
    "redirect": 0.03244403815636859,
    "dsfb": 0.0,
    "unknown": 0.04519941109454869,
    "sfb": 0.014499802131214443,
    "sft": 0.0,
    "bad-redirect": 0.0013401513316953207,
    "roll-out": 0.2294679343004463,
    "oneh-in": 0.0029741560704326727,
    "alternate": 0.3174059168104563,
    "oneh-out": 0.012897636193749968,
    "dsfb-red": 0.015668435967582106,
    "roll-in": 0.19020522354865166,
    "sfR": 0.10397777127267367,
    "sfT": 0.0000997865489305253
  },
  "monkeyracer": {
    "dsfb-alt": 0.035968023210347685,
    "redirect": 0.036071640833945914,
    "dsfb": 0.0,
    "unknown": 0.013491796612290222,
    "sfb": 0.016278719677182227,
    "sft": 0.0,
    "bad-redirect": 0.0020518244521951297,
    "roll-out": 0.24983773089134617,
    "oneh-in": 0.0026793953422900667,
    "alternate": 0.3252449677025822,
    "oneh-out": 0.012547507702895037,
    "dsfb-red": 0.01437938908613166,
    "roll-in": 0.19453720068192126,
    "sfR": 0.09690789370786869,
    "sfT": 3.9100990037067735e-6
  },
  "akl": {
    "dsfb-alt": 0.03190359026133667,
    "redirect": 0.029251328701881216,
    "dsfb": 0.0,
    "unknown": 0.07331127266302054,
    "sfb": 0.020628287989635303,
    "sft": 0.0,
    "bad-redirect": 0.0013949000002602078,
    "roll-out": 0.21517957254291603,
    "oneh-in": 0.0028428328408589784,
    "alternate": 0.3026795462123586,
    "oneh-out": 0.011491956293505051,
    "dsfb-red": 0.01443441157275703,
    "roll-in": 0.1788330569554119,
    "sfR": 0.11790358951788564,
    "sfT": 0.00014565444817285137
  },
  "wordle": {
    "dsfb-alt": 0.04519241557275889,
    "redirect": 0.04629193313138113,
    "dsfb": 0.0,
    "unknown": 0.0,
    "sfb": 0.027443060697857062,
    "sft": 0.0,
    "bad-redirect": 0.00190732637720184,
    "roll-out": 0.2136878716481544,
    "oneh-in": 0.0024009873218893752,
    "alternate": 0.3124424997195108,
    "oneh-out": 0.010344440704588802,
    "dsfb-red": 0.021317177156961742,
    "roll-in": 0.18756871984741388,
    "sfR": 0.13138112868843263,
    "sfT": 0.000022439133849433412
  },
  "mt-quotes": {
    "dsfb-alt": 0.035445129749823695,
    "redirect": 0.03569614276664156,
    "dsfb": 0.0,
    "unknown": 0.007995063410669249,
    "sfb": 0.01558820716940988,
    "sft": 0.0,
    "bad-redirect": 0.002203834522656913,
    "roll-out": 0.25486038895064606,
    "oneh-in": 0.0026909193052915936,
    "alternate": 0.32832950837307706,
    "oneh-out": 0.013231971886542116,
    "dsfb-red": 0.01411051744540467,
    "roll-in": 0.1933861058318691,
    "sfR": 0.0964592223377679,
    "sfT": 2.9882502002127633e-6
  },
  "shai": {
    "dsfb-alt": 0.037133185875918406,
    "redirect": 0.03640511940520796,
    "dsfb": 0.0,
    "unknown": 0.024097749651430984,
    "sfb": 0.01564616629815214,
    "sft": 0.0,
    "bad-redirect": 0.0011760043633440704,
    "roll-out": 0.2328950030854899,
    "oneh-in": 0.002463124293069832,
    "alternate": 0.32096562906683207,
    "oneh-out": 0.01009692122913037,
    "dsfb-red": 0.014626185854553752,
    "roll-in": 0.2062332314538525,
    "sfR": 0.09823378925716947,
    "sfT": 0.000027890165848565457
  },
  "gutenberg": {
    "dsfb-alt": 0.040623959281701205,
    "redirect": 0.032685800538985524,
    "dsfb": 0.0,
    "unknown": 0.03298207965968062,
    "sfb": 0.015500285481224353,
    "sft": 0.0,
    "bad-redirect": 0.0014738181323579612,
    "roll-out": 0.2524273481541091,
    "oneh-in": 0.0022637694963595933,
    "alternate": 0.30213517981149524,
    "oneh-out": 0.012319641979644639,
    "dsfb-red": 0.011214846690709983,
    "roll-in": 0.19772899401872318,
    "sfR": 0.09863878308844841,
    "sfT": 5.4936665602031975e-6
  },
  "movie": {
    "dsfb-alt": 0.04195141697314707,
    "redirect": 0.028124563670916442,
    "dsfb": 0.0,
    "unknown": 0.030282373430185833,
    "sfb": 0.020210006462769853,
    "sft": 0.0,
    "bad-redirect": 0.003463918307220155,
    "roll-out": 0.23525982479853358,
    "oneh-in": 0.0018623726116472773,
    "alternate": 0.3143215690568212,
    "oneh-out": 0.012155955545723735,
    "dsfb-red": 0.01526284891686425,
    "roll-in": 0.18141643754386322,
    "sfR": 0.11567713207251198,
    "sfT": 0.000011580609795432476
  },
  "english-10k": {
    "dsfb-alt": 0.040234653904787636,
    "redirect": 0.04258891183111094,
    "dsfb": 0.0,
    "unknown": 0.0,
    "sfb": 0.016942938191080836,
    "sft": 0.0,
    "bad-redirect": 0.0010420485903398235,
    "roll-out": 0.19449643966731633,
    "oneh-in": 0.0024121495146755176,
    "alternate": 0.3416954516508751,
    "oneh-out": 0.0066189382682696205,
    "dsfb-red": 0.014897435402635996,
    "roll-in": 0.23339958704000308,
    "sfR": 0.10567144593890508,
    "sfT": 0.0
  },
  "english-1k": {
    "dsfb-alt": 0.034227240649259,
    "redirect": 0.04022582921665491,
    "dsfb": 0.0,
    "unknown": 0.0,
    "sfb": 0.016937191249117856,
    "sft": 0.0,
    "bad-redirect": 0.00035285815102328866,
    "roll-out": 0.20959774170783346,
    "oneh-in": 0.0028228652081863093,
    "alternate": 0.3076923076923077,
    "oneh-out": 0.009880028228652082,
    "dsfb-red": 0.014820042342978124,
    "roll-in": 0.25511644318983767,
    "sfR": 0.10832745236414962,
    "sfT": 0.0
  },
  "english-450k": {
    "dsfb-alt": 0.04286058418956663,
    "redirect": 0.0429424411258603,
    "dsfb": 0.0,
    "unknown": 0.00015377410175167997,
    "sfb": 0.022163642540114284,
    "sft": 0.0,
    "bad-redirect": 0.0023615726120723777,
    "roll-out": 0.19007853003652572,
    "oneh-in": 0.0035324191472729067,
    "alternate": 0.34204330114991455,
    "oneh-out": 0.0057928399737823925,
    "dsfb-red": 0.017978121979698312,
    "roll-in": 0.21638676466890916,
    "sfR": 0.11369548401129392,
    "sfT": 0.000010524463237757564
  },
  "english-5k": {
    "dsfb-alt": 0.03733355456921226,
    "redirect": 0.04061061102584312,
    "dsfb": 0.0,
    "unknown": 0.002157049819554486,
    "sfb": 0.015431202555274401,
    "sft": 0.0,
    "bad-redirect": 0.0009540797278798689,
    "roll-out": 0.1941759654872029,
    "oneh-in": 0.0022400132741527356,
    "alternate": 0.3370805160326876,
    "oneh-out": 0.008254863732525822,
    "dsfb-red": 0.016177873646658646,
    "roll-in": 0.2391421578794541,
    "sfR": 0.10644211224955408,
    "sfT": 0.0
  },
  "french": {
    "dsfb-alt": 0.03397560324484445,
    "redirect": 0.024580132856844954,
    "dsfb": 0.0,
    "unknown": 0.1584254645227596,
    "sfb": 0.02386717713385537,
    "sft": 0.0,
    "bad-redirect": 0.0035741272820729434,
    "roll-out": 0.19407678638608739,
    "oneh-in": 0.002780569268806735,
    "alternate": 0.2513303160809824,
    "oneh-out": 0.01136113252390356,
    "dsfb-red": 0.01289259102099775,
    "roll-in": 0.17398345942123392,
    "sfR": 0.10898279115633469,
    "sfT": 0.0001698491012762234
  },
  "keymash": {
    "dsfb-alt": 0.03602845496750994,
    "redirect": 0.03587246985998284,
    "dsfb": 0.0,
    "unknown": 0.012376186820900362,
    "sfb": 0.016390750904097893,
    "sft": 0.0,
    "bad-redirect": 0.0022125256041344264,
    "roll-out": 0.24991277148592234,
    "oneh-in": 0.002577859145447903,
    "alternate": 0.3226716144048142,
    "oneh-out": 0.012113475060854716,
    "dsfb-red": 0.014559978326279796,
    "roll-in": 0.19554375177022573,
    "sfR": 0.099723742164827,
    "sfT": 0.000016419485002852885
  },
  "tr-quotes": {
    "dsfb-alt": 0.036079840965303624,
    "redirect": 0.03593652481449805,
    "dsfb": 0.0,
    "unknown": 0.013894731975682485,
    "sfb": 0.01643397055084256,
    "sft": 0.0,
    "bad-redirect": 0.002031853170291949,
    "roll-out": 0.24905341993943736,
    "oneh-in": 0.0026282332817086983,
    "alternate": 0.3254721342548716,
    "oneh-out": 0.012429208756154504,
    "dsfb-red": 0.014376690321536718,
    "roll-in": 0.19488916113820762,
    "sfR": 0.09677191928064538,
    "sfT": 2.3115508194447656e-6
  },
  "chained-bigrams": {
    "dsfb-alt": 0.0487666782026467,
    "redirect": 0.04717458309768984,
    "dsfb": 0.0,
    "unknown": 0.023159399756770463,