{
  "dutch": {
    "dsfb": 0.0,
    "sfb": 0.03720290153243381,
    "roll-out": 0.10089093095930574,
    "sfR": 0.18880787437283908,
    "roll-in": 0.2917768050760214,
    "alternate": 0.2135263169729061,
    "dsfb-alt": 0.036051762473350804,
    "sft": 0.0,
    "sfT": 0.00009829661399543675,
    "dsfb-red": 0.017363087358578482,
    "oneh-in": 0.007078826532798704,
    "oneh-out": 0.0020471049854098923,
    "redirect": 0.029260294848959777,
    "bad-redirect": 0.002293097551517772,
    "unknown": 0.07360270072188302
  },
  "english-1k": {
    "dsfb": 0.0,
    "sfb": 0.031051517290049402,
    "roll-out": 0.16302046577275936,
    "sfR": 0.10832745236414962,
    "roll-in": 0.29357798165137616,
    "alternate": 0.2964008468595625,
    "dsfb-alt": 0.035285815102328866,
    "sft": 0.0,
    "sfT": 0.0,
    "dsfb-red": 0.01058574453069866,
    "oneh-in": 0.014820042342978124,
    "oneh-out": 0.011291460832745237,
    "redirect": 0.03175723359209598,
    "bad-redirect": 0.0038814396612561752,
    "unknown": 0.0
  },
  "shai": {
    "dsfb": 0.0,
    "sfb": 0.030405947053426814,
    "roll-out": 0.13773658260861218,
    "sfR": 0.09823378925716947,
    "roll-in": 0.30267415446275164,
    "alternate": 0.2904081438974645,
    "dsfb-alt": 0.04341686036772599,
    "sft": 0.0,
    "sfT": 0.00010572795732518215,
    "dsfb-red": 0.013833766096643179,
    "oneh-in": 0.019517755577800944,
    "oneh-out": 0.006060286106811517,
    "redirect": 0.0290279383137341,
    "bad-redirect": 0.004481298649103474,
    "unknown": 0.024097749651430984
  },
  "akl": {
    "dsfb": 0.0,
    "sfb": 0.035468561872039436,
    "roll-out": 0.1356878055816073,
    "sfR": 0.11790358951788564,
    "roll-in": 0.27667127482398485,
    "alternate": 0.2511336079393631,
    "dsfb-alt": 0.03566303627136508,
    "sft": 0.0,
    "sfT": 0.00014621203644743906,
    "dsfb-red": 0.016802055295161832,
    "oneh-in": 0.018206000616320907,
    "oneh-out": 0.005122687387142584,
    "redirect": 0.026837157335674707,
    "bad-redirect": 0.007046738659986511,
    "unknown": 0.07331127266302054
  },
  "monkeyracer": {
    "dsfb": 0.0,
    "sfb": 0.03503741964746548,
    "roll-out": 0.1410216306676885,
    "sfR": 0.09690789370786869,
    "roll-in": 0.31603766207360373,
    "alternate": 0.27068051363060514,
    "dsfb-alt": 0.04434052270203481,
    "sft": 0.0,
    "sfT": 0.0001202355443639833,
    "dsfb-red": 0.012704889187794235,
    "oneh-in": 0.024604297980824873,
    "oneh-out": 0.007107582463987988,
    "redirect": 0.0321380812362169,
    "bad-redirect": 0.005807474545255486,
    "unknown": 0.013491796612290222
  },
  "tr-quotes": {
    "dsfb": 0.0,
    "sfb": 0.03517833614572016,
    "roll-out": 0.14051339543699867,
    "sfR": 0.09677191928064538,
    "roll-in": 0.31583874621483554,
    "alternate": 0.2712431520306974,
    "dsfb-alt": 0.04436443910219366,
    "sft": 0.0,
    "sfT": 0.00010979866392362636,
    "dsfb-red": 0.012755137421696216,
    "oneh-in": 0.024278218256628372,
    "oneh-out": 0.007094149464875985,
    "redirect": 0.032123621737823904,
    "bad-redirect": 0.0058343542682785885,
    "unknown": 0.013894731975682485
  },
  "reddit": {
    "dsfb": 0.0,
    "sfb": 0.03238268291344509,
    "roll-out": 0.13629497862773643,
    "sfR": 0.10397777127267367,
    "roll-in": 0.2965283532953253,
    "alternate": 0.2662802559914537,
    "dsfb-alt": 0.043198585907734524,
    "sft": 0.0,
    "sfT": 0.0001747388328682059,
    "dsfb-red": 0.013463917367448047,
    "oneh-in": 0.019395972990957595,
    "oneh-out": 0.006765707813073274,
    "redirect": 0.03050363177714637,
    "bad-redirect": 0.005833992115589082,
    "unknown": 0.04519941109454869
  },
  "keymash": {
    "dsfb": 0.0,
    "sfb": 0.03569185552495146,
    "roll-out": 0.14241029830099378,
    "sfR": 0.099723742164827,
    "roll-in": 0.315102231818499,
    "alternate": 0.269899389605645,
    "dsfb-alt": 0.04380308111636078,
    "sft": 0.0,
    "sfT": 0.00008620229626497765,
    "dsfb-red": 0.01357070435485791,
    "oneh-in": 0.023360822287808943,
    "oneh-out": 0.006592423228645433,
    "redirect": 0.03185790577678531,
    "bad-redirect": 0.005525156703459996,
    "unknown": 0.012376186820900362
  },
  "english-10k": {
    "dsfb": 0.0,
    "sfb": 0.03222631751606492,
    "roll-out": 0.13687501206074756,
    "sfR": 0.10567144593890508,
    "roll-in": 0.2889562146620096,
    "alternate": 0.31795990042646805,
    "dsfb-alt": 0.0433415024796897,
    "sft": 0.0,
    "sfT": 0.00001929719611740414,
    "dsfb-red": 0.01439570830358349,
    "oneh-in": 0.02039713629609618,
    "oneh-out": 0.0062329943459215375,
    "redirect": 0.02991065398197642,
    "bad-redirect": 0.004013816792420062,
    "unknown": 0.0
  },
  "wordle": {
    "dsfb": 0.0,
    "sfb": 0.03978458431504544,
    "roll-out": 0.17231010882979916,
    "sfR": 0.13138112868843263,
    "roll-in": 0.2283406260518344,
    "alternate": 0.2944687535061147,
    "dsfb-alt": 0.05167732525524515,
    "sft": 0.0,
    "sfT": 0.00006731740154830023,
    "dsfb-red": 0.021451811960058343,
    "oneh-in": 0.006664422753281723,
    "oneh-out": 0.009087849209020532,
    "redirect": 0.04101873667676428,
    "bad-redirect": 0.00374733535285538,
    "unknown": 0.0
  },
  "chained-bigrams": {
    "dsfb": 0.0,
    "sfb": 0.029734259068676307,
    "roll-out": 0.11064411674758086,
    "sfR": 0.11914286586209158,
    "roll-in": 0.30015148278466003,
    "alternate": 0.2763226498903649,
    "dsfb-alt": 0.04999581198473615,
    "sft": 0.0,
    "sfT": 0.00011817345395683033,
    "dsfb-red": 0.023252899632428613,
    "oneh-in": 0.017555250959510008,
    "oneh-out": 0.004921080261202291,
    "redirect": 0.04116137234442497,
    "bad-redirect": 0.0038406372535969855,
    "unknown": 0.023159399756770463
  },
  "english-450k": {
    "dsfb": 0.0,
    "sfb": 0.03442464221210185,
    "roll-out": 0.13850573670950317,
    "sfR": 0.11369548401129392,
    "roll-in": 0.2692227859306637,
    "alternate": 0.32151855141287994,
    "dsfb-alt": 0.04604540370379249,
    "sft": 0.0,
    "sfT": 0.00004239019915207908,
    "dsfb-red": 0.01669676858050133,
    "oneh-in": 0.013152947931387516,
    "oneh-out": 0.004619069976571376,
    "redirect": 0.0391609430152938,
    "bad-redirect": 0.0027615022151071655,
    "unknown": 0.00015377410175167997
  },
  "english-200": {
    "dsfb": 0.0,
    "sfb": 0.017817371937639197,
    "roll-out": 0.1492204899777283,
    "sfR": 0.10690423162583519,
    "roll-in": 0.32962138084632514,
    "alternate": 0.30066815144766146,
    "dsfb-alt": 0.031180400890868598,
    "sft": 0.0,
    "sfT": 0.0,
    "dsfb-red": 0.013363028953229399,
    "oneh-in": 0.013363028953229399,
    "oneh-out": 0.004454342984409799,
    "redirect": 0.031180400890868598,
    "bad-redirect": 0.0022271714922048997,
    "unknown": 0.0
  },
  "english-5k": {
    "dsfb": 0.0,
    "sfb": 0.032438710747915545,
    "roll-out": 0.1333222715393869,
    "sfR": 0.10644211224955408,
    "roll-in": 0.2779275729041357,
    "alternate": 0.32753971875388893,
    "dsfb-alt": 0.044758783755755586,
    "sft": 0.0,
    "sfT": 0.0,
    "dsfb-red": 0.014850458373086656,
    "oneh-in": 0.023188285560210728,
    "oneh-out": 0.006139295640270461,
    "redirect": 0.02758534865391795,
    "bad-redirect": 0.0036503920023229766,
    "unknown": 0.002157049819554486
  },
  "movie": {
    "dsfb": 0.0,
    "sfb": 0.03990309661557995,
    "roll-out": 0.1317737848946474,
    "sfR": 0.11567713207251198,
    "roll-in": 0.29997806264030796,
    "alternate": 0.24562197020651255,
    "dsfb-alt": 0.04446914682094495,
    "sft": 0.0,
    "sfT": 0.0001290974796513552,
    "dsfb-red": 0.013825537323844778,
    "oneh-in": 0.030514380419610236,
    "oneh-out": 0.005242463095689131,
    "redirect": 0.03311988602574396,
    "bad-redirect": 0.009463068974769931,
    "unknown": 0.030282373430185833
  },
  "gutenberg": {
    "dsfb": 0.0,
    "sfb": 0.03330772148095611,
    "roll-out": 0.1404184961523496,
    "sfR": 0.09863878308844841,
    "roll-in": 0.317625235706711,