{
  "dutch": {
    "dsfb": 0.0,
    "sfb": 0.03289940333130488,
    "roll-out": 0.1768843265457268,
    "sfR": 0.18880787437283908,
    "roll-in": 0.17148174238117864,
    "alternate": 0.25487239747521506,
    "dsfb-alt": 0.02298080519235636,
    "sft": 0.0,
    "sfT": 0.000050277947034513805,
    "dsfb-red": 0.016260110412810277,
    "oneh-in": 0.008846533882441195,
    "oneh-out": 0.003801059415874254,
    "redirect": 0.03985386187529068,
    "bad-redirect": 0.009658906446045218,
    "unknown": 0.07360270072188302
  },
  "english-1k": {
    "dsfb": 0.0,
    "sfb": 0.013408609738884969,
    "roll-out": 0.2367678193366267,
    "sfR": 0.10832745236414962,
    "roll-in": 0.1866619618913197,
    "alternate": 0.30063514467184194,
    "dsfb-alt": 0.02399435426958363,
    "sft": 0.0,
    "sfT": 0.0,
    "dsfb-red": 0.01834862385321101,
    "oneh-in": 0.010232886379675371,
    "oneh-out": 0.009880028228652082,
    "redirect": 0.07127734650670431,
    "bad-redirect": 0.020465772759350742,
    "unknown": 0.0
  },
  "shai": {
    "dsfb": 0.0,
    "sfb": 0.015033194174074888,
    "roll-out": 0.24954126366680054,
    "sfR": 0.09823378925716947,
    "roll-in": 0.17488761493953028,
    "alternate": 0.27389115109983087,
    "dsfb-alt": 0.029346205900175035,
    "sft": 0.0,
    "sfT": 0.000059046956728519924,
    "dsfb-red": 0.02331624831675921,
    "oneh-in": 0.009947840822780793,
    "oneh-out": 0.01369921907535624,
    "redirect": 0.06593509231544266,
    "bad-redirect": 0.02201158382392055,
    "unknown": 0.024097749651430984
  },
  "akl": {
    "dsfb": 0.0,
    "sfb": 0.01645436802883004,
    "roll-out": 0.2335672849824998,
    "sfR": 0.11790358951788564,
    "roll-in": 0.1373693059550056,
    "alternate": 0.25498276370734746,
    "dsfb-alt": 0.036941648139247385,
    "sft": 0.0,
    "sfT": 0.00010891557630279571,
    "dsfb-red": 0.021680085338265882,
    "oneh-in": 0.010328517381451467,
    "oneh-out": 0.011471201618839843,
    "redirect": 0.06620735022776242,
    "bad-redirect": 0.019673696863541174,
    "unknown": 0.07331127266302054
  },
  "monkeyracer": {
    "dsfb": 0.0,
    "sfb": 0.01289550651422494,
    "roll-out": 0.2687059136337332,
    "sfR": 0.09690789370786869,
    "roll-in": 0.14395811501947228,
    "alternate": 0.28771192736600093,
    "dsfb-alt": 0.03803939815756135,
    "sft": 0.0,
    "sfT": 0.00002052801976946056,
    "dsfb-red": 0.024340366298074668,
    "oneh-in": 0.00859733018440027,
    "oneh-out": 0.015046060966263666,
    "redirect": 0.06895850602937266,
    "bad-redirect": 0.02132665749096767,
    "unknown": 0.013491796612290222
  },
  "tr-quotes": {
    "dsfb": 0.0,
    "sfb": 0.012980513626592081,
    "roll-out": 0.26818497029657196,
    "sfR": 0.09677191928064538,
    "roll-in": 0.14505559279720764,
    "alternate": 0.28766094172580386,
    "dsfb-alt": 0.037743001779894134,
    "sft": 0.0,
    "sfT": 0.00002080395737500289,
    "dsfb-red": 0.0240782691107464,
    "oneh-in": 0.008613994128660919,
    "oneh-out": 0.014870206421488176,
    "redirect": 0.06885069693257206,
    "bad-redirect": 0.0212743579667599,
    "unknown": 0.013894731975682485
  },
  "reddit": {
    "dsfb": 0.0,
    "sfb": 0.014348923670594264,
    "roll-out": 0.2506992456264256,
    "sfR": 0.10397777127267367,
    "roll-in": 0.14968431828537943,
    "alternate": 0.2728938117918559,
    "dsfb-alt": 0.033193710825398445,
    "sft": 0.0,
    "sfT": 0.00010866395587366889,
    "dsfb-red": 0.022300308443069506,
    "oneh-in": 0.008980452287027917,
    "oneh-out": 0.013274158111861695,
    "redirect": 0.06622856476115187,
    "bad-redirect": 0.019110659874139346,
    "unknown": 0.04519941109454869
  },
  "keymash": {
    "dsfb": 0.0,
    "sfb": 0.012569115769683883,
    "roll-out": 0.2652608850923391,
    "sfR": 0.099723742164827,
    "roll-in": 0.14835415187202652,
    "alternate": 0.287090590403632,
    "dsfb-alt": 0.03690689741516257,
    "sft": 0.0,
    "sfT": 4.104871250713221e-6,
    "dsfb-red": 0.02329103947654682,
    "oneh-in": 0.008809053704030572,
    "oneh-out": 0.014990989807604684,
    "redirect": 0.06866218141068005,
    "bad-redirect": 0.021961061191315735,
    "unknown": 0.012376186820900362
  },
  "english-10k": {
    "dsfb": 0.0,
    "sfb": 0.01620964473861948,
    "roll-out": 0.22624032728044616,
    "sfR": 0.10567144593890508,
    "roll-in": 0.2236352058045966,
    "alternate": 0.26624341483182495,
    "dsfb-alt": 0.024140792342872582,
    "sft": 0.0,
    "sfT": 0.00001929719611740414,
    "dsfb-red": 0.024025009166168156,
    "oneh-in": 0.01346944288994809,
    "oneh-out": 0.009146870959649563,
    "redirect": 0.06813839949055402,
    "bad-redirect": 0.02306014936029795,
    "unknown": 0.0
  },
  "wordle": {
    "dsfb": 0.0,
    "sfb": 0.021990351172444744,
    "roll-out": 0.225782564792999,
    "sfR": 0.13138112868843263,
    "roll-in": 0.1854370021317177,
    "alternate": 0.26072029619656684,
    "dsfb-alt": 0.02663525187927746,
    "sft": 0.0,
    "sfT": 0.000044878267698866824,
    "dsfb-red": 0.025603051722203524,
    "oneh-in": 0.014697632671378885,
    "oneh-out": 0.015281050151464153,
    "redirect": 0.06956131493324358,
    "bad-redirect": 0.022865477392572647,
    "unknown": 0.0
  },
  "chained-bigrams": {
    "dsfb": 0.0,
    "sfb": 0.017221508347785772,
    "roll-out": 0.24050180863821977,
    "sfR": 0.11914286586209158,
    "roll-in": 0.16462730884632193,
    "alternate": 0.26342745870584483,
    "dsfb-alt": 0.033913184066842024,
    "sft": 0.0,
    "sfT": 0.00006298255513083814,
    "dsfb-red": 0.026291645591318538,
    "oneh-in": 0.00889742219544201,
    "oneh-out": 0.014711296408241235,
    "redirect": 0.06711537949586685,
    "bad-redirect": 0.020927739530124168,
    "unknown": 0.023159399756770463
  },
  "english-450k": {
    "dsfb": 0.0,
    "sfb": 0.016998177513782662,
    "roll-out": 0.21618972332940226,
    "sfR": 0.11369548401129392,
    "roll-in": 0.2263469997386425,
    "alternate": 0.2576821272980604,
    "dsfb-alt": 0.025523869774969433,
    "sft": 0.0,
    "sfT": 0.000013155579047196956,
    "dsfb-red": 0.025116339170707377,
    "oneh-in": 0.013604330465806896,
    "oneh-out": 0.009931000449628457,
    "redirect": 0.06709696129511705,
    "bad-redirect": 0.02764805727179017,
    "unknown": 0.00015377410175167997
  },
  "english-200": {
    "dsfb": 0.0,
    "sfb": 0.013363028953229399,
    "roll-out": 0.26948775055679286,
    "sfR": 0.10690423162583519,
    "roll-in": 0.11804008908685969,
    "alternate": 0.3184855233853007,
    "dsfb-alt": 0.031180400890868598,
    "sft": 0.0,
    "sfT": 0.0,
    "dsfb-red": 0.022271714922048998,
    "oneh-in": 0.0022271714922048997,
    "oneh-out": 0.015590200445434299,
    "redirect": 0.07349665924276169,
    "bad-redirect": 0.028953229398663696,
    "unknown": 0.0
  },
  "english-5k": {
    "dsfb": 0.0,
    "sfb": 0.014643049736591031,
    "roll-out": 0.2223835400506077,
    "sfR": 0.10644211224955408,
    "roll-in": 0.22126353341353133,
    "alternate": 0.2664371344422782,
    "dsfb-alt": 0.025262371925166963,
    "sft": 0.0,
    "sfT": 0.0,
    "dsfb-red": 0.02584311610735471,
    "oneh-in": 0.014394159372796284,
    "oneh-out": 0.007923009914132825,
    "redirect": 0.06952337495333305,
    "bad-redirect": 0.02372754801509935,
    "unknown": 0.002157049819554486
  },
  "movie": {
    "dsfb": 0.0,
    "sfb": 0.013250981160585026,
    "roll-out": 0.2551966341484021,
    "sfR": 0.11567713207251198,
    "roll-in": 0.12558302777411862,
    "alternate": 0.28526818784117564,
    "dsfb-alt": 0.05049422226269587,
    "sft": 0.0,
    "sfT": 0.000022898023913696032,
    "dsfb-red": 0.02110395058027409,
    "oneh-in": 0.0075608222180315625,
    "oneh-out": 0.012372039196679419,
    "redirect": 0.0642888340944733,
    "bad-redirect": 0.01889889719695288,
    "unknown": 0.030282373430185833
  },
  "gutenberg": {
    "dsfb": 0.0,
    "sfb": 0.012953497438625325,
    "roll-out": 0.2565163410059017,
    "sfR": 0.09863878308844841,
    "roll-in": 0.14788060027210698,