{
  "english-1k": {
    "sfb": 0.0035285815102328866,
    "unknown": 0.8743824982357092,
    "outoneh": 0.0,
    "red-sfs": 0.0,
    "alt-sfs": 0.0,
    "sft": 0.0,
    "inroll": 0.0056457304163726185,
    "bad-red-sfs": 0.0,
    "red": 0.0007057163020465773,
    "sfr": 0.10832745236414962,
    "outroll": 0.0017642907551164433,
    "inoneh": 0.0,
    "bad-red": 0.0,
    "alt": 0.0056457304163726185
  },
  "shai": {
    "sfb": 0.00193987985631804,
    "unknown": 0.8829450126376588,
    "outoneh": 0.0,
    "red-sfs": 0.000016627276226122286,
    "alt-sfs": 0.0003019228500575762,
    "sft": 0.0,
    "inroll": 0.007222356998457719,
    "bad-red-sfs": 0.0,
    "red": 0.0018011063486160811,
    "sfr": 0.09823378925716947,
    "outroll": 0.0013701131057305893,
    "inoneh": 0.00015597747484002054,
    "bad-red": 0.0,
    "alt": 0.006013214194925553
  },
  "chained-bigrams": {
    "sfb": 0.0017200081292947447,
    "unknown": 0.8622272839130217,
    "outoneh": 0.0,
    "red-sfs": 0.0000714235161277546,
    "alt-sfs": 0.0001402498134872272,
    "sft": 0.0,
    "inroll": 0.0057762145406591355,
    "bad-red-sfs": 0.0,
    "red": 0.0005045097457387756,
    "sfr": 0.11914286586209158,
    "outroll": 0.003788692878231346,
    "inoneh": 0.0003129648615779792,
    "bad-red": 0.0,
    "alt": 0.006315786739769718
  },
  "english-200": {
    "sfb": 0.004454342984409799,
    "unknown": 0.8708240534521158,
    "outoneh": 0.0,
    "red-sfs": 0.0,
    "alt-sfs": 0.0,
    "sft": 0.0,
    "inroll": 0.011135857461024499,
    "bad-red-sfs": 0.0,
    "red": 0.004454342984409799,
    "sfr": 0.10690423162583519,
    "outroll": 0.0,
    "inoneh": 0.0,
    "bad-red": 0.0,
    "alt": 0.0022271714922048997
  },
  "english-450k": {
    "sfb": 0.0032570290258849173,
    "unknown": 0.8574367903661402,
    "outoneh": 0.0,
    "red-sfs": 0.0000660702414370336,
    "alt-sfs": 0.0002850375460226007,
    "sft": 0.0,
    "inroll": 0.00992544587180853,
    "bad-red-sfs": 0.0,
    "red": 0.0008320172881849452,
    "sfr": 0.11369548401129392,
    "outroll": 0.005360459942431186,
    "inoneh": 0.0003563700190785131,
    "bad-red": 0.0,
    "alt": 0.008785295687718127
  },
  "english-5k": {
    "sfb": 0.0029866843655369808,
    "unknown": 0.8745592566474468,
    "outoneh": 0.0,
    "red-sfs": 0.0,
    "alt-sfs": 0.00012444518189737422,
    "sft": 0.0,
    "inroll": 0.004355581366408097,
    "bad-red-sfs": 0.0,
    "red": 0.0005807441821877463,
    "sfr": 0.10644211224955408,
    "outroll": 0.002779275729041357,
    "inoneh": 0.00012444518189737422,
    "bad-red": 0.0,
    "alt": 0.008047455096030198
  },
  "monkeyracer": {
    "sfb": 0.0013822199978103446,
    "unknown": 0.8815240001876847,
    "outoneh": 0.0,
    "red-sfs": 7.820198007413547e-6,
    "alt-sfs": 0.0005063578209800273,
    "sft": 0.0,
    "inroll": 0.008793812659336535,
    "bad-red-sfs": 0.0,
    "red": 0.0028817429657318925,
    "sfr": 0.09690789370786869,
    "outroll": 0.0012072430673944665,
    "inoneh": 0.00013978603938251716,
    "bad-red": 0.0,
    "alt": 0.006649123355803369
  },
  "tr-quotes": {
    "sfb": 0.0014250710801876978,
    "unknown": 0.8817699544624489,
    "outoneh": 0.0,
    "red-sfs": 6.934652458334297e-6,
    "alt-sfs": 0.0004773352442153441,
    "sft": 0.0,
    "inroll": 0.008749219851598437,
    "bad-red-sfs": 0.0,
    "red": 0.0028975289521740136,
    "sfr": 0.09677191928064538,
    "outroll": 0.0011996948752918332,
    "inoneh": 0.00014447192621529784,
    "bad-red": 0.0,
    "alt": 0.0065578696747648
  },
  "movie": {
    "sfb": 0.0011293726507318354,
    "unknown": 0.8660930141418985,
    "outoneh": 0.0,
    "red-sfs": 0.000018686893078993313,
    "alt-sfs": 0.0012599177066076196,
    "sft": 0.0,
    "inroll": 0.007269201407728399,
    "bad-red-sfs": 0.0,
    "red": 0.0026157702375433104,
    "sfr": 0.11567713207251198,
    "outroll": 0.0007349739284942088,
    "inoneh": 0.00011909604391893626,
    "bad-red": 0.0,
    "alt": 0.005082834917486181
  },
  "gutenberg": {
    "sfb": 0.0015219350739542237,
    "unknown": 0.8849217038853104,
    "outoneh": 0.0,
    "red-sfs": 0.000013639448011538974,
    "alt-sfs": 0.00019417269738649233,
    "sft": 0.0,
    "inroll": 0.007131536942255503,
    "bad-red-sfs": 0.0,
    "red": 0.0016712112549694003,
    "sfr": 0.09863878308844841,
    "outroll": 0.00110062767982002,
    "inoneh": 0.00018185930682051963,
    "bad-red": 0.0,
    "alt": 0.004624530623023464
  },
  "keymash": {
    "sfb": 0.0015885851740260167,
    "unknown": 0.8801336546079233,
    "outoneh": 0.0,
    "red-sfs": 8.209742501426442e-6,
    "alt-sfs": 0.0005295283913420056,
    "sft": 0.0,
    "inroll": 0.007885457672620099,
    "bad-red-sfs": 0.0,
    "red": 0.0024547130079265065,
    "sfr": 0.099723742164827,
    "outroll": 0.0011780980489546945,
    "inoneh": 0.00009851691001711732,
    "bad-red": 0.0,
    "alt": 0.006399494279861912
  },
  "english-10k": {
    "sfb": 0.002585824279732155,
    "unknown": 0.8733332046853592,
    "outoneh": 0.0,
    "red-sfs": 0.0,
    "alt-sfs": 0.00015437756893923313,
    "sft": 0.0,
    "inroll": 0.007699581250844252,
    "bad-red-sfs": 0.0,
    "red": 0.0005017270990525077,
    "sfr": 0.10567144593890508,
    "outroll": 0.002450743906910326,
    "inoneh": 0.0001929719611740414,
    "bad-red": 0.0,
    "alt": 0.00741012330908319
  },
  "mt-quotes": {
    "sfb": 0.0012849475860914883,
    "unknown": 0.8809660415247248,
    "outoneh": 0.0,
    "red-sfs": 4.482375300319145e-6,
    "alt-sfs": 0.000555814537239574,
    "sft": 0.0,
    "inroll": 0.00932035237446361,
    "bad-red-sfs": 0.0,
    "red": 0.003191451213827231,
    "sfr": 0.0964592223377679,
    "outroll": 0.001131052700780531,
    "inoneh": 0.00013596538410968074,
    "bad-red": 0.0,
    "alt": 0.006950669965694887
  }
}