{
  "dutch": {
    "bad-redirect": 0.005307353716366895,
    "dsfb-red": 0.03390878153116718,
    "sfb": 0.043604553690159246,
    "oneh-in": 0.011532907543911888,
    "roll-in": 0.2155381879476445,
    "unknown": 0.072903632847049,
    "dsfb-alt": 0.03070435136266326,
    "alternate": 0.19334490323808268,
    "sfR": 0.18880787437283908,
    "sfT": 0.00030286904542081765,
    "roll-out": 0.1491771612318011,
    "oneh-out": 0.008174505645313326,
    "redirect": 0.046692917827581,
    "sft": 0.0,
    "dsfb": 0.0
  },
  "mt-quotes": {
    "bad-redirect": 0.020884880649287004,
    "dsfb-red": 0.034665196447568165,
    "sfb": 0.03366263850539678,
    "oneh-in": 0.010285557189132332,
    "roll-in": 0.23041799643800576,
    "unknown": 0.007977133909467972,
    "dsfb-alt": 0.0391938896259906,
    "alternate": 0.23006538291438067,
    "sfR": 0.0964592223377679,
    "sfT": 0.00010309463190734034,
    "roll-out": 0.2297262165166565,
    "oneh-out": 0.013009347246626266,
    "redirect": 0.05354944358781272,
    "sft": 0.0,
    "dsfb": 0.0
  },
  "monkeyracer": {
    "bad-redirect": 0.019591551058072792,
    "dsfb-red": 0.03384679450083676,
    "sfb": 0.03405793984703693,
    "oneh-in": 0.01035296463706461,
    "roll-in": 0.229517923893833,
    "unknown": 0.013436077701487402,
    "dsfb-alt": 0.040346356569748346,
    "alternate": 0.23002623676431488,
    "sfR": 0.09690789370786869,
    "sfT": 0.00010655019785100958,
    "roll-out": 0.22564594835541235,
    "oneh-out": 0.012618867009712686,
    "redirect": 0.05354489575676056,
    "sft": 0.0,
    "dsfb": 0.0
  },
  "english-200": {
    "bad-redirect": 0.0066815144766146995,
    "dsfb-red": 0.026726057906458798,
    "sfb": 0.022271714922048998,
    "oneh-in": 0.013363028953229399,
    "roll-in": 0.2516703786191537,
    "unknown": 0.0,
    "dsfb-alt": 0.035634743875278395,
    "alternate": 0.23608017817371937,
    "sfR": 0.10690423162583519,
    "sfT": 0.0,
    "roll-out": 0.24498886414253898,
    "oneh-out": 0.011135857461024499,
    "redirect": 0.044543429844097995,
    "sft": 0.0,
    "dsfb": 0.0
  },
  "akl": {
    "bad-redirect": 0.014881039780701771,
    "dsfb-red": 0.03180681771856934,
    "sfb": 0.03712887389100339,
    "oneh-in": 0.010691631256713519,
    "roll-in": 0.2200082250465927,
    "unknown": 0.06665478384099267,
    "dsfb-alt": 0.04211166857547719,
    "alternate": 0.20011620139642408,
    "sfR": 0.11790358951788564,
    "sfT": 0.00035004152793560625,
    "roll-out": 0.19872514255983326,
    "oneh-out": 0.010280131110067802,
    "redirect": 0.049341853777803056,
    "sft": 0.0,
    "dsfb": 0.0
  },
  "english-10k": {
    "bad-redirect": 0.006561046679917408,
    "dsfb-red": 0.02904228015669323,
    "sfb": 0.04050481465043129,
    "oneh-in": 0.012041450377260184,
    "roll-in": 0.2641786148472627,
    "unknown": 0.0,
    "dsfb-alt": 0.05023060149360298,
    "alternate": 0.23658362439937478,
    "sfR": 0.10567144593890508,
    "sfT": 0.00007718878446961657,
    "roll-out": 0.18367071264545262,
    "oneh-out": 0.009532814881997646,
    "redirect": 0.06190540514463248,
    "sft": 0.0,
    "dsfb": 0.0
  },
  "gutenberg": {
    "bad-redirect": 0.01102446272888225,
    "dsfb-red": 0.03441895762034066,
    "sfb": 0.033015988842931526,
    "oneh-in": 0.010682908218259962,
    "roll-in": 0.2170382847939477,
    "unknown": 0.032975828246008664,
    "dsfb-alt": 0.04375951683013166,
    "alternate": 0.22952823043695866,
    "sfR": 0.09863878308844841,
    "sfT": 0.00014416138801084943,
    "roll-out": 0.2313420875857154,
    "oneh-out": 0.010574171507723527,
    "redirect": 0.0468566187126407,
    "sft": 0.0,
    "dsfb": 0.0
  },
  "english-1k": {
    "bad-redirect": 0.008468595624558928,
    "dsfb-red": 0.029640084685956247,
    "sfb": 0.02364149611856034,
    "oneh-in": 0.019760056457304165,
    "roll-in": 0.2607621736062103,
    "unknown": 0.0,
    "dsfb-alt": 0.04551870148200424,
    "alternate": 0.2512350035285815,
    "sfR": 0.10832745236414962,
    "sfT": 0.00035285815102328866,
    "roll-out": 0.18595624558927312,
    "oneh-out": 0.010938602681721948,
    "redirect": 0.05539872971065632,
    "sft": 0.0,
    "dsfb": 0.0
  },
  "chained-bigrams": {
    "bad-redirect": 0.007837756937982962,
    "dsfb-red": 0.035613713055374654,
    "sfb": 0.033841111246022196,
    "oneh-in": 0.009125977447050826,
    "roll-in": 0.23169269188089933,
    "unknown": 0.022916559801936097,
    "dsfb-alt": 0.049749076201749357,
    "alternate": 0.2176131689380427,
    "sfR": 0.11914286586209158,
    "sfT": 0.00019673932169736037,
    "roll-out": 0.20965139480387426,
    "oneh-out": 0.009650615638243787,
    "redirect": 0.05296832886503488,
    "sft": 0.0,
    "dsfb": 0.0
  },
  "reddit": {
    "bad-redirect": 0.014654651077640414,
    "dsfb-red": 0.032878993639169365,
    "sfb": 0.033820485721515,
    "oneh-in": 0.010959327429670429,
    "roll-in": 0.2273684837445127,
    "unknown": 0.039285447401644795,
    "dsfb-alt": 0.04060409817812761,
    "alternate": 0.21679672816986637,
    "sfR": 0.10397777127267367,
    "sfT": 0.00018593859943360645,
    "roll-out": 0.21580238367740776,
    "oneh-out": 0.012981503342044055,
    "redirect": 0.0506841877462942,
    "sft": 0.0,
    "dsfb": 0.0
  },
  "wordle": {
    "bad-redirect": 0.011982497475597442,
    "dsfb-red": 0.03139234825535734,
    "sfb": 0.05190171659373948,
    "oneh-in": 0.011713227869404241,
    "roll-in": 0.21157859306630764,
    "unknown": 0.0,
    "dsfb-alt": 0.044810950297318526,
    "alternate": 0.2281386738471895,
    "sfR": 0.13138112868843263,
    "sfT": 0.00006731740154830023,
    "roll-out": 0.2061707618085942,
    "oneh-out": 0.009042970941321666,
    "redirect": 0.06181981375518905,
    "sft": 0.0,
    "dsfb": 0.0
  },
  "shai": {
    "bad-redirect": 0.011562540542532232,
    "dsfb-red": 0.028703443239525978,
    "sfb": 0.03411233180364456,
    "oneh-in": 0.011191999214771462,
    "roll-in": 0.23703212563161202,
    "unknown": 0.023260762136131256,
    "dsfb-alt": 0.045457332148885025,
    "alternate": 0.23353495969975535,
    "sfR": 0.09823378925716947,
    "sfT": 0.00012479359109843132,
    "roll-out": 0.21424311988390013,
    "oneh-out": 0.010561033560159932,
    "redirect": 0.051981769290814155,
    "sft": 0.0,
    "dsfb": 0.0
  },
  "english-450k": {
    "bad-redirect": 0.0066391822258187305,
    "dsfb-red": 0.030334426513227788,
    "sfb": 0.0450394404259835,
    "oneh-in": 0.009579307969766726,
    "roll-in": 0.23303003389461854,
    "unknown": 0.00015377410175167997,
    "dsfb-alt": 0.04641639103292344,
    "alternate": 0.24520040624428097,
    "sfR": 0.11369548401129392,
    "sfT": 0.00015231237074643587,
    "roll-out": 0.19951809652219113,
    "oneh-out": 0.009006309415711036,
    "redirect": 0.06123483527168609,
    "sft": 0.0,
    "dsfb": 0.0
  },
  "french": {
    "bad-redirect": 0.0030535533452250175,
    "dsfb-red": 0.025524932528167392,
    "sfb": 0.05480823898633002,
    "oneh-in": 0.013708157354787446,
    "roll-in": 0.21140457086599057,
    "unknown": 0.15807962376648718,
    "dsfb-alt": 0.03423789028868699,
    "alternate": 0.19411304243487354,
    "sfR": 0.10898279115633469,
    "sfT": 0.0004517773351843095,
    "roll-out": 0.13989294547631106,
    "oneh-out": 0.0064650228084256,
    "redirect": 0.049277453653196183,
    "sft": 0.0,
    "dsfb": 0.0
  },
  "keymash": {
    "bad-redirect": 0.01855401805322376,
    "dsfb-red": 0.03481341307729883,
    "sfb": 0.033992438827156184,
    "oneh-in": 0.010492050916822994,
    "roll-in": 0.22893687939477778,
    "unknown": 0.01232282349464109,
    "dsfb-alt": 0.04141404604844569,
    "alternate": 0.22861669943722215,
    "sfR": 0.099723742164827,
    "sfT": 0.00010262178126783053,
    "roll-out": 0.2251521881016202,
    "oneh-out": 0.011973909438330467,
    "redirect": 0.053905169264366025,
    "sft": 0.0,
    "dsfb": 0.0
  },
  "movie": {
    "bad-redirect": 0.02872135986889697,
    "dsfb-red": 0.03796347607268359,
    "sfb": 0.03420043587836096,
    "oneh-in": 0.009694549572839996,