{
  "english-1k": {
    "sfb": 0.038461538461538464,
    "unknown": 0.0,
    "outoneh": 0.019760056457304165,
    "red-sfs": 0.014467184191954835,
    "alt-sfs": 0.04481298517995766,
    "sft": 0.0,
    "inroll": 0.2304163726182075,
    "bad-red-sfs": 0.012350035285815103,
    "red": 0.04693013408609739,
    "sfr": 0.10832745236414962,
    "outroll": 0.19724770642201836,
    "inoneh": 0.009174311926605505,
    "bad-red": 0.0017642907551164433,
    "alt": 0.276287932251235
  },
  "shai": {
    "sfb": 0.04449058917839891,
    "unknown": 0.031793109309943265,
    "outoneh": 0.019663639026477622,
    "red-sfs": 0.013982087902866982,
    "alt-sfs": 0.0443024176431192,
    "sft": 0.0001307927247461244,
    "inroll": 0.214209168657863,
    "bad-red-sfs": 0.007620420803230584,
    "red": 0.04364972351347661,
    "sfr": 0.09823378925716947,
    "outroll": 0.20099798878076858,
    "inoneh": 0.007702694083197689,
    "bad-red": 0.0022370846780423656,
    "alt": 0.2709864944406996
  },
  "chained-bigrams": {
    "sfb": 0.0434605602590466,
    "unknown": 0.033665798979163164,
    "outoneh": 0.021319919564134746,
    "red-sfs": 0.01710008837036859,
    "alt-sfs": 0.04512537748951535,
    "sft": 0.0002662149237489035,
    "inroll": 0.20443163438431955,
    "bad-red-sfs": 0.007959176915400143,
    "red": 0.04654995198391802,
    "sfr": 0.11914286586209158,
    "outroll": 0.17510448935757145,
    "inoneh": 0.006845619368499242,
    "bad-red": 0.002365416993212818,
    "alt": 0.27666288554900986
  },
  "english-200": {
    "sfb": 0.026726057906458798,
    "unknown": 0.0,
    "outoneh": 0.024498886414253896,
    "red-sfs": 0.015590200445434299,
    "alt-sfs": 0.04899777282850779,
    "sft": 0.0,
    "inroll": 0.22494432071269488,
    "bad-red-sfs": 0.013363028953229399,
    "red": 0.053452115812917596,
    "sfr": 0.10690423162583519,
    "outroll": 0.23608017817371937,
    "inoneh": 0.011135857461024499,
    "bad-red": 0.0022271714922048997,
    "alt": 0.23608017817371937
  },
  "english-450k": {
    "sfb": 0.06160114506160027,
    "unknown": 0.0001543587941537776,
    "outoneh": 0.024386643052889522,
    "red-sfs": 0.018455230979809986,
    "alt-sfs": 0.039776331768501566,
    "sft": 0.0001955796085016614,
    "inroll": 0.23255263254830583,
    "bad-red-sfs": 0.009959650377331241,
    "red": 0.05064810229310513,
    "sfr": 0.11369548401129392,
    "outroll": 0.19709600824650164,
    "inoneh": 0.004385193015732318,
    "bad-red": 0.0024902049405338593,
    "alt": 0.24460343530173928
  },
  "english-5k": {
    "sfb": 0.052972165760982286,
    "unknown": 0.0022400132741527356,
    "outoneh": 0.01986974737628075,
    "red-sfs": 0.018293441738914007,
    "alt-sfs": 0.04554693657443896,
    "sft": 0.00012444518189737422,
    "inroll": 0.22769320114489566,
    "bad-red-sfs": 0.009997096279089061,
    "red": 0.047703986393993446,
    "sfr": 0.10644211224955408,
    "outroll": 0.19073298212137554,
    "inoneh": 0.005060770730493218,
    "bad-red": 0.00236445845605011,
    "alt": 0.2709586427178828
  },
  "monkeyracer": {
    "sfb": 0.036299404100911835,
    "unknown": 0.03912933825484461,
    "outoneh": 0.020133099770086177,
    "red-sfs": 0.013864233542393294,
    "alt-sfs": 0.04286250527863365,
    "sft": 0.00004203356428984782,
    "inroll": 0.21899878004911083,
    "bad-red-sfs": 0.006697022068598777,
    "red": 0.045762821214633154,
    "sfr": 0.09690789370786869,
    "outroll": 0.2114601091699642,
    "inoneh": 0.010729311666171387,
    "bad-red": 0.002627586530490952,
    "alt": 0.2544858610820026
  },
  "tr-quotes": {
    "sfb": 0.03666466332262315,
    "unknown": 0.039616513719054114,
    "outoneh": 0.019974110630822217,
    "red-sfs": 0.014019555719932502,
    "alt-sfs": 0.04305956866461709,
    "sft": 0.00004160791475000578,
    "inroll": 0.21863456693095398,
    "bad-red-sfs": 0.006687316520653706,
    "red": 0.045685490395506345,
    "sfr": 0.09677191928064538,
    "outroll": 0.2106990129678001,
    "inoneh": 0.01055916414322369,
    "bad-red": 0.0025773791636809133,
    "alt": 0.2550091306257368
  },
  "movie": {
    "sfb": 0.03213869254125822,
    "unknown": 0.08496732886260383,
    "outoneh": 0.01811023135031621,
    "red-sfs": 0.016195614396750904,
    "alt-sfs": 0.04374785906766353,
    "sft": 0.000037373786157986627,
    "inroll": 0.20075934584820004,
    "bad-red-sfs": 0.006361044723657041,
    "red": 0.04422121649305183,
    "sfr": 0.11567713207251198,
    "outroll": 0.2013415346860977,
    "inoneh": 0.011993300617233343,
    "bad-red": 0.002025948725007761,
    "alt": 0.2224233768294896
  },
  "gutenberg": {
    "sfb": 0.03480521921055633,
    "unknown": 0.04011588984327138,
    "outoneh": 0.017537678027947985,
    "red-sfs": 0.01076152448110425,
    "alt-sfs": 0.05087911925537707,
    "sft": 0.00004091834403461692,
    "inroll": 0.210057160653375,
    "bad-red-sfs": 0.007153511608496315,
    "red": 0.043209581863777526,
    "sfr": 0.09863878308844841,
    "outroll": 0.20831131130789804,
    "inoneh": 0.008699315716470733,
    "bad-red": 0.0024515013432961923,
    "alt": 0.2673384852559461
  },
  "keymash": {
    "sfb": 0.03691921202891471,
    "unknown": 0.03457533054475746,
    "outoneh": 0.019658228419665618,
    "red-sfs": 0.013624067681117182,
    "alt-sfs": 0.04466510407901056,
    "sft": 0.000045153583757845434,
    "inroll": 0.21741861066527648,
    "bad-red-sfs": 0.007286146470015968,
    "red": 0.04558459523917032,
    "sfr": 0.099723742164827,
    "outroll": 0.2102843444315369,
    "inoneh": 0.010713713964361507,
    "bad-red": 0.002479342235430786,
    "alt": 0.25702240849215763
  },
  "english-10k": {
    "sfb": 0.05314447810733101,
    "unknown": 0.0,
    "outoneh": 0.02180583161266668,
    "red-sfs": 0.017213098936724493,
    "alt-sfs": 0.04305204453792864,
    "sft": 0.00007718878446961657,
    "inroll": 0.23496265992551282,
    "bad-red-sfs": 0.009031087782945138,
    "red": 0.04563786881766079,
    "sfr": 0.10567144593890508,
    "outroll": 0.1938789293915594,
    "inoneh": 0.004361166322533336,
    "bad-red": 0.0021226915729144554,
    "alt": 0.26904150826884854
  },
  "mt-quotes": {
    "sfb": 0.03438579505384827,
    "unknown": 0.03468910244916987,
    "outoneh": 0.020505372873859982,
    "red-sfs": 0.013817668925783818,
    "alt-sfs": 0.04298149675476028,
    "sft": 0.00003436487730244678,
    "inroll": 0.22119326806994896,
    "bad-red-sfs": 0.006583115191068718,
    "red": 0.04586366407286549,
    "sfr": 0.0964592223377679,
    "outroll": 0.21447269336967045,
    "inoneh": 0.011265703254802119,
    "bad-red": 0.0027701079355972316,
    "alt": 0.2549784248335545
  }
}