{
  "dutch": {
    "dsfb": 0.0,
    "sfb": 0.029904333116287048,
    "roll-out": 0.14894377401404033,
    "sfR": 0.18880787437283908,
    "roll-in": 0.242027009585695,
    "alternate": 0.22345633702778223,
    "dsfb-alt": 0.029703651667210628,
    "sft": 0.0,
    "sfT": 0.00006957148163121026,
    "dsfb-red": 0.016339794862389942,
    "oneh-in": 0.003960840723300984,
    "oneh-out": 0.006495681242692977,
    "redirect": 0.03217889022656598,
    "bad-redirect": 0.004509540957681568,
    "unknown": 0.07360270072188302
  },
  "english-1k": {
    "dsfb": 0.0,
    "sfb": 0.016937191249117856,
    "roll-out": 0.2081863091037403,
    "sfR": 0.10832745236414962,
    "roll-in": 0.2487649964714185,
    "alternate": 0.31510232886379674,
    "dsfb-alt": 0.029992942836979536,
    "sft": 0.0,
    "sfT": 0.0,
    "dsfb-red": 0.015525758645024701,
    "oneh-in": 0.008115737473535639,
    "oneh-out": 0.01058574453069866,
    "redirect": 0.03387438249823571,
    "bad-redirect": 0.0045871559633027525,
    "unknown": 0.0
  },
  "shai": {
    "dsfb": 0.0,
    "sfb": 0.015728919508811064,
    "roll-out": 0.23163441093771336,
    "sfR": 0.09823378925716947,
    "roll-in": 0.22412663838275124,
    "alternate": 0.30317536466217676,
    "dsfb-alt": 0.03447591800678281,
    "sft": 0.0,
    "sfT": 0.00003663728974778249,
    "dsfb-red": 0.01803759126811003,
    "oneh-in": 0.0102048708011096,
    "oneh-out": 0.008508292583089163,
    "redirect": 0.026834322196980277,
    "bad-redirect": 0.00490549545412745,
    "unknown": 0.024097749651430984
  },
  "akl": {
    "dsfb": 0.0,
    "sfb": 0.01802298775375068,
    "roll-out": 0.22586866367526753,
    "sfR": 0.11790358951788564,
    "roll-in": 0.1966766251932508,
    "alternate": 0.2689863454066064,
    "dsfb-alt": 0.03187905637725481,
    "sft": 0.0,
    "sfT": 0.00015315091275341922,
    "dsfb-red": 0.021832306937228322,
    "oneh-in": 0.00791781545339795,
    "oneh-out": 0.008802646090915883,
    "redirect": 0.023384570739427724,
    "bad-redirect": 0.005260969279240332,
    "unknown": 0.07331127266302054
  },
  "monkeyracer": {
    "dsfb": 0.0,
    "sfb": 0.01738039007147661,
    "roll-out": 0.26294242770226944,
    "sfR": 0.09690789370786869,
    "roll-in": 0.21302708134569967,
    "alternate": 0.28842063281042274,
    "dsfb-alt": 0.03215469915698266,
    "sft": 0.0,
    "sfT": 0.00001955049501853387,
    "dsfb-red": 0.02207153135117381,
    "oneh-in": 0.007982467116067378,
    "oneh-out": 0.009539664044293602,
    "redirect": 0.030054975991992118,
    "bad-redirect": 0.006006889594444531,
    "unknown": 0.013491796612290222
  },
  "tr-quotes": {
    "dsfb": 0.0,
    "sfb": 0.017508841681884376,
    "roll-out": 0.26226740019879335,
    "sfR": 0.09677191928064538,
    "roll-in": 0.21292734795774484,
    "alternate": 0.2887277224289776,
    "dsfb-alt": 0.03229814382469198,
    "sft": 0.0,
    "sfT": 0.000019648181965280506,
    "dsfb-red": 0.021848778345391923,
    "oneh-in": 0.008051131504126119,
    "oneh-out": 0.009561729964633272,
    "redirect": 0.030198099905226417,
    "bad-redirect": 0.005924504750236934,
    "unknown": 0.013894731975682485
  },
  "reddit": {
    "dsfb": 0.0,
    "sfb": 0.015301952636224652,
    "roll-out": 0.24139658467051617,
    "sfR": 0.10397777127267367,
    "roll-in": 0.20781223048220615,
    "alternate": 0.2795319021979448,
    "dsfb-alt": 0.03478347835907313,
    "sft": 0.0,
    "sfT": 0.00008416680760018407,
    "dsfb-red": 0.020965064032511537,
    "oneh-in": 0.009138372741341392,
    "oneh-out": 0.009960076016074475,
    "redirect": 0.027448904810786687,
    "bad-redirect": 0.004400084878498452,
    "unknown": 0.04519941109454869
  },
  "keymash": {
    "dsfb": 0.0,
    "sfb": 0.016456428844109305,
    "roll-out": 0.2629785766769425,
    "sfR": 0.099723742164827,
    "roll-in": 0.2124558213231642,
    "alternate": 0.2897136031328377,
    "dsfb-alt": 0.031406369939206855,
    "sft": 0.0,
    "sfT": 0.00002462922750427933,
    "dsfb-red": 0.021443847413725868,
    "oneh-in": 0.007594011813819459,
    "oneh-out": 0.009798327675452459,
    "redirect": 0.02984651886393583,
    "bad-redirect": 0.006181936103574112,
    "unknown": 0.012376186820900362
  },
  "english-10k": {
    "dsfb": 0.0,
    "sfb": 0.017444665290133343,
    "roll-out": 0.17793944539858358,
    "sfR": 0.10567144593890508,
    "roll-in": 0.25748248779452343,
    "alternate": 0.32747341811234826,
    "dsfb-alt": 0.037262885702707395,
    "sft": 0.0,
    "sfT": 0.0,
    "dsfb-red": 0.0163061307192065,
    "oneh-in": 0.01682715501437641,
    "oneh-out": 0.006638235464387025,
    "redirect": 0.031666698828660196,
    "bad-redirect": 0.005287431736168735,
    "unknown": 0.0
  },
  "wordle": {
    "dsfb": 0.0,
    "sfb": 0.027869404240996296,
    "roll-out": 0.22427914282508696,
    "sfR": 0.13138112868843263,
    "roll-in": 0.19028385504319534,
    "alternate": 0.2991809716144957,
    "dsfb-alt": 0.04133288455065635,
    "sft": 0.0,
    "sfT": 0.00006731740154830023,
    "dsfb-red": 0.022326938180186245,
    "oneh-in": 0.0031414787389206777,
    "oneh-out": 0.01236396275103781,
    "redirect": 0.039582632110400535,
    "bad-redirect": 0.008190283855043196,
    "unknown": 0.0
  },
  "chained-bigrams": {
    "dsfb": 0.0,
    "sfb": 0.017001394057173876,
    "roll-out": 0.2127290990442884,
    "sfR": 0.11914286586209158,
    "roll-in": 0.20527767839808742,
    "alternate": 0.28602001546643774,
    "dsfb-alt": 0.05274886387911505,
    "sft": 0.0,
    "sfT": 0.000030517320527313326,
    "dsfb-red": 0.026458516897180654,
    "oneh-in": 0.006876785993718626,
    "oneh-out": 0.007765684117163136,
    "redirect": 0.03883945876558088,
    "bad-redirect": 0.003949720441864829,
    "unknown": 0.023159399756770463
  },
  "english-450k": {
    "dsfb": 0.0,
    "sfb": 0.03283895641761304,
    "roll-out": 0.18876881905582701,
    "sfR": 0.11369548401129392,
    "roll-in": 0.22919182062104856,
    "alternate": 0.31330596193301646,
    "dsfb-alt": 0.03782725964610908,
    "sft": 0.0,
    "sfT": 0.0000578845478076666,
    "dsfb-red": 0.021200654153859466,
    "oneh-in": 0.01022042318866679,
    "oneh-out": 0.007662101583288556,
    "redirect": 0.039894147287524245,
    "bad-redirect": 0.0051827134521935025,
    "unknown": 0.00015377410175167997
  },
  "english-200": {
    "dsfb": 0.0,
    "sfb": 0.011135857461024499,
    "roll-out": 0.2516703786191537,
    "sfR": 0.10690423162583519,
    "roll-in": 0.21158129175946547,
    "alternate": 0.31403118040089084,
    "dsfb-alt": 0.0378619153674833,
    "sft": 0.0,
    "sfT": 0.0,
    "dsfb-red": 0.024498886414253896,
    "oneh-in": 0.0066815144766146995,
    "oneh-out": 0.011135857461024499,
    "redirect": 0.022271714922048998,
    "bad-redirect": 0.0022271714922048997,
    "unknown": 0.0
  },
  "english-5k": {
    "dsfb": 0.0,
    "sfb": 0.016509727465051645,
    "roll-out": 0.1721906500186668,
    "sfR": 0.10644211224955408,
    "roll-in": 0.2505911146140125,
    "alternate": 0.3390716389430456,
    "dsfb-alt": 0.03567428547724727,
    "sft": 0.0,
    "sfT": 0.0,
    "dsfb-red": 0.016592690919649895,
    "oneh-in": 0.01804455137511926,
    "oneh-out": 0.007342265731945078,
    "redirect": 0.03057203301945493,
    "bad-redirect": 0.0048118803666984695,
    "unknown": 0.002157049819554486
  },
  "movie": {
    "dsfb": 0.0,
    "sfb": 0.021297662598670414,
    "roll-out": 0.26609754110754585,
    "sfR": 0.11567713207251198,
    "roll-in": 0.19005767801667317,
    "alternate": 0.26076164354646175,
    "dsfb-alt": 0.0381454758834459,
    "sft": 0.0,
    "sfT": 0.000023029621752280492,
    "dsfb-red": 0.023477843990499164,
    "oneh-in": 0.006772156371394894,
    "oneh-out": 0.009502153532829516,
    "redirect": 0.03197787998250801,
    "bad-redirect": 0.005927429845521246,
    "unknown": 0.030282373430185833
  },
  "gutenberg": {
    "dsfb": 0.0,
    "sfb": 0.015252123302125518,
    "roll-out": 0.2707519465576117,
    "sfR": 0.09863878308844841,
    "roll-in": 0.20594032059522552,