{
  "english-200": {
    "bad-redirect": 0.004454342984409799,
    "dsfb-red": 0.0066815144766146995,
    "sfb": 0.008908685968819599,
    "oneh-in": 0.011135857461024499,
    "roll-in": 0.289532293986637,
    "unknown": 0.0,
    "dsfb-alt": 0.0556792873051225,
    "alternate": 0.23385300668151449,
    "sfR": 0.10690423162583519,
    "sfT": 0.0,
    "roll-out": 0.23385300668151449,
    "oneh-out": 0.017817371937639197,
    "redirect": 0.031180400890868598,
    "sft": 0.0,
    "dsfb": 0.0
  },
  "chained-bigrams": {
    "bad-redirect": 0.0038782969257370745,
    "dsfb-red": 0.025201463013332173,
    "sfb": 0.016255342965984874,
    "oneh-in": 0.013010767419708606,
    "roll-in": 0.2373624204520589,
    "unknown": 0.023159399756770463,
    "dsfb-alt": 0.05486559717526487,
    "alternate": 0.259634220694769,
    "sfR": 0.11914286586209158,
    "sfT": 0.00004220480498458226,
    "roll-out": 0.1877380107511871,
    "oneh-out": 0.007800097265842872,
    "redirect": 0.0519093129122679,
    "sft": 0.0,
    "dsfb": 0.0
  },
  "movie": {
    "bad-redirect": 0.004196391876781259,
    "dsfb-red": 0.012620759111604048,
    "sfb": 0.027980595635505045,
    "oneh-in": 0.03340637452034233,
    "roll-in": 0.24096103795952814,
    "unknown": 0.030282373430185833,
    "dsfb-alt": 0.04883200996353555,
    "alternate": 0.245072680828261,
    "sfR": 0.11567713207251198,
    "sfT": 0.000015265349275797355,
    "roll-out": 0.19350475180055451,
    "oneh-out": 0.015860303104037698,
    "redirect": 0.03159032434787678,
    "sft": 0.0,
    "dsfb": 0.0
  },
  "akl": {
    "bad-redirect": 0.0033884019904166685,
    "dsfb-red": 0.013225684101956379,
    "sfb": 0.020539879270986786,
    "oneh-in": 0.01725841032078549,
    "roll-in": 0.24044222449966055,
    "unknown": 0.07331127266302054,
    "dsfb-alt": 0.043787531111876866,
    "alternate": 0.23208335672106373,
    "sfR": 0.11790358951788564,
    "sfT": 0.00011876630248717826,
    "roll-out": 0.1895583913256116,
    "oneh-out": 0.01559016815747185,
    "redirect": 0.03279232401677672,
    "sft": 0.0,
    "dsfb": 0.0
  },
  "french": {
    "bad-redirect": 0.0026420921370173614,
    "dsfb-red": 0.013483744398271916,
    "sfb": 0.04559876812133875,
    "oneh-in": 0.012686545798288753,
    "roll-in": 0.17399074059466782,
    "unknown": 0.1584254645227596,
    "dsfb-alt": 0.036596556007962126,
    "alternate": 0.17283800798900537,
    "sfR": 0.10898279115633469,
    "sfT": 0.0004192667459835152,
    "roll-out": 0.2158006467449866,
    "oneh-out": 0.01823265755204582,
    "redirect": 0.04030271823133765,
    "sft": 0.0,
    "dsfb": 0.0
  },
  "shai": {
    "bad-redirect": 0.002601549463979344,
    "dsfb-red": 0.012217823975665346,
    "sfb": 0.015467144409287372,
    "oneh-in": 0.014158195373901616,
    "roll-in": 0.26842073077653095,
    "unknown": 0.024097749651430984,
    "dsfb-alt": 0.045565924208725885,
    "alternate": 0.24104744641264192,
    "sfR": 0.09823378925716947,
    "sfT": 0.000022072941414705632,
    "roll-out": 0.22276325204752367,
    "oneh-out": 0.014378986714589552,
    "redirect": 0.041025334767139175,
    "sft": 0.0,
    "dsfb": 0.0
  },
  "english-1k": {
    "bad-redirect": 0.0014114326040931546,
    "dsfb-red": 0.01305575158786168,
    "sfb": 0.009174311926605505,
    "oneh-in": 0.0067043048694424845,
    "roll-in": 0.27240649258997884,
    "unknown": 0.0,
    "dsfb-alt": 0.03987297106563162,
    "alternate": 0.2205363443895554,
    "sfR": 0.10832745236414962,
    "sfT": 0.0,
    "roll-out": 0.2635850388143966,
    "oneh-out": 0.02117148906139732,
    "redirect": 0.043754410726887794,
    "sft": 0.0,
    "dsfb": 0.0
  },
  "english-450k": {
    "bad-redirect": 0.0016365540334713012,
    "dsfb-red": 0.016435118730562633,
    "sfb": 0.018326013958946407,
    "oneh-in": 0.006930359042063356,
    "roll-in": 0.2454465617455641,
    "unknown": 0.00015377410175167997,
    "dsfb-alt": 0.04635295190729585,
    "alternate": 0.2656587933936775,
    "sfR": 0.11369548401129392,
    "sfT": 2.631115809439391e-6,
    "roll-out": 0.22809347594370816,
    "oneh-out": 0.00969244594957262,
    "redirect": 0.04757583606628307,
    "sft": 0.0,
    "dsfb": 0.0
  },
  "english-10k": {
    "bad-redirect": 0.002026205592327435,
    "dsfb-red": 0.014299222322996468,
    "sfb": 0.013913278400648385,
    "oneh-in": 0.006040022384747496,
    "roll-in": 0.2634453213948013,
    "unknown": 0.0,
    "dsfb-alt": 0.04594662395553926,
    "alternate": 0.24870226356110456,
    "sfR": 0.10567144593890508,
    "sfT": 0.0,
    "roll-out": 0.2433183458443488,
    "oneh-out": 0.01472376063757936,
    "redirect": 0.04191350996700179,
    "sft": 0.0,
    "dsfb": 0.0
  },
  "tr-quotes": {
    "bad-redirect": 0.002597027345646194,
    "dsfb-red": 0.011692979820161346,
    "sfb": 0.019384665171863803,
    "oneh-in": 0.022885508887912902,
    "roll-in": 0.2669113057950579,
    "unknown": 0.013894731975682485,
    "dsfb-alt": 0.04799241811331222,
    "alternate": 0.24549016435126325,
    "sfR": 0.09677191928064538,
    "sfT": 4.623101638889531e-6,
    "roll-out": 0.21793994590971083,
    "oneh-out": 0.015671158780425787,
    "redirect": 0.038763551466678994,
    "sft": 0.0,
    "dsfb": 0.0
  },
  "gutenberg": {
    "bad-redirect": 0.002518372525908321,
    "dsfb-red": 0.012138161546379997,
    "sfb": 0.0134647873022801,
    "oneh-in": 0.012618573215230869,
    "roll-in": 0.2821958223128488,
    "unknown": 0.03298207965968062,
    "dsfb-alt": 0.04677231934645827,
    "alternate": 0.2222256320842251,
    "sfR": 0.09863878308844841,
    "sfT": 9.850712452778147e-6,
    "roll-out": 0.2229973975175447,
    "oneh-out": 0.014946561779311458,
    "redirect": 0.03849165890923061,
    "sft": 0.0,
    "dsfb": 0.0
  },
  "keymash": {
    "bad-redirect": 0.002664061441712881,
    "dsfb-red": 0.011489534630746307,
    "sfb": 0.01943246050087639,
    "oneh-in": 0.021956956320065023,
    "roll-in": 0.26996917241690715,
    "unknown": 0.012376186820900362,
    "dsfb-alt": 0.04783406468456117,
    "alternate": 0.24156756823322237,
    "sfR": 0.099723742164827,
    "sfT": 0.00002052435625356611,
    "roll-out": 0.2181041241641456,
    "oneh-out": 0.0165795749816307,
    "redirect": 0.0382820292841515,
    "sft": 0.0,
    "dsfb": 0.0
  },
  "reddit": {
    "bad-redirect": 0.0029573751492912026,
    "dsfb-red": 0.010891754256145404,
    "sfb": 0.017401253362505167,
    "oneh-in": 0.017482236289978064,
    "roll-in": 0.2506796928567027,
    "unknown": 0.04519941109454869,
    "dsfb-alt": 0.04679397317712094,
    "alternate": 0.24368298517604142,
    "sfR": 0.10397777127267367,
    "sfT": 0.000041765015787363256,
    "roll-out": 0.2087295999904109,
    "oneh-out": 0.01448635491985331,
    "redirect": 0.037675827438941135,
    "sft": 0.0,
    "dsfb": 0.0
  },
  "english-5k": {
    "bad-redirect": 0.0018666777284606132,
    "dsfb-red": 0.01489194010038578,
    "sfb": 0.01261044509893392,
    "oneh-in": 0.006885966731654706,
    "roll-in": 0.2638652673497324,
    "unknown": 0.002157049819554486,
    "dsfb-alt": 0.04562990002903721,
    "alternate": 0.25063259634131163,
    "sfR": 0.10644211224955408,
    "sfT": 0.0,
    "roll-out": 0.24092587215331646,
    "oneh-out": 0.011531920189156676,
    "redirect": 0.04256025220890198,
    "sft": 0.0,
    "dsfb": 0.0
  },
  "monkeyracer": {
    "bad-redirect": 0.0026637549462752395,
    "dsfb-red": 0.011641342258785992,
    "sfb": 0.019268967890266983,
    "oneh-in": 0.023370661745155386,
    "roll-in": 0.26707833492344024,
    "unknown": 0.013491796612290222,
    "dsfb-alt": 0.047940746359697826,
    "alternate": 0.2452140388194629,
    "sfR": 0.09690789370786869,
    "sfT": 5.865148505560161e-6,
    "roll-out": 0.2178325930212553,
    "oneh-out": 0.015726418192908643,
    "redirect": 0.03885758637408699,
    "sft": 0.0,
    "dsfb": 0.0
  },
  "dutch": {
    "bad-redirect": 0.0027383550339575174,
    "dsfb-red": 0.013625377438735944,
    "sfb": 0.023863717500480275,
    "oneh-in": 0.004424728300950738,
    "roll-in": 0.236875402748052,