{
  "dutch": {
    "dsfb": 0.0,
    "sfb": 0.02831051860913411,
    "roll-out": 0.2339051487522552,
    "sfR": 0.18880787437283908,
    "roll-in": 0.15118001301703937,
    "alternate": 0.2381548187090911,
    "dsfb-alt": 0.02011835113149946,
    "sft": 0.0,
    "sfT": 0.0003400575126638924,
    "dsfb-red": 0.01878489175663652,
    "oneh-in": 0.00425212647564609,
    "oneh-out": 0.010793244350930173,
    "redirect": 0.028729650924373684,
    "bad-redirect": 0.003719671540842279,
    "unknown": 0.072903632847049
  },
  "english-1k": {
    "dsfb": 0.0,
    "sfb": 0.013408609738884969,
    "roll-out": 0.2981651376146789,
    "sfR": 0.10832745236414962,
    "roll-in": 0.17960479887085393,
    "alternate": 0.29710656316160905,
    "dsfb-alt": 0.028228652081863093,
    "sft": 0.0,
    "sfT": 0.0,
    "dsfb-red": 0.022230063514467185,
    "oneh-in": 0.009880028228652082,
    "oneh-out": 0.009527170077628794,
    "redirect": 0.031051517290049402,
    "bad-redirect": 0.0024700070571630206,
    "unknown": 0.0
  },
  "shai": {
    "dsfb": 0.0,
    "sfb": 0.013722576992494193,
    "roll-out": 0.3307418791856536,
    "sfR": 0.09823378925716947,
    "roll-in": 0.15309943885264982,
    "alternate": 0.2795000236869019,
    "dsfb-alt": 0.03307827081281372,
    "sft": 0.0,
    "sfT": 0.000054301835533634936,
    "dsfb-red": 0.015255920719165305,
    "oneh-in": 0.007091212066510344,
    "oneh-out": 0.011374461897063846,
    "redirect": 0.031491643168124674,
    "bad-redirect": 0.0030957193897882514,
    "unknown": 0.023260762136131256
  },
  "akl": {
    "dsfb": 0.0,
    "sfb": 0.02158919844950809,
    "roll-out": 0.30852121270245564,
    "sfR": 0.11790358951788564,
    "roll-in": 0.13603797101804838,
    "alternate": 0.2385129071153344,
    "dsfb-alt": 0.0362026578126605,
    "sft": 0.0,
    "sfT": 0.00045369099275618485,
    "dsfb-red": 0.018123477551681928,
    "oneh-in": 0.008776935076032118,
    "oneh-out": 0.009159068906882882,
    "redirect": 0.035177562746957394,
    "bad-redirect": 0.002886944268804138,
    "unknown": 0.06665478384099267
  },
  "monkeyracer": {
    "dsfb": 0.0,
    "sfb": 0.011730297011120322,
    "roll-out": 0.35155700142327606,
    "sfR": 0.09690789370786869,
    "roll-in": 0.14141850571656475,
    "alternate": 0.2725436758058714,
    "dsfb-alt": 0.03251931588907831,
    "sft": 0.0,
    "sfT": 0.000021505544520387257,
    "dsfb-red": 0.018892620861160205,
    "oneh-in": 0.007977579492312745,
    "oneh-out": 0.01410470463112126,
    "redirect": 0.03605306786367831,
    "bad-redirect": 0.002837754351940191,
    "unknown": 0.013436077701487402
  },
  "tr-quotes": {
    "dsfb": 0.0,
    "sfb": 0.01172418575622385,
    "roll-out": 0.35087607776056956,
    "sfR": 0.09677191928064538,
    "roll-in": 0.1414588197221516,
    "alternate": 0.2732426434895171,
    "dsfb-alt": 0.03252236425417813,
    "sft": 0.0,
    "sfT": 0.000023115508194447656,
    "dsfb-red": 0.01882989297519706,
    "oneh-in": 0.007884699845126094,
    "oneh-out": 0.014012621067474168,
    "redirect": 0.03598969048334528,
    "bad-redirect": 0.0028281824275906706,
    "unknown": 0.013835787429786644
  },
  "reddit": {
    "dsfb": 0.0,
    "sfb": 0.014077694541162608,
    "roll-out": 0.32822122048613356,
    "sfR": 0.10397777127267367,
    "roll-in": 0.143714280844822,
    "alternate": 0.2620278282360349,
    "dsfb-alt": 0.035488576706320954,
    "sft": 0.0,
    "sfT": 0.00016136653633359722,
    "dsfb-red": 0.016243594548223328,
    "oneh-in": 0.008206731958683725,
    "oneh-out": 0.010840400142562915,
    "redirect": 0.03487067921714755,
    "bad-redirect": 0.0028844081082564192,
    "unknown": 0.039285447401644795
  },
  "keymash": {
    "dsfb": 0.0,
    "sfb": 0.012790778817222398,
    "roll-out": 0.35166021517735097,
    "sfR": 0.099723742164827,
    "roll-in": 0.1401156752718451,
    "alternate": 0.2725018779785972,
    "dsfb-alt": 0.031915373974295294,
    "sft": 0.0,
    "sfT": 0.00003283897000570577,
    "dsfb-red": 0.019251846165845007,
    "oneh-in": 0.0076802141100844375,
    "oneh-out": 0.014305476308735576,
    "redirect": 0.03485035691855525,
    "bad-redirect": 0.002848780647994976,
    "unknown": 0.01232282349464109
  },
  "english-10k": {
    "dsfb": 0.0,
    "sfb": 0.016190347542502075,
    "roll-out": 0.288068543640609,
    "sfR": 0.10567144593890508,
    "roll-in": 0.18664248084753285,
    "alternate": 0.3031203566121842,
    "dsfb-alt": 0.03571911001331506,
    "sft": 0.0,
    "sfT": 0.0000964859805870207,
    "dsfb-red": 0.012697555045251925,
    "oneh-in": 0.008625846664479651,
    "oneh-out": 0.010150325157754578,
    "redirect": 0.030161517531502674,
    "bad-redirect": 0.0028559850253758127,
    "unknown": 0.0
  },
  "wordle": {
    "dsfb": 0.0,
    "sfb": 0.03262650061707618,
    "roll-out": 0.2560080780881858,
    "sfR": 0.13138112868843263,
    "roll-in": 0.16046224615729832,
    "alternate": 0.28594188264333,
    "dsfb-alt": 0.04016604959048581,
    "sft": 0.0,
    "sfT": 0.0001795130707954673,
    "dsfb-red": 0.027981599910243463,
    "oneh-in": 0.005699539997756087,
    "oneh-out": 0.014720071805228318,
    "redirect": 0.043038258723213284,
    "bad-redirect": 0.001795130707954673,
    "unknown": 0.0
  },
  "chained-bigrams": {
    "dsfb": 0.0,
    "sfb": 0.015389170506762834,
    "roll-out": 0.30091506510253496,
    "sfR": 0.11914286586209158,
    "roll-in": 0.13147446057389445,
    "alternate": 0.2838753620685289,
    "dsfb-alt": 0.03928747900310952,
    "sft": 0.0,
    "sfT": 0.00006233325043876765,
    "dsfb-red": 0.022584765104288074,
    "oneh-in": 0.006530057288152981,
    "oneh-out": 0.011517366627946463,
    "redirect": 0.040960737194575186,
    "bad-redirect": 0.005343777615740185,
    "unknown": 0.022916559801936097
  },
  "english-450k": {
    "dsfb": 0.0,
    "sfb": 0.026504398933287182,
    "roll-out": 0.26597540432941336,
    "sfR": 0.11369548401129392,
    "roll-in": 0.17440000327427746,
    "alternate": 0.3095341112470846,
    "dsfb-alt": 0.03491987667667855,
    "sft": 0.0,
    "sfT": 0.00018797860727439206,
    "dsfb-red": 0.01883381931016821,
    "oneh-in": 0.0076688255459126786,
    "oneh-out": 0.008007947139129312,
    "redirect": 0.036904615035599,
    "bad-redirect": 0.0032137617881296916,
    "unknown": 0.00015377410175167997
  },
  "english-200": {
    "dsfb": 0.0,
    "sfb": 0.0,
    "roll-out": 0.35634743875278396,
    "sfR": 0.10690423162583519,
    "roll-in": 0.14253897550111358,
    "alternate": 0.28507795100222716,
    "dsfb-alt": 0.022271714922048998,
    "sft": 0.0,
    "sfT": 0.0,
    "dsfb-red": 0.024498886414253896,
    "oneh-in": 0.0022271714922048997,
    "oneh-out": 0.008908685968819599,
    "redirect": 0.0467706013363029,
    "bad-redirect": 0.004454342984409799,
    "unknown": 0.0
  },
  "english-5k": {
    "dsfb": 0.0,
    "sfb": 0.016136391919359522,
    "roll-out": 0.2807483303604762,
    "sfR": 0.10644211224955408,
    "roll-in": 0.1895300120297009,
    "alternate": 0.30563736673995107,
    "dsfb-alt": 0.034388351930974406,
    "sft": 0.0,
    "sfT": 0.0,
    "dsfb-red": 0.014726013191189281,
    "oneh-in": 0.009623760733396939,
    "oneh-out": 0.005848923549176588,
    "redirect": 0.030986850292446178,
    "bad-redirect": 0.003774837184220351,
    "unknown": 0.002157049819554486
  },
  "movie": {
    "dsfb": 0.0,
    "sfb": 0.011310307834979995,
    "roll-out": 0.33192567511994153,
    "sfR": 0.11567713207251198,
    "roll-in": 0.1267654343538,
    "alternate": 0.26506015534598454,
    "dsfb-alt": 0.03631442355738172,
    "sft": 0.0,
    "sfT": 0.000020529262819175754,
    "dsfb-red": 0.020628882382984187,
    "oneh-in": 0.00995550808675298,
    "oneh-out": 0.013534311307057368,
    "redirect": 0.03638456520534724,
    "bad-redirect": 0.0021866296859193867,
    "unknown": 0.030236445784519856
  },
  "gutenberg": {
    "dsfb": 0.0,
    "sfb": 0.013595877552613224,
    "roll-out": 0.36319652588104206,
    "sfR": 0.09863878308844841,
    "roll-in": 0.13028533346366583,
    "alternate": 0.25338267782525065,