{
  "dutch": {
    "dsfb": 0.0,
    "sfb": 0.020539868242372267,
    "roll-out": 0.21588181368836115,
    "sfR": 0.18880787437283908,
    "roll-in": 0.14940730297580537,
    "alternate": 0.2905075558753134,
    "dsfb-alt": 0.02355892986007633,
    "sft": 0.0,
    "sfT": 0.00004816211331480174,
    "dsfb-red": 0.007559013202407933,
    "oneh-in": 0.0023155648366940365,
    "oneh-out": 0.004629372455553058,
    "redirect": 0.01985575464993011,
    "bad-redirect": 0.0039851548802834385,
    "unknown": 0.072903632847049
  },
  "english-1k": {
    "dsfb": 0.0,
    "sfb": 0.011644318983768526,
    "roll-out": 0.22265349329569514,
    "sfR": 0.10832745236414962,
    "roll-in": 0.23853211009174313,
    "alternate": 0.33415666901905433,
    "dsfb-alt": 0.029992942836979536,
    "sft": 0.0,
    "sfT": 0.0,
    "dsfb-red": 0.008821453775582216,
    "oneh-in": 0.0056457304163726185,
    "oneh-out": 0.0077628793225123505,
    "redirect": 0.029992942836979536,
    "bad-redirect": 0.0024700070571630206,
    "unknown": 0.0
  },
  "shai": {
    "dsfb": 0.0,
    "sfb": 0.012614544748582888,
    "roll-out": 0.21918732329648602,
    "sfR": 0.09823378925716947,
    "roll-in": 0.20924580672169252,
    "alternate": 0.34799236863755106,
    "dsfb-alt": 0.03199971560236101,
    "sft": 0.0,
    "sfT": 0.00003725655515657662,
    "dsfb-red": 0.008024928838663712,
    "oneh-in": 0.0037208833016011415,
    "oneh-out": 0.015264663972655716,
    "redirect": 0.026947105909556908,
    "bad-redirect": 0.0034708510223917083,
    "unknown": 0.023260762136131256
  },
  "akl": {
    "dsfb": 0.0,
    "sfb": 0.02130111117430445,
    "roll-out": 0.18384280173982412,
    "sfR": 0.11790358951788564,
    "roll-in": 0.19654144101378965,
    "alternate": 0.3217542074062344,
    "dsfb-alt": 0.031438561640330535,
    "sft": 0.0,
    "sfT": 0.00024973759276255376,
    "dsfb-red": 0.010801476146807293,
    "oneh-in": 0.003693898410637991,
    "oneh-out": 0.01934007321257954,
    "redirect": 0.02306612588038542,
    "bad-redirect": 0.003412192423465743,
    "unknown": 0.06665478384099267
  },
  "monkeyracer": {
    "dsfb": 0.0,
    "sfb": 0.010421391369629478,
    "roll-out": 0.21455201995714532,
    "sfR": 0.09690789370786869,
    "roll-in": 0.21624411530099943,
    "alternate": 0.3483947088540282,
    "dsfb-alt": 0.032632708760185807,
    "sft": 0.0,
    "sfT": 0.000018572970267607176,
    "dsfb-red": 0.00905481176783396,
    "oneh-in": 0.00400296385504481,
    "oneh-out": 0.025331576395514335,
    "redirect": 0.025962079859862052,
    "bad-redirect": 0.0030410795001329432,
    "unknown": 0.013436077701487402
  },
  "tr-quotes": {
    "dsfb": 0.0,
    "sfb": 0.01042856152192506,
    "roll-out": 0.21425880122974503,
    "sfR": 0.09677191928064538,
    "roll-in": 0.21667668338688426,
    "alternate": 0.3485379441067012,
    "dsfb-alt": 0.032621760939414254,
    "sft": 0.0,
    "sfT": 0.00002080395737500289,
    "dsfb-red": 0.009079771618779039,
    "oneh-in": 0.003957375002889439,
    "oneh-out": 0.024790226763135387,
    "redirect": 0.025988765863017498,
    "bad-redirect": 0.00303159889970181,
    "unknown": 0.013835787429786644
  },
  "reddit": {
    "dsfb": 0.0,
    "sfb": 0.012812607865644754,
    "roll-out": 0.2025071744992927,
    "sfR": 0.10397777127267367,
    "roll-in": 0.20648462738395365,
    "alternate": 0.3410748067618872,
    "dsfb-alt": 0.03314512856039736,
    "sft": 0.0,
    "sfT": 0.0001518898107782583,
    "dsfb-red": 0.008457659170127264,
    "oneh-in": 0.0038902145691732605,
    "oneh-out": 0.019572397407422597,
    "redirect": 0.02545602059558411,
    "bad-redirect": 0.003184254701420404,
    "unknown": 0.039285447401644795
  },
  "keymash": {
    "dsfb": 0.0,
    "sfb": 0.011046208535669278,
    "roll-out": 0.21658942667263242,
    "sfR": 0.099723742164827,
    "roll-in": 0.2158095011349969,
    "alternate": 0.34533460858000187,
    "dsfb-alt": 0.03249416082064586,
    "sft": 0.0,
    "sfT": 0.00002462922750427933,
    "dsfb-red": 0.009375525936628997,
    "oneh-in": 0.0038216351344140093,
    "oneh-out": 0.024157167310447307,
    "redirect": 0.026156239609544645,
    "bad-redirect": 0.0031443313780463275,
    "unknown": 0.01232282349464109
  },
  "english-10k": {
    "dsfb": 0.0,
    "sfb": 0.013951872792883194,
    "roll-out": 0.21840566565678007,
    "sfR": 0.10567144593890508,
    "roll-in": 0.20155921344628625,
    "alternate": 0.37112367572991645,
    "dsfb-alt": 0.035526138052141026,
    "sft": 0.0,
    "sfT": 0.00007718878446961657,
    "dsfb-red": 0.008876710214005904,
    "oneh-in": 0.004419057910885548,
    "oneh-out": 0.008915304606240713,
    "redirect": 0.02800023156635341,
    "bad-redirect": 0.0034734953011327455,
    "unknown": 0.0
  },
  "wordle": {
    "dsfb": 0.0,
    "sfb": 0.027712330304050264,
    "roll-out": 0.21891618983507236,
    "sfR": 0.13138112868843263,
    "roll-in": 0.1741949960731516,
    "alternate": 0.33959385167732525,
    "dsfb-alt": 0.04732413328845506,
    "sft": 0.0,
    "sfT": 0.0001795130707954673,
    "dsfb-red": 0.013979580388197016,
    "oneh-in": 0.0019522046449007068,
    "oneh-out": 0.012319084483338943,
    "redirect": 0.030539661169078875,
    "bad-redirect": 0.00190732637720184,
    "unknown": 0.0
  },
  "chained-bigrams": {
    "dsfb": 0.0,
    "sfb": 0.013876939878930647,
    "roll-out": 0.19781457026742913,
    "sfR": 0.11914286586209158,
    "roll-in": 0.18093589479705657,
    "alternate": 0.3496408371095812,
    "dsfb-alt": 0.04646943820210128,
    "sft": 0.0,
    "sfT": 0.000031166625219383826,
    "dsfb-red": 0.01440482459358396,
    "oneh-in": 0.008155916237097504,
    "oneh-out": 0.008028003212759616,
    "redirect": 0.03346451452462131,
    "bad-redirect": 0.0051184688875917225,
    "unknown": 0.022916559801936097
  },
  "english-450k": {
    "dsfb": 0.0,
    "sfb": 0.021915148269222785,
    "roll-out": 0.19899479682231375,
    "sfR": 0.11369548401129392,
    "roll-in": 0.1947736100253698,
    "alternate": 0.37581162614066177,
    "dsfb-alt": 0.039363246586419584,
    "sft": 0.0,
    "sfT": 0.00014120321510658064,
    "dsfb-red": 0.011335139253265946,
    "oneh-in": 0.004609714898137813,
    "oneh-out": 0.005817689400871543,
    "redirect": 0.0300458808127926,
    "bad-redirect": 0.0033426864627922217,
    "unknown": 0.00015377410175167997
  },
  "english-200": {
    "dsfb": 0.0,
    "sfb": 0.008908685968819599,
    "roll-out": 0.20044543429844097,
    "sfR": 0.10690423162583519,
    "roll-in": 0.24944320712694878,
    "alternate": 0.35412026726057905,
    "dsfb-alt": 0.024498886414253896,
    "sft": 0.0,
    "sfT": 0.0,
    "dsfb-red": 0.0022271714922048997,
    "oneh-in": 0.004454342984409799,
    "oneh-out": 0.017817371937639197,
    "redirect": 0.026726057906458798,
    "bad-redirect": 0.004454342984409799,
    "unknown": 0.0
  },
  "english-5k": {
    "dsfb": 0.0,
    "sfb": 0.014228232463599784,
    "roll-out": 0.21761314141120836,
    "sfR": 0.10644211224955408,
    "roll-in": 0.20251379267432695,
    "alternate": 0.36868959223462067,
    "dsfb-alt": 0.03579873065914465,
    "sft": 0.0,
    "sfT": 0.0,
    "dsfb-red": 0.00945783382420044,
    "oneh-in": 0.004480026548305471,
    "oneh-out": 0.005558551458082714,
    "redirect": 0.028414983199900445,
    "bad-redirect": 0.004645953457501971,
    "unknown": 0.002157049819554486
  },
  "movie": {
    "dsfb": 0.0,
    "sfb": 0.01006526068413242,
    "roll-out": 0.1920075631909791,
    "sfR": 0.11567713207251198,
    "roll-in": 0.206985502787308,
    "alternate": 0.33380686622250644,
    "dsfb-alt": 0.03675896105612003,
    "sft": 0.0,
    "sfT": 0.000015660142791550735,
    "dsfb-red": 0.009824963030877196,
    "oneh-in": 0.0026893334293120238,
    "oneh-out": 0.035717232565885444,
    "redirect": 0.02395817610133244,
    "bad-redirect": 0.002256902931723488,
    "unknown": 0.030236445784519856
  },
  "gutenberg": {
    "dsfb": 0.0,
    "sfb": 0.010489114394429346,
    "roll-out": 0.22734857087000357,
    "sfR": 0.09863878308844841,