{
  "english-10k": {
    "dsfb-alt": 0.06599641072152217,
    "redirect": 0.012215125142316822,
    "dsfb": 0.0,
    "unknown": 0.0,
    "sfb": 0.03184037359371683,
    "sft": 0.0,
    "bad-redirect": 0.004534841087589973,
    "roll-out": 0.15648096331603017,
    "oneh-in": 0.00866444105671446,
    "alternate": 0.3586190926458386,
    "oneh-out": 0.004361166322533336,
    "dsfb-red": 0.005383917716755756,
    "roll-in": 0.24571119816290693,
    "sfR": 0.10567144593890508,
    "sfT": 0.0005210242951699118
  },
  "wordle": {
    "dsfb-alt": 0.06924716705935151,
    "redirect": 0.024570851565129587,
    "dsfb": 0.0,
    "unknown": 0.0,
    "sfb": 0.05091439470436441,
    "sft": 0.0,
    "bad-redirect": 0.003994165825199147,
    "roll-out": 0.20462246157298328,
    "oneh-in": 0.0026029395265342757,
    "alternate": 0.3266015931785033,
    "oneh-out": 0.009222484012117131,
    "dsfb-red": 0.013889823852799282,
    "roll-in": 0.16241445080219905,
    "sfR": 0.13138112868843263,
    "sfT": 0.0005385392123864019
  },
  "french": {
    "dsfb-alt": 0.045388932493529384,
    "redirect": 0.007557168859835509,
    "dsfb": 0.0,
    "unknown": 0.1584254645227596,
    "sfb": 0.05724590393917925,
    "sft": 0.0,
    "bad-redirect": 0.0034620331676027396,
    "roll-out": 0.17065436010523424,
    "oneh-in": 0.005918395454702015,
    "alternate": 0.25304444813297305,
    "oneh-out": 0.01112615737135736,
    "dsfb-red": 0.006602705902782881,
    "roll-in": 0.17144099650918673,
    "sfR": 0.10898279115633469,
    "sfT": 0.00015064238452257444
  },
  "dutch": {
    "dsfb-alt": 0.050831667891280144,
    "redirect": 0.01367122647959445,
    "dsfb": 0.0,
    "unknown": 0.07360270072188302,
    "sfb": 0.048626502954690065,
    "sft": 0.0,
    "bad-redirect": 0.0021685681855567523,
    "roll-out": 0.15754164364203263,
    "oneh-in": 0.006770416871959319,
    "alternate": 0.26756060402247245,
    "oneh-out": 0.00540002006097259,
    "dsfb-red": 0.006797635817607817,
    "roll-in": 0.17783112627370948,
    "sfR": 0.18880787437283908,
    "sfT": 0.0003900127054021789
  },
  "movie": {
    "dsfb-alt": 0.06459308829728057,
    "redirect": 0.022613377788837846,
    "dsfb": 0.0,
    "unknown": 0.030282373430185833,
    "sfb": 0.018907056262945116,
    "sft": 0.0,
    "bad-redirect": 0.002116356440115285,
    "roll-out": 0.24751092558155388,
    "oneh-in": 0.004985057723417927,
    "alternate": 0.2890579423967309,
    "oneh-out": 0.031072618450885516,
    "dsfb-red": 0.011075142497429566,
    "roll-in": 0.1619970708953088,
    "sfR": 0.11567713207251198,
    "sfT": 0.00011185816279679097
  },
  "keymash": {
    "dsfb-alt": 0.06428638865741976,
    "redirect": 0.018114796829397446,
    "dsfb": 0.0,
    "unknown": 0.012376186820900362,
    "sfb": 0.023159683596523994,
    "sft": 0.0,
    "bad-redirect": 0.0032182190605591653,
    "roll-out": 0.2499538201984295,
    "oneh-in": 0.006387179666109772,
    "alternate": 0.30237713094128804,
    "oneh-out": 0.020454573442303982,
    "dsfb-red": 0.008271315570187142,
    "roll-in": 0.19148813897452108,
    "sfR": 0.099723742164827,
    "sfT": 0.0001888240775328082
  },
  "gutenberg": {
    "dsfb-alt": 0.059172661393504515,
    "redirect": 0.018257537784112543,
    "dsfb": 0.0,
    "unknown": 0.03298207965968062,
    "sfb": 0.024373504159842206,
    "sft": 0.0,
    "bad-redirect": 0.003247135810635966,
    "roll-out": 0.2749553592232789,
    "oneh-in": 0.006989269922024034,
    "alternate": 0.27832487119246285,
    "oneh-out": 0.01483706732166327,
    "dsfb-red": 0.007601719025097721,
    "roll-in": 0.1804857007436909,
    "sfR": 0.09863878308844841,
    "sfT": 0.00013431067555807127
  },
  "english-450k": {
    "dsfb-alt": 0.06194582123263683,
    "redirect": 0.01376219741437326,
    "dsfb": 0.0,
    "unknown": 0.00015377410175167997,
    "sfb": 0.04597348653833448,
    "sft": 0.0,
    "bad-redirect": 0.0033061431876611194,
    "roll-out": 0.15535014012153417,
    "oneh-in": 0.0080605694553181,
    "alternate": 0.3682535998049466,
    "oneh-out": 0.003492952410131316,
    "dsfb-red": 0.007566504375545591,
    "roll-in": 0.2166264885537692,
    "sfR": 0.11369548401129392,
    "sfT": 0.0018128387927037405
  },
  "english-200": {
    "dsfb-alt": 0.0779510022271715,
    "redirect": 0.024498886414253896,
    "dsfb": 0.0,
    "unknown": 0.0,
    "sfb": 0.015590200445434299,
    "sft": 0.0,
    "bad-redirect": 0.0,
    "roll-out": 0.26280623608017817,
    "oneh-in": 0.0066815144766146995,
    "alternate": 0.3028953229398664,
    "oneh-out": 0.011135857461024499,
    "dsfb-red": 0.0022271714922048997,
    "roll-in": 0.18930957683741648,
    "sfR": 0.10690423162583519,
    "sfT": 0.0
  },
  "mt-quotes": {
    "dsfb-alt": 0.0652036193686425,
    "redirect": 0.019336967045576792,
    "dsfb": 0.0,
    "unknown": 0.007995063410669249,
    "sfb": 0.020550196626863176,
    "sft": 0.0,
    "bad-redirect": 0.0034379818553447843,
    "roll-out": 0.2546392584358303,
    "oneh-in": 0.006069136156632122,
    "alternate": 0.30179982309558817,
    "oneh-out": 0.023146986050848067,
    "dsfb-red": 0.008444795065801269,
    "roll-in": 0.19276305566512472,
    "sfR": 0.0964592223377679,
    "sfT": 0.00015389488531095732
  },
  "akl": {
    "dsfb-alt": 0.05986249129697635,
    "redirect": 0.017811290072165552,
    "dsfb": 0.0,
    "unknown": 0.07331127266302054,
    "sfb": 0.028683765792603677,
    "sft": 0.0,
    "bad-redirect": 0.0030412723123594645,
    "roll-out": 0.2146570503753746,
    "oneh-in": 0.006776184438306017,
    "alternate": 0.27148533214480297,
    "oneh-out": 0.015930420913475806,
    "dsfb-red": 0.010958158451966434,
    "roll-in": 0.17922795336232544,
    "sfR": 0.11790358951788564,
    "sfT": 0.0003512186587375136
  },
  "chained-bigrams": {
    "dsfb-alt": 0.06389417891850512,
    "redirect": 0.022103630327463836,
    "dsfb": 0.0,
    "unknown": 0.023159399756770463,
    "sfb": 0.02651760362415907,
    "sft": 0.0,
    "bad-redirect": 0.003457547485275393,
    "roll-out": 0.21020784892497868,
    "oneh-in": 0.007703350866724368,
    "alternate": 0.3204390078884027,
    "oneh-out": 0.006160602918364869,
    "dsfb-red": 0.01210174085080991,
    "roll-in": 0.18499210120842097,
    "sfR": 0.11914286586209158,
    "sfT": 0.00012012136803304181
  },
  "reddit": {
    "dsfb-alt": 0.06187196793945084,
    "redirect": 0.018168643388008048,
    "dsfb": 0.0,
    "unknown": 0.04519941109454869,
    "sfb": 0.022227678518754086,
    "sft": 0.0,
    "bad-redirect": 0.0028895023164600795,
    "roll-out": 0.23112463823162055,
    "oneh-in": 0.006829685074925127,
    "alternate": 0.29608478260747423,
    "oneh-out": 0.01539975394225228,
    "dsfb-red": 0.008692217491975218,
    "roll-in": 0.18728369514385237,
    "sfR": 0.10397777127267367,
    "sfT": 0.00025025297800481967
  },
  "tr-quotes": {
    "dsfb-alt": 0.0649383971706618,
    "redirect": 0.018942003189940132,
    "dsfb": 0.0,
    "unknown": 0.013894731975682485,
    "sfb": 0.021834909040475255,
    "sft": 0.0,
    "bad-redirect": 0.0032465731259101733,
    "roll-out": 0.24670719585770093,
    "oneh-in": 0.006283950902660595,
    "alternate": 0.3048230507847715,
    "oneh-out": 0.021087122350384874,
    "dsfb-red": 0.008195603430341416,
    "roll-in": 0.19306419176625597,
    "sfR": 0.09677191928064538,
    "sfT": 0.00021035112456947367
  },
  "english-1k": {
    "dsfb-alt": 0.07304163726182075,
    "redirect": 0.014114326040931546,
    "dsfb": 0.0,
    "unknown": 0.0,
    "sfb": 0.025052928722653495,
    "sft": 0.0,
    "bad-redirect": 0.0,
    "roll-out": 0.20359915314043756,
    "oneh-in": 0.009174311926605505,
    "alternate": 0.3285109386026817,
    "oneh-out": 0.008468595624558928,
    "dsfb-red": 0.006351446718419196,
    "roll-in": 0.22335920959774172,
    "sfR": 0.10832745236414962,
    "sfT": 0.0
  },
  "monkeyracer": {
    "dsfb-alt": 0.06513931682750207,
    "redirect": 0.018911193831427812,
    "dsfb": 0.0,
    "unknown": 0.013491796612290222,
    "sfb": 0.021650218183524406,
    "sft": 0.0,