{
  "dutch": {
    "bad-redirect": 0.002290031385703613,
    "dsfb-red": 0.020912595662132053,
    "sfb": 0.0369020407359673,
    "oneh-in": 0.003492685616623338,
    "roll-in": 0.237707929524376,
    "unknown": 0.07360270072188302,
    "dsfb-alt": 0.029528844354215093,
    "alternate": 0.22019364970880928,
    "sfR": 0.18880787437283908,
    "sfT": 0.00007921824892955848,
    "roll-out": 0.15413558169235786,
    "oneh-out": 0.008511748023282348,
    "redirect": 0.02383509995288146,
    "sft": 0.0,
    "dsfb": 0.0
  },
  "english-200": {
    "bad-redirect": 0.0022271714922048997,
    "dsfb-red": 0.024498886414253896,
    "sfb": 0.008908685968819599,
    "oneh-in": 0.004454342984409799,
    "roll-in": 0.22048997772828507,
    "unknown": 0.0,
    "dsfb-alt": 0.024498886414253896,
    "alternate": 0.2984409799554566,
    "sfR": 0.10690423162583519,
    "sfT": 0.0,
    "roll-out": 0.27839643652561247,
    "oneh-out": 0.008908685968819599,
    "redirect": 0.022271714922048998,
    "sft": 0.0,
    "dsfb": 0.0
  },
  "keymash": {
    "bad-redirect": 0.001301244186476091,
    "dsfb-red": 0.02254395290891701,
    "sfb": 0.019945569407215542,
    "oneh-in": 0.009383735679130424,
    "roll-in": 0.21300997894201049,
    "unknown": 0.012376186820900362,
    "dsfb-alt": 0.03485035691855525,
    "alternate": 0.27636456182551833,
    "sfR": 0.099723742164827,
    "sfT": 0.00004104871250713222,
    "roll-out": 0.2722884246735601,
    "oneh-out": 0.007491390032551629,
    "redirect": 0.030679807727830615,
    "sft": 0.0,
    "dsfb": 0.0
  },
  "reddit": {
    "bad-redirect": 0.0009997758173816258,
    "dsfb-red": 0.021851119143229094,
    "sfb": 0.019004617937194032,
    "oneh-in": 0.010202050905748345,
    "roll-in": 0.20658164208430277,
    "unknown": 0.04519941109454869,
    "dsfb-alt": 0.03337436792956208,
    "alternate": 0.26581870574523675,
    "sfR": 0.10397777127267367,
    "sfT": 0.00006161744481633413,
    "roll-out": 0.2574672008842946,
    "oneh-out": 0.006917859825744368,
    "redirect": 0.028543859915267585,
    "sft": 0.0,
    "dsfb": 0.0
  },
  "chained-bigrams": {
    "bad-redirect": 0.0024809932284013663,
    "dsfb-red": 0.029393374105339296,
    "sfb": 0.019958976929554985,
    "oneh-in": 0.008802623710399719,
    "roll-in": 0.2081339697385055,
    "unknown": 0.023159399756770463,
    "dsfb-alt": 0.05108924108618286,
    "alternate": 0.2765979550798028,
    "sfR": 0.11914286586209158,
    "sfT": 0.00006687838328326112,
    "roll-out": 0.2130550499997078,
    "oneh-out": 0.008016965032994417,
    "redirect": 0.04010170708696592,
    "sft": 0.0,
    "dsfb": 0.0
  },
  "monkeyracer": {
    "bad-redirect": 0.0012258160376620736,
    "dsfb-red": 0.023181999468226536,
    "sfb": 0.020385301155825264,
    "oneh-in": 0.009014733253045967,
    "roll-in": 0.2130133959991867,
    "unknown": 0.013491796612290222,
    "dsfb-alt": 0.035090205984015514,
    "alternate": 0.27502365609897245,
    "sfR": 0.09690789370786869,
    "sfT": 0.000026393168275020725,
    "roll-out": 0.2738447612493548,
    "oneh-out": 0.007250301077623285,
    "redirect": 0.031543746187653474,
    "sft": 0.0,
    "dsfb": 0.0
  },
  "shai": {
    "bad-redirect": 0.0010996644200749746,
    "dsfb-red": 0.01755599630050845,
    "sfb": 0.020134427812695747,
    "oneh-in": 0.011703713703693268,
    "roll-in": 0.21748864731689327,
    "unknown": 0.024097749651430984,
    "dsfb-alt": 0.03621120805367049,
    "alternate": 0.2888507146168001,
    "sfR": 0.09823378925716947,
    "sfT": 0.00005314071289214595,
    "roll-out": 0.24942745429589058,
    "oneh-out": 0.006772793534126013,
    "redirect": 0.02837070032415448,
    "sft": 0.0,
    "dsfb": 0.0
  },
  "mt-quotes": {
    "bad-redirect": 0.0012774769605909564,
    "dsfb-red": 0.024134602742018382,
    "sfb": 0.019934617085619343,
    "oneh-in": 0.008719714084220844,
    "roll-in": 0.213075686401071,
    "unknown": 0.007995063410669249,
    "dsfb-alt": 0.03473840857747337,
    "alternate": 0.2733890343170653,
    "sfR": 0.0964592223377679,
    "sfT": 0.000010458875700744673,
    "roll-out": 0.2816067223676504,
    "oneh-out": 0.007328683616021802,
    "redirect": 0.031330309224130715,
    "sft": 0.0,
    "dsfb": 0.0
  },
  "tr-quotes": {
    "bad-redirect": 0.0012193430572571139,
    "dsfb-red": 0.02295716696331569,
    "sfb": 0.0203139086012806,
    "oneh-in": 0.009122535308938766,
    "roll-in": 0.21311227202330044,
    "unknown": 0.013894731975682485,
    "dsfb-alt": 0.035043110422782645,
    "alternate": 0.27562122928272575,
    "sfR": 0.09677191928064538,
    "sfT": 0.000030050160652781953,
    "roll-out": 0.2729825940223296,
    "oneh-out": 0.007185455722244054,
    "redirect": 0.031745683178844686,
    "sft": 0.0,
    "dsfb": 0.0
  },
  "english-5k": {
    "bad-redirect": 0.0005392624548886216,
    "dsfb-red": 0.0155971294644709,
    "sfb": 0.022109760650433484,
    "oneh-in": 0.021321607831750113,
    "roll-in": 0.24826813788526153,
    "unknown": 0.002157049819554486,
    "dsfb-alt": 0.04002986684365537,
    "alternate": 0.3246774795702493,
    "sfR": 0.10644211224955408,
    "sfT": 0.0,
    "roll-out": 0.1834736798440287,
    "oneh-out": 0.0038163189115194758,
    "redirect": 0.03156759447463393,
    "sft": 0.0,
    "dsfb": 0.0
  },
  "english-450k": {
    "bad-redirect": 0.001118808911413839,
    "dsfb-red": 0.017451021779207286,
    "sfb": 0.029630456861102227,
    "oneh-in": 0.012524695945333598,
    "roll-in": 0.21966776608328006,
    "unknown": 0.00015377410175167997,
    "dsfb-alt": 0.04549725457682595,
    "alternate": 0.3186754846076802,
    "sfR": 0.11369548401129392,
    "sfT": 0.000278021237197429,
    "roll-out": 0.19976600610068052,
    "oneh-out": 0.005477983115252812,
    "redirect": 0.03606324266898049,
    "sft": 0.0,
    "dsfb": 0.0
  },
  "wordle": {
    "bad-redirect": 0.0006731740154830024,
    "dsfb-red": 0.021092785818467408,
    "sfb": 0.03291820935711882,
    "oneh-in": 0.005520026926960619,
    "roll-in": 0.18310333221137665,
    "unknown": 0.0,
    "dsfb-alt": 0.04891731179176484,
    "alternate": 0.2986648715359587,
    "sfR": 0.13138112868843263,
    "sfT": 0.0008302479524290362,
    "roll-out": 0.22748793896555594,
    "oneh-out": 0.013396162908111747,
    "redirect": 0.03601480982834063,
    "sft": 0.0,
    "dsfb": 0.0
  },
  "akl": {
    "bad-redirect": 0.0013467615458874706,
    "dsfb-red": 0.023097536686520526,
    "sfb": 0.02348623766816088,
    "oneh-in": 0.009206525864475568,
    "roll-in": 0.19454626625880944,
    "unknown": 0.07331127266302054,
    "dsfb-alt": 0.03341818587787503,
    "alternate": 0.2516853105599413,
    "sfR": 0.11790358951788564,
    "sfT": 0.00018078250947187592,
    "roll-out": 0.24105154457527944,
    "oneh-out": 0.006362206121551022,
    "redirect": 0.024403780151121292,
    "sft": 0.0,
    "dsfb": 0.0
  },
  "english-10k": {
    "bad-redirect": 0.00034734953011327456,
    "dsfb-red": 0.014858841010401188,
    "sfb": 0.02134269890584898,
    "oneh-in": 0.01923930452905193,
    "roll-in": 0.2450550934949152,
    "unknown": 0.0,
    "dsfb-alt": 0.040138167924200614,
    "alternate": 0.3168985546400108,
    "sfR": 0.10567144593890508,
    "sfT": 0.00007718878446961657,
    "roll-out": 0.1990505779510237,
    "oneh-out": 0.006078616776982304,
    "redirect": 0.031242160514077303,
    "sft": 0.0,
    "dsfb": 0.0
  },
  "movie": {
    "bad-redirect": 0.0012824209370055622,
    "dsfb-red": 0.027010456369460405,
    "sfb": 0.02241637582447691,
    "oneh-in": 0.007350528871973595,
    "roll-in": 0.18594050803871978,
    "unknown": 0.030282373430185833,
    "dsfb-alt": 0.036241255159128766,
    "alternate": 0.252899067484556,
    "sfR": 0.11567713207251198,
    "sfT": 0.00002987270935867241,
    "roll-out": 0.2800121701681123,
    "oneh-out": 0.009717447596753692,
    "redirect": 0.031140391337756514,
    "sft": 0.0,
    "dsfb": 0.0
  },
  "french": {
    "bad-redirect": 0.0018261362754307905,
    "dsfb-red": 0.01227468008044588,
    "sfb": 0.03195810394827922,