{
  "gutenberg": {
    "dsfb-alt": 0.04785684490015356,
    "redirect": 0.02238574404893834,
    "dsfb": 0.0,
    "unknown": 0.03298207965968062,
    "sfb": 0.025018536388721237,
    "sft": 0.0,
    "bad-redirect": 0.0010081825321862558,
    "roll-out": 0.2705191287575259,
    "oneh-in": 0.0045133312343738335,
    "alternate": 0.30979638198486553,
    "oneh-out": 0.01820449548628989,
    "dsfb-red": 0.01620158043315098,
    "roll-in": 0.15278151915414206,
    "sfR": 0.09863878308844841,
    "sfT": 0.00009339233152345436
  },
  "monkeyracer": {
    "dsfb-alt": 0.05914513505481959,
    "redirect": 0.02151922986690023,
    "dsfb": 0.0,
    "unknown": 0.013491796612290222,
    "sfb": 0.026720639066581165,
    "sft": 0.0,
    "bad-redirect": 0.0011114456418036506,
    "roll-out": 0.2592767098862943,
    "oneh-in": 0.002592395639457591,
    "alternate": 0.3222156184994604,
    "oneh-out": 0.02370302016047046,
    "dsfb-red": 0.015250363639207344,
    "roll-in": 0.1578741573736647,
    "sfR": 0.09690789370786869,
    "sfT": 0.00019159485118163191
  },
  "mt-quotes": {
    "dsfb-alt": 0.05996820501786974,
    "redirect": 0.021191176294808812,
    "dsfb": 0.0,
    "unknown": 0.007995063410669249,
    "sfb": 0.025822964105138596,
    "sft": 0.0,
    "bad-redirect": 0.0010548523206751054,
    "roll-out": 0.26482321511815543,
    "oneh-in": 0.002583342298083934,
    "alternate": 0.3219720060721244,
    "oneh-out": 0.02512371355828881,
    "dsfb-red": 0.015673372300115944,
    "roll-in": 0.15719391353199222,
    "sfR": 0.0964592223377679,
    "sfT": 0.0001389536343098935
  },
  "shai": {
    "dsfb-alt": 0.055709290343515815,
    "redirect": 0.02174308582430264,
    "dsfb": 0.0,
    "unknown": 0.024097749651430984,
    "sfb": 0.024636019015163643,
    "sft": 0.0,
    "bad-redirect": 0.0014384142099117764,
    "roll-out": 0.23955250101172487,
    "oneh-in": 0.0035043145769194208,
    "alternate": 0.32989081499353023,
    "oneh-out": 0.014329027477735087,
    "dsfb-red": 0.012594155434998342,
    "roll-in": 0.17400172867938865,
    "sfR": 0.09823378925716947,
    "sfT": 0.0002691095242090974
  },
  "english-5k": {
    "dsfb-alt": 0.058198863400672006,
    "redirect": 0.02128012610445099,
    "dsfb": 0.0,
    "unknown": 0.002157049819554486,
    "sfb": 0.026257933380345957,
    "sft": 0.0,
    "bad-redirect": 0.0015348239100676153,
    "roll-out": 0.20131082258265234,
    "oneh-in": 0.0009955614551789937,
    "alternate": 0.36284066868544407,
    "oneh-out": 0.008296345459824947,
    "dsfb-red": 0.009499315551499564,
    "roll-in": 0.20077156012776373,
    "sfR": 0.10644211224955408,
    "sfT": 0.00041481727299124733
  },
  "dutch": {
    "dsfb-alt": 0.03918782252343725,
    "redirect": 0.02199708595904413,
    "dsfb": 0.0,
    "unknown": 0.07360270072188302,
    "sfb": 0.059065918942983985,
    "sft": 0.0,
    "bad-redirect": 0.0013345172917227975,
    "roll-out": 0.1656257063612254,
    "oneh-in": 0.0033054164016345857,
    "alternate": 0.2711448084128705,
    "oneh-out": 0.0050074073904063585,
    "dsfb-red": 0.010784153438253105,
    "roll-in": 0.1595899679214505,
    "sfR": 0.18880787437283908,
    "sfT": 0.0005466202622493414
  },
  "chained-bigrams": {
    "dsfb-alt": 0.06420974099885138,
    "redirect": 0.024528134047655067,
    "dsfb": 0.0,
    "unknown": 0.023159399756770463,
    "sfb": 0.024898887026827323,
    "sft": 0.0,
    "bad-redirect": 0.001929733544833515,
    "roll-out": 0.23533399259403068,
    "oneh-in": 0.0034614433134278156,
    "alternate": 0.3260204310214407,
    "oneh-out": 0.00915844268165435,
    "dsfb-red": 0.016317676216423643,
    "roll-in": 0.15171328782573182,
    "sfR": 0.11914286586209158,
    "sfT": 0.00012596511026167627
  },
  "keymash": {
    "dsfb-alt": 0.05887206347772902,
    "redirect": 0.02274919647145267,
    "dsfb": 0.0,
    "unknown": 0.012376186820900362,
    "sfb": 0.025885318106997575,
    "sft": 0.0,
    "bad-redirect": 0.001206832147709687,
    "roll-out": 0.26093024592283665,
    "oneh-in": 0.002668166312963594,
    "alternate": 0.31895670592291875,
    "oneh-out": 0.022519323681412733,
    "dsfb-red": 0.015614930237713095,
    "roll-in": 0.15832488414000895,
    "sfR": 0.099723742164827,
    "sfT": 0.0001724045925299553
  },
  "tr-quotes": {
    "dsfb-alt": 0.05924967060400823,
    "redirect": 0.021514759251982155,
    "dsfb": 0.0,
    "unknown": 0.013894731975682485,
    "sfb": 0.02694459212685791,
    "sft": 0.0,
    "bad-redirect": 0.0011199463720209888,
    "roll-out": 0.25876424493192485,
    "oneh-in": 0.002575067612861469,
    "alternate": 0.3224717412912323,
    "oneh-out": 0.02329812070918379,
    "dsfb-red": 0.015167240701786829,
    "roll-in": 0.15802570444511221,
    "sfR": 0.09677191928064538,
    "sfT": 0.00020226069670141697
  },
  "wordle": {
    "dsfb-alt": 0.060944687535061146,
    "redirect": 0.030988443846067543,
    "dsfb": 0.0,
    "unknown": 0.0,
    "sfb": 0.047593402894648265,
    "sft": 0.0,
    "bad-redirect": 0.0007853696847301694,
    "roll-out": 0.20354538314821047,
    "oneh-in": 0.00677661842252889,
    "alternate": 0.3163917872770111,
    "oneh-out": 0.007270279367216426,
    "dsfb-red": 0.02156400762930551,
    "roll-in": 0.17197352182205766,
    "sfR": 0.13138112868843263,
    "sfT": 0.0007853696847301694
  },
  "french": {
    "dsfb-alt": 0.040282687513475225,
    "redirect": 0.014220206625619127,
    "dsfb": 0.0,
    "unknown": 0.1584254645227596,
    "sfb": 0.02766168725793001,
    "sft": 0.0,
    "bad-redirect": 0.005799904095260042,
    "roll-out": 0.17989021398754468,
    "oneh-in": 0.0033768014892786294,
    "alternate": 0.24871899663991826,
    "oneh-out": 0.014756556438240524,
    "dsfb-red": 0.007515444440054766,
    "roll-in": 0.19014149192711882,
    "sfR": 0.10898279115633469,
    "sfT": 0.00022775390646565655
  },
  "reddit": {
    "dsfb-alt": 0.05585177502253531,
    "redirect": 0.02158820555954165,
    "dsfb": 0.0,
    "unknown": 0.04519941109454869,
    "sfb": 0.027257946917975943,
    "sft": 0.0,
    "bad-redirect": 0.0009725068205267374,
    "roll-out": 0.24447565895549628,
    "oneh-in": 0.0027782912564845805,
    "alternate": 0.3101627768079429,
    "oneh-out": 0.017777325791657746,
    "dsfb-red": 0.014907563531986853,
    "roll-in": 0.1547363868991199,
    "sfR": 0.10397777127267367,
    "sfT": 0.00031438006950972177
  },
  "english-200": {
    "dsfb-alt": 0.06904231625835189,
    "redirect": 0.022271714922048998,
    "dsfb": 0.0,
    "unknown": 0.0,
    "sfb": 0.008908685968819599,
    "sft": 0.0,
    "bad-redirect": 0.0,
    "roll-out": 0.2828507795100223,
    "oneh-in": 0.0,
    "alternate": 0.3518930957683742,
    "oneh-out": 0.015590200445434299,
    "dsfb-red": 0.0066815144766146995,
    "roll-in": 0.1358574610244989,
    "sfR": 0.10690423162583519,
    "sfT": 0.0
  },
  "english-1k": {
    "dsfb-alt": 0.06316160903316867,
    "redirect": 0.021877205363443897,
    "dsfb": 0.0,
    "unknown": 0.0,
    "sfb": 0.020465772759350742,
    "sft": 0.0,
    "bad-redirect": 0.0014114326040931546,
    "roll-out": 0.25229357798165136,
    "oneh-in": 0.001058574453069866,
    "alternate": 0.3475652787579393,
    "oneh-out": 0.014467184191954835,
    "dsfb-red": 0.009174311926605505,
    "roll-in": 0.16019760056457305,
    "sfR": 0.10832745236414962,
    "sfT": 0.0
  },
  "akl": {
    "dsfb-alt": 0.04938416853241899,
    "redirect": 0.024761875731912054,
    "dsfb": 0.0,
    "unknown": 0.07331127266302054,
    "sfb": 0.032424749435317965,
    "sft": 0.0,
    "bad-redirect": 0.0008080693183830287,
    "roll-out": 0.2278126022632384,
    "oneh-in": 0.0022936703446428345,
    "alternate": 0.28988401048712026,
    "oneh-out": 0.018469306190431762,
    "dsfb-red": 0.01357430068207915,
    "roll-in": 0.1490162098345933,
    "sfR": 0.11790358951788564,
    "sfT": 0.00035617499895607087
  },
  "english-450k": {
    "dsfb-alt": 0.05937142058620091,
    "redirect": 0.024473177528399972,
    "dsfb": 0.0,
    "unknown": 0.00015377410175167997,