{
  "tr-quotes": {
    "bad-redirect": 0.001533713968701602,
    "dsfb-red": 0.02283234321906567,
    "sfb": 0.017189847668801,
    "oneh-in": 0.010198562215390306,
    "roll-in": 0.22162340214049606,
    "unknown": 0.009802131249855527,
    "dsfb-alt": 0.03696285337833152,
    "alternate": 0.2752409791729271,
    "sfR": 0.09677191928064538,
    "sfT": 0.000030050160652781953,
    "roll-out": 0.2693996902521902,
    "oneh-out": 0.008633642310626199,
    "redirect": 0.029780864982316635,
    "sft": 0.0,
    "dsfb": 0.0
  },
  "reddit": {
    "bad-redirect": 0.001517100151945997,
    "dsfb-red": 0.021630157862395322,
    "sfb": 0.0181085242397222,
    "oneh-in": 0.010800695284504972,
    "roll-in": 0.21533641345642587,
    "unknown": 0.03912123410190327,
    "dsfb-alt": 0.03658727755212808,
    "alternate": 0.2649480081739567,
    "sfR": 0.10397777127267367,
    "sfT": 0.00008057089592701198,
    "roll-out": 0.25269493914762287,
    "oneh-out": 0.00823092944765111,
    "redirect": 0.026966378413142908,
    "sft": 0.0,
    "dsfb": 0.0
  },
  "mt-quotes": {
    "bad-redirect": 0.001538948853109573,
    "dsfb-red": 0.024013578608909767,
    "sfb": 0.01636066984616488,
    "oneh-in": 0.009710319025591375,
    "roll-in": 0.2219268834941012,
    "unknown": 0.0052458732264735065,
    "dsfb-alt": 0.03663594745460848,
    "alternate": 0.2724940533821016,
    "sfR": 0.0964592223377679,
    "sfT": 7.470625500531909e-6,
    "roll-out": 0.27749638421725775,
    "oneh-out": 0.00887809134483212,
    "redirect": 0.02923255758358136,
    "sft": 0.0,
    "dsfb": 0.0
  },
  "english-1k": {
    "bad-redirect": 0.00035285815102328866,
    "dsfb-red": 0.016584333098094567,
    "sfb": 0.014467184191954835,
    "oneh-in": 0.01305575158786168,
    "roll-in": 0.24805928016937193,
    "unknown": 0.0,
    "dsfb-alt": 0.037755822159491886,
    "alternate": 0.305575158786168,
    "sfR": 0.10832745236414962,
    "sfT": 0.0,
    "roll-out": 0.21594918842625266,
    "oneh-out": 0.0077628793225123505,
    "redirect": 0.03211009174311927,
    "sft": 0.0,
    "dsfb": 0.0
  },
  "akl": {
    "bad-redirect": 0.0018898525253358818,
    "dsfb-red": 0.02282654878507091,
    "sfb": 0.02440743545203248,
    "oneh-in": 0.009578870923394682,
    "roll-in": 0.20151041989990423,
    "unknown": 0.06510202440477142,
    "dsfb-alt": 0.03783502846364233,
    "alternate": 0.2508755684767345,
    "sfR": 0.11790358951788564,
    "sfT": 0.00018127814349373165,
    "roll-out": 0.23621025340404544,
    "oneh-out": 0.007115817651782653,
    "redirect": 0.024563312351906102,
    "sft": 0.0,
    "dsfb": 0.0
  },
  "dutch": {
    "bad-redirect": 0.0023753998970557242,
    "dsfb-red": 0.01153136549560769,
    "sfb": 0.06080983212867683,
    "oneh-in": 0.005839808651170707,
    "roll-in": 0.22885745086720313,
    "unknown": 0.06828908915832815,
    "dsfb-alt": 0.02934967985822049,
    "alternate": 0.2224481243295452,
    "sfR": 0.18880787437283908,
    "sfT": 0.00011805634924223925,
    "roll-out": 0.14978203864451947,
    "oneh-out": 0.006201652078829939,
    "redirect": 0.025589628168761334,
    "sft": 0.0,
    "dsfb": 0.0
  },
  "shai": {
    "bad-redirect": 0.0015982582231479552,
    "dsfb-red": 0.01663306635769451,
    "sfb": 0.01907660638221123,
    "oneh-in": 0.013019141803418531,
    "roll-in": 0.22545732750439446,
    "unknown": 0.016411783475088346,
    "dsfb-alt": 0.03889855674003827,
    "alternate": 0.2891252117500657,
    "sfR": 0.09823378925716947,
    "sfT": 0.00006271223386682016,
    "roll-out": 0.24615231436513066,
    "oneh-out": 0.007652862569833786,
    "redirect": 0.027678369337940253,
    "sft": 0.0,
    "dsfb": 0.0
  },
  "french": {
    "bad-redirect": 0.0036483622910544805,
    "dsfb-red": 0.01469712348554027,
    "sfb": 0.050618148402689585,
    "oneh-in": 0.015028461822298228,
    "roll-in": 0.18589969901936226,
    "unknown": 0.1502279269466985,
    "dsfb-alt": 0.030201857948710966,
    "alternate": 0.22791394246281915,
    "sfR": 0.10898279115633469,
    "sfT": 0.00008941161122135497,
    "roll-out": 0.17753842493206823,
    "oneh-out": 0.008418040272769536,
    "redirect": 0.026735809648432737,
    "sft": 0.0,
    "dsfb": 0.0
  },
  "monkeyracer": {
    "bad-redirect": 0.0015503542549697357,
    "dsfb-red": 0.023055898775356992,
    "sfb": 0.017161424527269032,
    "oneh-in": 0.010068504934544942,
    "roll-in": 0.22184044450005475,
    "unknown": 0.009422361074182399,
    "dsfb-alt": 0.03686343588219654,
    "alternate": 0.27480175798051204,
    "sfR": 0.09690789370786869,
    "sfT": 0.000026393168275020725,
    "roll-out": 0.2700099316514694,
    "oneh-out": 0.008669667015968845,
    "redirect": 0.02962193252733159,
    "sft": 0.0,
    "dsfb": 0.0
  },
  "wordle": {
    "bad-redirect": 0.001682935038707506,
    "dsfb-red": 0.020172781330640637,
    "sfb": 0.034960170537417255,
    "oneh-in": 0.005923931336250421,
    "roll-in": 0.18725457197352183,
    "unknown": 0.0,
    "dsfb-alt": 0.05282172108156625,
    "alternate": 0.2947604622461573,
    "sfR": 0.13138112868843263,
    "sfT": 0.0007404914170313026,
    "roll-out": 0.22138449455851003,
    "oneh-out": 0.012610793223381577,
    "redirect": 0.03630651856838326,
    "sft": 0.0,
    "dsfb": 0.0
  },
  "gutenberg": {
    "bad-redirect": 0.0021847743599594303,
    "dsfb-red": 0.017532752671721597,
    "sfb": 0.016841687305803623,
    "oneh-in": 0.008974567354814706,
    "roll-in": 0.20848616145393484,
    "unknown": 0.025604274906105663,
    "dsfb-alt": 0.0330362585781709,
    "alternate": 0.2653367068234749,
    "sfR": 0.09863878308844841,
    "sfT": 0.00017503958281475014,
    "roll-out": 0.2822905407018178,
    "oneh-out": 0.011351998917937124,
    "redirect": 0.0295464542549963,
    "sft": 0.0,
    "dsfb": 0.0
  },
  "english-10k": {
    "bad-redirect": 0.0009069682175179947,
    "dsfb-red": 0.014125547557939832,
    "sfb": 0.019856814804808862,
    "oneh-in": 0.02041643349221358,
    "roll-in": 0.25543698500607864,
    "unknown": 0.0,
    "dsfb-alt": 0.04314853051851566,
    "alternate": 0.31388819204569574,
    "sfR": 0.10567144593890508,
    "sfT": 0.00007718878446961657,
    "roll-out": 0.18947916867679127,
    "oneh-out": 0.0052295401478165224,
    "redirect": 0.03176318480924722,
    "sft": 0.0,
    "dsfb": 0.0
  },
  "english-450k": {
    "bad-redirect": 0.0015824699862772692,
    "dsfb-red": 0.017045829944553618,
    "sfb": 0.029558539695644218,
    "oneh-in": 0.012692795010936671,
    "roll-in": 0.2276590494889496,
    "unknown": 0.0,
    "dsfb-alt": 0.0455598166638504,
    "alternate": 0.3186880554943253,
    "sfR": 0.11369548401129392,
    "sfT": 0.00020902753374990718,
    "roll-out": 0.19160311547499534,
    "oneh-out": 0.004565570621779441,
    "redirect": 0.03714024607364435,
    "sft": 0.0,
    "dsfb": 0.0
  },
  "english-5k": {
    "bad-redirect": 0.0016177873646658647,
    "dsfb-red": 0.015016385282283154,
    "sfb": 0.020326046376571122,
    "oneh-in": 0.022897913469116855,
    "roll-in": 0.25229186543327664,
    "unknown": 0.0,
    "dsfb-alt": 0.04334840502758535,
    "alternate": 0.32223005765960094,
    "sfR": 0.10644211224955408,
    "sfT": 0.0,
    "roll-out": 0.18135811175177335,
    "oneh-out": 0.0035259468204256023,
    "redirect": 0.03094536856514705,
    "sft": 0.0,
    "dsfb": 0.0
  },
  "english-200": {
    "bad-redirect": 0.0022271714922048997,
    "dsfb-red": 0.024498886414253896,
    "sfb": 0.008908685968819599,
    "oneh-in": 0.004454342984409799,
    "roll-in": 0.22271714922049,
    "unknown": 0.0,
    "dsfb-alt": 0.028953229398663696,
    "alternate": 0.29398663697104677,
    "sfR": 0.10690423162583519,
    "sfT": 0.0,
    "roll-out": 0.27616926503340755,
    "oneh-out": 0.008908685968819599,
    "redirect": 0.022271714922048998,
    "sft": 0.0,
    "dsfb": 0.0
  },
  "chained-bigrams": {
    "bad-redirect": 0.003745838768554693,
    "dsfb-red": 0.02937324565988511,
    "sfb": 0.0195096580826422,
    "oneh-in": 0.009329859120360962,
    "roll-in": 0.2119395445387307,