{
  "english-1k": {
    "sfb": 0.014467184191954835,
    "unknown": 0.0,
    "outoneh": 0.016231474947071278,
    "red-sfs": 0.015172900494001412,
    "alt-sfs": 0.037755822159491886,
    "sft": 0.0,
    "inroll": 0.24805928016937193,
    "bad-red-sfs": 0.0014114326040931546,
    "red": 0.03211009174311927,
    "sfr": 0.10832745236414962,
    "outroll": 0.21594918842625266,
    "inoneh": 0.0045871559633027525,
    "bad-red": 0.00035285815102328866,
    "alt": 0.305575158786168
  },
  "shai": {
    "sfb": 0.01907660638221123,
    "unknown": 0.016411783475088346,
    "outoneh": 0.015926283265002558,
    "red-sfs": 0.015505980091236373,
    "alt-sfs": 0.03889855674003827,
    "sft": 0.00006271223386682016,
    "inroll": 0.22545732750439446,
    "bad-red-sfs": 0.0011270862664581394,
    "red": 0.027678369337940253,
    "sfr": 0.09823378925716947,
    "outroll": 0.24615231436513066,
    "inoneh": 0.004745721108249761,
    "bad-red": 0.0015982582231479552,
    "alt": 0.2891252117500657
  },
  "chained-bigrams": {
    "sfb": 0.0195096580826422,
    "unknown": 0.016332610224341265,
    "outoneh": 0.01303024656047072,
    "red-sfs": 0.027157168745848507,
    "alt-sfs": 0.05384294228525384,
    "sft": 0.00007402073489603658,
    "inroll": 0.2119395445387307,
    "bad-red-sfs": 0.0022160769140366038,
    "red": 0.0395894056849223,
    "sfr": 0.11914286586209158,
    "outroll": 0.21242262722963115,
    "inoneh": 0.0046133098371608765,
    "bad-red": 0.003745838768554693,
    "alt": 0.27638368453141954
  },
  "english-200": {
    "sfb": 0.008908685968819599,
    "unknown": 0.0,
    "outoneh": 0.013363028953229399,
    "red-sfs": 0.024498886414253896,
    "alt-sfs": 0.028953229398663696,
    "sft": 0.0,
    "inroll": 0.22271714922049,
    "bad-red-sfs": 0.0,
    "red": 0.022271714922048998,
    "sfr": 0.10690423162583519,
    "outroll": 0.27616926503340755,
    "inoneh": 0.0,
    "bad-red": 0.0022271714922048997,
    "alt": 0.29398663697104677
  },
  "english-450k": {
    "sfb": 0.029558539695644218,
    "unknown": 0.0,
    "outoneh": 0.01260392176581783,
    "red-sfs": 0.015572989783669658,
    "alt-sfs": 0.0455598166638504,
    "sft": 0.00020902753374990718,
    "inroll": 0.2276590494889496,
    "bad-red-sfs": 0.0014728401608839613,
    "red": 0.03714024607364435,
    "sfr": 0.11369548401129392,
    "outroll": 0.19160311547499534,
    "inoneh": 0.004654443866898283,
    "bad-red": 0.0015824699862772692,
    "alt": 0.3186880554943253
  },
  "english-5k": {
    "sfb": 0.020326046376571122,
    "unknown": 0.0,
    "outoneh": 0.021072717467955367,
    "red-sfs": 0.014186750736300659,
    "alt-sfs": 0.04334840502758535,
    "sft": 0.0,
    "inroll": 0.25229186543327664,
    "bad-red-sfs": 0.0008296345459824947,
    "red": 0.03094536856514705,
    "sfr": 0.10644211224955408,
    "outroll": 0.18135811175177335,
    "inoneh": 0.005351142821587091,
    "bad-red": 0.0016177873646658647,
    "alt": 0.32223005765960094
  },
  "monkeyracer": {
    "sfb": 0.017161424527269032,
    "unknown": 0.009422361074182399,
    "outoneh": 0.014677534135164302,
    "red-sfs": 0.020876996105541393,
    "alt-sfs": 0.03686343588219654,
    "sft": 0.000026393168275020725,
    "inroll": 0.22184044450005475,
    "bad-red-sfs": 0.0021789026698155996,
    "red": 0.02962193252733159,
    "sfr": 0.09690789370786869,
    "outroll": 0.2700099316514694,
    "inoneh": 0.004060637815349485,
    "bad-red": 0.0015503542549697357,
    "alt": 0.27480175798051204
  },
  "tr-quotes": {
    "sfb": 0.017189847668801,
    "unknown": 0.009802131249855527,
    "outoneh": 0.014756940431335384,
    "red-sfs": 0.020675666304523704,
    "alt-sfs": 0.03696285337833152,
    "sft": 0.000030050160652781953,
    "inroll": 0.22162340214049606,
    "bad-red-sfs": 0.002156676914541966,
    "red": 0.029780864982316635,
    "sfr": 0.09677191928064538,
    "outroll": 0.2693996902521902,
    "inoneh": 0.004075264094681122,
    "bad-red": 0.001533713968701602,
    "alt": 0.2752409791729271
  },
  "movie": {
    "sfb": 0.01910932214084943,
    "unknown": 0.024529179122950412,
    "outoneh": 0.015034000275565874,
    "red-sfs": 0.02428532832805341,
    "alt-sfs": 0.03763882420489573,
    "sft": 0.00007172082202853068,
    "inroll": 0.1999315954435038,
    "bad-red-sfs": 0.003405883660404408,
    "red": 0.02942540830532383,
    "sfr": 0.11567713207251198,
    "outroll": 0.2732084303154571,
    "inoneh": 0.002670778134071615,
    "bad-red": 0.001437706386535225,
    "alt": 0.2535746907878486
  },
  "gutenberg": {
    "sfb": 0.016841687305803623,
    "unknown": 0.025604274906105663,
    "outoneh": 0.016929396533988936,
    "red-sfs": 0.01649066095628443,
    "alt-sfs": 0.0330362585781709,
    "sft": 0.00017503958281475014,
    "inroll": 0.20848616145393484,
    "bad-red-sfs": 0.0010420917154371652,
    "red": 0.0295464542549963,
    "sfr": 0.09863878308844841,
    "outroll": 0.2822905407018178,
    "inoneh": 0.0033971697387628944,
    "bad-red": 0.0021847743599594303,
    "alt": 0.2653367068234749
  },
  "keymash": {
    "sfb": 0.017318451806759082,
    "unknown": 0.008620229626497765,
    "outoneh": 0.014711858562556185,
    "red-sfs": 0.019920940179711265,
    "alt-sfs": 0.036734492822632615,
    "sft": 0.00003283897000570577,
    "inroll": 0.22066556382459065,
    "bad-red-sfs": 0.002335671741655823,
    "red": 0.029238997918830275,
    "sfr": 0.099723742164827,
    "outroll": 0.2690866250980038,
    "inoneh": 0.004215702774482478,
    "bad-red": 0.00159269004527673,
    "alt": 0.27580219446417065
  },
  "english-10k": {
    "sfb": 0.019856814804808862,
    "unknown": 0.0,
    "outoneh": 0.019027035371760485,
    "red-sfs": 0.013430848497713282,
    "alt-sfs": 0.04314853051851566,
    "sft": 0.00007718878446961657,
    "inroll": 0.25543698500607864,
    "bad-red-sfs": 0.0006946990602265491,
    "red": 0.03176318480924722,
    "sfr": 0.10567144593890508,
    "outroll": 0.18947916867679127,
    "inoneh": 0.0066189382682696205,
    "bad-red": 0.0009069682175179947,
    "alt": 0.31388819204569574
  },
  "mt-quotes": {
    "sfb": 0.01636066984616488,
    "unknown": 0.0052458732264735065,
    "outoneh": 0.014558754975436584,
    "red-sfs": 0.021751473207348705,
    "alt-sfs": 0.03663594745460848,
    "sft": 7.470625500531909e-6,
    "inroll": 0.2219268834941012,
    "bad-red-sfs": 0.002262105401561062,
    "red": 0.02923255758358136,
    "sfr": 0.0964592223377679,
    "outroll": 0.27749638421725775,
    "inoneh": 0.004029655394986911,
    "bad-red": 0.001538948853109573,
    "alt": 0.2724940533821016
  }
}