{
  "dutch": {
    "dsfb": 0.0,
    "sfb": 0.026610069668666535,
    "roll-out": 0.1619841413600701,
    "sfR": 0.18880787437283908,
    "roll-in": 0.22922582110396386,
    "alternate": 0.23007037944321942,
    "dsfb-alt": 0.03437842489376632,
    "sft": 0.0,
    "sfT": 0.000043320798871392776,
    "dsfb-red": 0.011558835472375477,
    "oneh-in": 0.0045706849660224,
    "oneh-out": 0.006597564015535384,
    "redirect": 0.030463666311648895,
    "bad-redirect": 0.002086516871138088,
    "unknown": 0.07360270072188302
  },
  "english-1k": {
    "dsfb": 0.0,
    "sfb": 0.014467184191954835,
    "roll-out": 0.2145377558221595,
    "sfR": 0.10832745236414962,
    "roll-in": 0.2455892731122089,
    "alternate": 0.30804516584333097,
    "dsfb-alt": 0.03669724770642202,
    "sft": 0.0,
    "sfT": 0.0,
    "dsfb-red": 0.016937191249117856,
    "oneh-in": 0.012702893436838392,
    "oneh-out": 0.009527170077628794,
    "redirect": 0.032815808045165845,
    "bad-redirect": 0.00035285815102328866,
    "unknown": 0.0
  },
  "shai": {
    "dsfb": 0.0,
    "sfb": 0.016954155472154266,
    "roll-out": 0.24684685922518132,
    "sfR": 0.09823378925716947,
    "roll-in": 0.22029879246341613,
    "alternate": 0.2896579464292073,
    "dsfb-alt": 0.03720884462723783,
    "sft": 0.0,
    "sfT": 0.00005040820427584187,
    "dsfb-red": 0.016566201175179967,
    "oneh-in": 0.012229531962300361,
    "oneh-out": 0.008644287137269157,
    "redirect": 0.027899180030672217,
    "bad-redirect": 0.001312254364505193,
    "unknown": 0.024097749651430984
  },
  "akl": {
    "dsfb": 0.0,
    "sfb": 0.02273324568045657,
    "roll-out": 0.23556797366597315,
    "sfR": 0.11790358951788564,
    "roll-in": 0.1957649064100472,
    "alternate": 0.2525074434936945,
    "dsfb-alt": 0.036603315965078126,
    "sft": 0.0,
    "sfT": 0.0001602756518175953,
    "dsfb-red": 0.02246455008635803,
    "oneh-in": 0.009216128773649022,
    "oneh-out": 0.007631834622787196,
    "redirect": 0.024370882442920617,
    "bad-redirect": 0.0017645810263118473,
    "unknown": 0.07331127266302054
  },
  "monkeyracer": {
    "dsfb": 0.0,
    "sfb": 0.014025525126296198,
    "roll-out": 0.27450068035722663,
    "sfR": 0.09690789370786869,
    "roll-in": 0.21437020035347296,
    "alternate": 0.2773746031249511,
    "dsfb-alt": 0.034983655786164504,
    "sft": 0.0,
    "sfT": 0.000024438118773167336,
    "dsfb-red": 0.02260037224142515,
    "oneh-in": 0.009524023648278774,
    "oneh-out": 0.010689233151383393,
    "redirect": 0.030068661338505092,
    "bad-redirect": 0.0014389164333640928,
    "unknown": 0.013491796612290222
  },
  "tr-quotes": {
    "dsfb": 0.0,
    "sfb": 0.014114329303529738,
    "roll-out": 0.2737615866484825,
    "sfR": 0.09677191928064538,
    "roll-in": 0.2142992533690853,
    "alternate": 0.27774670026120524,
    "dsfb-alt": 0.035053512401470144,
    "sft": 0.0,
    "sfT": 0.000027738609833337187,
    "dsfb-red": 0.022388525461732277,
    "oneh-in": 0.009653036222001341,
    "oneh-out": 0.010607706710432029,
    "redirect": 0.0302593560019417,
    "bad-redirect": 0.0014216037539585308,
    "unknown": 0.013894731975682485
  },
  "reddit": {
    "dsfb": 0.0,
    "sfb": 0.015050014074623034,
    "roll-out": 0.255316171470299,
    "sfR": 0.10397777127267367,
    "roll-in": 0.20814297944131144,
    "alternate": 0.2670323633923456,
    "dsfb-alt": 0.03544111816371774,
    "sft": 0.0,
    "sfT": 0.000054313249230203336,
    "dsfb-red": 0.0211454963921956,
    "oneh-in": 0.010209467473574263,
    "oneh-out": 0.009454550766687699,
    "redirect": 0.027557756053726665,
    "bad-redirect": 0.0014185871550663866,
    "unknown": 0.04519941109454869
  },
  "keymash": {
    "dsfb": 0.0,
    "sfb": 0.0143752591199977,
    "roll-out": 0.2731217135374549,
    "sfR": 0.099723742164827,
    "roll-in": 0.21371191192588246,
    "alternate": 0.2782774318283507,
    "dsfb-alt": 0.03485446178980596,
    "sft": 0.0,
    "sfT": 0.00002873409875499255,
    "dsfb-red": 0.021936431963811454,
    "oneh-in": 0.009671076666680349,
    "oneh-out": 0.01063982628184867,
    "redirect": 0.029813679893930127,
    "bad-redirect": 0.0014695439077553332,
    "unknown": 0.012376186820900362
  },
  "english-10k": {
    "dsfb": 0.0,
    "sfb": 0.020030489569865497,
    "roll-out": 0.18890025279326914,
    "sfR": 0.10567144593890508,
    "roll-in": 0.2539318037089211,
    "alternate": 0.31521969857779664,
    "dsfb-alt": 0.04245383145828911,
    "sft": 0.0,
    "sfT": 0.00007718878446961657,
    "dsfb-red": 0.01472376063757936,
    "oneh-in": 0.02018486713880473,
    "oneh-out": 0.005924239208043071,
    "redirect": 0.03226491190829973,
    "bad-redirect": 0.0006175102757569325,
    "unknown": 0.0
  },
  "wordle": {
    "dsfb": 0.0,
    "sfb": 0.033524065971053514,
    "roll-out": 0.22124985975541345,
    "sfR": 0.13138112868843263,
    "roll-in": 0.18393358016380568,
    "alternate": 0.2991136542129474,
    "dsfb-alt": 0.054168069112532254,
    "sft": 0.0,
    "sfT": 0.0007404914170313026,
    "dsfb-red": 0.019970829125995737,
    "oneh-in": 0.005026365982273085,
    "oneh-out": 0.013037136766520812,
    "redirect": 0.03695725345001683,
    "bad-redirect": 0.0008975653539773365,
    "unknown": 0.0
  },
  "chained-bigrams": {
    "dsfb": 0.0,
    "sfb": 0.01773900418736596,
    "roll-out": 0.2135680007064435,
    "sfR": 0.11914286586209158,
    "roll-in": 0.20883327089186546,
    "alternate": 0.27516558892909526,
    "dsfb-alt": 0.05268263480052386,
    "sft": 0.0,
    "sfT": 0.00005648950821013318,
    "dsfb-red": 0.029458304574546346,
    "oneh-in": 0.008553290708644648,
    "oneh-out": 0.008846127124768441,
    "redirect": 0.03931280188610027,
    "bad-redirect": 0.0034822210635740715,
    "unknown": 0.023159399756770463
  },
  "english-450k": {
    "dsfb": 0.0,
    "sfb": 0.029643320093948374,
    "roll-out": 0.19123739037748327,
    "sfR": 0.11369548401129392,
    "roll-in": 0.2259763047557126,
    "alternate": 0.31957532621450846,
    "dsfb-alt": 0.045444047568235064,
    "sft": 0.0,
    "sfT": 0.00020902753374990718,
    "dsfb-red": 0.01724667178467416,
    "oneh-in": 0.012415650812342388,
    "oneh-out": 0.005288250430772128,
    "redirect": 0.037732831823170304,
    "bad-redirect": 0.001381920492357778,
    "unknown": 0.00015377410175167997
  },
  "english-200": {
    "dsfb": 0.0,
    "sfb": 0.008908685968819599,
    "roll-out": 0.27616926503340755,
    "sfR": 0.10690423162583519,
    "roll-in": 0.22048997772828507,
    "alternate": 0.2962138084632517,
    "dsfb-alt": 0.028953229398663696,
    "sft": 0.0,
    "sfT": 0.0,
    "dsfb-red": 0.024498886414253896,
    "oneh-in": 0.004454342984409799,
    "oneh-out": 0.008908685968819599,
    "redirect": 0.022271714922048998,
    "bad-redirect": 0.0022271714922048997,
    "unknown": 0.0
  },
  "english-5k": {
    "dsfb": 0.0,
    "sfb": 0.020740863649562367,
    "roll-out": 0.1802795868419961,
    "sfR": 0.10644211224955408,
    "roll-in": 0.25025926079561955,
    "alternate": 0.32272783838719044,
    "dsfb-alt": 0.04268469739079935,
    "sft": 0.0,
    "sfT": 0.0,
    "dsfb-red": 0.015431202555274401,
    "oneh-in": 0.022649023105322106,
    "oneh-out": 0.0041896544572115986,
    "redirect": 0.031069813747044428,
    "bad-redirect": 0.0013688970008711163,
    "unknown": 0.002157049819554486
  },
  "movie": {
    "dsfb": 0.0,
    "sfb": 0.013460090126095734,
    "roll-out": 0.2816928061646744,
    "sfR": 0.11567713207251198,
    "roll-in": 0.18787196951562388,
    "alternate": 0.2566302610019412,
    "dsfb-alt": 0.03615992769488357,
    "sft": 0.0,
    "sfT": 0.00002987270935867241,
    "dsfb-red": 0.025905692514543863,
    "oneh-in": 0.0077082117972461575,
    "oneh-out": 0.01251166450341753,
    "redirect": 0.03073783354952665,
    "bad-redirect": 0.0013321649199904881,
    "unknown": 0.030282373430185833
  },
  "gutenberg": {
    "dsfb": 0.0,
    "sfb": 0.014743485553361878,
    "roll-out": 0.2830479089400141,
    "sfR": 0.09863878308844841,
    "roll-in": 0.20344903752856233,