{
  "english-1k": {
    "sfb": 0.014467184191954835,
    "unknown": 0.0,
    "outoneh": 0.017642907551164433,
    "red-sfs": 0.016231474947071278,
    "alt-sfs": 0.03669724770642202,
    "sft": 0.0,
    "inroll": 0.2455892731122089,
    "bad-red-sfs": 0.0007057163020465773,
    "red": 0.032815808045165845,
    "sfr": 0.10832745236414962,
    "outroll": 0.2145377558221595,
    "inoneh": 0.0045871559633027525,
    "bad-red": 0.00035285815102328866,
    "alt": 0.30804516584333097
  },
  "shai": {
    "sfb": 0.016954155472154266,
    "unknown": 0.024097749651430984,
    "outoneh": 0.016124235323332403,
    "red-sfs": 0.015637895234535938,
    "alt-sfs": 0.03720884462723783,
    "sft": 0.00005040820427584187,
    "inroll": 0.22029879246341613,
    "bad-red-sfs": 0.0009283059406440298,
    "red": 0.027899180030672217,
    "sfr": 0.09823378925716947,
    "outroll": 0.24684685922518132,
    "inoneh": 0.0047495837762371144,
    "bad-red": 0.001312254364505193,
    "alt": 0.2896579464292073
  },
  "chained-bigrams": {
    "sfb": 0.01773900418736596,
    "unknown": 0.023159399756770463,
    "outoneh": 0.012785458691560142,
    "red-sfs": 0.02739351565376217,
    "alt-sfs": 0.05268263480052386,
    "sft": 0.00005648950821013318,
    "inroll": 0.20883327089186546,
    "bad-red-sfs": 0.002064788920784178,
    "red": 0.03931280188610027,
    "sfr": 0.11914286586209158,
    "outroll": 0.2135680007064435,
    "inoneh": 0.004613959141852947,
    "bad-red": 0.0034822210635740715,
    "alt": 0.27516558892909526
  },
  "english-200": {
    "sfb": 0.008908685968819599,
    "unknown": 0.0,
    "outoneh": 0.013363028953229399,
    "red-sfs": 0.024498886414253896,
    "alt-sfs": 0.028953229398663696,
    "sft": 0.0,
    "inroll": 0.22048997772828507,
    "bad-red-sfs": 0.0,
    "red": 0.022271714922048998,
    "sfr": 0.10690423162583519,
    "outroll": 0.27616926503340755,
    "inoneh": 0.0,
    "bad-red": 0.0022271714922048997,
    "alt": 0.2962138084632517
  },
  "english-450k": {
    "sfb": 0.029643320093948374,
    "unknown": 0.00015377410175167997,
    "outoneh": 0.013046826260406794,
    "red-sfs": 0.015963271962069835,
    "alt-sfs": 0.045444047568235064,
    "sft": 0.00020902753374990718,
    "inroll": 0.2259763047557126,
    "bad-red-sfs": 0.001283399822604325,
    "red": 0.037732831823170304,
    "sfr": 0.11369548401129392,
    "outroll": 0.19123739037748327,
    "inoneh": 0.004657074982707722,
    "bad-red": 0.001381920492357778,
    "alt": 0.31957532621450846
  },
  "english-5k": {
    "sfb": 0.020740863649562367,
    "unknown": 0.002157049819554486,
    "outoneh": 0.021487534740946612,
    "red-sfs": 0.014974903554984029,
    "alt-sfs": 0.04268469739079935,
    "sft": 0.0,
    "inroll": 0.25025926079561955,
    "bad-red-sfs": 0.00045629900029037207,
    "red": 0.031069813747044428,
    "sfr": 0.10644211224955408,
    "outroll": 0.1802795868419961,
    "inoneh": 0.005351142821587091,
    "bad-red": 0.0013688970008711163,
    "alt": 0.32272783838719044
  },
  "monkeyracer": {
    "sfb": 0.014025525126296198,
    "unknown": 0.013491796612290222,
    "outoneh": 0.016152618984312684,
    "red-sfs": 0.020462525611148474,
    "alt-sfs": 0.034983655786164504,
    "sft": 0.000024438118773167336,
    "inroll": 0.21437020035347296,
    "bad-red-sfs": 0.0021378466302766786,
    "red": 0.030068661338505092,
    "sfr": 0.09690789370786869,
    "outroll": 0.27450068035722663,
    "inoneh": 0.004060637815349485,
    "bad-red": 0.0014389164333640928,
    "alt": 0.2773746031249511
  },
  "tr-quotes": {
    "sfb": 0.014114329303529738,
    "unknown": 0.013894731975682485,
    "outoneh": 0.01618547883775225,
    "red-sfs": 0.02027114491112087,
    "alt-sfs": 0.035053512401470144,
    "sft": 0.000027738609833337187,
    "inroll": 0.2142992533690853,
    "bad-red-sfs": 0.0021173805506114053,
    "red": 0.0302593560019417,
    "sfr": 0.09677191928064538,
    "outroll": 0.2737615866484825,
    "inoneh": 0.004075264094681122,
    "bad-red": 0.0014216037539585308,
    "alt": 0.27774670026120524
  },
  "movie": {
    "sfb": 0.013460090126095734,
    "unknown": 0.030282373430185833,
    "outoneh": 0.017548966568753488,
    "red-sfs": 0.022396767746527824,
    "alt-sfs": 0.03615992769488357,
    "sft": 0.00002987270935867241,
    "inroll": 0.18787196951562388,
    "bad-red-sfs": 0.00350892476801604,
    "red": 0.03073783354952665,
    "sfr": 0.11567713207251198,
    "outroll": 0.2816928061646744,
    "inoneh": 0.002670909731910199,
    "bad-red": 0.0013321649199904881,
    "alt": 0.2566302610019412
  },
  "gutenberg": {
    "sfb": 0.014743485553361878,
    "unknown": 0.03298207965968062,
    "outoneh": 0.0172055953562226,
    "red-sfs": 0.016536315219767502,
    "alt-sfs": 0.03228836217887151,
    "sft": 0.00016935647947660893,
    "inroll": 0.20344903752856233,
    "bad-red-sfs": 0.0008996352584277581,
    "red": 0.02953376199087445,
    "sfr": 0.09863878308844841,
    "outroll": 0.2830479089400141,
    "inoneh": 0.0033971697387628944,
    "bad-red": 0.001955366421876462,
    "alt": 0.26515314258565287
  },
  "keymash": {
    "sfb": 0.0143752591199977,
    "unknown": 0.012376186820900362,
    "outoneh": 0.016099305045297253,
    "red-sfs": 0.019691067389671323,
    "alt-sfs": 0.03485446178980596,
    "sft": 0.00002873409875499255,
    "inroll": 0.21371191192588246,
    "bad-red-sfs": 0.0022453645741401323,
    "red": 0.029813679893930127,
    "sfr": 0.099723742164827,
    "outroll": 0.2731217135374549,
    "inoneh": 0.0042115979032317655,
    "bad-red": 0.0014695439077553332,
    "alt": 0.2782774318283507
  },
  "english-10k": {
    "sfb": 0.020030489569865497,
    "unknown": 0.0,
    "outoneh": 0.019490168078578184,
    "red-sfs": 0.014241330734644257,
    "alt-sfs": 0.04245383145828911,
    "sft": 0.00007718878446961657,
    "inroll": 0.2539318037089211,
    "bad-red-sfs": 0.0004824299029351035,
    "red": 0.03226491190829973,
    "sfr": 0.10567144593890508,
    "outroll": 0.18890025279326914,
    "inoneh": 0.0066189382682696205,
    "bad-red": 0.0006175102757569325,
    "alt": 0.31521969857779664
  },
  "mt-quotes": {
    "sfb": 0.013239442512042648,
    "unknown": 0.007995063410669249,
    "outoneh": 0.016130574580748496,
    "red-sfs": 0.021404836184124025,
    "alt-sfs": 0.03485196208508146,
    "sft": 7.470625500531909e-6,
    "inroll": 0.2143441986110613,
    "bad-red-sfs": 0.0022486582756601043,
    "red": 0.02963746548571019,
    "sfr": 0.0964592223377679,
    "outroll": 0.28257342130741925,
    "inoneh": 0.004029655394986911,
    "bad-red": 0.0014388424714024456,
    "alt": 0.2756391867178255
  }
}