{
  "english-450k": {
    "bad-redirect": 0.001581592947674123,
    "dsfb-red": 0.017039398328130544,
    "sfb": 0.029552108079221144,
    "oneh-in": 0.012690456241328281,
    "roll-in": 0.22764589390990242,
    "unknown": 0.00015377410175167997,
    "dsfb-alt": 0.04553292081335391,
    "alternate": 0.31863981837115224,
    "sfR": 0.11369548401129392,
    "sfT": 0.00020902753374990718,
    "roll-out": 0.1915639410840548,
    "oneh-out": 0.004564401236975246,
    "redirect": 0.037131183341411834,
    "sft": 0.0,
    "dsfb": 0.0
  },
  "english-1k": {
    "bad-redirect": 0.00035285815102328866,
    "dsfb-red": 0.016584333098094567,
    "sfb": 0.014467184191954835,
    "oneh-in": 0.01305575158786168,
    "roll-in": 0.24805928016937193,
    "unknown": 0.0,
    "dsfb-alt": 0.037755822159491886,
    "alternate": 0.305575158786168,
    "sfR": 0.10832745236414962,
    "sfT": 0.0,
    "roll-out": 0.21594918842625266,
    "oneh-out": 0.0077628793225123505,
    "redirect": 0.03211009174311927,
    "sft": 0.0,
    "dsfb": 0.0
  },
  "keymash": {
    "bad-redirect": 0.001539326719017458,
    "dsfb-red": 0.022117046298842837,
    "sfb": 0.017129627729226275,
    "oneh-in": 0.010093878405503812,
    "roll-in": 0.22011961594824578,
    "unknown": 0.012376186820900362,
    "dsfb-alt": 0.036553878487601235,
    "alternate": 0.27466104025647237,
    "sfR": 0.099723742164827,
    "sfT": 0.00003283897000570577,
    "roll-out": 0.268167133937844,
    "oneh-out": 0.00867769782400775,
    "redirect": 0.028807986437505387,
    "sft": 0.0,
    "dsfb": 0.0
  },
  "chained-bigrams": {
    "bad-redirect": 0.0036679222055062337,
    "dsfb-red": 0.02910897865021242,
    "sfb": 0.019068780196726337,
    "oneh-in": 0.009194154439718228,
    "roll-in": 0.21084676474197606,
    "unknown": 0.023159399756770463,
    "dsfb-alt": 0.053409856055642815,
    "alternate": 0.2742773401103428,
    "sfR": 0.11914286586209158,
    "sfT": 0.00007402073489603658,
    "roll-out": 0.21102077839945094,
    "oneh-out": 0.008129944049414684,
    "redirect": 0.03889919479725136,
    "sft": 0.0,
    "dsfb": 0.0
  },
  "wordle": {
    "bad-redirect": 0.001682935038707506,
    "dsfb-red": 0.020172781330640637,
    "sfb": 0.034960170537417255,
    "oneh-in": 0.005923931336250421,
    "roll-in": 0.18725457197352183,
    "unknown": 0.0,
    "dsfb-alt": 0.05282172108156625,
    "alternate": 0.2947604622461573,
    "sfR": 0.13138112868843263,
    "sfT": 0.0007404914170313026,
    "roll-out": 0.22138449455851003,
    "oneh-out": 0.012610793223381577,
    "redirect": 0.03630651856838326,
    "sft": 0.0,
    "dsfb": 0.0
  },
  "english-10k": {
    "bad-redirect": 0.0009069682175179947,
    "dsfb-red": 0.014125547557939832,
    "sfb": 0.019856814804808862,
    "oneh-in": 0.02041643349221358,
    "roll-in": 0.25543698500607864,
    "unknown": 0.0,
    "dsfb-alt": 0.04314853051851566,
    "alternate": 0.31388819204569574,
    "sfR": 0.10567144593890508,
    "sfT": 0.00007718878446961657,
    "roll-out": 0.18947916867679127,
    "oneh-out": 0.0052295401478165224,
    "redirect": 0.03176318480924722,
    "sft": 0.0,
    "dsfb": 0.0
  },
  "french": {
    "bad-redirect": 0.0035654078521582602,
    "dsfb-red": 0.014495542850657005,
    "sfb": 0.04949828595034812,
    "oneh-in": 0.014777531011918458,
    "roll-in": 0.1849339247743619,
    "unknown": 0.1584254645227596,
    "dsfb-alt": 0.02962636059250354,
    "alternate": 0.2255606252598319,
    "sfR": 0.10898279115633469,
    "sfT": 0.00007925392482589942,
    "roll-out": 0.17563053276480853,
    "oneh-out": 0.008290679665029466,
    "redirect": 0.026133599674462632,
    "sft": 0.0,
    "dsfb": 0.0
  },
  "gutenberg": {
    "bad-redirect": 0.0021069158442268954,
    "dsfb-red": 0.01733990603178067,
    "sfb": 0.016534231415210182,
    "oneh-in": 0.008747053784511119,
    "roll-in": 0.20753992474813432,
    "unknown": 0.03298207965968062,
    "dsfb-alt": 0.032605289908361854,
    "alternate": 0.2626696264268852,
    "sfR": 0.09863878308844841,
    "sfT": 0.00017466070925887408,
    "roll-out": 0.28076746900719596,
    "oneh-out": 0.011245724885513883,
    "redirect": 0.028648334490792047,
    "sft": 0.0,
    "dsfb": 0.0
  },
  "dutch": {
    "bad-redirect": 0.002302851903581529,
    "dsfb-red": 0.01132331449010075,
    "sfb": 0.06032817513394034,
    "oneh-in": 0.005744703718549073,
    "roll-in": 0.22805225062129306,
    "unknown": 0.07360270072188302,
    "dsfb-alt": 0.02901491192985588,
    "alternate": 0.2207075821331685,
    "sfR": 0.18880787437283908,
    "sfT": 0.00010706477237627743,
    "roll-out": 0.1487422139560464,
    "oneh-out": 0.0061255358573030095,
    "redirect": 0.025140820389063092,
    "sft": 0.0,
    "dsfb": 0.0
  },
  "english-5k": {
    "bad-redirect": 0.0016177873646658647,
    "dsfb-red": 0.014933421827684906,
    "sfb": 0.020326046376571122,
    "oneh-in": 0.022897913469116855,
    "roll-in": 0.2518770481602854,
    "unknown": 0.002157049819554486,
    "dsfb-alt": 0.04322395984568798,
    "alternate": 0.3214833865682167,
    "sfR": 0.10644211224955408,
    "sfT": 0.0,
    "roll-out": 0.1807773675695856,
    "oneh-out": 0.003484465093126478,
    "redirect": 0.030779441655950555,
    "sft": 0.0,
    "dsfb": 0.0
  },
  "movie": {
    "bad-redirect": 0.0013855936424557787,
    "dsfb-red": 0.02745117753087976,
    "sfb": 0.018802304383431886,
    "oneh-in": 0.00875401982047686,
    "roll-in": 0.1989755371461877,
    "unknown": 0.030282373430185833,
    "dsfb-alt": 0.03732614774041905,
    "alternate": 0.25181417490326574,
    "sfR": 0.11567713207251198,
    "sfT": 0.0000693520609340104,
    "roll-out": 0.272162753890065,
    "oneh-out": 0.008634923776557925,
    "redirect": 0.028664509602628483,
    "sft": 0.0,
    "dsfb": 0.0
  },
  "tr-quotes": {
    "bad-redirect": 0.001497884931000208,
    "dsfb-red": 0.022687871292850374,
    "sfb": 0.01698643119668986,
    "oneh-in": 0.010119969487529183,
    "roll-in": 0.22089410785696123,
    "unknown": 0.013894731975682485,
    "dsfb-alt": 0.036697025034095374,
    "alternate": 0.27396731467141305,
    "sfR": 0.09677191928064538,
    "sfT": 0.000028894385243059568,
    "roll-out": 0.2685166778391623,
    "oneh-out": 0.00857585354014008,
    "redirect": 0.029361318508587413,
    "sft": 0.0,
    "dsfb": 0.0
  },
  "akl": {
    "bad-redirect": 0.001824428834450926,
    "dsfb-red": 0.022355510601549774,
    "sfb": 0.023958638845242117,
    "oneh-in": 0.009448890901163017,
    "roll-in": 0.20046717223815066,
    "unknown": 0.07331127266302054,
    "dsfb-alt": 0.037068964128611576,
    "alternate": 0.24803453230920475,
    "sfR": 0.11790358951788564,
    "sfT": 0.00017353386190223594,
    "roll-out": 0.2346079305656386,
    "oneh-out": 0.0069701632036098015,
    "redirect": 0.023875372329570356,
    "sft": 0.0,
    "dsfb": 0.0
  },
  "shai": {
    "bad-redirect": 0.0015102954422375546,
    "dsfb-red": 0.016395369071346498,
    "sfb": 0.018657185661652576,
    "oneh-in": 0.012853488306566102,
    "roll-in": 0.22427678702193096,
    "unknown": 0.024097749651430984,
    "dsfb-alt": 0.03844280836243623,
    "alternate": 0.2866191143080344,
    "sfR": 0.09823378925716947,
    "sfT": 0.00006105182848949091,
    "roll-out": 0.24442216035072717,
    "oneh-out": 0.007522561387005892,
    "redirect": 0.026907639350972696,
    "sft": 0.0,
    "dsfb": 0.0
  },
  "english-200": {
    "bad-redirect": 0.0022271714922048997,
    "dsfb-red": 0.024498886414253896,
    "sfb": 0.008908685968819599,
    "oneh-in": 0.004454342984409799,
    "roll-in": 0.22271714922049,
    "unknown": 0.0,
    "dsfb-alt": 0.028953229398663696,
    "alternate": 0.29398663697104677,
    "sfR": 0.10690423162583519,
    "sfT": 0.0,
    "roll-out": 0.27616926503340755,
    "oneh-out": 0.008908685968819599,
    "redirect": 0.022271714922048998,
    "sft": 0.0,
    "dsfb": 0.0
  },
  "mt-quotes": {
    "bad-redirect": 0.0015015957256069136,
    "dsfb-red": 0.023932895853504024,
    "sfb": 0.016250104588757006,
    "oneh-in": 0.009643083396086587,