{
  "dutch": {
    "dsfb": 0.0,
    "sfb": 0.054593064390306915,
    "roll-out": 0.07053816660999938,
    "sfR": 0.18880787437283908,
    "roll-in": 0.25613355988772313,
    "alternate": 0.26158783853205037,
    "dsfb-alt": 0.06225437277382465,
    "sft": 0.0,
    "sfT": 0.00038120868543286857,
    "dsfb-red": 0.006313755404386209,
    "oneh-in": 0.011667298846702073,
    "oneh-out": 0.0006778019528714894,
    "redirect": 0.010213487980934832,
    "bad-redirect": 0.003571742488404783,
    "unknown": 0.07325982807452426
  },
  "english-1k": {
    "dsfb": 0.0,
    "sfb": 0.028228652081863093,
    "roll-out": 0.10056457304163727,
    "sfR": 0.10832745236414962,
    "roll-in": 0.33062808750882144,
    "alternate": 0.331333803810868,
    "dsfb-alt": 0.06774876499647142,
    "sft": 0.0,
    "sfT": 0.0,
    "dsfb-red": 0.0045871559633027525,
    "oneh-in": 0.012350035285815103,
    "oneh-out": 0.0,
    "redirect": 0.012702893436838392,
    "bad-redirect": 0.0035285815102328866,
    "unknown": 0.0
  },
  "shai": {
    "dsfb": 0.0,
    "sfb": 0.03083790402810474,
    "roll-out": 0.08162188242441169,
    "sfR": 0.09823378925716947,
    "roll-in": 0.34753358198903717,
    "alternate": 0.3126424078215698,
    "dsfb-alt": 0.06465572868496204,
    "sft": 0.0,
    "sfT": 0.0004119159978858279,
    "dsfb-red": 0.006196168419136168,
    "oneh-in": 0.014996444642471761,
    "oneh-out": 0.00023864166609642644,
    "redirect": 0.014284266199905686,
    "bad-redirect": 0.004725362757935654,
    "unknown": 0.023621906111313578
  },
  "akl": {
    "dsfb": 0.0,
    "sfb": 0.03643975673786573,
    "roll-out": 0.08443336206771575,
    "sfR": 0.11790358951788564,
    "roll-in": 0.3103072918544655,
    "alternate": 0.2722544941924703,
    "dsfb-alt": 0.061499508516913076,
    "sft": 0.0,
    "sfT": 0.0004945807995592823,
    "dsfb-red": 0.0058930265656118455,
    "oneh-in": 0.020494404849481524,
    "oneh-out": 0.0012999241308221045,
    "redirect": 0.01766470631020172,
    "bad-redirect": 0.00439323801547642,
    "unknown": 0.06692211644153111
  },
  "monkeyracer": {
    "dsfb": 0.0,
    "sfb": 0.029807662230007664,
    "roll-out": 0.07638867166116646,
    "sfR": 0.09690789370786869,
    "roll-in": 0.3654163473419147,
    "alternate": 0.29840409309163707,
    "dsfb-alt": 0.0670552653393184,
    "sft": 0.0,
    "sfT": 0.00028348217776874113,
    "dsfb-red": 0.0056520481098581415,
    "oneh-in": 0.025554452038725622,
    "oneh-out": 0.0003431111875752694,
    "redirect": 0.01309980918716862,
    "bad-redirect": 0.006735145533884918,
    "unknown": 0.014352018393105714
  },
  "tr-quotes": {
    "dsfb": 0.0,
    "sfb": 0.02966644321675412,
    "roll-out": 0.07641755854002451,
    "sfR": 0.09677191928064538,
    "roll-in": 0.3648517140149326,
    "alternate": 0.299121610688611,
    "dsfb-alt": 0.06704768729340514,
    "sft": 0.0,
    "sfT": 0.00028432075079170616,
    "dsfb-red": 0.005647118651903562,
    "oneh-in": 0.025118466979496545,
    "oneh-out": 0.00033748641963893576,
    "redirect": 0.013164281916737939,
    "bad-redirect": 0.0068017382862162225,
    "unknown": 0.01476965396084233
  },
  "reddit": {
    "dsfb": 0.0,
    "sfb": 0.0362834604731583,
    "roll-out": 0.08139799306925483,
    "sfR": 0.10397777127267367,
    "roll-in": 0.33680005438816407,
    "alternate": 0.29097978666879426,
    "dsfb-alt": 0.06338052780117305,
    "sft": 0.0,
    "sfT": 0.0002907444417412678,
    "dsfb-red": 0.006055178140902427,
    "oneh-in": 0.01896779729995728,
    "oneh-out": 0.0004779191358125271,
    "redirect": 0.013704094301285332,
    "bad-redirect": 0.006466947484893893,
    "unknown": 0.041217725522189115
  },
  "keymash": {
    "dsfb": 0.0,
    "sfb": 0.02989167244769368,
    "roll-out": 0.07734808897718923,
    "sfR": 0.099723742164827,
    "roll-in": 0.3644715183508269,
    "alternate": 0.29783303846674847,
    "dsfb-alt": 0.06704486213789905,
    "sft": 0.0,
    "sfT": 0.0002586068887949329,
    "dsfb-red": 0.006251718914836236,
    "oneh-in": 0.02400528707417092,
    "oneh-out": 0.00036943841256418993,
    "redirect": 0.013209475684795146,
    "bad-redirect": 0.006198355588576964,
    "unknown": 0.013394194891077241
  },
  "english-10k": {
    "dsfb": 0.0,
    "sfb": 0.035468246463788815,
    "roll-out": 0.09335983481600124,
    "sfR": 0.10567144593890508,
    "roll-in": 0.31261457710194707,
    "alternate": 0.3494915188823064,
    "dsfb-alt": 0.0675401864109145,
    "sft": 0.0,
    "sfT": 0.0004824299029351035,
    "dsfb-red": 0.006406669110978175,
    "oneh-in": 0.007506609289670211,
    "oneh-out": 0.00015437756893923313,
    "redirect": 0.01850601107659057,
    "bad-redirect": 0.0027980934370236007,
    "unknown": 0.0
  },
  "wordle": {
    "dsfb": 0.0,
    "sfb": 0.04160215415684954,
    "roll-out": 0.12527768428138675,
    "sfR": 0.13138112868843263,
    "roll-in": 0.2504880511612252,
    "alternate": 0.3319421070346685,
    "dsfb-alt": 0.07232132839672388,
    "sft": 0.0,
    "sfT": 0.00026926960619320093,
    "dsfb-red": 0.008751262201279031,
    "oneh-in": 0.008212722988892628,
    "oneh-out": 0.0012565914955682711,
    "redirect": 0.024436216762032986,
    "bad-redirect": 0.0040614832267474475,
    "unknown": 0.0
  },
  "chained-bigrams": {
    "dsfb": 0.0,
    "sfb": 0.02956608915343005,
    "roll-out": 0.07359608962742248,
    "sfR": 0.11914286586209158,
    "roll-in": 0.32296415383586485,
    "alternate": 0.31354533997269024,
    "dsfb-alt": 0.06575378755659501,
    "sft": 0.0,
    "sfT": 0.00035776688533084344,
    "dsfb-red": 0.011818644005067174,
    "oneh-in": 0.014178217256051357,
    "oneh-out": 0.0007226761222744624,
    "redirect": 0.019096700298485366,
    "bad-redirect": 0.005605447406644594,
    "unknown": 0.02365222201805197
  },
  "english-450k": {
    "dsfb": 0.0,
    "sfb": 0.03765477538749027,
    "roll-out": 0.09827480659837069,
    "sfR": 0.11369548401129392,
    "roll-in": 0.27582045499593344,
    "alternate": 0.37148022482592247,
    "dsfb-alt": 0.0685230260638332,
    "sft": 0.0,
    "sfT": 0.00025609527211876737,
    "dsfb-red": 0.007252816901820206,
    "oneh-in": 0.007220366473503787,
    "oneh-out": 0.000564228168024225,
    "redirect": 0.01583317790260311,
    "bad-redirect": 0.003270769297334212,
    "unknown": 0.00015377410175167997
  },
  "english-200": {
    "dsfb": 0.0,
    "sfb": 0.017817371937639197,
    "roll-out": 0.0801781737193764,
    "sfR": 0.10690423162583519,
    "roll-in": 0.39643652561247217,
    "alternate": 0.2962138084632517,
    "dsfb-alt": 0.066815144766147,
    "sft": 0.0,
    "sfT": 0.0,
    "dsfb-red": 0.004454342984409799,
    "oneh-in": 0.022271714922048998,
    "oneh-out": 0.0,
    "redirect": 0.0022271714922048997,
    "bad-redirect": 0.0066815144766146995,
    "unknown": 0.0
  },
  "english-5k": {
    "dsfb": 0.0,
    "sfb": 0.03413946156717966,
    "roll-out": 0.09416352096901315,
    "sfR": 0.10644211224955408,
    "roll-in": 0.307296635831916,
    "alternate": 0.3583606421371386,
    "dsfb-alt": 0.06554112913261709,
    "sft": 0.0,
    "sfT": 0.00041481727299124733,
    "dsfb-red": 0.0059733687310739615,
    "oneh-in": 0.008005973368731075,
    "oneh-out": 0.00012444518189737422,
    "redirect": 0.013896378645206786,
    "bad-redirect": 0.003484465093126478,
    "unknown": 0.002157049819554486
  },
  "movie": {
    "dsfb": 0.0,
    "sfb": 0.02907101532601588,
    "roll-out": 0.07119285150012983,
    "sfR": 0.11567713207251198,
    "roll-in": 0.34302253126073756,
    "alternate": 0.28355531037416026,
    "dsfb-alt": 0.06368506321104779,
    "sft": 0.0,
    "sfT": 0.00021371488986116297,
    "dsfb-red": 0.006905070188365199,
    "oneh-in": 0.03616756036952146,
    "oneh-out": 0.0006503565182844011,
    "redirect": 0.013694071083098903,
    "bad-redirect": 0.005713846553498667,
    "unknown": 0.030451476652766863
  },
  "gutenberg": {
    "dsfb": 0.0,
    "sfb": 0.02551353468947334,
    "roll-out": 0.07810023706118391,
    "sfR": 0.09863878308844841,
    "roll-in": 0.37823250181954027,