{
  "english-1k": {
    "sfb": 0.13549752999294284,
    "unknown": 0.0,
    "outoneh": 0.008821453775582216,
    "red-sfs": 0.04269583627381793,
    "alt-sfs": 0.05998588567395907,
    "sft": 0.0035285815102328866,
    "inroll": 0.1679604798870854,
    "bad-red-sfs": 0.008115737473535639,
    "red": 0.06351446718419196,
    "sfr": 0.10832745236414962,
    "outroll": 0.19971771347918138,
    "inoneh": 0.02611150317572336,
    "bad-red": 0.0067043048694424845,
    "alt": 0.16901905434015527
  },
  "shai": {
    "sfb": 0.11907627352705401,
    "unknown": 0.023260762136131256,
    "outoneh": 0.0074648303692710595,
    "red-sfs": 0.042497936298025195,
    "alt-sfs": 0.05451761082451164,
    "sft": 0.002021998319932946,
    "inroll": 0.16966101101889905,
    "bad-red-sfs": 0.0061249916012128935,
    "red": 0.0606414064694038,
    "sfr": 0.09823378925716947,
    "outroll": 0.1984806865052469,
    "inoneh": 0.019956005837195742,
    "bad-red": 0.004270574241717248,
    "alt": 0.19379212359422882
  },
  "chained-bigrams": {
    "sfb": 0.11364000859679413,
    "unknown": 0.022916559801936097,
    "outoneh": 0.009282459877839815,
    "red-sfs": 0.030870542279799677,
    "alt-sfs": 0.05662586219546798,
    "sft": 0.002542027869455993,
    "inroll": 0.17294100612359256,
    "bad-red-sfs": 0.004425660781152503,
    "red": 0.04908548680645331,
    "sfr": 0.11914286586209158,
    "outroll": 0.2073574013267892,
    "inoneh": 0.01853440243515232,
    "bad-red": 0.004695122228361759,
    "alt": 0.18794059381511308
  },
  "english-200": {
    "sfb": 0.09799554565701558,
    "unknown": 0.0,
    "outoneh": 0.011135857461024499,
    "red-sfs": 0.060133630289532294,
    "alt-sfs": 0.07349665924276169,
    "sft": 0.0022271714922048997,
    "inroll": 0.1870824053452116,
    "bad-red-sfs": 0.008908685968819599,
    "red": 0.051224944320712694,
    "sfr": 0.10690423162583519,
    "outroll": 0.22048997772828507,
    "inoneh": 0.024498886414253896,
    "bad-red": 0.0022271714922048997,
    "alt": 0.15367483296213807
  },
  "english-450k": {
    "sfb": 0.13952427087395727,
    "unknown": 0.00015377410175167997,
    "outoneh": 0.009601233934845388,
    "red-sfs": 0.03495963576002119,
    "alt-sfs": 0.0467359254306698,
    "sft": 0.0030491708769392056,
    "inroll": 0.17854050251973191,
    "bad-red-sfs": 0.00440214909539315,
    "red": 0.06156694055607755,
    "sfr": 0.11369548401129392,
    "outroll": 0.21879832848136088,
    "inoneh": 0.016459675811450733,
    "bad-red": 0.004831898010934917,
    "alt": 0.16768101053557238
  },
  "english-5k": {
    "sfb": 0.13755340772389762,
    "unknown": 0.002157049819554486,
    "outoneh": 0.008296345459824947,
    "red-sfs": 0.03944912266146763,
    "alt-sfs": 0.05367735512506741,
    "sft": 0.0026963122744431078,
    "inroll": 0.17044841747210354,
    "bad-red-sfs": 0.004148172729912474,
    "red": 0.07118264404529805,
    "sfr": 0.10644211224955408,
    "outroll": 0.21193014477122826,
    "inoneh": 0.01920603973949475,
    "bad-red": 0.005019289003194093,
    "alt": 0.16779358692495955
  },
  "monkeyracer": {
    "sfb": 0.10777992398767537,
    "unknown": 0.013436077701487402,
    "outoneh": 0.006739055632888625,
    "red-sfs": 0.057118726246148555,
    "alt-sfs": 0.05926341554968172,
    "sft": 0.0019247462345746594,
    "inroll": 0.17633275724541345,
    "bad-red-sfs": 0.007006897414642539,
    "red": 0.057750207235247195,
    "sfr": 0.09690789370786869,
    "outroll": 0.2032137103711466,
    "inoneh": 0.01651723571640834,
    "bad-red": 0.003791818508844644,
    "alt": 0.1922175344479722
  },
  "tr-quotes": {
    "sfb": 0.10797716187790389,
    "unknown": 0.013835787429786644,
    "outoneh": 0.006726612884584268,
    "red-sfs": 0.05626777004692448,
    "alt-sfs": 0.05924967060400823,
    "sft": 0.0019185871801391554,
    "inroll": 0.17602112757448973,
    "bad-red-sfs": 0.007015556737014863,
    "red": 0.057908971128730266,
    "sfr": 0.09677191928064538,
    "outroll": 0.20333210050622963,
    "inoneh": 0.01648713621968979,
    "bad-red": 0.0038117473012644182,
    "alt": 0.19267585122858927
  },
  "movie": {
    "sfb": 0.09576585270332887,
    "unknown": 0.030236445784519856,
    "outoneh": 0.006588050995215234,
    "red-sfs": 0.06558415161966014,
    "alt-sfs": 0.05637427688632671,
    "sft": 0.0015266665254183198,
    "inroll": 0.1788022464803829,
    "bad-red-sfs": 0.006759786174567954,
    "red": 0.057425743616616544,
    "sfr": 0.11567713207251198,
    "outroll": 0.19178911077892893,
    "inoneh": 0.012735512426849697,
    "bad-red": 0.003920957600623985,
    "alt": 0.1768140663350489
  },
  "gutenberg": {
    "sfb": 0.10750215105461348,
    "unknown": 0.032975828246008664,
    "outoneh": 0.007027725587945456,
    "red-sfs": 0.04739935508143319,
    "alt-sfs": 0.05905634721185056,
    "sft": 0.0015437203034170985,
    "inroll": 0.16858793446851428,
    "bad-red-sfs": 0.008116039877199503,
    "red": 0.04935775249175666,
    "sfr": 0.09863878308844841,
    "outroll": 0.1870534738348028,
    "inoneh": 0.016389122843309643,
    "bad-red": 0.003827380661460186,
    "alt": 0.21252438524924008
  },
  "keymash": {
    "sfb": 0.10965342572030229,
    "unknown": 0.01232282349464109,
    "outoneh": 0.006974176254961763,
    "red-sfs": 0.05651586737981963,
    "alt-sfs": 0.058683239400196215,
    "sft": 0.001945708972838067,
    "inroll": 0.17580753079679656,
    "bad-red-sfs": 0.007027539581221035,
    "red": 0.05769396542877433,
    "sfr": 0.099723742164827,
    "outroll": 0.20166411480503915,
    "inoneh": 0.017133732600476986,
    "bad-red": 0.0037970059069097296,
    "alt": 0.19105712749319617
  },
  "english-10k": {
    "sfb": 0.1421624437969163,
    "unknown": 0.0,
    "outoneh": 0.008336388722718588,
    "red-sfs": 0.03689623897647672,
    "alt-sfs": 0.05154281082958646,
    "sft": 0.002585824279732155,
    "inroll": 0.17118542675749213,
    "bad-red-sfs": 0.004071708380772273,
    "red": 0.07062773778969916,
    "sfr": 0.10567144593890508,
    "outroll": 0.21450763204106443,
    "inoneh": 0.02253912506512804,
    "bad-red": 0.004824299029351035,
    "alt": 0.16504891839215763
  },
  "mt-quotes": {
    "sfb": 0.10581543371463406,
    "unknown": 0.007977133909467972,
    "outoneh": 0.00662345656877159,
    "red-sfs": 0.05974707450305399,
    "alt-sfs": 0.059827757258459735,
    "sft": 0.0018646681249327643,
    "inroll": 0.1781012060577808,
    "bad-red-sfs": 0.007091117725104888,
    "red": 0.05702179032045995,
    "sfr": 0.0964592223377679,
    "outroll": 0.206165357813079,
    "inoneh": 0.016460776227872006,
    "bad-red": 0.0037099126235641457,
    "alt": 0.19313509281505123
  }
}