{
  "english-1k": {
    "sfb": 0.0187014820042343,
    "unknown": 0.0,
    "outoneh": 0.02646436132674665,
    "red-sfs": 0.019760056457304165,
    "alt-sfs": 0.03916725476358504,
    "sft": 0.0,
    "inroll": 0.3412138320395201,
    "bad-red-sfs": 0.0007057163020465773,
    "red": 0.05045871559633028,
    "sfr": 0.10832745236414962,
    "outroll": 0.17219477769936486,
    "inoneh": 0.0,
    "bad-red": 0.00035285815102328866,
    "alt": 0.22265349329569514
  },
  "shai": {
    "sfb": 0.022546857491238168,
    "unknown": 0.023621906111313578,
    "outoneh": 0.02810899102158047,
    "red-sfs": 0.016685057559171584,
    "alt-sfs": 0.040544869958908644,
    "sft": 0.00004925869286076777,
    "inroll": 0.33645329438360333,
    "bad-red-sfs": 0.001269544403342423,
    "red": 0.045602015770832165,
    "sfr": 0.09823378925716947,
    "outroll": 0.14632101387371257,
    "inoneh": 0.0010459895907677435,
    "bad-red": 0.0020974287171328754,
    "alt": 0.23741998316836618
  },
  "chained-bigrams": {
    "sfb": 0.022700341339476623,
    "unknown": 0.02365222201805197,
    "outoneh": 0.015431375311747415,
    "red-sfs": 0.02405803745059603,
    "alt-sfs": 0.05097626206976259,
    "sft": 0.00006298255513083814,
    "inroll": 0.32077469841420314,
    "bad-red-sfs": 0.0027634407694520323,
    "red": 0.054339011069995696,
    "sfr": 0.11914286586209158,
    "outroll": 0.11119862295460906,
    "inoneh": 0.006783935422752545,
    "bad-red": 0.0028212288870463065,
    "alt": 0.24529497587508417
  },
  "english-200": {
    "sfb": 0.008908685968819599,
    "unknown": 0.0,
    "outoneh": 0.015590200445434299,
    "red-sfs": 0.015590200445434299,
    "alt-sfs": 0.028953229398663696,
    "sft": 0.0,
    "inroll": 0.38084632516703787,
    "bad-red-sfs": 0.0,
    "red": 0.042316258351893093,
    "sfr": 0.10690423162583519,
    "outroll": 0.14699331848552338,
    "inoneh": 0.0,
    "bad-red": 0.0022271714922048997,
    "alt": 0.2516703786191537
  },
  "english-450k": {
    "sfb": 0.03446615537265078,
    "unknown": 0.00015377410175167997,
    "outoneh": 0.01843739786154601,
    "red-sfs": 0.019357996048648747,
    "alt-sfs": 0.049715810257960444,
    "sft": 0.000021925965078661592,
    "inroll": 0.28560557469123854,
    "bad-red-sfs": 0.00143103465413398,
    "red": 0.05271820574273183,
    "sfr": 0.11369548401129392,
    "outroll": 0.16089770163263659,
    "inoneh": 0.0010734952502512716,
    "bad-red": 0.0007615618537321793,
    "alt": 0.2616638825563453
  },
  "english-5k": {
    "sfb": 0.019247521466793878,
    "unknown": 0.002157049819554486,
    "outoneh": 0.029659435018874185,
    "red-sfs": 0.01920603973949475,
    "alt-sfs": 0.04583730866553283,
    "sft": 0.0,
    "inroll": 0.31642261583772346,
    "bad-red-sfs": 0.0009125980005807441,
    "red": 0.043140996391089724,
    "sfr": 0.10644211224955408,
    "outroll": 0.15771352719127224,
    "inoneh": 0.0006637076367859958,
    "bad-red": 0.0006637076367859958,
    "alt": 0.2579333803459576
  },
  "monkeyracer": {
    "sfb": 0.023834986001845568,
    "unknown": 0.014352018393105714,
    "outoneh": 0.03544993509235654,
    "red-sfs": 0.016819290864444687,
    "alt-sfs": 0.041357117162206546,
    "sft": 9.775247509266934e-6,
    "inroll": 0.34298801945665264,
    "bad-red-sfs": 0.002235599105369348,
    "red": 0.04864945180411968,
    "sfr": 0.09690789370786869,
    "outroll": 0.14737749659821386,
    "inoneh": 0.0006197506920875237,
    "bad-red": 0.0021065658382470242,
    "alt": 0.22729210003597292
  },
  "tr-quotes": {
    "sfb": 0.023963847345183885,
    "unknown": 0.01476965396084233,
    "outoneh": 0.035066225930977094,
    "red-sfs": 0.016956381036037076,
    "alt-sfs": 0.041349021058227964,
    "sft": 8.09042786805668e-6,
    "inroll": 0.3427243937957976,
    "bad-red-sfs": 0.0022445158456808672,
    "red": 0.04860151175423592,
    "sfr": 0.09677191928064538,
    "outroll": 0.14728970666420102,
    "inoneh": 0.0006414553523959224,
    "bad-red": 0.002078084186680844,
    "alt": 0.22753519336122605
  },
  "movie": {
    "sfb": 0.031128021140929572,
    "unknown": 0.030451476652766863,
    "outoneh": 0.043423865189068586,
    "red-sfs": 0.01805509185594932,
    "alt-sfs": 0.041854824159626075,
    "sft": 0.000016186534145888575,
    "inroll": 0.3098334247718982,
    "bad-red-sfs": 0.0028319854863375783,
    "red": 0.04726875923899076,
    "sfr": 0.11567713207251198,
    "outroll": 0.13786334327730468,
    "inoneh": 0.000303859409291518,
    "bad-red": 0.00394148686344316,
    "alt": 0.21735054334773585
  },
  "gutenberg": {
    "sfb": 0.02109757395895966,
    "unknown": 0.03802431837805746,
    "outoneh": 0.022662890055061693,
    "red-sfs": 0.016144938836547506,
    "alt-sfs": 0.03696726115716319,
    "sft": 8.145781451335775e-6,
    "inroll": 0.35690021569271535,
    "bad-red-sfs": 0.0020983911892196836,
    "red": 0.04329596503451728,
    "sfr": 0.09863878308844841,
    "outroll": 0.1420059763514704,
    "inoneh": 0.0005853596438285476,
    "bad-red": 0.0016441217957242605,
    "alt": 0.21992605903683524
  },
  "keymash": {
    "sfb": 0.024473242396752228,
    "unknown": 0.013394194891077241,
    "outoneh": 0.034041697282164746,
    "red-sfs": 0.016632938307889974,
    "alt-sfs": 0.040695693579570875,
    "sft": 0.00002052435625356611,
    "inroll": 0.3461966315426517,
    "bad-red-sfs": 0.0021837915053794336,
    "red": 0.04801878389084326,
    "sfr": 0.099723742164827,
    "outroll": 0.14656442800671557,
    "inoneh": 0.0006403599151112626,
    "bad-red": 0.002019596655350905,
    "alt": 0.22539437550541228
  },
  "english-10k": {
    "sfb": 0.023272418517589395,
    "unknown": 0.0,
    "outoneh": 0.02651434746531329,
    "red-sfs": 0.019509465274695586,
    "alt-sfs": 0.04509754732637348,
    "sft": 0.00001929719611740414,
    "inroll": 0.32326662935875417,
    "bad-red-sfs": 0.0008490766291657822,
    "red": 0.043630960421450767,
    "sfr": 0.10567144593890508,
    "outroll": 0.16157542309102488,
    "inoneh": 0.0010806429825746318,
    "bad-red": 0.0012736149437486733,
    "alt": 0.24823913085428687
  },
  "mt-quotes": {
    "sfb": 0.023429375694768172,
    "unknown": 0.008869126594231481,
    "outoneh": 0.036768924588517944,
    "red-sfs": 0.01664156536498488,
    "alt-sfs": 0.04168160791766773,
    "sft": 5.9765004004255265e-6,
    "inroll": 0.3483806672165047,
    "bad-red-sfs": 0.0022725642772618068,
    "red": 0.048497806624353046,
    "sfr": 0.0964592223377679,
    "outroll": 0.14739544112549455,
    "inoneh": 0.0005722499133407442,
    "bad-red": 0.0020798221393480833,
    "alt": 0.22694564970535852
  }
}