{
  "mt-quotes": {
    "dsfb-alt": 0.05194325910519836,
    "redirect": 0.02406587298741349,
    "dsfb": 0.0,
    "unknown": 0.0857358864943044,
    "sfb": 0.013000382496025626,
    "sft": 0.0,
    "bad-redirect": 0.0005334026607379783,
    "roll-out": 0.20965264579672727,
    "oneh-in": 0.0013641362163971265,
    "alternate": 0.2774784547160565,
    "oneh-out": 0.020896833650087855,
    "dsfb-red": 0.010466346326245204,
    "roll-in": 0.2083960865875378,
    "sfR": 0.0964592223377679,
    "sfT": 7.470625500531909e-6
  },
  "gutenberg": {
    "dsfb-alt": 0.04859432227666635,
    "redirect": 0.022765185915148235,
    "dsfb": 0.0,
    "unknown": 0.09436925698728084,
    "sfb": 0.014767733460937947,
    "sft": 0.0,
    "bad-redirect": 0.0007564210543065989,
    "roll-out": 0.22200986359415367,
    "oneh-in": 0.0016200633249261291,
    "alternate": 0.26687038697766124,
    "oneh-out": 0.010187341607174046,
    "dsfb-red": 0.0103330184894084,
    "roll-in": 0.20905920770719744,
    "sfR": 0.09863878308844841,
    "sfT": 0.000028415516690706193
  },
  "english-10k": {
    "dsfb-alt": 0.055884679956002395,
    "redirect": 0.03130005210242952,
    "dsfb": 0.0,
    "unknown": 0.0,
    "sfb": 0.02398641477393335,
    "sft": 0.0,
    "bad-redirect": 0.000964859805870207,
    "roll-out": 0.17079948283514404,
    "oneh-in": 0.0022577719457362844,
    "alternate": 0.3364659115030586,
    "oneh-out": 0.004283977538063719,
    "dsfb-red": 0.011906370004438355,
    "roll-in": 0.25645973640030106,
    "sfR": 0.10567144593890508,
    "sfT": 0.00001929719611740414
  },
  "akl": {
    "dsfb-alt": 0.05517106746310098,
    "redirect": 0.02188044539160106,
    "dsfb": 0.0,
    "unknown": 0.10992691752439232,
    "sfb": 0.020855164463139758,
    "sft": 0.0,
    "bad-redirect": 0.0009981449657646994,
    "roll-out": 0.18444536880189522,
    "oneh-in": 0.001833598063855257,
    "alternate": 0.25862028374799934,
    "oneh-out": 0.01717037332765337,
    "dsfb-red": 0.01168667850984162,
    "roll-in": 0.19940440898678652,
    "sfR": 0.11790358951788564,
    "sfT": 0.00010395923608423845
  },
  "french": {
    "dsfb-alt": 0.03826497847117321,
    "redirect": 0.02210242145010921,
    "dsfb": 0.0,
    "unknown": 0.21023218208842423,
    "sfb": 0.03813330309399082,
    "sft": 0.0,
    "bad-redirect": 0.0012403763599595208,
    "roll-out": 0.1689408123449389,
    "oneh-in": 0.0005555715112133891,
    "alternate": 0.23785815264374838,
    "oneh-out": 0.009147685763671419,
    "dsfb-red": 0.006827283659520165,
    "roll-in": 0.15770158703961915,
    "sfR": 0.10898279115633469,
    "sfT": 0.000012854417296903915
  },
  "english-450k": {
    "dsfb-alt": 0.05897149098316612,
    "redirect": 0.028982910025779088,
    "dsfb": 0.0,
    "unknown": 0.0001543587941537776,
    "sfb": 0.037859417728224445,
    "sft": 0.0,
    "bad-redirect": 0.0016476631891111564,
    "roll-out": 0.16430090375904594,
    "oneh-in": 0.002247265247462289,
    "alternate": 0.3592578148524733,
    "oneh-out": 0.003480089177285168,
    "dsfb-red": 0.009625791015733487,
    "roll-in": 0.2197110333210353,
    "sfR": 0.11369548401129392,
    "sfT": 0.00006577789523598478
  },
  "english-1k": {
    "dsfb-alt": 0.05187014820042343,
    "redirect": 0.024700070571630206,
    "dsfb": 0.0,
    "unknown": 0.0,
    "sfb": 0.014114326040931546,
    "sft": 0.0,
    "bad-redirect": 0.0,
    "roll-out": 0.19654199011997178,
    "oneh-in": 0.0028228652081863093,
    "alternate": 0.3147494707127735,
    "oneh-out": 0.0077628793225123505,
    "dsfb-red": 0.01587861679604799,
    "roll-in": 0.26323218066337334,
    "sfR": 0.10832745236414962,
    "sfT": 0.0
  },
  "chained-bigrams": {
    "dsfb-alt": 0.060895040545831496,
    "redirect": 0.03465209280641825,
    "dsfb": 0.0,
    "unknown": 0.05987563217928082,
    "sfb": 0.019775873006391106,
    "sft": 0.0,
    "bad-redirect": 0.002981607145987719,
    "roll-out": 0.1840889183817509,
    "oneh-in": 0.005540516937437545,
    "alternate": 0.2985808147345415,
    "oneh-out": 0.005500909351221245,
    "dsfb-red": 0.020175195392014462,
    "roll-in": 0.18873858928166773,
    "sfR": 0.11914286586209158,
    "sfT": 0.000051944375365639704
  },
  "english-200": {
    "dsfb-alt": 0.066815144766147,
    "redirect": 0.024498886414253896,
    "dsfb": 0.0,
    "unknown": 0.0,
    "sfb": 0.011135857461024499,
    "sft": 0.0,
    "bad-redirect": 0.0,
    "roll-out": 0.21380846325167038,
    "oneh-in": 0.0022271714922048997,
    "alternate": 0.2962138084632517,
    "oneh-out": 0.011135857461024499,
    "dsfb-red": 0.013363028953229399,
    "roll-in": 0.25389755011135856,
    "sfR": 0.10690423162583519,
    "sfT": 0.0
  },
  "monkeyracer": {
    "dsfb-alt": 0.05162601467069146,
    "redirect": 0.02428366986252092,
    "dsfb": 0.0,
    "unknown": 0.0900202543128392,
    "sfb": 0.013873031265151634,
    "sft": 0.0,
    "bad-redirect": 0.000599222672318063,
    "roll-out": 0.20554412937735583,
    "oneh-in": 0.0014418490076168729,
    "alternate": 0.27773042213428845,
    "oneh-out": 0.01936378779110687,
    "dsfb-red": 0.010393043151852605,
    "roll-in": 0.20819713155137087,
    "sfR": 0.09690789370786869,
    "sfT": 0.00001955049501853387
  },
  "reddit": {
    "dsfb-alt": 0.05434486328699664,
    "redirect": 0.022916782550538948,
    "dsfb": 0.0,
    "unknown": 0.1039671333673072,
    "sfb": 0.014933034573005153,
    "sft": 0.0,
    "bad-redirect": 0.0007655546122530316,
    "roll-out": 0.1935146234677811,
    "oneh-in": 0.0012877858679547522,
    "alternate": 0.2706593272611121,
    "oneh-out": 0.015379452024264164,
    "dsfb-red": 0.009629664173688527,
    "roll-in": 0.2085362073657381,
    "sfR": 0.10397777127267367,
    "sfT": 0.00008780017668661836
  },
  "shai": {
    "dsfb-alt": 0.05299885466862644,
    "redirect": 0.02695759858782716,
    "dsfb": 0.0,
    "unknown": 0.06456276146546681,
    "sfb": 0.017647171520726968,
    "sft": 0.0,
    "bad-redirect": 0.0007201437438866892,
    "roll-out": 0.1995332054756686,
    "oneh-in": 0.0018342060847161272,
    "alternate": 0.29165047545649925,
    "oneh-out": 0.010745218574370524,
    "dsfb-red": 0.010500697757299358,
    "roll-in": 0.2245888967879632,
    "sfR": 0.09823378925716947,
    "sfT": 0.000026980619779399083
  },
  "wordle": {
    "dsfb-alt": 0.06969594973634018,
    "redirect": 0.027443060697857062,
    "dsfb": 0.0,
    "unknown": 0.0,
    "sfb": 0.03179625266464715,
    "sft": 0.0,
    "bad-redirect": 0.001032200157073937,
    "roll-out": 0.19028385504319534,
    "oneh-in": 0.0021990351172444743,
    "alternate": 0.3339167508134186,
    "oneh-out": 0.008235162122742062,
    "dsfb-red": 0.009065410075171098,
    "roll-in": 0.1948838774823292,
    "sfR": 0.13138112868843263,
    "sfT": 0.00006731740154830023
  },
  "tr-quotes": {
    "dsfb-alt": 0.0516007489424655,
    "redirect": 0.024268972053350595,
    "dsfb": 0.0,
    "unknown": 0.09006264302720696,
    "sfb": 0.014025334596981114,
    "sft": 0.0,
    "bad-redirect": 0.0005952243360070271,
    "roll-out": 0.20511315041261183,
    "oneh-in": 0.0014169806523196412,
    "alternate": 0.2783950902660595,
    "oneh-out": 0.018940847414530407,
    "dsfb-red": 0.010479415639952845,
    "roll-in": 0.2083088694204942,
    "sfR": 0.09677191928064538,
    "sfT": 0.00002080395737500289
  },
  "english-5k": {
    "dsfb-alt": 0.05342846476127266,
    "redirect": 0.027958684199610073,
    "dsfb": 0.0,
    "unknown": 0.0022400132741527356,
    "sfb": 0.023686066287800223,
    "sft": 0.0,
    "bad-redirect": 0.00157630563736674,
    "roll-out": 0.16791803210685693,
    "oneh-in": 0.002198531546853611,
    "alternate": 0.34205832330858255,
    "oneh-out": 0.004438544821006347,
    "dsfb-red": 0.013025262371925167,
    "roll-in": 0.25498817770771975,
    "sfR": 0.10644211224955408,
    "sfT": 0.00004148172729912474
  },
  "movie": {
    "dsfb-alt": 0.050828612370538984,
    "redirect": 0.01749264269383934,
    "dsfb": 0.0,
    "unknown": 0.15450046842250645,
    "sfb": 0.011614167244271513,