{
  "shai": {
    "bad-redirect": 0.0062455548354875,
    "dsfb-red": 0.005346276960880694,
    "sfb": 0.023983015252816653,
    "oneh-in": 0.014826998144990469,
    "roll-in": 0.3531525292502275,
    "unknown": 0.023621906111313578,
    "dsfb-alt": 0.059795772460833785,
    "alternate": 0.31593827766188914,
    "sfR": 0.09823378925716947,
    "sfT": 0.00007611545955840802,
    "roll-out": 0.08437610403411161,
    "oneh-out": 0.00043999968417464153,
    "redirect": 0.013963660886546552,
    "sft": 0.0,
    "dsfb": 0.0
  },
  "monkeyracer": {
    "bad-redirect": 0.00764815365125045,
    "dsfb-red": 0.004890556328886247,
    "sfb": 0.027444984907017845,
    "oneh-in": 0.024790027683500946,
    "roll-in": 0.3685581118913931,
    "unknown": 0.014352018393105714,
    "dsfb-alt": 0.05765245476015453,
    "alternate": 0.3059769773370662,
    "sfR": 0.09690789370786869,
    "sfT": 0.00006256158405930838,
    "roll-out": 0.07911303314199916,
    "oneh-out": 0.0005268858407494878,
    "redirect": 0.012076340772948372,
    "sft": 0.0,
    "dsfb": 0.0
  },
  "akl": {
    "bad-redirect": 0.005993144638026702,
    "dsfb-red": 0.0049088832609645704,
    "sfb": 0.03106126024119286,
    "oneh-in": 0.02048201399893513,
    "roll-in": 0.3171054080982386,
    "unknown": 0.06692211644153111,
    "dsfb-alt": 0.053784221515695924,
    "alternate": 0.276972434446515,
    "sfR": 0.11790358951788564,
    "sfT": 0.00015073469689687256,
    "roll-out": 0.08533572575875684,
    "oneh-out": 0.0016543644107016803,
    "redirect": 0.0177261029746591,
    "sft": 0.0,
    "dsfb": 0.0
  },
  "english-10k": {
    "bad-redirect": 0.004187491557476698,
    "dsfb-red": 0.006078616776982304,
    "sfb": 0.025144246540977595,
    "oneh-in": 0.007583798074139827,
    "roll-in": 0.31956156770421257,
    "unknown": 0.0,
    "dsfb-alt": 0.060130063101831305,
    "alternate": 0.35396846838154417,
    "sfR": 0.10567144593890508,
    "sfT": 0.00005789158835221242,
    "roll-out": 0.09951564037745315,
    "oneh-out": 0.0004245383145828911,
    "redirect": 0.017676231643542192,
    "sft": 0.0,
    "dsfb": 0.0
  },
  "keymash": {
    "bad-redirect": 0.007191734431249564,
    "dsfb-red": 0.005414325179690739,
    "sfb": 0.02672271184214307,
    "oneh-in": 0.023483968425330338,
    "roll-in": 0.36677024625122634,
    "unknown": 0.013394194891077241,
    "dsfb-alt": 0.05776374824003645,
    "alternate": 0.3056897620406136,
    "sfR": 0.099723742164827,
    "sfT": 0.00008620229626497765,
    "roll-out": 0.08103015848907899,
    "oneh-out": 0.000537738133843432,
    "redirect": 0.012191467614618267,
    "sft": 0.0,
    "dsfb": 0.0
  },
  "french": {
    "bad-redirect": 0.002108873528609311,
    "dsfb-red": 0.005474303802586833,
    "sfb": 0.03199503417979072,
    "oneh-in": 0.007566038108133606,
    "roll-in": 0.24703641633947454,
    "unknown": 0.15822391385155302,
    "dsfb-alt": 0.03264735840301274,
    "alternate": 0.26993286023983853,
    "sfR": 0.10898279115633469,
    "sfT": 0.0007725235122349107,
    "roll-out": 0.11941492984836596,
    "oneh-out": 0.0006754112361060866,
    "redirect": 0.015169545793959002,
    "sft": 0.0,
    "dsfb": 0.0
  },
  "english-200": {
    "bad-redirect": 0.0066815144766146995,
    "dsfb-red": 0.004454342984409799,
    "sfb": 0.024498886414253896,
    "oneh-in": 0.0200445434298441,
    "roll-in": 0.40089086859688194,
    "unknown": 0.0,
    "dsfb-alt": 0.0645879732739421,
    "alternate": 0.2984409799554566,
    "sfR": 0.10690423162583519,
    "sfT": 0.0,
    "roll-out": 0.07126948775055679,
    "oneh-out": 0.0,
    "redirect": 0.0022271714922048997,
    "sft": 0.0,
    "dsfb": 0.0
  },
  "reddit": {
    "bad-redirect": 0.007465786866943964,
    "dsfb-red": 0.005245011749454105,
    "sfb": 0.02922213875461967,
    "oneh-in": 0.018635924618454106,
    "roll-in": 0.34526355691476024,
    "unknown": 0.041217725522189115,
    "dsfb-alt": 0.056403260517994824,
    "alternate": 0.2960809994087347,
    "sfR": 0.10397777127267367,
    "sfT": 0.00010634159625141191,
    "roll-out": 0.08132124282948056,
    "oneh-out": 0.0007298576974141462,
    "redirect": 0.01433038225102947,
    "sft": 0.0,
    "dsfb": 0.0
  },
  "english-1k": {
    "bad-redirect": 0.00529287226534933,
    "dsfb-red": 0.0024700070571630206,
    "sfb": 0.016937191249117856,
    "oneh-in": 0.013408609738884969,
    "roll-in": 0.33733239237826396,
    "unknown": 0.0,
    "dsfb-alt": 0.05539872971065632,
    "alternate": 0.3450952717007763,
    "sfR": 0.10832745236414962,
    "sfT": 0.0,
    "roll-out": 0.10409315455187015,
    "oneh-out": 0.0,
    "redirect": 0.011644318983768526,
    "sft": 0.0,
    "dsfb": 0.0
  },
  "english-5k": {
    "bad-redirect": 0.004687435184801095,
    "dsfb-red": 0.005226697639689717,
    "sfb": 0.02277346828721948,
    "oneh-in": 0.008254863732525822,
    "roll-in": 0.3139751939270751,
    "unknown": 0.002157049819554486,
    "dsfb-alt": 0.0590284979466545,
    "alternate": 0.3623843696851537,
    "sfR": 0.10644211224955408,
    "sfT": 0.00008296345459824948,
    "roll-out": 0.10063467042767661,
    "oneh-out": 0.00041481727299124733,
    "redirect": 0.013937860372505911,
    "sft": 0.0,
    "dsfb": 0.0
  },
  "gutenberg": {
    "bad-redirect": 0.007292558203502837,
    "dsfb-red": 0.007547540106607441,
    "sfb": 0.021192481784706618,
    "oneh-in": 0.017902722699034593,
    "roll-in": 0.38002230049749885,
    "unknown": 0.03802431837805746,
    "dsfb-alt": 0.05187119966143859,
    "alternate": 0.2826447874765619,
    "sfR": 0.09863878308844841,
    "sfT": 0.000060809205718111254,
    "roll-out": 0.08241920616139331,
    "oneh-out": 0.00025214035143553295,
    "redirect": 0.012131152385596288,
    "sft": 0.0,
    "dsfb": 0.0
  },
  "movie": {
    "bad-redirect": 0.006611738606160437,
    "dsfb-red": 0.006126800570976702,
    "sfb": 0.027501053111703273,
    "oneh-in": 0.036035041346066915,
    "roll-in": 0.345185078542196,
    "unknown": 0.030451476652766863,
    "dsfb-alt": 0.05263676667268946,
    "alternate": 0.2930574639069898,
    "sfR": 0.11567713207251198,
    "sfT": 0.00007369478960729757,
    "roll-out": 0.07217694013706441,
    "oneh-out": 0.0009078934883941892,
    "redirect": 0.013558920102872662,
    "sft": 0.0,
    "dsfb": 0.0
  },
  "mt-quotes": {
    "bad-redirect": 0.007842662650458397,
    "dsfb-red": 0.004794647446241379,
    "sfb": 0.027574078722463275,
    "oneh-in": 0.02628016638577115,
    "roll-in": 0.3758128040544579,
    "unknown": 0.008869126594231481,
    "dsfb-alt": 0.05814686652084006,
    "alternate": 0.3035494435878127,
    "sfR": 0.0964592223377679,
    "sfT": 0.00004332962790308507,
    "roll-out": 0.07824434324237099,
    "oneh-out": 0.0005408732862385102,
    "redirect": 0.011842435543443181,
    "sft": 0.0,
    "dsfb": 0.0
  },
  "tr-quotes": {
    "bad-redirect": 0.007763343427105245,
    "dsfb-red": 0.004838075865097894,
    "sfb": 0.027248561059614897,
    "oneh-in": 0.024384549594322832,
    "roll-in": 0.36793647858348166,
    "unknown": 0.01476965396084233,
    "dsfb-alt": 0.057715956635306626,
    "alternate": 0.3066815376436051,
    "sfR": 0.09677191928064538,
    "sfT": 0.000060100321305563905,
    "roll-out": 0.07919257529876794,
    "oneh-out": 0.0005120085065070156,
    "redirect": 0.012125239823397518,
    "sft": 0.0,
    "dsfb": 0.0
  },
  "chained-bigrams": {
    "bad-redirect": 0.007948788040327016,
    "dsfb-red": 0.010708982286318695,
    "sfb": 0.025948163409213243,
    "oneh-in": 0.014317817764846514,
    "roll-in": 0.3259327748880112,
    "unknown": 0.02365222201805197,
    "dsfb-alt": 0.06599273168327696,
    "alternate": 0.313847266654503,
    "sfR": 0.11914286586209158,
    "sfT": 0.00015258660263656664,
    "roll-out": 0.0728714655910718,
    "oneh-out": 0.0012784809386868071,
    "redirect": 0.018205854260964646,
    "sft": 0.0,
    "dsfb": 0.0
  },
  "dutch": {
    "bad-redirect": 0.004395088698080534,
    "dsfb-red": 0.007155426885769975,
    "sfb": 0.08613200457063118,
    "oneh-in": 0.008756324056645674,