{
  "dutch": {
    "dsfb": 0.0,
    "sfb": 0.06763350345951365,
    "roll-out": 0.1346006806744661,
    "sfR": 0.18880787437283908,
    "roll-in": 0.18527600997081262,
    "alternate": 0.24793418423080604,
    "dsfb-alt": 0.03172065084910021,
    "sft": 0.0,
    "sfT": 0.00018275065484157086,
    "dsfb-red": 0.014925234505202781,
    "oneh-in": 0.015154210747581791,
    "oneh-out": 0.006643108232891898,
    "redirect": 0.028890364633100626,
    "bad-redirect": 0.005327794821794622,
    "unknown": 0.072903632847049
  },
  "english-1k": {
    "dsfb": 0.0,
    "sfb": 0.012702893436838392,
    "roll-out": 0.22935779816513763,
    "sfR": 0.10832745236414962,
    "roll-in": 0.2392378263937897,
    "alternate": 0.2589978828510939,
    "dsfb-alt": 0.03458009880028229,
    "sft": 0.0,
    "sfT": 0.0,
    "dsfb-red": 0.025052928722653495,
    "oneh-in": 0.015172900494001412,
    "oneh-out": 0.016937191249117856,
    "redirect": 0.04940014114326041,
    "bad-redirect": 0.010232886379675371,
    "unknown": 0.0
  },
  "shai": {
    "dsfb": 0.0,
    "sfb": 0.01932803200859045,
    "roll-out": 0.21089964014487095,
    "sfR": 0.09823378925716947,
    "roll-in": 0.22647957213714376,
    "alternate": 0.2750077369472011,
    "dsfb-alt": 0.04144782859228897,
    "sft": 0.0,
    "sfT": 0.00004245838459044728,
    "dsfb-red": 0.021962352223921417,
    "oneh-in": 0.014228714222328048,
    "oneh-out": 0.013965042622489925,
    "redirect": 0.0467780704494907,
    "bad-redirect": 0.008366000873783492,
    "unknown": 0.023260762136131256
  },
  "akl": {
    "dsfb": 0.0,
    "sfb": 0.022266358431868475,
    "roll-out": 0.1950427676402034,
    "sfR": 0.11790358951788564,
    "roll-in": 0.20486214497270358,
    "alternate": 0.25889028038140527,
    "dsfb-alt": 0.03473774950681317,
    "sft": 0.0,
    "sfT": 0.00020488271378461058,
    "dsfb-red": 0.02166069365716078,
    "oneh-in": 0.014140128872280193,
    "oneh-out": 0.01157293050182573,
    "redirect": 0.043702096197359486,
    "bad-redirect": 0.00836159376571702,
    "unknown": 0.06665478384099267
  },
  "monkeyracer": {
    "dsfb": 0.0,
    "sfb": 0.017807568387631575,
    "roll-out": 0.22886493736021396,
    "sfR": 0.09690789370786869,
    "roll-in": 0.21962732846395672,
    "alternate": 0.28037755915979795,
    "dsfb-alt": 0.03721632231728107,
    "sft": 0.0,
    "sfT": 9.775247509266934e-6,
    "dsfb-red": 0.021039265214195222,
    "oneh-in": 0.012817304534150805,
    "oneh-out": 0.014427287798927069,
    "redirect": 0.04950283091167868,
    "bad-redirect": 0.007965849195301624,
    "unknown": 0.013436077701487402
  },
  "tr-quotes": {
    "dsfb": 0.0,
    "sfb": 0.017856730080210815,
    "roll-out": 0.22864011465292064,
    "sfR": 0.09677191928064538,
    "roll-in": 0.2201232056586764,
    "alternate": 0.2795624234298791,
    "dsfb-alt": 0.037371997873373246,
    "sft": 0.0,
    "sfT": 0.000010401978687501445,
    "dsfb-red": 0.02125470978479462,
    "oneh-in": 0.01278634335775872,
    "oneh-out": 0.014433323316613116,
    "redirect": 0.04935045421973602,
    "bad-redirect": 0.008002588936917777,
    "unknown": 0.013835787429786644
  },
  "reddit": {
    "dsfb": 0.0,
    "sfb": 0.01874380196864927,
    "roll-out": 0.21449365911543944,
    "sfR": 0.10397777127267367,
    "roll-in": 0.20960561651437418,
    "alternate": 0.2689068072668131,
    "dsfb-alt": 0.037676239470487025,
    "sft": 0.0,
    "sfT": 0.00007873548267716374,
    "dsfb-red": 0.021650235035903867,
    "oneh-in": 0.013379226156062192,
    "oneh-out": 0.013741476799721018,
    "redirect": 0.049281445077037724,
    "bad-redirect": 0.009179538438516559,
    "unknown": 0.039285447401644795
  },
  "keymash": {
    "dsfb": 0.0,
    "sfb": 0.018471920628209498,
    "roll-out": 0.22633028615057488,
    "sfR": 0.099723742164827,
    "roll-in": 0.2213100286109526,
    "alternate": 0.28031344796870444,
    "dsfb-alt": 0.038524216687943584,
    "sft": 0.0,
    "sfT": 8.209742501426442e-6,
    "dsfb-red": 0.021538259452492273,
    "oneh-in": 0.012536276799678179,
    "oneh-out": 0.014211064269969173,
    "redirect": 0.04732095577822202,
    "bad-redirect": 0.007388768251283799,
    "unknown": 0.01232282349464109
  },
  "english-10k": {
    "dsfb": 0.0,
    "sfb": 0.02255842226124544,
    "roll-out": 0.1775727986723529,
    "sfR": 0.10567144593890508,
    "roll-in": 0.24995658130873585,
    "alternate": 0.2973890893653152,
    "dsfb-alt": 0.04496246695355165,
    "sft": 0.0,
    "sfT": 0.0,
    "dsfb-red": 0.022346153103953995,
    "oneh-in": 0.014800949422048976,
    "oneh-out": 0.01393257559676579,
    "redirect": 0.04274328940005017,
    "bad-redirect": 0.008066227977074932,
    "unknown": 0.0
  },
  "wordle": {
    "dsfb": 0.0,
    "sfb": 0.03433187478963312,
    "roll-out": 0.18633456748569505,
    "sfR": 0.13138112868843263,
    "roll-in": 0.22641086054078313,
    "alternate": 0.2732637720184001,
    "dsfb-alt": 0.04804218557163693,
    "sft": 0.0,
    "sfT": 0.0002019522046449007,
    "dsfb-red": 0.022124985975541345,
    "oneh-in": 0.013194210703466847,
    "oneh-out": 0.011040053853921239,
    "redirect": 0.045349489509704924,
    "bad-redirect": 0.008324918658139795,
    "unknown": 0.0
  },
  "chained-bigrams": {
    "dsfb": 0.0,
    "sfb": 0.021241353696394218,
    "roll-out": 0.22013831488550487,
    "sfR": 0.11914286586209158,
    "roll-in": 0.2008779898046177,
    "alternate": 0.2584745625147311,
    "dsfb-alt": 0.05022761375980531,
    "sft": 0.0,
    "sfT": 0.00008505891466123501,
    "dsfb-red": 0.024415804335926872,
    "oneh-in": 0.011849161325594488,
    "oneh-out": 0.011636189386595365,
    "redirect": 0.049919194031071826,
    "bad-redirect": 0.009075331681069327,
    "unknown": 0.022916559801936097
  },
  "english-450k": {
    "dsfb": 0.0,
    "sfb": 0.03122257427201411,
    "roll-out": 0.19166129236900406,
    "sfR": 0.11369548401129392,
    "roll-in": 0.23182936804691104,
    "alternate": 0.2829712430735876,
    "dsfb-alt": 0.04231506617840953,
    "sft": 0.0,
    "sfT": 0.000027772889099638017,
    "dsfb-red": 0.020700157457663886,
    "oneh-in": 0.01201104367009082,
    "oneh-out": 0.013915971516124939,
    "redirect": 0.048129539771069534,
    "bad-redirect": 0.011366712642979218,
    "unknown": 0.00015377410175167997
  },
  "english-200": {
    "dsfb": 0.0,
    "sfb": 0.015590200445434299,
    "roll-out": 0.22494432071269488,
    "sfR": 0.10690423162583519,
    "roll-in": 0.22271714922049,
    "alternate": 0.27616926503340755,
    "dsfb-alt": 0.0378619153674833,
    "sft": 0.0,
    "sfT": 0.0,
    "dsfb-red": 0.0200445434298441,
    "oneh-in": 0.017817371937639197,
    "oneh-out": 0.011135857461024499,
    "redirect": 0.051224944320712694,
    "bad-redirect": 0.015590200445434299,
    "unknown": 0.0
  },
  "english-5k": {
    "dsfb": 0.0,
    "sfb": 0.018791222466503506,
    "roll-out": 0.1889907495748123,
    "sfR": 0.10644211224955408,
    "roll-in": 0.24420292860994733,
    "alternate": 0.29182395154934254,
    "dsfb-alt": 0.043140996391089724,
    "sft": 0.0,
    "sfT": 0.0,
    "dsfb-red": 0.02356162110590285,
    "oneh-in": 0.0119052557348488,
    "oneh-out": 0.014767494918488406,
    "redirect": 0.04546397311984071,
    "bad-redirect": 0.00875264446011532,
    "unknown": 0.002157049819554486
  },
  "movie": {
    "dsfb": 0.0,
    "sfb": 0.016168505242002505,
    "roll-out": 0.2175514932472543,
    "sfR": 0.11567713207251198,
    "roll-in": 0.2016872422080591,
    "alternate": 0.2717309813816694,
    "dsfb-alt": 0.0392997205256702,
    "sft": 0.0,
    "sfT": 0.000010791022763925716,
    "dsfb-red": 0.021467687006121536,
    "oneh-in": 0.012266497730134681,
    "oneh-out": 0.015118091294421343,
    "redirect": 0.05114826352046063,
    "bad-redirect": 0.007637148964410549,
    "unknown": 0.030236445784519856
  },
  "gutenberg": {
    "dsfb": 0.0,
    "sfb": 0.017283453871955134,
    "roll-out": 0.23236864548536165,
    "sfR": 0.09863878308844841,
    "roll-in": 0.21887354829861147,
    "alternate": 0.2569062018948982,