{
  "english-1k": {
    "sfb": 0.07304163726182075,
    "unknown": 0.0,
    "outoneh": 0.011997177134791814,
    "red-sfs": 0.02646436132674665,
    "alt-sfs": 0.04022582921665491,
    "sft": 0.0,
    "inroll": 0.17572335920959775,
    "bad-red-sfs": 0.0056457304163726185,
    "red": 0.06280875088214538,
    "sfr": 0.10832745236414962,
    "outroll": 0.22265349329569514,
    "inoneh": 0.027875793930839804,
    "bad-red": 0.01058574453069866,
    "alt": 0.23465067043048696
  },
  "shai": {
    "sfb": 0.06727254304126816,
    "unknown": 0.031793109309943265,
    "outoneh": 0.008160358313158183,
    "red-sfs": 0.024440021513280303,
    "alt-sfs": 0.038143227109705656,
    "sft": 0.0003698291725406571,
    "inroll": 0.19320949934559128,
    "bad-red-sfs": 0.004556527785045545,
    "red": 0.05598866032146687,
    "sfr": 0.09823378925716947,
    "outroll": 0.20488578733249257,
    "inoneh": 0.01897322002221305,
    "bad-red": 0.008911546606069482,
    "alt": 0.2450618808700555
  },
  "chained-bigrams": {
    "sfb": 0.061741084559599355,
    "unknown": 0.033665798979163164,
    "outoneh": 0.009070137243532762,
    "red-sfs": 0.027841535891290813,
    "alt-sfs": 0.03621691711430814,
    "sft": 0.00048438130028459025,
    "inroll": 0.17841269676367064,
    "bad-red-sfs": 0.00400361273130668,
    "red": 0.05688363615821997,
    "sfr": 0.11914286586209158,
    "outroll": 0.20032348359758953,
    "inoneh": 0.01733383805951397,
    "bad-red": 0.008704578701897073,
    "alt": 0.24617543303753175
  },
  "english-200": {
    "sfb": 0.0400890868596882,
    "unknown": 0.0,
    "outoneh": 0.015590200445434299,
    "red-sfs": 0.022271714922048998,
    "alt-sfs": 0.042316258351893093,
    "sft": 0.0,
    "inroll": 0.20044543429844097,
    "bad-red-sfs": 0.0066815144766146995,
    "red": 0.0645879732739421,
    "sfr": 0.10690423162583519,
    "outroll": 0.2026726057906459,
    "inoneh": 0.026726057906458798,
    "bad-red": 0.013363028953229399,
    "alt": 0.2583518930957684
  },
  "english-450k": {
    "sfb": 0.07071094503248258,
    "unknown": 0.0001543587941537776,
    "outoneh": 0.006284273937745461,
    "red-sfs": 0.02809417757459067,
    "alt-sfs": 0.03367915939942735,
    "sft": 0.0002461555012831075,
    "inroll": 0.21939705350110886,
    "bad-red-sfs": 0.0039039911688059587,
    "red": 0.06520168087371755,
    "sfr": 0.11369548401129392,
    "outroll": 0.20984113322742606,
    "inoneh": 0.020594620479085262,
    "bad-red": 0.0072712347124862815,
    "alt": 0.22092573178639316
  },
  "english-5k": {
    "sfb": 0.07777823868585888,
    "unknown": 0.0022400132741527356,
    "outoneh": 0.006968930186252956,
    "red-sfs": 0.03206537520222342,
    "alt-sfs": 0.03355871738499191,
    "sft": 0.0003733355456921226,
    "inroll": 0.19094039075787117,
    "bad-red-sfs": 0.0037333554569212264,
    "red": 0.06379889658605384,
    "sfr": 0.10644211224955408,
    "outroll": 0.21823536732069523,
    "inoneh": 0.02086530883145974,
    "bad-red": 0.007466710913842453,
    "alt": 0.23553324760443026
  },
  "monkeyracer": {
    "sfb": 0.05682937891987425,
    "unknown": 0.03912933825484461,
    "outoneh": 0.009455596915713906,
    "red-sfs": 0.022265081251857298,
    "alt-sfs": 0.04186640755743935,
    "sft": 0.0003470212865789762,
    "inroll": 0.20137596383940443,
    "bad-red-sfs": 0.0058700361293147945,
    "red": 0.052892886747892456,
    "sfr": 0.09690789370786869,
    "outroll": 0.19788815552809796,
    "inoneh": 0.02012136947307506,
    "bad-red": 0.011646229882540627,
    "alt": 0.2434046405054976
  },
  "tr-quotes": {
    "sfb": 0.057079124384549595,
    "unknown": 0.039616513719054114,
    "outoneh": 0.009447308199070756,
    "red-sfs": 0.022358475301079494,
    "alt-sfs": 0.04204133052865167,
    "sft": 0.00034673262291671483,
    "inroll": 0.20082753519336122,
    "bad-red-sfs": 0.005806615658445251,
    "red": 0.0529795890062643,
    "sfr": 0.09677191928064538,
    "outroll": 0.1978883983264372,
    "inoneh": 0.020036522502947227,
    "bad-red": 0.011478005593952983,
    "alt": 0.24332192968262406
  },
  "movie": {
    "sfb": 0.0494040657678622,
    "unknown": 0.08496732886260383,
    "outoneh": 0.009358317095256702,
    "red-sfs": 0.021993683566943624,
    "alt-sfs": 0.043451500735171324,
    "sft": 0.0003614992625915115,
    "inroll": 0.18823715351769577,
    "bad-red-sfs": 0.0067753147195209204,
    "red": 0.04647035515229884,
    "sfr": 0.11567713207251198,
    "outroll": 0.18655349077084618,
    "inoneh": 0.020557293158794242,
    "bad-red": 0.01225939144685112,
    "alt": 0.21393347387105174
  },
  "gutenberg": {
    "sfb": 0.05528333490565859,
    "unknown": 0.04011588984327138,
    "outoneh": 0.008963390584916362,
    "red-sfs": 0.018740980441410426,
    "alt-sfs": 0.04400938394023194,
    "sft": 0.0002856706611305663,
    "inroll": 0.19618754695664134,
    "bad-red-sfs": 0.005159878957476369,
    "red": 0.051534002196708874,
    "sfr": 0.09863878308844841,
    "outroll": 0.2017442959638979,
    "inoneh": 0.018038548868816166,
    "bad-red": 0.009459904379891968,
    "alt": 0.2518383892114997
  },
  "keymash": {
    "sfb": 0.057221905234942305,
    "unknown": 0.03457533054475746,
    "outoneh": 0.009527406172905387,
    "red-sfs": 0.022219668080110666,
    "alt-sfs": 0.04300673609372242,
    "sft": 0.0003078653438034916,
    "inroll": 0.19909857027334338,
    "bad-red-sfs": 0.006091628936058421,
    "red": 0.05433618074569091,
    "sfr": 0.099723742164827,
    "outroll": 0.1982652814094486,
    "inoneh": 0.020351951661036153,
    "bad-red": 0.011042103664418566,
    "alt": 0.24423162967493525
  },
  "english-10k": {
    "sfb": 0.079214990061944,
    "unknown": 0.0,
    "outoneh": 0.007139962563439533,
    "red-sfs": 0.029235252117867275,
    "alt-sfs": 0.03234210069276934,
    "sft": 0.0003280523339958704,
    "inroll": 0.20472395360954054,
    "bad-red-sfs": 0.003917330811833041,
    "red": 0.06080546496594045,
    "sfr": 0.10567144593890508,
    "outroll": 0.21450763204106443,
    "inoneh": 0.01923930452905193,
    "bad-red": 0.00810482236930974,
    "alt": 0.23476968796433878
  },
  "mt-quotes": {
    "sfb": 0.05517206344652825,
    "unknown": 0.03468910244916987,
    "outoneh": 0.009793990031197332,
    "red-sfs": 0.022116039731774662,
    "alt-sfs": 0.04281266061844826,
    "sft": 0.00031675452122255295,
    "inroll": 0.2044366550722559,
    "bad-red-sfs": 0.00604523015503042,
    "red": 0.05243632038823347,
    "sfr": 0.0964592223377679,
    "outroll": 0.1971587717096377,
    "inoneh": 0.020541231876262535,
    "bad-red": 0.012275731822474031,
    "alt": 0.24574622583999714
  }
}