{
  "chained-bigrams": {
    "bad-redirect": 0.007831913195754327,
    "dsfb-red": 0.020308952158580983,
    "sfb": 0.020647239903149713,
    "oneh-in": 0.006174238316898349,
    "roll-in": 0.23316791214128352,
    "unknown": 0.020740090474115794,
    "dsfb-alt": 0.05194047953748728,
    "alternate": 0.29267279134139207,
    "sfR": 0.11914286586209158,
    "sfT": 0.00025517674398370507,
    "roll-out": 0.1757284711666512,
    "oneh-out": 0.006407338701351658,
    "redirect": 0.04498253045725984,
    "sft": 0.0,
    "dsfb": 0.0
  },
  "reddit": {
    "bad-redirect": 0.0024461189156753096,
    "dsfb-red": 0.016306410630264053,
    "sfb": 0.01690389382920955,
    "oneh-in": 0.0035974848845290956,
    "roll-in": 0.24318663699290388,
    "unknown": 0.04471347607229805,
    "dsfb-alt": 0.03115082096349082,
    "alternate": 0.28772739693264987,
    "sfR": 0.10397777127267367,
    "sfT": 0.0001237967508316014,
    "roll-out": 0.19741701169626458,
    "oneh-out": 0.017420356643268894,
    "redirect": 0.0350288244159406,
    "sft": 0.0,
    "dsfb": 0.0
  },
  "french": {
    "bad-redirect": 0.004375385960246621,
    "dsfb-red": 0.016532084063754133,
    "sfb": 0.04600375717538293,
    "oneh-in": 0.0008062326485030154,
    "roll-in": 0.167226140946768,
    "unknown": 0.15542794325293136,
    "dsfb-alt": 0.03505934448494485,
    "alternate": 0.21742142696227212,
    "sfR": 0.10898279115633469,
    "sfT": 0.0000925128517580206,
    "roll-out": 0.19891818242794265,
    "oneh-out": 0.014718892096650296,
    "redirect": 0.034435305972511356,
    "sft": 0.0,
    "dsfb": 0.0
  },
  "english-200": {
    "bad-redirect": 0.0022271714922048997,
    "dsfb-red": 0.017817371937639197,
    "sfb": 0.0066815144766146995,
    "oneh-in": 0.0066815144766146995,
    "roll-in": 0.24721603563474387,
    "unknown": 0.0,
    "dsfb-alt": 0.031180400890868598,
    "alternate": 0.2984409799554566,
    "sfR": 0.10690423162583519,
    "sfT": 0.0,
    "roll-out": 0.24498886414253898,
    "oneh-out": 0.008908685968819599,
    "redirect": 0.028953229398663696,
    "sft": 0.0,
    "dsfb": 0.0
  },
  "english-10k": {
    "bad-redirect": 0.002585824279732155,
    "dsfb-red": 0.015727214835684376,
    "sfb": 0.021361996101966384,
    "oneh-in": 0.005557592481812393,
    "roll-in": 0.22984890295440072,
    "unknown": 0.0,
    "dsfb-alt": 0.04177842959417997,
    "alternate": 0.33937978811678665,
    "sfR": 0.10567144593890508,
    "sfT": 0.00005789158835221242,
    "roll-out": 0.19835587889079717,
    "oneh-out": 0.00540321491287316,
    "redirect": 0.03427182030450975,
    "sft": 0.0,
    "dsfb": 0.0
  },
  "monkeyracer": {
    "bad-redirect": 0.002682327916542847,
    "dsfb-red": 0.014308029779314013,
    "sfb": 0.015886732252060623,
    "oneh-in": 0.004434052270203482,
    "roll-in": 0.2605680200822685,
    "unknown": 0.013260123246320596,
    "dsfb-alt": 0.032524203512832944,
    "alternate": 0.2959182476500305,
    "sfR": 0.09690789370786869,
    "sfT": 0.00004203356428984782,
    "roll-out": 0.20307001423276036,
    "oneh-out": 0.02454075887201464,
    "redirect": 0.03585756291349297,
    "sft": 0.0,
    "dsfb": 0.0
  },
  "dutch": {
    "bad-redirect": 0.0008397708171948714,
    "dsfb-red": 0.008572336177001899,
    "sfb": 0.02752319536507617,
    "oneh-in": 0.00237764124633508,
    "roll-in": 0.1642941297197571,
    "unknown": 0.07288525378295828,
    "dsfb-alt": 0.032100658171319345,
    "alternate": 0.2842690560143309,
    "sfR": 0.18880787437283908,
    "sfT": 0.0000992469460898837,
    "roll-out": 0.18790380372751805,
    "oneh-out": 0.009686412284401475,
    "redirect": 0.020640621375177876,
    "sft": 0.0,
    "dsfb": 0.0
  },
  "keymash": {
    "bad-redirect": 0.003041709596778497,
    "dsfb-red": 0.014301371437484863,
    "sfb": 0.016304548607832915,
    "oneh-in": 0.003948886143186119,
    "roll-in": 0.2577284463472803,
    "unknown": 0.011982119180831894,
    "dsfb-alt": 0.03305242331074286,
    "alternate": 0.2962157191939675,
    "sfR": 0.099723742164827,
    "sfT": 0.00002873409875499255,
    "roll-out": 0.20552679865196027,
    "oneh-out": 0.023578380464096743,
    "redirect": 0.03456712080225604,
    "sft": 0.0,
    "dsfb": 0.0
  },
  "wordle": {
    "bad-redirect": 0.0015034219679120385,
    "dsfb-red": 0.021698642432402108,
    "sfb": 0.03823628407943453,
    "oneh-in": 0.0038819701559519803,
    "roll-in": 0.18424772803769773,
    "unknown": 0.0,
    "dsfb-alt": 0.05773589139459217,
    "alternate": 0.3235498709749804,
    "sfR": 0.13138112868843263,
    "sfT": 0.0003141478738920678,
    "roll-out": 0.19872096937058228,
    "oneh-out": 0.0069112532256254905,
    "redirect": 0.03181869179849658,
    "sft": 0.0,
    "dsfb": 0.0
  },
  "english-5k": {
    "bad-redirect": 0.003774837184220351,
    "dsfb-red": 0.01709047164723939,
    "sfb": 0.019994192558178123,
    "oneh-in": 0.0033185381839299787,
    "roll-in": 0.22561911477993943,
    "unknown": 0.002157049819554486,
    "dsfb-alt": 0.042933587754594105,
    "alternate": 0.32944787820964866,
    "sfR": 0.10644211224955408,
    "sfT": 0.00004148172729912474,
    "roll-out": 0.2059567760401543,
    "oneh-out": 0.0059318870037748375,
    "redirect": 0.03729207284191314,
    "sft": 0.0,
    "dsfb": 0.0
  },
  "shai": {
    "bad-redirect": 0.002907284666709809,
    "dsfb-red": 0.016082090441855157,
    "sfb": 0.017875560473899047,
    "oneh-in": 0.004254864252377902,
    "roll-in": 0.2471251609703022,
    "unknown": 0.021625131245562576,
    "dsfb-alt": 0.035447177744344326,
    "alternate": 0.3054560533658159,
    "sfR": 0.09823378925716947,
    "sfT": 0.00006523961081646119,
    "roll-out": 0.20264929482699737,
    "oneh-out": 0.013447507038725453,
    "redirect": 0.03483084610542436,
    "sft": 0.0,
    "dsfb": 0.0
  },
  "tr-quotes": {
    "bad-redirect": 0.0026582834423614803,
    "dsfb-red": 0.014351263262522826,
    "sfb": 0.01595432375580777,
    "oneh-in": 0.004333002011049213,
    "roll-in": 0.26015926585145976,
    "unknown": 0.013984882457640832,
    "dsfb-alt": 0.032585931901712856,
    "alternate": 0.2968158387462148,
    "sfR": 0.09677191928064538,
    "sfT": 0.00004507524097917293,
    "roll-out": 0.20262938905711841,
    "oneh-out": 0.023998520607475555,
    "redirect": 0.035712304385011905,
    "sft": 0.0,
    "dsfb": 0.0
  },
  "gutenberg": {
    "bad-redirect": 0.003896146211851695,
    "dsfb-red": 0.013894998224977391,
    "sfb": 0.017141944598835418,
    "oneh-in": 0.0043614029384675245,
    "roll-in": 0.2627228581614858,
    "unknown": 0.033398840571144305,
    "dsfb-alt": 0.03960270561183722,
    "alternate": 0.27644168018298076,
    "sfR": 0.09863878308844841,
    "sfT": 0.00007350146983996001,
    "roll-out": 0.19947806378942512,
    "oneh-out": 0.01712622134626656,
    "redirect": 0.033222853804439866,
    "sft": 0.0,
    "dsfb": 0.0
  },
  "akl": {
    "bad-redirect": 0.0022122005023002995,
    "dsfb-red": 0.01774345016542405,
    "sfb": 0.024701098609981993,
    "oneh-in": 0.0028154490611514496,
    "roll-in": 0.2307502251107773,
    "unknown": 0.07197907036652508,
    "dsfb-alt": 0.02902296532631119,
    "alternate": 0.27566612902766147,
    "sfR": 0.11790358951788564,
    "sfT": 0.0012975698692182897,
    "roll-out": 0.17773287333539764,
    "oneh-out": 0.017203332990106773,
    "redirect": 0.03097204611725883,
    "sft": 0.0,
    "dsfb": 0.0
  },
  "english-450k": {
    "bad-redirect": 0.003813948538882922,
    "dsfb-red": 0.01563876767890564,
    "sfb": 0.026152998799626497,
    "oneh-in": 0.0060144383941773995,
    "roll-in": 0.21889509507390803,
    "unknown": 0.00015377410175167997,
    "dsfb-alt": 0.04839148196720928,
    "alternate": 0.3417369223312154,
    "sfR": 0.11369548401129392,
    "sfT": 0.00009793597735135511,
    "roll-out": 0.18262516364078604,
    "oneh-out": 0.005015491425193577,
    "redirect": 0.037768498059698265,
    "sft": 0.0,
    "dsfb": 0.0
  },
  "mt-quotes": {
    "bad-redirect": 0.0025310479195802104,
    "dsfb-red": 0.014177753074909457,