{
  "english-10k": {
    "dsfb-alt": 0.049670982806198256,
    "redirect": 0.03510159973755813,
    "dsfb": 0.0,
    "unknown": 0.0,
    "sfb": 0.01808147276200768,
    "sft": 0.0,
    "bad-redirect": 0.0035699812817197663,
    "roll-out": 0.21493217035564732,
    "oneh-in": 0.005769861639103838,
    "alternate": 0.34827579552690996,
    "oneh-out": 0.0038787364195982323,
    "dsfb-red": 0.015804403620153992,
    "roll-in": 0.19916636112772815,
    "sfR": 0.10567144593890508,
    "sfT": 0.00007718878446961657
  },
  "reddit": {
    "dsfb-alt": 0.05222660910960545,
    "redirect": 0.037139137621720206,
    "dsfb": 0.0,
    "unknown": 0.041052388500049726,
    "sfb": 0.02093116507350924,
    "sft": 0.0,
    "bad-redirect": 0.002694049534057872,
    "roll-out": 0.21284392226313195,
    "oneh-in": 0.0041939192759032524,
    "alternate": 0.28526374794756787,
    "oneh-out": 0.014653827014548646,
    "dsfb-red": 0.0150592660556988,
    "roll-in": 0.20985605677944533,
    "sfR": 0.10397777127267367,
    "sfT": 0.00010813955208799795
  },
  "tr-quotes": {
    "dsfb-alt": 0.055803148332216085,
    "redirect": 0.03520145165391461,
    "dsfb": 0.0,
    "unknown": 0.010735997780911213,
    "sfb": 0.02005732646032223,
    "sft": 0.0,
    "bad-redirect": 0.0032858694898407342,
    "roll-out": 0.2165865329049259,
    "oneh-in": 0.004217424470076975,
    "alternate": 0.29314162871870736,
    "oneh-out": 0.01960195094889161,
    "dsfb-red": 0.015589098726335498,
    "roll-in": 0.22896257599223319,
    "sfR": 0.09677191928064538,
    "sfT": 0.00004507524097917293
  },
  "english-1k": {
    "dsfb-alt": 0.05045871559633028,
    "redirect": 0.03669724770642202,
    "dsfb": 0.0,
    "unknown": 0.0,
    "sfb": 0.014467184191954835,
    "sft": 0.0,
    "bad-redirect": 0.004234297812279464,
    "roll-out": 0.2515878616796048,
    "oneh-in": 0.0038814396612561752,
    "alternate": 0.305575158786168,
    "oneh-out": 0.006351446718419196,
    "dsfb-red": 0.020465772759350742,
    "roll-in": 0.19760056457304165,
    "sfR": 0.10832745236414962,
    "sfT": 0.00035285815102328866
  },
  "english-5k": {
    "dsfb-alt": 0.050856597668726924,
    "redirect": 0.040320238934749245,
    "dsfb": 0.0,
    "unknown": 0.0,
    "sfb": 0.016260837101256895,
    "sft": 0.0,
    "bad-redirect": 0.004562990002903721,
    "roll-out": 0.22342058323308583,
    "oneh-in": 0.0029866843655369808,
    "alternate": 0.33284937984817686,
    "oneh-out": 0.003442983365827353,
    "dsfb-red": 0.016094910192060396,
    "roll-in": 0.20267971958352346,
    "sfR": 0.10644211224955408,
    "sfT": 0.00008296345459824948
  },
  "monkeyracer": {
    "dsfb-alt": 0.05582937109967624,
    "redirect": 0.03531601420147958,
    "dsfb": 0.0,
    "unknown": 0.01033830176580071,
    "sfb": 0.020145807591848225,
    "sft": 0.0,
    "bad-redirect": 0.0032678652423479364,
    "roll-out": 0.21711606737882602,
    "oneh-in": 0.004252232666531117,
    "alternate": 0.2925350344870732,
    "oneh-out": 0.020074448285030577,
    "dsfb-red": 0.015572946807013153,
    "roll-in": 0.22859709557846006,
    "sfR": 0.09690789370786869,
    "sfT": 0.000046921188044481286
  },
  "shai": {
    "dsfb-alt": 0.05067712415001952,
    "redirect": 0.03629213443137347,
    "dsfb": 0.0,
    "unknown": 0.016772683614515952,
    "sfb": 0.019027123205639773,
    "sft": 0.0,
    "bad-redirect": 0.0038813581914725294,
    "roll-out": 0.2167181185911836,
    "oneh-in": 0.004229149256277725,
    "alternate": 0.307921275420458,
    "oneh-out": 0.01114314304442641,
    "dsfb-red": 0.01537444037759089,
    "roll-in": 0.219630252880126,
    "sfR": 0.09823378925716947,
    "sfT": 0.0000994075797466771
  },
  "english-200": {
    "dsfb-alt": 0.06904231625835189,
    "redirect": 0.035634743875278395,
    "dsfb": 0.0,
    "unknown": 0.0,
    "sfb": 0.015590200445434299,
    "sft": 0.0,
    "bad-redirect": 0.0022271714922048997,
    "roll-out": 0.2650334075723831,
    "oneh-in": 0.0022271714922048997,
    "alternate": 0.2739420935412027,
    "oneh-out": 0.004454342984409799,
    "dsfb-red": 0.017817371937639197,
    "roll-in": 0.2071269487750557,
    "sfR": 0.10690423162583519,
    "sfT": 0.0
  },
  "french": {
    "dsfb-alt": 0.03579072786909433,
    "redirect": 0.04265652983499018,
    "dsfb": 0.0,
    "unknown": 0.1503721720862493,
    "sfb": 0.023130909670406596,
    "sft": 0.0,
    "bad-redirect": 0.004461831167476383,
    "roll-out": 0.1931362415568539,
    "oneh-in": 0.015445466310692196,
    "alternate": 0.21460714855719729,
    "oneh-out": 0.008632550234141414,
    "dsfb-red": 0.01519417593619223,
    "roll-in": 0.18750964736752695,
    "sfR": 0.10898279115633469,
    "sfT": 0.00007980825284453049
  },
  "gutenberg": {
    "dsfb-alt": 0.052822172286687556,
    "redirect": 0.03449624782573938,
    "dsfb": 0.0,
    "unknown": 0.030721151714990094,
    "sfb": 0.01754790761395664,
    "sft": 0.0,
    "bad-redirect": 0.003931570889326109,
    "roll-out": 0.20783430950105006,
    "oneh-in": 0.004070617484332632,
    "alternate": 0.2814231096956395,
    "oneh-out": 0.010690864562933361,
    "dsfb-red": 0.01571150748862527,
    "roll-in": 0.24205000145866318,
    "sfR": 0.09863878308844841,
    "sfT": 0.00006175638960780146
  },
  "wordle": {
    "dsfb-alt": 0.05760125659149557,
    "redirect": 0.033434309435655785,
    "dsfb": 0.0,
    "unknown": 0.0,
    "sfb": 0.031616739593851674,
    "sft": 0.0,
    "bad-redirect": 0.0016156176371592056,
    "roll-out": 0.19340289464826657,
    "oneh-in": 0.005564905194659486,
    "alternate": 0.33178503309772245,
    "oneh-out": 0.005205879053068551,
    "dsfb-red": 0.021204981487714575,
    "roll-in": 0.18691798496578033,
    "sfR": 0.13138112868843263,
    "sfT": 0.00026926960619320093
  },
  "keymash": {
    "dsfb-alt": 0.0549519114332979,
    "redirect": 0.03447270876348963,
    "dsfb": 0.0,
    "unknown": 0.009691601022933916,
    "sfb": 0.01911638541457147,
    "sft": 0.0,
    "bad-redirect": 0.0036369159281319143,
    "roll-out": 0.21730777914150723,
    "oneh-in": 0.004223912516983905,
    "alternate": 0.29353523826725175,
    "oneh-out": 0.018841359040773685,
    "dsfb-red": 0.015742181246485205,
    "roll-in": 0.22870290173348712,
    "sfR": 0.099723742164827,
    "sfT": 0.000053363326259271875
  },
  "mt-quotes": {
    "dsfb-alt": 0.056797671555444,
    "redirect": 0.035416741372921674,
    "dsfb": 0.0,
    "unknown": 0.006137865911237016,
    "sfb": 0.019607403688696047,
    "sft": 0.0,
    "bad-redirect": 0.003194439464027444,
    "roll-out": 0.21808548786172768,
    "oneh-in": 0.004114820525692975,
    "alternate": 0.29070146185199797,
    "oneh-out": 0.021376447807222004,
    "dsfb-red": 0.015574760043508922,
    "roll-in": 0.23248586557655299,
    "sfR": 0.0964592223377679,
    "sfT": 0.00004781200320340421
  },
  "dutch": {
    "dsfb-alt": 0.041001773391411415,
    "redirect": 0.017185949042332418,
    "dsfb": 0.0,
    "unknown": 0.06864643195663445,
    "sfb": 0.045895983677813175,
    "sft": 0.0,
    "bad-redirect": 0.0018386953640182537,
    "roll-out": 0.16928258426065723,
    "oneh-in": 0.002657343705604474,
    "alternate": 0.2819036973620467,
    "oneh-out": 0.006300647993800535,
    "dsfb-red": 0.012661041393991584,
    "roll-in": 0.1636444073906574,
    "sfR": 0.18880787437283908,
    "sfT": 0.00017357008819332868
  },
  "english-450k": {
    "dsfb-alt": 0.05247760481926866,
    "redirect": 0.0355267873900559,
    "dsfb": 0.0,
    "unknown": 0.0,
    "sfb": 0.02834033307587378,
    "sft": 0.0,
    "bad-redirect": 0.003385076661944301,
    "roll-out": 0.19684400582119754,
    "oneh-in": 0.005815642977464201,
    "alternate": 0.35050087674625696,
    "oneh-out": 0.0048044174680363285,
    "dsfb-red": 0.01627228189657844,
    "roll-in": 0.1922682030823814,
    "sfR": 0.11369548401129392,
    "sfT": 0.00006928604964857063
  },
  "movie": {
    "dsfb-alt": 0.054176856177643395,
    "redirect": 0.037324700164194625,
    "dsfb": 0.0,
    "unknown": 0.024744473186874588,
    "sfb": 0.01957517848943842,