{
  "monkeyracer": {
    "bad-redirect": 0.0032678652423479364,
    "dsfb-red": 0.015572946807013153,
    "sfb": 0.020145807591848225,
    "oneh-in": 0.004252232666531117,
    "roll-in": 0.22859709557846006,
    "unknown": 0.01033830176580071,
    "dsfb-alt": 0.05582937109967624,
    "alternate": 0.2925350344870732,
    "sfR": 0.09690789370786869,
    "sfT": 0.000046921188044481286,
    "roll-out": 0.21711606737882602,
    "oneh-out": 0.020074448285030577,
    "redirect": 0.03531601420147958,
    "sft": 0.0,
    "dsfb": 0.0
  },
  "wordle": {
    "bad-redirect": 0.0016156176371592056,
    "dsfb-red": 0.021204981487714575,
    "sfb": 0.031616739593851674,
    "oneh-in": 0.005564905194659486,
    "roll-in": 0.18691798496578033,
    "unknown": 0.0,
    "dsfb-alt": 0.05760125659149557,
    "alternate": 0.33178503309772245,
    "sfR": 0.13138112868843263,
    "sfT": 0.00026926960619320093,
    "roll-out": 0.19340289464826657,
    "oneh-out": 0.005205879053068551,
    "redirect": 0.033434309435655785,
    "sft": 0.0,
    "dsfb": 0.0
  },
  "keymash": {
    "bad-redirect": 0.0036369159281319143,
    "dsfb-red": 0.015742181246485205,
    "sfb": 0.01911638541457147,
    "oneh-in": 0.004223912516983905,
    "roll-in": 0.22870290173348712,
    "unknown": 0.009691601022933916,
    "dsfb-alt": 0.0549519114332979,
    "alternate": 0.29353523826725175,
    "sfR": 0.099723742164827,
    "sfT": 0.000053363326259271875,
    "roll-out": 0.21730777914150723,
    "oneh-out": 0.018841359040773685,
    "redirect": 0.03447270876348963,
    "sft": 0.0,
    "dsfb": 0.0
  },
  "french": {
    "bad-redirect": 0.004461831167476383,
    "dsfb-red": 0.01519417593619223,
    "sfb": 0.023130909670406596,
    "oneh-in": 0.015445466310692196,
    "roll-in": 0.18750964736752695,
    "unknown": 0.1503721720862493,
    "dsfb-alt": 0.03579072786909433,
    "alternate": 0.21460714855719729,
    "sfR": 0.10898279115633469,
    "sfT": 0.00007980825284453049,
    "roll-out": 0.1931362415568539,
    "oneh-out": 0.008632550234141414,
    "redirect": 0.04265652983499018,
    "sft": 0.0,
    "dsfb": 0.0
  },
  "gutenberg": {
    "bad-redirect": 0.003931570889326109,
    "dsfb-red": 0.01571150748862527,
    "sfb": 0.01754790761395664,
    "oneh-in": 0.004070617484332632,
    "roll-in": 0.24205000145866318,
    "unknown": 0.030721151714990094,
    "dsfb-alt": 0.052822172286687556,
    "alternate": 0.2814231096956395,
    "sfR": 0.09863878308844841,
    "sfT": 0.00006175638960780146,
    "roll-out": 0.20783430950105006,
    "oneh-out": 0.010690864562933361,
    "redirect": 0.03449624782573938,
    "sft": 0.0,
    "dsfb": 0.0
  },
  "english-10k": {
    "bad-redirect": 0.0035699812817197663,
    "dsfb-red": 0.015804403620153992,
    "sfb": 0.01808147276200768,
    "oneh-in": 0.005769861639103838,
    "roll-in": 0.19916636112772815,
    "unknown": 0.0,
    "dsfb-alt": 0.049670982806198256,
    "alternate": 0.34827579552690996,
    "sfR": 0.10567144593890508,
    "sfT": 0.00007718878446961657,
    "roll-out": 0.21493217035564732,
    "oneh-out": 0.0038787364195982323,
    "redirect": 0.03510159973755813,
    "sft": 0.0,
    "dsfb": 0.0
  },
  "tr-quotes": {
    "bad-redirect": 0.0032858694898407342,
    "dsfb-red": 0.015589098726335498,
    "sfb": 0.02005732646032223,
    "oneh-in": 0.004217424470076975,
    "roll-in": 0.22896257599223319,
    "unknown": 0.010735997780911213,
    "dsfb-alt": 0.055803148332216085,
    "alternate": 0.29314162871870736,
    "sfR": 0.09677191928064538,
    "sfT": 0.00004507524097917293,
    "roll-out": 0.2165865329049259,
    "oneh-out": 0.01960195094889161,
    "redirect": 0.03520145165391461,
    "sft": 0.0,
    "dsfb": 0.0
  },
  "shai": {
    "bad-redirect": 0.0038813581914725294,
    "dsfb-red": 0.01537444037759089,
    "sfb": 0.019027123205639773,
    "oneh-in": 0.004229149256277725,
    "roll-in": 0.219630252880126,
    "unknown": 0.016772683614515952,
    "dsfb-alt": 0.05067712415001952,
    "alternate": 0.307921275420458,
    "sfR": 0.09823378925716947,
    "sfT": 0.0000994075797466771,
    "roll-out": 0.2167181185911836,
    "oneh-out": 0.01114314304442641,
    "redirect": 0.03629213443137347,
    "sft": 0.0,
    "dsfb": 0.0
  },
  "movie": {
    "bad-redirect": 0.0023259917969803297,
    "dsfb-red": 0.01675095727557732,
    "sfb": 0.01957517848943842,
    "oneh-in": 0.0032341484810516877,
    "roll-in": 0.20391532521313258,
    "unknown": 0.024744473186874588,
    "dsfb-alt": 0.054176856177643395,
    "alternate": 0.2757968282025749,
    "sfR": 0.11567713207251198,
    "sfT": 0.0000873809648200814,
    "roll-out": 0.21545013896073764,
    "oneh-out": 0.030940889014462472,
    "redirect": 0.037324700164194625,
    "sft": 0.0,
    "dsfb": 0.0
  },
  "akl": {
    "bad-redirect": 0.002254577211168964,
    "dsfb-red": 0.013737364275269684,
    "sfb": 0.021273789348849652,
    "oneh-in": 0.0036553009111859767,
    "roll-in": 0.20595662880146648,
    "unknown": 0.06536917114255165,
    "dsfb-alt": 0.05015642829272294,
    "alternate": 0.2757110458608921,
    "sfR": 0.11790358951788564,
    "sfT": 0.00014621203644743906,
    "roll-out": 0.1928357712951326,
    "oneh-out": 0.015031774477598642,
    "redirect": 0.035968346828828206,
    "sft": 0.0,
    "dsfb": 0.0
  },
  "chained-bigrams": {
    "bad-redirect": 0.004880823370293921,
    "dsfb-red": 0.023791822526847126,
    "sfb": 0.019730421677946173,
    "oneh-in": 0.006143720996371036,
    "roll-in": 0.21330698022023117,
    "unknown": 0.017076064096761982,
    "dsfb-alt": 0.06017690955640153,
    "alternate": 0.30280973619399665,
    "sfR": 0.11914286586209158,
    "sfT": 0.00009479848504229246,
    "roll-out": 0.18518364609258176,
    "oneh-out": 0.007350129114238018,
    "redirect": 0.04031208180719676,
    "sft": 0.0,
    "dsfb": 0.0
  },
  "dutch": {
    "bad-redirect": 0.0018386953640182537,
    "dsfb-red": 0.012661041393991584,
    "sfb": 0.045895983677813175,
    "oneh-in": 0.002657343705604474,
    "roll-in": 0.1636444073906574,
    "unknown": 0.06864643195663445,
    "dsfb-alt": 0.041001773391411415,
    "alternate": 0.2819036973620467,
    "sfR": 0.18880787437283908,
    "sfT": 0.00017357008819332868,
    "roll-out": 0.16928258426065723,
    "oneh-out": 0.006300647993800535,
    "redirect": 0.017185949042332418,
    "sft": 0.0,
    "dsfb": 0.0
  },
  "english-5k": {
    "bad-redirect": 0.004562990002903721,
    "dsfb-red": 0.016094910192060396,
    "sfb": 0.016260837101256895,
    "oneh-in": 0.0029866843655369808,
    "roll-in": 0.20267971958352346,
    "unknown": 0.0,
    "dsfb-alt": 0.050856597668726924,
    "alternate": 0.33284937984817686,
    "sfR": 0.10644211224955408,
    "sfT": 0.00008296345459824948,
    "roll-out": 0.22342058323308583,
    "oneh-out": 0.003442983365827353,
    "redirect": 0.040320238934749245,
    "sft": 0.0,
    "dsfb": 0.0
  },
  "english-450k": {
    "bad-redirect": 0.003385076661944301,
    "dsfb-red": 0.01627228189657844,
    "sfb": 0.02834033307587378,
    "oneh-in": 0.005815642977464201,
    "roll-in": 0.1922682030823814,
    "unknown": 0.0,
    "dsfb-alt": 0.05247760481926866,
    "alternate": 0.35050087674625696,
    "sfR": 0.11369548401129392,
    "sfT": 0.00006928604964857063,
    "roll-out": 0.19684400582119754,
    "oneh-out": 0.0048044174680363285,
    "redirect": 0.0355267873900559,
    "sft": 0.0,
    "dsfb": 0.0
  },
  "reddit": {
    "bad-redirect": 0.002694049534057872,
    "dsfb-red": 0.0150592660556988,
    "sfb": 0.02093116507350924,
    "oneh-in": 0.0041939192759032524,
    "roll-in": 0.20985605677944533,
    "unknown": 0.041052388500049726,
    "dsfb-alt": 0.05222660910960545,
    "alternate": 0.28526374794756787,
    "sfR": 0.10397777127267367,
    "sfT": 0.00010813955208799795,
    "roll-out": 0.21284392226313195,
    "oneh-out": 0.014653827014548646,
    "redirect": 0.037139137621720206,
    "sft": 0.0,
    "dsfb": 0.0
  },
  "english-200": {
    "bad-redirect": 0.0022271714922048997,
    "dsfb-red": 0.017817371937639197,