{
  "dutch": {
    "dsfb": 0.0,
    "sfb": 0.030730781353365426,
    "roll-out": 0.17630860460443432,
    "sfR": 0.18880787437283908,
    "roll-in": 0.20405060945155834,
    "alternate": 0.23536467954138335,
    "dsfb-alt": 0.03537801287997639,
    "sft": 0.0,
    "sfT": 0.00011473915230879237,
    "dsfb-red": 0.014845944533096284,
    "oneh-in": 0.0025182366039305233,
    "oneh-out": 0.007568139976673471,
    "redirect": 0.02820987306109391,
    "bad-redirect": 0.0028426763948158633,
    "unknown": 0.07325982807452426
  },
  "english-1k": {
    "dsfb": 0.0,
    "sfb": 0.01834862385321101,
    "roll-out": 0.29957657021877204,
    "sfR": 0.10832745236414962,
    "roll-in": 0.1714890613973183,
    "alternate": 0.28757939308398023,
    "dsfb-alt": 0.043754410726887794,
    "sft": 0.0,
    "sfT": 0.0,
    "dsfb-red": 0.019760056457304165,
    "oneh-in": 0.0035285815102328866,
    "oneh-out": 0.014467184191954835,
    "redirect": 0.027875793930839804,
    "bad-redirect": 0.00529287226534933,
    "unknown": 0.0
  },
  "shai": {
    "dsfb": 0.0,
    "sfb": 0.017995740537701962,
    "roll-out": 0.2896039890600573,
    "sfR": 0.09823378925716947,
    "roll-in": 0.18540686356623182,
    "alternate": 0.2829218482409611,
    "dsfb-alt": 0.0417830137356164,
    "sft": 0.0,
    "sfT": 0.00005357419867830184,
    "dsfb-red": 0.012684827502072216,
    "oneh-in": 0.004310373655458685,
    "oneh-out": 0.00991800384130333,
    "redirect": 0.028903775599270876,
    "bad-redirect": 0.0045622946941649405,
    "unknown": 0.023621906111313578
  },
  "akl": {
    "dsfb": 0.0,
    "sfb": 0.02141176146968374,
    "roll-out": 0.26894192420739754,
    "sfR": 0.11790358951788564,
    "roll-in": 0.17080570638318382,
    "alternate": 0.24623593839814306,
    "dsfb-alt": 0.04332572411201279,
    "sft": 0.0,
    "sfT": 0.000128307257407901,
    "dsfb-red": 0.010859899007133536,
    "oneh-in": 0.0071600529882332765,
    "oneh-out": 0.008679542990737468,
    "redirect": 0.033363728089723634,
    "bad-redirect": 0.004261709136926457,
    "unknown": 0.06692211644153111
  },
  "monkeyracer": {
    "dsfb": 0.0,
    "sfb": 0.014885746907111688,
    "roll-out": 0.3056094280307177,
    "sfR": 0.09690789370786869,
    "roll-in": 0.1849076043605424,
    "alternate": 0.27845672302422697,
    "dsfb-alt": 0.038956316373930586,
    "sft": 0.0,
    "sfT": 7.820198007413547e-6,
    "dsfb-red": 0.013407729483710528,
    "oneh-in": 0.005814317218511973,
    "oneh-out": 0.01226891314888093,
    "redirect": 0.03012535777405884,
    "bad-redirect": 0.004300131379326525,
    "unknown": 0.014352018393105714
  },
  "tr-quotes": {
    "dsfb": 0.0,
    "sfb": 0.015011211021474307,
    "roll-out": 0.3054483252814313,
    "sfR": 0.09677191928064538,
    "roll-in": 0.18444326298513672,
    "alternate": 0.2787256420332401,
    "dsfb-alt": 0.03905711842074848,
    "sft": 0.0,
    "sfT": 8.09042786805668e-6,
    "dsfb-red": 0.013497145234737986,
    "oneh-in": 0.005726867155174406,
    "oneh-out": 0.012230415385682255,
    "redirect": 0.030023577818358335,
    "bad-redirect": 0.004286770994660317,
    "unknown": 0.01476965396084233
  },
  "reddit": {
    "dsfb": 0.0,
    "sfb": 0.01617545951349937,
    "roll-out": 0.2907345155267533,
    "sfR": 0.10397777127267367,
    "roll-in": 0.17415618280491224,
    "alternate": 0.26988961487598695,
    "dsfb-alt": 0.04147018848757641,
    "sft": 0.0,
    "sfT": 0.0000749148265244184,
    "dsfb-red": 0.011496579108090295,
    "oneh-in": 0.006011727541518265,
    "oneh-out": 0.010603594375919229,
    "redirect": 0.03058753638285372,
    "bad-redirect": 0.003604189761503031,
    "unknown": 0.041217725522189115
  },
  "keymash": {
    "dsfb": 0.0,
    "sfb": 0.015483574357690271,
    "roll-out": 0.30250027707880944,
    "sfR": 0.099723742164827,
    "roll-in": 0.1843292435132772,
    "alternate": 0.2800220021099038,
    "dsfb-alt": 0.03771145218030236,
    "sft": 0.0,
    "sfT": 0.000012314613752139664,
    "dsfb-red": 0.014531244227524803,
    "oneh-in": 0.006025950996047009,
    "oneh-out": 0.012281774782133959,
    "redirect": 0.02951402429262806,
    "bad-redirect": 0.004470204792026698,
    "unknown": 0.013394194891077241
  },
  "english-10k": {
    "dsfb": 0.0,
    "sfb": 0.022018100769958124,
    "roll-out": 0.26068582235001253,
    "sfR": 0.10567144593890508,
    "roll-in": 0.20184867138804732,
    "alternate": 0.29758206132648923,
    "dsfb-alt": 0.04957449682561124,
    "sft": 0.0,
    "sfT": 0.0,
    "dsfb-red": 0.012601069064664905,
    "oneh-in": 0.003512089693367554,
    "oneh-out": 0.0077574728391964646,
    "redirect": 0.03243858667335636,
    "bad-redirect": 0.006310183130391154,
    "unknown": 0.0
  },
  "wordle": {
    "dsfb": 0.0,
    "sfb": 0.038415797150230004,
    "roll-out": 0.24651632446987545,
    "sfR": 0.13138112868843263,
    "roll-in": 0.1682261864692023,
    "alternate": 0.26967351060249073,
    "dsfb-alt": 0.059486143834847974,
    "sft": 0.0,
    "sfT": 0.000022439133849433412,
    "dsfb-red": 0.022080107707842477,
    "oneh-in": 0.004263435431392348,
    "oneh-out": 0.010411758106137103,
    "redirect": 0.042589476046224616,
    "bad-redirect": 0.006933692359474925,
    "unknown": 0.0
  },
  "chained-bigrams": {
    "dsfb": 0.0,
    "sfb": 0.01969860574803472,
    "roll-out": 0.2673258840770361,
    "sfR": 0.11914286586209158,
    "roll-in": 0.1550364292397486,
    "alternate": 0.2830578874612122,
    "dsfb-alt": 0.056992719346487815,
    "sft": 0.0,
    "sfT": 0.00007726725835638906,
    "dsfb-red": 0.020220646720459395,
    "oneh-in": 0.005463898983773226,
    "oneh-out": 0.011945258420020921,
    "redirect": 0.033846954988250834,
    "bad-redirect": 0.0035393598764762754,
    "unknown": 0.02365222201805197
  },
  "english-450k": {
    "dsfb": 0.0,
    "sfb": 0.029415290057130294,
    "roll-out": 0.24051380429526734,
    "sfR": 0.11369548401129392,
    "roll-in": 0.19454704171955697,
    "alternate": 0.30130953557297807,
    "dsfb-alt": 0.04838534269698726,
    "sft": 0.0,
    "sfT": 0.00010553697857862447,
    "dsfb-red": 0.017973152094280482,
    "oneh-in": 0.0052221801893350935,
    "oneh-out": 0.007007538439140245,
    "redirect": 0.03803599483365794,
    "bad-redirect": 0.003635325010042092,
    "unknown": 0.00015377410175167997
  },
  "english-200": {
    "dsfb": 0.0,
    "sfb": 0.0066815144766146995,
    "roll-out": 0.33853006681514475,
    "sfR": 0.10690423162583519,
    "roll-in": 0.15812917594654788,
    "alternate": 0.2873051224944321,
    "dsfb-alt": 0.0378619153674833,
    "sft": 0.0,
    "sfT": 0.0,
    "dsfb-red": 0.017817371937639197,
    "oneh-in": 0.0066815144766146995,
    "oneh-out": 0.013363028953229399,
    "redirect": 0.026726057906458798,
    "bad-redirect": 0.0,
    "unknown": 0.0
  },
  "english-5k": {
    "dsfb": 0.0,
    "sfb": 0.019247521466793878,
    "roll-out": 0.2612934002571867,
    "sfR": 0.10644211224955408,
    "roll-in": 0.19927821794499523,
    "alternate": 0.3001202970091675,
    "dsfb-alt": 0.050690670759530425,
    "sft": 0.0,
    "sfT": 0.0,
    "dsfb-red": 0.013688970008711162,
    "oneh-in": 0.004023727548015099,
    "oneh-out": 0.00866968100551707,
    "redirect": 0.03048906956485668,
    "bad-redirect": 0.003899282366117725,
    "unknown": 0.002157049819554486
  },
  "movie": {
    "dsfb": 0.0,
    "sfb": 0.013226503962608317,
    "roll-out": 0.29143815250320804,
    "sfR": 0.11567713207251198,
    "roll-in": 0.16862368005722927,
    "alternate": 0.26749984767550183,
    "dsfb-alt": 0.04392498975839821,
    "sft": 0.0,
    "sfT": 8.290663830820978e-6,
    "dsfb-red": 0.014968859345466566,
    "oneh-in": 0.008017466717919638,
    "oneh-out": 0.01299818171266428,
    "redirect": 0.02821918251685867,
    "bad-redirect": 0.004946236361035512,
    "unknown": 0.030451476652766863
  },
  "gutenberg": {
    "dsfb": 0.0,
    "sfb": 0.017909163549484484,
    "roll-out": 0.31121545288839936,
    "sfR": 0.09863878308844841,
    "roll-in": 0.17157497358304133,
    "alternate": 0.25837585241814154,