{
  "english-1k": {
    "sfb": 0.017290049400141144,
    "unknown": 0.0,
    "outoneh": 0.015525758645024701,
    "red-sfs": 0.02328863796753705,
    "alt-sfs": 0.03493295695130558,
    "sft": 0.0,
    "inroll": 0.20324629498941427,
    "bad-red-sfs": 0.007410021171489062,
    "red": 0.07021877205363444,
    "sfr": 0.10832745236414962,
    "outroll": 0.2537050105857445,
    "inoneh": 0.04410726887791108,
    "bad-red": 0.005998588567395907,
    "alt": 0.21594918842625266
  },
  "shai": {
    "sfb": 0.02429577137711932,
    "unknown": 0.023260762136131256,
    "outoneh": 0.018490514247284442,
    "red-sfs": 0.02911838976750609,
    "alt-sfs": 0.030065563951074317,
    "sft": 0.00006188783679136298,
    "inroll": 0.1897464084928535,
    "bad-red-sfs": 0.007193758547797846,
    "red": 0.059956615039541646,
    "sfr": 0.09823378925716947,
    "outroll": 0.26319703353291224,
    "inoneh": 0.03780487984238457,
    "bad-red": 0.006727869699126805,
    "alt": 0.2118467562723071
  },
  "chained-bigrams": {
    "sfb": 0.026483190475479333,
    "unknown": 0.022916559801936097,
    "outoneh": 0.018995408766522368,
    "red-sfs": 0.030156956423214202,
    "alt-sfs": 0.036534427108730616,
    "sft": 0.0001227185868013238,
    "inroll": 0.18108458557154072,
    "bad-red-sfs": 0.010758978747608124,
    "red": 0.05467535090048821,
    "sfr": 0.11914286586209158,
    "outroll": 0.25779538980682537,
    "inoneh": 0.02929143326868423,
    "bad-red": 0.007368309645615992,
    "alt": 0.20467382503446185
  },
  "english-200": {
    "sfb": 0.013363028953229399,
    "unknown": 0.0,
    "outoneh": 0.031180400890868598,
    "red-sfs": 0.022271714922048998,
    "alt-sfs": 0.0334075723830735,
    "sft": 0.0,
    "inroll": 0.22048997772828507,
    "bad-red-sfs": 0.004454342984409799,
    "red": 0.066815144766147,
    "sfr": 0.10690423162583519,
    "outroll": 0.25389755011135856,
    "inoneh": 0.042316258351893093,
    "bad-red": 0.0066815144766146995,
    "alt": 0.19821826280623608
  },
  "english-450k": {
    "sfb": 0.03886099581301771,
    "unknown": 0.00015377410175167997,
    "outoneh": 0.013502593987841906,
    "red-sfs": 0.025300224931167088,
    "alt-sfs": 0.03564577229388277,
    "sft": 0.00006665493383913124,
    "inroll": 0.18099007133831999,
    "bad-red-sfs": 0.00916154524846796,
    "red": 0.0655983946685408,
    "sfr": 0.11369548401129392,
    "outroll": 0.2739848131995479,
    "inoneh": 0.04338300685084088,
    "bad-red": 0.007151080423855216,
    "alt": 0.19250558819763305
  },
  "english-5k": {
    "sfb": 0.026589787198738956,
    "unknown": 0.002157049819554486,
    "outoneh": 0.014435641100095408,
    "red-sfs": 0.027792757290413573,
    "alt-sfs": 0.03496909611316215,
    "sft": 0.0,
    "inroll": 0.17920106193221885,
    "bad-red-sfs": 0.009208943460405692,
    "red": 0.0715974613182893,
    "sfr": 0.10644211224955408,
    "outroll": 0.2829053801800307,
    "inoneh": 0.04778694984859169,
    "bad-red": 0.004770398639399345,
    "alt": 0.19214336084954578
  },
  "monkeyracer": {
    "sfb": 0.02276459639958084,
    "unknown": 0.013436077701487402,
    "outoneh": 0.022419530162503715,
    "red-sfs": 0.024770477188482413,
    "alt-sfs": 0.029703067081658506,
    "sft": 0.00001955049501853387,
    "inroll": 0.19516281652251435,
    "bad-red-sfs": 0.006030350188466772,
    "red": 0.05908746109451491,
    "sfr": 0.09690789370786869,
    "outroll": 0.25301957395561253,
    "inoneh": 0.03568356350782802,
    "bad-red": 0.006730257910130284,
    "alt": 0.23426478408433302
  },
  "tr-quotes": {
    "sfb": 0.022746815838746215,
    "unknown": 0.013835787429786644,
    "outoneh": 0.022460183537135064,
    "red-sfs": 0.024830678902475672,
    "alt-sfs": 0.02979704583805275,
    "sft": 0.00002080395737500289,
    "inroll": 0.19499780402672154,
    "bad-red-sfs": 0.006052795820716118,
    "red": 0.058936455467973464,
    "sfr": 0.09677191928064538,
    "outroll": 0.253139086012806,
    "inoneh": 0.035626777004692446,
    "bad-red": 0.00673239176163288,
    "alt": 0.23405145512124084
  },
  "movie": {
    "sfb": 0.020519392981281918,
    "unknown": 0.030236445784519856,
    "outoneh": 0.028429475862916637,
    "red-sfs": 0.02356838330344527,
    "alt-sfs": 0.03351467954149734,
    "sft": 9.606642216665577e-6,
    "inroll": 0.19306337264994225,
    "bad-red-sfs": 0.00696915833575583,
    "red": 0.05554968482975648,
    "sfr": 0.11567713207251198,
    "outroll": 0.22980601557407782,
    "inoneh": 0.028572785909135114,
    "bad-red": 0.006959814889216333,
    "alt": 0.2271240516237265
  },
  "gutenberg": {
    "sfb": 0.02347159566007919,
    "unknown": 0.032975828246008664,
    "outoneh": 0.018106177798540048,
    "red-sfs": 0.025446095196527397,
    "alt-sfs": 0.028120563627456664,
    "sft": 0.000022542976574626913,
    "inroll": 0.19777180673053718,
    "bad-red-sfs": 0.00564237443088456,
    "red": 0.05590658190507475,
    "sfr": 0.09863878308844841,
    "outroll": 0.24574212426067563,
    "inoneh": 0.035051676458653716,
    "bad-red": 0.008285775230231988,
    "alt": 0.2248180743903072
  },
  "keymash": {
    "sfb": 0.0224782749689056,
    "unknown": 0.01232282349464109,
    "outoneh": 0.02084453621112174,
    "red-sfs": 0.02566365505945906,
    "alt-sfs": 0.02953865352013234,
    "sft": 0.000012314613752139664,
    "inroll": 0.19400032017995755,
    "bad-red-sfs": 0.005800183077257782,
    "red": 0.05784995053630143,
    "sfr": 0.099723742164827,
    "outroll": 0.25558159868315733,
    "inoneh": 0.0355194509324215,
    "bad-red": 0.006432333249867618,
    "alt": 0.23423216330819785
  },
  "english-10k": {
    "sfb": 0.030779027807259607,
    "unknown": 0.0,
    "outoneh": 0.013893981204530982,
    "red-sfs": 0.029601898844097953,
    "alt-sfs": 0.034368306285096774,
    "sft": 0.00001929719611740414,
    "inroll": 0.17766928465293993,
    "bad-red-sfs": 0.008317091526601185,
    "red": 0.0704154686324077,
    "sfr": 0.10567144593890508,
    "outroll": 0.28081279790046504,
    "inoneh": 0.04556068003319118,
    "bad-red": 0.0067540186410914495,
    "alt": 0.1961367013372957
  },
  "mt-quotes": {
    "sfb": 0.022130980982775727,
    "unknown": 0.007977133909467972,
    "outoneh": 0.02304538554404083,
    "red-sfs": 0.02448273389034317,
    "alt-sfs": 0.029419323221094657,
    "sft": 0.000011953000800851053,
    "inroll": 0.19805674089480163,
    "bad-red-sfs": 0.005839040891215739,
    "red": 0.058518903670766544,
    "sfr": 0.0964592223377679,
    "outroll": 0.252640119051888,
    "inoneh": 0.03489827996318476,
    "bad-red": 0.006737010076379675,
    "alt": 0.23978317256547257
  }
}