{
  "dutch": {
    "dsfb": 0.0,
    "sfb": 0.035548642317915206,
    "roll-out": 0.24326317647103968,
    "sfR": 0.18880787437283908,
    "roll-in": 0.16606832801691263,
    "alternate": 0.1346768865499642,
    "dsfb-alt": 0.028178512101977162,
    "sft": 0.0,
    "sfT": 0.0000845257640230735,
    "dsfb-red": 0.029927015570994128,
    "oneh-in": 0.008336205547723186,
    "oneh-out": 0.009998694996795588,
    "redirect": 0.04150518043955477,
    "bad-redirect": 0.012688242408845848,
    "unknown": 0.10091671544141545
  },
  "english-1k": {
    "dsfb": 0.0,
    "sfb": 0.022935779816513763,
    "roll-out": 0.3119266055045872,
    "sfR": 0.10832745236414962,
    "roll-in": 0.22477064220183487,
    "alternate": 0.16019760056457305,
    "dsfb-alt": 0.029992942836979536,
    "sft": 0.0,
    "sfT": 0.0,
    "dsfb-red": 0.027170077628793227,
    "oneh-in": 0.022230063514467185,
    "oneh-out": 0.027875793930839804,
    "redirect": 0.05716302046577276,
    "bad-redirect": 0.007410021171489062,
    "unknown": 0.0
  },
  "shai": {
    "dsfb": 0.0,
    "sfb": 0.019143808290291806,
    "roll-out": 0.268884932126963,
    "sfR": 0.09823378925716947,
    "roll-in": 0.21166696804249896,
    "alternate": 0.15840028108456905,
    "dsfb-alt": 0.027561092080741062,
    "sft": 0.0,
    "sfT": 0.000030042113144125045,
    "dsfb-red": 0.029071492024016352,
    "oneh-in": 0.019290438727867842,
    "oneh-out": 0.04260480989635664,
    "redirect": 0.053547005186038166,
    "bad-redirect": 0.007002579704876684,
    "unknown": 0.06456276146546681
  },
  "akl": {
    "dsfb": 0.0,
    "sfb": 0.02185931899141946,
    "roll-out": 0.2554675557349751,
    "sfR": 0.11790358951788564,
    "roll-in": 0.19864838124069834,
    "alternate": 0.14541691556787703,
    "dsfb-alt": 0.027254419227824497,
    "sft": 0.0,
    "sfT": 0.00011517295582872425,
    "dsfb-red": 0.028469032352634684,
    "oneh-in": 0.01215164517659502,
    "oneh-out": 0.033248059499873056,
    "redirect": 0.04234052758506907,
    "bad-redirect": 0.007198464624927095,
    "unknown": 0.10992691752439232
  },
  "monkeyracer": {
    "dsfb": 0.0,
    "sfb": 0.017346176705194175,
    "roll-out": 0.27871087945946793,
    "sfR": 0.09690789370786869,
    "roll-in": 0.2066594851181632,
    "alternate": 0.14886431174437337,
    "dsfb-alt": 0.021333500164224157,
    "sft": 0.0,
    "sfT": 0.000011730297011120321,
    "dsfb-red": 0.023885817288893756,
    "oneh-in": 0.013629627602170886,
    "oneh-out": 0.04751747814254657,
    "redirect": 0.04815873437915448,
    "bad-redirect": 0.0069541110780924975,
    "unknown": 0.0900202543128392
  },
  "tr-quotes": {
    "dsfb": 0.0,
    "sfb": 0.017347033124523244,
    "roll-out": 0.27812579459559417,
    "sfR": 0.09677191928064538,
    "roll-in": 0.20675319571900788,
    "alternate": 0.14898985229190265,
    "dsfb-alt": 0.02131943320773907,
    "sft": 0.0,
    "sfT": 0.000011557754097223828,
    "dsfb-red": 0.02395228959108666,
    "oneh-in": 0.01385774716257137,
    "oneh-out": 0.047702318485471906,
    "redirect": 0.0481773421788678,
    "bad-redirect": 0.006928873581285685,
    "unknown": 0.09006264302720696
  },
  "reddit": {
    "dsfb": 0.0,
    "sfb": 0.01797555042264136,
    "roll-out": 0.26242397783869603,
    "sfR": 0.10397777127267367,
    "roll-in": 0.20224287499131458,
    "alternate": 0.14607642023996342,
    "dsfb-alt": 0.02561101937166313,
    "sft": 0.0,
    "sfT": 0.00003618386121129409,
    "dsfb-red": 0.02573477866508147,
    "oneh-in": 0.015214639405910443,
    "oneh-out": 0.04103886637386207,
    "redirect": 0.04851562826289186,
    "bad-redirect": 0.007185155926783492,
    "unknown": 0.1039671333673072
  },
  "keymash": {
    "dsfb": 0.0,
    "sfb": 0.0175729538243033,
    "roll-out": 0.277657596269493,
    "sfR": 0.099723742164827,
    "roll-in": 0.20915139996634005,
    "alternate": 0.1472253122780804,
    "dsfb-alt": 0.02240028241514205,
    "sft": 0.0,
    "sfT": 8.209742501426442e-6,
    "dsfb-red": 0.023340297931555377,
    "oneh-in": 0.013566599483607196,
    "oneh-out": 0.04829381026464105,
    "redirect": 0.049032687089769426,
    "bad-redirect": 0.00708500777873102,
    "unknown": 0.0849421007910087
  },
  "english-10k": {
    "dsfb": 0.0,
    "sfb": 0.023870631597228922,
    "roll-out": 0.2691765886416704,
    "sfR": 0.10567144593890508,
    "roll-in": 0.224657957198819,
    "alternate": 0.18394087339109627,
    "dsfb-alt": 0.03365431002875282,
    "sft": 0.0,
    "sfT": 0.0,
    "dsfb-red": 0.034445495069566394,
    "oneh-in": 0.03095270257231624,
    "oneh-out": 0.019374384901873758,
    "redirect": 0.06645954342833986,
    "bad-redirect": 0.007796067231431273,
    "unknown": 0.0
  },
  "wordle": {
    "dsfb": 0.0,
    "sfb": 0.03675530124537193,
    "roll-out": 0.2684393582407719,
    "sfR": 0.13138112868843263,
    "roll-in": 0.1972624256703691,
    "alternate": 0.17987209693705822,
    "dsfb-alt": 0.03644115337147986,
    "sft": 0.0,
    "sfT": 0.000044878267698866824,
    "dsfb-red": 0.036059688096039495,
    "oneh-in": 0.016290811174688658,
    "oneh-out": 0.026612812745428028,
    "redirect": 0.06049590485807248,
    "bad-redirect": 0.010344440704588802,
    "unknown": 0.0
  },
  "chained-bigrams": {
    "dsfb": 0.0,
    "sfb": 0.01966419259935498,
    "roll-out": 0.24757987908648024,
    "sfR": 0.11914286586209158,
    "roll-in": 0.200981878555349,
    "alternate": 0.15235739808026574,
    "dsfb-alt": 0.04077763327141131,
    "sft": 0.0,
    "sfT": 0.000028569406451101837,
    "dsfb-red": 0.03538775502253412,
    "oneh-in": 0.016094315402351393,
    "oneh-out": 0.04370145229980475,
    "redirect": 0.051783997106698294,
    "bad-redirect": 0.012624431127926659,
    "unknown": 0.05987563217928082
  },
  "english-450k": {
    "dsfb": 0.0,
    "sfb": 0.029149839706577967,
    "roll-out": 0.2706775006270826,
    "sfR": 0.11369548401129392,
    "roll-in": 0.2033837903386597,
    "alternate": 0.18410735888010357,
    "dsfb-alt": 0.03661753106616905,
    "sft": 0.0,
    "sfT": 0.00003069635111012623,
    "dsfb-red": 0.03858122049861399,
    "oneh-in": 0.02198151085686087,
    "oneh-out": 0.0269961252434513,
    "redirect": 0.06400218441081423,
    "bad-redirect": 0.01062239921510892,
    "unknown": 0.0001543587941537776
  },
  "english-200": {
    "dsfb": 0.0,
    "sfb": 0.017817371937639197,
    "roll-out": 0.36525612472160357,
    "sfR": 0.10690423162583519,
    "roll-in": 0.21380846325167038,
    "alternate": 0.1291759465478842,
    "dsfb-alt": 0.024498886414253896,
    "sft": 0.0,
    "sfT": 0.0,
    "dsfb-red": 0.0334075723830735,
    "oneh-in": 0.008908685968819599,
    "oneh-out": 0.0400890868596882,
    "redirect": 0.05790645879732739,
    "bad-redirect": 0.0022271714922048997,
    "unknown": 0.0
  },
  "english-5k": {
    "dsfb": 0.0,
    "sfb": 0.0236445845605011,
    "roll-out": 0.2780934998133322,
    "sfR": 0.10644211224955408,
    "roll-in": 0.22109760650433485,
    "alternate": 0.17733438420375824,
    "dsfb-alt": 0.036047621022939395,
    "sft": 0.0,
    "sfT": 0.0,
    "dsfb-red": 0.032106856929522545,
    "oneh-in": 0.03318538183929979,
    "oneh-out": 0.02181938855933961,
    "redirect": 0.06056332185672211,
    "bad-redirect": 0.007425229186543328,
    "unknown": 0.0022400132741527356
  },
  "movie": {
    "dsfb": 0.0,
    "sfb": 0.013308752611723604,
    "roll-out": 0.2662059777265394,
    "sfR": 0.11567713207251198,
    "roll-in": 0.18116284850891096,
    "alternate": 0.12911735092498147,
    "dsfb-alt": 0.020767981298367964,
    "sft": 0.0,
    "sfT": 9.738240055250037e-6,
    "dsfb-red": 0.02120343854624394,
    "oneh-in": 0.011100146086760613,
    "oneh-out": 0.03767448721915212,
    "redirect": 0.04234305214077442,
    "bad-redirect": 0.006928626201471817,
    "unknown": 0.15450046842250645
  },
  "gutenberg": {
    "dsfb": 0.0,
    "sfb": 0.018696462798594986,
    "roll-out": 0.2665981663277643,
    "sfR": 0.09863878308844841,
    "roll-in": 0.20451234616312855,
    "alternate": 0.14694213047420193,