{
  "dutch": {
    "dsfb": 0.0,
    "sfb": 0.06704605477879155,
    "roll-out": 0.19345006734627007,
    "sfR": 0.18880787437283908,
    "roll-in": 0.12377910566864488,
    "alternate": 0.2321006474128428,
    "dsfb-alt": 0.0442613945445702,
    "sft": 0.0,
    "sfT": 0.0001944953250653963,
    "dsfb-red": 0.01896728379559339,
    "oneh-in": 0.005070577578495728,
    "oneh-out": 0.014234755480807255,
    "redirect": 0.03614469777987002,
    "bad-redirect": 0.0023403451943265962,
    "unknown": 0.07360270072188302
  },
  "english-1k": {
    "dsfb": 0.0,
    "sfb": 0.017642907551164433,
    "roll-out": 0.17995765702187722,
    "sfR": 0.10832745236414962,
    "roll-in": 0.20677487649964715,
    "alternate": 0.36450247000705716,
    "dsfb-alt": 0.043048694424841216,
    "sft": 0.0,
    "sfT": 0.0,
    "dsfb-red": 0.015172900494001412,
    "oneh-in": 0.011997177134791814,
    "oneh-out": 0.0077628793225123505,
    "redirect": 0.040931545518701484,
    "bad-redirect": 0.0038814396612561752,
    "unknown": 0.0
  },
  "shai": {
    "dsfb": 0.0,
    "sfb": 0.024825061392424463,
    "roll-out": 0.16197219622167597,
    "sfR": 0.09823378925716947,
    "roll-in": 0.1980093752138401,
    "alternate": 0.36794368740968403,
    "dsfb-alt": 0.04557353343243644,
    "sft": 0.0,
    "sfT": 0.00007748558427536504,
    "dsfb-red": 0.016977103125958893,
    "oneh-in": 0.008450139690794589,
    "oneh-out": 0.006418496312119674,
    "redirect": 0.04373389716416695,
    "bad-redirect": 0.0036874855440231133,
    "unknown": 0.024097749651430984
  },
  "akl": {
    "dsfb": 0.0,
    "sfb": 0.02753779797982051,
    "roll-out": 0.13619638804228404,
    "sfR": 0.11790358951788564,
    "roll-in": 0.18524129508674278,
    "alternate": 0.33977769079400694,
    "dsfb-alt": 0.052024658783855364,
    "sft": 0.0,
    "sfT": 0.00022898291809734524,
    "dsfb-red": 0.01751180321445923,
    "oneh-in": 0.007076600609803319,
    "oneh-out": 0.005690931793200174,
    "redirect": 0.03431763771903771,
    "bad-redirect": 0.003181350877786439,
    "unknown": 0.07331127266302054
  },
  "monkeyracer": {
    "dsfb": 0.0,
    "sfb": 0.02400214273425403,
    "roll-out": 0.15026510471245133,
    "sfR": 0.09690789370786869,
    "roll-in": 0.2045763798739384,
    "alternate": 0.3864917809718942,
    "dsfb-alt": 0.053326907737303905,
    "sft": 0.0,
    "sfT": 0.00004887623754633467,
    "dsfb-red": 0.01595222641037271,
    "oneh-in": 0.008788925035581902,
    "oneh-out": 0.005926732564868542,
    "redirect": 0.0373600184556673,
    "bad-redirect": 0.0028612149459624316,
    "unknown": 0.013491796612290222
  },
  "tr-quotes": {
    "dsfb": 0.0,
    "sfb": 0.024032038094357503,
    "roll-out": 0.15056632995076397,
    "sfR": 0.09677191928064538,
    "roll-in": 0.20444857955202145,
    "alternate": 0.3861676798964425,
    "dsfb-alt": 0.053258130880007394,
    "sft": 0.0,
    "sfT": 0.000048542567208340074,
    "dsfb-red": 0.015815630706641087,
    "oneh-in": 0.008735350546681769,
    "oneh-out": 0.005807771433854973,
    "redirect": 0.03758812787499133,
    "bad-redirect": 0.0028651672407017867,
    "unknown": 0.013894731975682485
  },
  "reddit": {
    "dsfb": 0.0,
    "sfb": 0.024006755819055973,
    "roll-out": 0.14907233906750145,
    "sfR": 0.10397777127267367,
    "roll-in": 0.19593838030773886,
    "alternate": 0.35707642642043663,
    "dsfb-alt": 0.05013614833285481,
    "sft": 0.0,
    "sfT": 0.00011390799373037817,
    "dsfb-red": 0.017404324870392666,
    "oneh-in": 0.008280560520223539,
    "oneh-out": 0.006027047623542508,
    "redirect": 0.03962514868251977,
    "bad-redirect": 0.0031417779947810584,
    "unknown": 0.04519941109454869
  },
  "keymash": {
    "dsfb": 0.0,
    "sfb": 0.023475758682828914,
    "roll-out": 0.15339082889665165,
    "sfR": 0.099723742164827,
    "roll-in": 0.20350720199660938,
    "alternate": 0.38388755936670044,
    "dsfb-alt": 0.052759910185417036,
    "sft": 0.0,
    "sfT": 0.00003283897000570577,
    "dsfb-red": 0.01596794916527443,
    "oneh-in": 0.008513502973979221,
    "oneh-out": 0.00588638537352276,
    "redirect": 0.0372558114714732,
    "bad-redirect": 0.003222323931809879,
    "unknown": 0.012376186820900362
  },
  "english-10k": {
    "dsfb": 0.0,
    "sfb": 0.030277300708207097,
    "roll-out": 0.19876112000926266,
    "sfR": 0.10567144593890508,
    "roll-in": 0.19818220412574053,
    "alternate": 0.3249261882248509,
    "dsfb-alt": 0.041122324926188225,
    "sft": 0.0,
    "sfT": 0.00015437756893923313,
    "dsfb-red": 0.02120761853302715,
    "oneh-in": 0.008741629841184076,
    "oneh-out": 0.006599641072152216,
    "redirect": 0.05903012292313927,
    "bad-redirect": 0.005326026128403543,
    "unknown": 0.0
  },
  "wordle": {
    "dsfb": 0.0,
    "sfb": 0.041489958487602376,
    "roll-out": 0.1863794457533939,
    "sfR": 0.13138112868843263,
    "roll-in": 0.1981824301581959,
    "alternate": 0.29235947492426795,
    "dsfb-alt": 0.043688993604846856,
    "sft": 0.0,
    "sfT": 0.0001570739369460339,
    "dsfb-red": 0.029686974082800403,
    "oneh-in": 0.010097610232245036,
    "oneh-out": 0.008100527319645461,
    "redirect": 0.051767081790642884,
    "bad-redirect": 0.0067093010209805905,
    "unknown": 0.0
  },
  "chained-bigrams": {
    "dsfb": 0.0,
    "sfb": 0.025796226111268746,
    "roll-out": 0.15981401316400332,
    "sfR": 0.11914286586209158,
    "roll-in": 0.19179746368601183,
    "alternate": 0.34281145035838373,
    "dsfb-alt": 0.06702382753428492,
    "sft": 0.0,
    "sfT": 0.00012077067272511231,
    "dsfb-red": 0.019051898274732502,
    "oneh-in": 0.007689715468190888,
    "oneh-out": 0.004166588209016375,
    "redirect": 0.03593446957325748,
    "bad-redirect": 0.0034913113292630586,
    "unknown": 0.023159399756770463
  },
  "english-450k": {
    "dsfb": 0.0,
    "sfb": 0.03684877691119867,
    "roll-out": 0.18916553285065027,
    "sfR": 0.11369548401129392,
    "roll-in": 0.2017665311544576,
    "alternate": 0.31179570145839824,
    "dsfb-alt": 0.04173914416234335,
    "sft": 0.0,
    "sfT": 0.0003724490601361982,
    "dsfb-red": 0.024423478674221673,
    "oneh-in": 0.008758399837221636,
    "oneh-out": 0.007389634923911054,
    "redirect": 0.05847391774898103,
    "bad-redirect": 0.005417175105434657,
    "unknown": 0.00015377410175167997
  },
  "english-200": {
    "dsfb": 0.0,
    "sfb": 0.017817371937639197,
    "roll-out": 0.133630289532294,
    "sfR": 0.10690423162583519,
    "roll-in": 0.2182628062360802,
    "alternate": 0.40311804008908686,
    "dsfb-alt": 0.0556792873051225,
    "sft": 0.0,
    "sfT": 0.0,
    "dsfb-red": 0.0066815144766146995,
    "oneh-in": 0.017817371937639197,
    "oneh-out": 0.008908685968819599,
    "redirect": 0.031180400890868598,
    "bad-redirect": 0.0,
    "unknown": 0.0
  },
  "english-5k": {
    "dsfb": 0.0,
    "sfb": 0.030530551292155806,
    "roll-out": 0.193885593396109,
    "sfR": 0.10644211224955408,
    "roll-in": 0.19894636412660224,
    "alternate": 0.3255071141162318,
    "dsfb-alt": 0.04218691666320985,
    "sft": 0.0,
    "sfT": 0.00016592690919649896,
    "dsfb-red": 0.01725639855643589,
    "oneh-in": 0.009001534823910067,
    "oneh-out": 0.0059318870037748375,
    "redirect": 0.06209814576678973,
    "bad-redirect": 0.005890405276475713,
    "unknown": 0.002157049819554486
  },
  "movie": {
    "dsfb": 0.0,
    "sfb": 0.024246375367832407,
    "roll-out": 0.1375963312628168,
    "sfR": 0.11567713207251198,
    "roll-in": 0.2010721539105153,
    "alternate": 0.3594930535422914,
    "dsfb-alt": 0.05919757691531771,
    "sft": 0.0,
    "sfT": 0.00007079963715843945,
    "dsfb-red": 0.019824951187071723,
    "oneh-in": 0.0075943796668706,
    "oneh-out": 0.006745573608000832,
    "redirect": 0.03540916202575922,
    "bad-redirect": 0.00279013737366772,
    "unknown": 0.030282373430185833
  },
  "gutenberg": {
    "dsfb": 0.0,
    "sfb": 0.021200627566157954,
    "roll-out": 0.14511633880843508,
    "sfR": 0.09863878308844841,
    "roll-in": 0.20071811693780753,