{
  "chained-bigrams": {
    "dsfb-alt": 0.051527521753330446,
    "redirect": 0.033904093801153036,
    "dsfb": 0.0,
    "unknown": 0.023159399756770463,
    "sfb": 0.017002043361865945,
    "sft": 0.0,
    "bad-redirect": 0.004034779356526064,
    "roll-out": 0.2713723509180194,
    "oneh-in": 0.005772968017198783,
    "alternate": 0.28916914322297965,
    "oneh-out": 0.011859550200667614,
    "dsfb-red": 0.02024077516591358,
    "roll-in": 0.15277165447380672,
    "sfR": 0.11914286586209158,
    "sfT": 0.000042854109676652756
  },
  "akl": {
    "dsfb-alt": 0.0385823206600953,
    "redirect": 0.030997633223637133,
    "dsfb": 0.0,
    "unknown": 0.07331127266302054,
    "sfb": 0.020597125000511123,
    "sft": 0.0,
    "bad-redirect": 0.0032003708333751524,
    "roll-out": 0.26504469193929325,
    "oneh-in": 0.006503214000768976,
    "alternate": 0.24990393993113907,
    "oneh-out": 0.011072526002509643,
    "dsfb-red": 0.011156040335192333,
    "roll-in": 0.1715899852685178,
    "sfR": 0.11790358951788564,
    "sfT": 0.000137290624054036
  },
  "reddit": {
    "dsfb-alt": 0.03831327769783741,
    "redirect": 0.029193708577953652,
    "dsfb": 0.0,
    "unknown": 0.04519941109454869,
    "sfb": 0.013238948143395218,
    "sft": 0.0,
    "bad-redirect": 0.003121813193512301,
    "roll-out": 0.2891354210971763,
    "oneh-in": 0.006680267453422175,
    "alternate": 0.2729255756783022,
    "oneh-out": 0.011556098937763945,
    "dsfb-red": 0.0116102623573411,
    "roll-in": 0.17499283158753695,
    "sfR": 0.10397777127267367,
    "sfT": 0.000054612908536301007
  },
  "dutch": {
    "dsfb-alt": 0.03531643853257392,
    "redirect": 0.030849823896290582,
    "dsfb": 0.0,
    "unknown": 0.07360270072188302,
    "sfb": 0.02656943848893037,
    "sft": 0.0,
    "bad-redirect": 0.0036220383662335315,
    "roll-out": 0.21379570922549046,
    "oneh-in": 0.0038664171608602752,
    "alternate": 0.23363679648573646,
    "oneh-out": 0.006217467039345076,
    "dsfb-red": 0.011534772346512312,
    "roll-in": 0.17211722765965587,
    "sfR": 0.18880787437283908,
    "sfT": 0.00006329570364901346
  },
  "french": {
    "dsfb-alt": 0.033990615046862516,
    "redirect": 0.02804438333652222,
    "dsfb": 0.0,
    "unknown": 0.1584254645227596,
    "sfb": 0.04949548434657828,
    "sft": 0.0,
    "bad-redirect": 0.002100199044209652,
    "roll-out": 0.21635280239705817,
    "oneh-in": 0.0060085411760020975,
    "alternate": 0.19883903337598513,
    "oneh-out": 0.015899535867142735,
    "dsfb-red": 0.015003532043298172,
    "roll-in": 0.1668199533456565,
    "sfR": 0.10898279115633469,
    "sfT": 0.00003766434159022895
  },
  "english-450k": {
    "dsfb-alt": 0.041271974933067335,
    "redirect": 0.04014995021344196,
    "dsfb": 0.0,
    "unknown": 0.00015377410175167997,
    "sfb": 0.023366939503631234,
    "sft": 0.0,
    "bad-redirect": 0.0018768626107334323,
    "roll-out": 0.23797156173094677,
    "oneh-in": 0.006989997667077316,
    "alternate": 0.30136069615816163,
    "oneh-out": 0.008207327248244608,
    "dsfb-red": 0.01932993081334806,
    "roll-in": 0.20560883727484228,
    "sfR": 0.11369548401129392,
    "sfT": 0.00001666373345978281
  },
  "english-5k": {
    "dsfb-alt": 0.04085950138963786,
    "redirect": 0.0316920396565313,
    "dsfb": 0.0,
    "unknown": 0.002157049819554486,
    "sfb": 0.016343800555855145,
    "sft": 0.0,
    "bad-redirect": 0.0022400132741527356,
    "roll-out": 0.25569336707180484,
    "oneh-in": 0.006761521549757332,
    "alternate": 0.3080433069233003,
    "oneh-out": 0.007591156095739827,
    "dsfb-red": 0.013896378645206786,
    "roll-in": 0.20823827104160617,
    "sfR": 0.10644211224955408,
    "sfT": 0.00004148172729912474
  },
  "gutenberg": {
    "dsfb-alt": 0.03262707513782473,
    "redirect": 0.028120753064234602,
    "dsfb": 0.0,
    "unknown": 0.03298207965968062,
    "sfb": 0.014757503874929292,
    "sft": 0.0,
    "bad-redirect": 0.0026176373975478544,
    "roll-out": 0.3303974421488496,
    "oneh-in": 0.006128090329517698,
    "alternate": 0.26381496118629855,
    "oneh-out": 0.013505137335980901,
    "dsfb-red": 0.019752762272377503,
    "roll-in": 0.1566295484243975,
    "sfR": 0.09863878308844841,
    "sfT": 0.000028226079912768152
  },
  "english-1k": {
    "dsfb-alt": 0.035638673253352154,
    "redirect": 0.02928722653493296,
    "dsfb": 0.0,
    "unknown": 0.0,
    "sfb": 0.01305575158786168,
    "sft": 0.0,
    "bad-redirect": 0.0028228652081863093,
    "roll-out": 0.292166549047283,
    "oneh-in": 0.006351446718419196,
    "alternate": 0.29675370501058573,
    "oneh-out": 0.01305575158786168,
    "dsfb-red": 0.01834862385321101,
    "roll-in": 0.18419195483415668,
    "sfR": 0.10832745236414962,
    "sfT": 0.0
  },
  "monkeyracer": {
    "dsfb-alt": 0.03628962885340257,
    "redirect": 0.02924754054772667,
    "dsfb": 0.0,
    "unknown": 0.013491796612290222,
    "sfb": 0.012662855623504388,
    "sft": 0.0,
    "bad-redirect": 0.0038387396968891253,
    "roll-out": 0.3125703817820667,
    "oneh-in": 0.006978549196865665,
    "alternate": 0.281910317969251,
    "oneh-out": 0.013203426810766849,
    "dsfb-red": 0.013396976711450334,
    "roll-in": 0.1794803869433974,
    "sfR": 0.09690789370786869,
    "sfT": 0.000021505544520387257
  },
  "tr-quotes": {
    "dsfb-alt": 0.03627401123413698,
    "redirect": 0.02912785187582349,
    "dsfb": 0.0,
    "unknown": 0.013894731975682485,
    "sfb": 0.012788654908578166,
    "sft": 0.0,
    "bad-redirect": 0.0037574258570074663,
    "roll-out": 0.3127297103626823,
    "oneh-in": 0.006883798340306511,
    "alternate": 0.28226462633781,
    "oneh-out": 0.013235939992140728,
    "dsfb-red": 0.013471718175724094,
    "roll-in": 0.1787776519266776,
    "sfR": 0.09677191928064538,
    "sfT": 0.00002195973278472527
  },
  "movie": {
    "dsfb-alt": 0.0411999933148298,
    "redirect": 0.027510133362565598,
    "dsfb": 0.0,
    "unknown": 0.030282373430185833,
    "sfb": 0.011179104789911288,
    "sft": 0.0,
    "bad-redirect": 0.00457499885838875,
    "roll-out": 0.28699633065746677,
    "oneh-in": 0.008682956987641252,
    "alternate": 0.27266690520968206,
    "oneh-out": 0.013776846123568528,
    "dsfb-red": 0.01450892489961388,
    "roll-in": 0.17293403566222468,
    "sfR": 0.11567713207251198,
    "sfT": 0.000010264631409587877
  },
  "shai": {
    "dsfb-alt": 0.039061849287519664,
    "redirect": 0.027951469253627268,
    "dsfb": 0.0,
    "unknown": 0.024097749651430984,
    "sfb": 0.015129261591022881,
    "sft": 0.0,
    "bad-redirect": 0.0025310151339176926,
    "roll-out": 0.2948501772492416,
    "oneh-in": 0.005652883005592277,
    "alternate": 0.28552580122880833,
    "oneh-out": 0.012154879517270229,
    "dsfb-red": 0.01258317508521866,
    "roll-in": 0.18218967913691742,
    "sfR": 0.09823378925716947,
    "sfT": 0.000038270602263476996
  },
  "keymash": {
    "dsfb-alt": 0.03565901655494575,
    "redirect": 0.028885978991268938,
    "dsfb": 0.0,
    "unknown": 0.012376186820900362,
    "sfb": 0.013410614376080094,
    "sft": 0.0,
    "bad-redirect": 0.003649230541884054,
    "roll-out": 0.30893671519992777,
    "oneh-in": 0.0070316444524717485,
    "alternate": 0.28299803376667093,
    "oneh-out": 0.013361355921071535,
    "dsfb-red": 0.014568188068781223,
    "roll-in": 0.1793869785274185,
    "sfR": 0.099723742164827,
    "sfT": 0.000012314613752139664
  },
  "english-200": {
    "dsfb-alt": 0.042316258351893093,
    "redirect": 0.026726057906458798,
    "dsfb": 0.0,
    "unknown": 0.0,
    "sfb": 0.0066815144766146995,
    "sft": 0.0,
    "bad-redirect": 0.004454342984409799,
    "roll-out": 0.33184855233853006,
    "oneh-in": 0.0066815144766146995,
    "alternate": 0.28507795100222716,
    "oneh-out": 0.008908685968819599,
    "dsfb-red": 0.017817371937639197,
    "roll-in": 0.16258351893095768,
    "sfR": 0.10690423162583519,
    "sfT": 0.0
  },
  "wordle": {
    "dsfb-alt": 0.04938853360260294,
    "redirect": 0.039223605968809604,
    "dsfb": 0.0,
    "unknown": 0.0,