{
  "chained-bigrams": {
    "bad-redirect": 0.0039380329574075605,
    "dsfb-red": 0.020419983260925038,
    "sfb": 0.016923477494125417,
    "oneh-in": 0.006357342240062229,
    "roll-in": 0.15960883288130906,
    "unknown": 0.023159399756770463,
    "dsfb-alt": 0.05215734730463883,
    "alternate": 0.2885393176716713,
    "sfR": 0.11914286586209158,
    "sfT": 0.000034413148679736306,
    "roll-out": 0.2644410233301669,
    "oneh-out": 0.010756381528839842,
    "redirect": 0.03452158256331208,
    "sft": 0.0,
    "dsfb": 0.0
  },
  "gutenberg": {
    "bad-redirect": 0.002220009600655906,
    "dsfb-red": 0.01967793474509198,
    "sfb": 0.014526391005844881,
    "oneh-in": 0.0065113209312863555,
    "roll-in": 0.1658481103491964,
    "unknown": 0.03298207965968062,
    "dsfb-alt": 0.03253368280630127,
    "alternate": 0.26390835351782205,
    "sfR": 0.09863878308844841,
    "sfT": 0.00016840929558691872,
    "roll-out": 0.3217655659253248,
    "oneh-out": 0.012890793865127833,
    "redirect": 0.028328565209632634,
    "sft": 0.0,
    "dsfb": 0.0
  },
  "mt-quotes": {
    "bad-redirect": 0.0026281660510871253,
    "dsfb-red": 0.01342023164915552,
    "sfb": 0.0110744552419885,
    "oneh-in": 0.007703709016148504,
    "roll-in": 0.18965378133180336,
    "unknown": 0.007995063410669249,
    "dsfb-alt": 0.03625942792938167,
    "alternate": 0.2816321224943522,
    "sfR": 0.0964592223377679,
    "sfT": 7.470625500531909e-6,
    "roll-out": 0.31024461816138943,
    "oneh-out": 0.012735922353306797,
    "redirect": 0.03018580939744923,
    "sft": 0.0,
    "dsfb": 0.0
  },
  "english-200": {
    "bad-redirect": 0.004454342984409799,
    "dsfb-red": 0.017817371937639197,
    "sfb": 0.004454342984409799,
    "oneh-in": 0.0066815144766146995,
    "roll-in": 0.16926503340757237,
    "unknown": 0.0,
    "dsfb-alt": 0.035634743875278395,
    "alternate": 0.29175946547884185,
    "sfR": 0.10690423162583519,
    "sfT": 0.0,
    "roll-out": 0.32516703786191536,
    "oneh-out": 0.008908685968819599,
    "redirect": 0.028953229398663696,
    "sft": 0.0,
    "dsfb": 0.0
  },
  "tr-quotes": {
    "bad-redirect": 0.0024687362751670094,
    "dsfb-red": 0.013441668015071311,
    "sfb": 0.012114837844710015,
    "oneh-in": 0.007779524282841358,
    "roll-in": 0.1883243568109845,
    "unknown": 0.013894731975682485,
    "dsfb-alt": 0.03665772867016481,
    "alternate": 0.2818809089017822,
    "sfR": 0.09677191928064538,
    "sfT": 0.000024271283604170037,
    "roll-out": 0.30413767596680613,
    "oneh-out": 0.012588705762696193,
    "redirect": 0.02991493492984443,
    "sft": 0.0,
    "dsfb": 0.0
  },
  "english-1k": {
    "bad-redirect": 0.0014114326040931546,
    "dsfb-red": 0.01834862385321101,
    "sfb": 0.015172900494001412,
    "oneh-in": 0.008468595624558928,
    "roll-in": 0.19654199011997178,
    "unknown": 0.0,
    "dsfb-alt": 0.038108680310515175,
    "alternate": 0.29428369795342274,
    "sfR": 0.10832745236414962,
    "sfT": 0.0,
    "roll-out": 0.2784050811573747,
    "oneh-out": 0.011644318983768526,
    "redirect": 0.02928722653493296,
    "sft": 0.0,
    "dsfb": 0.0
  },
  "english-450k": {
    "bad-redirect": 0.0011179318728106924,
    "dsfb-red": 0.01954100477050531,
    "sfb": 0.02725923682439524,
    "oneh-in": 0.007093488222248598,
    "roll-in": 0.2054150117435469,
    "unknown": 0.00015377410175167997,
    "dsfb-alt": 0.04345726278590727,
    "alternate": 0.2991754083053217,
    "sfR": 0.11369548401129392,
    "sfT": 0.00014471136951916652,
    "roll-out": 0.23522146101768052,
    "oneh-out": 0.007776116601697596,
    "redirect": 0.03994910837332142,
    "sft": 0.0,
    "dsfb": 0.0
  },
  "dutch": {
    "bad-redirect": 0.003643573250109584,
    "dsfb-red": 0.011512394715307222,
    "sfb": 0.027355739677716925,
    "oneh-in": 0.0038665068148314493,
    "roll-in": 0.17002231917681587,
    "unknown": 0.07360270072188302,
    "dsfb-alt": 0.03387517922277108,
    "alternate": 0.2350780557955393,
    "sfR": 0.18880787437283908,
    "sfT": 0.000049148306997718375,
    "roll-out": 0.21518306856782335,
    "oneh-out": 0.006396882566458964,
    "redirect": 0.030606556810906398,
    "sft": 0.0,
    "dsfb": 0.0
  },
  "monkeyracer": {
    "bad-redirect": 0.002537654253405696,
    "dsfb-red": 0.013407729483710528,
    "sfb": 0.01199422869387053,
    "oneh-in": 0.007834860878677448,
    "roll-in": 0.18897019722539374,
    "unknown": 0.013491796612290222,
    "dsfb-alt": 0.03660732439745374,
    "alternate": 0.2815926224251998,
    "sfR": 0.09690789370786869,
    "sfT": 0.00002248306927131395,
    "roll-out": 0.304045388429235,
    "oneh-out": 0.01254946275239689,
    "redirect": 0.030038358071226363,
    "sft": 0.0,
    "dsfb": 0.0
  },
  "reddit": {
    "bad-redirect": 0.0018284087135682174,
    "dsfb-red": 0.011637194237476629,
    "sfb": 0.013328396446265375,
    "oneh-in": 0.007485601838559673,
    "roll-in": 0.18142074844781161,
    "unknown": 0.04519941109454869,
    "dsfb-alt": 0.03929541107357254,
    "alternate": 0.2719434423025671,
    "sfR": 0.10397777127267367,
    "sfT": 0.00004547329970032196,
    "roll-out": 0.2828572964325372,
    "oneh-out": 0.011186656470758777,
    "redirect": 0.029794188369960128,
    "sft": 0.0,
    "dsfb": 0.0
  },
  "akl": {
    "bad-redirect": 0.0019269011684695974,
    "dsfb-red": 0.010856739340244207,
    "sfb": 0.02240643699729545,
    "oneh-in": 0.007356076243877216,
    "roll-in": 0.17290316760942454,
    "unknown": 0.07331127266302054,
    "dsfb-alt": 0.03948301158631262,
    "alternate": 0.24900324900492177,
    "sfR": 0.11790358951788564,
    "sfT": 0.0012836921166063293,
    "roll-out": 0.2629263521298819,
    "oneh-out": 0.009571002733297721,
    "redirect": 0.031068508888762503,
    "sft": 0.0,
    "dsfb": 0.0
  },
  "wordle": {
    "bad-redirect": 0.0007404914170313026,
    "dsfb-red": 0.023583529675754517,
    "sfb": 0.03556602715135196,
    "oneh-in": 0.005879053068551554,
    "roll-in": 0.18002917087400427,
    "unknown": 0.0,
    "dsfb-alt": 0.05125098171210591,
    "alternate": 0.2741837765062269,
    "sfR": 0.13138112868843263,
    "sfT": 0.00026926960619320093,
    "roll-out": 0.23920116683496018,
    "oneh-out": 0.017121059127117692,
    "redirect": 0.04079434533826994,
    "sft": 0.0,
    "dsfb": 0.0
  },
  "shai": {
    "bad-redirect": 0.0016980876774543732,
    "dsfb-red": 0.012497360381195016,
    "sfb": 0.015560173555323468,
    "oneh-in": 0.006340968153347454,
    "roll-in": 0.19009578642526875,
    "unknown": 0.024097749651430984,
    "dsfb-alt": 0.03997431364492498,
    "alternate": 0.28461333687140306,
    "sfR": 0.09823378925716947,
    "sfT": 0.00003996197091124595,
    "roll-out": 0.2868062330921191,
    "oneh-out": 0.011693341008095966,
    "redirect": 0.02834889831135612,
    "sft": 0.0,
    "dsfb": 0.0
  },
  "english-5k": {
    "bad-redirect": 0.0016592690919649893,
    "dsfb-red": 0.013896378645206786,
    "sfb": 0.018791222466503506,
    "oneh-in": 0.007466710913842453,
    "roll-in": 0.21827684904799435,
    "unknown": 0.002157049819554486,
    "dsfb-alt": 0.04301655120919235,
    "alternate": 0.3058862571037458,
    "sfR": 0.10644211224955408,
    "sfT": 0.0,
    "roll-out": 0.2439955199734517,
    "oneh-out": 0.006761521549757332,
    "redirect": 0.03165055792923217,
    "sft": 0.0,
    "dsfb": 0.0
  },
  "french": {
    "bad-redirect": 0.0019166265790127248,
    "dsfb-red": 0.014997569271638303,
    "sfb": 0.0494724272973709,
    "oneh-in": 0.00604548638935194,
    "roll-in": 0.16925146076294742,
    "unknown": 0.1584254645227596,
    "dsfb-alt": 0.034986937260240956,
    "alternate": 0.19784271116260668,
    "sfR": 0.10898279115633469,
    "sfT": 0.00006268401162033332,
    "roll-out": 0.21383338155238005,
    "oneh-out": 0.015919971094640377,
    "redirect": 0.028262488939096025,
    "sft": 0.0,
    "dsfb": 0.0
  },
  "english-10k": {
    "bad-redirect": 0.001235020551513865,
    "dsfb-red": 0.013083498967600008,
    "sfb": 0.019258601725169334,