{
  "dutch": {
    "dsfb": 0.0,
    "sfb": 0.040947514808056765,
    "roll-out": 0.15806086565069113,
    "sfR": 0.18880787437283908,
    "roll-in": 0.2310167667629347,
    "alternate": 0.199451145560789,
    "dsfb-alt": 0.029622281722972887,
    "sft": 0.0,
    "sfT": 0.0017683887198234147,
    "dsfb-red": 0.020292979136552643,
    "oneh-in": 0.0048183450959941206,
    "oneh-out": 0.010546480760670194,
    "redirect": 0.039476131763939375,
    "bad-redirect": 0.001931397570212418,
    "unknown": 0.07325982807452426
  },
  "english-1k": {
    "dsfb": 0.0,
    "sfb": 0.022230063514467185,
    "roll-out": 0.2399435426958363,
    "sfR": 0.10832745236414962,
    "roll-in": 0.28793225123500354,
    "alternate": 0.20748059280169373,
    "dsfb-alt": 0.04163726182074806,
    "sft": 0.0,
    "sfT": 0.0,
    "dsfb-red": 0.012702893436838392,
    "oneh-in": 0.00529287226534933,
    "oneh-out": 0.020465772759350742,
    "redirect": 0.05257586450247001,
    "bad-redirect": 0.0014114326040931546,
    "unknown": 0.0
  },
  "shai": {
    "dsfb": 0.0,
    "sfb": 0.02287958879538325,
    "roll-out": 0.19842297096914727,
    "sfR": 0.09823378925716947,
    "roll-in": 0.29551435488180855,
    "alternate": 0.23663950749202772,
    "dsfb-alt": 0.043768258653537416,
    "sft": 0.0,
    "sfT": 0.0000714167832691826,
    "dsfb-red": 0.01289903527738291,
    "oneh-in": 0.008696727306167605,
    "oneh-out": 0.01245977097088121,
    "redirect": 0.045086411521061374,
    "bad-redirect": 0.0017062619808504557,
    "unknown": 0.023621906111313578
  },
  "akl": {
    "dsfb": 0.0,
    "sfb": 0.027966335545967516,
    "roll-out": 0.17411189508022518,
    "sfR": 0.11790358951788564,
    "roll-in": 0.2625323850367593,
    "alternate": 0.2272588551523201,
    "dsfb-alt": 0.05035660248329992,
    "sft": 0.0,
    "sfT": 0.00011325237399403331,
    "dsfb-red": 0.011423310981478033,
    "oneh-in": 0.007131182306460181,
    "oneh-out": 0.012622869222874353,
    "redirect": 0.03991080570142684,
    "bad-redirect": 0.001746800155777773,
    "unknown": 0.06692211644153111
  },
  "monkeyracer": {
    "dsfb": 0.0,
    "sfb": 0.021455690758089997,
    "roll-out": 0.18446674069787447,
    "sfR": 0.09690789370786869,
    "roll-in": 0.3083464973333125,
    "alternate": 0.24043003268842766,
    "dsfb-alt": 0.04781562319157921,
    "sft": 0.0,
    "sfT": 0.00003128079202965419,
    "dsfb-red": 0.012536754930634844,
    "oneh-in": 0.010963917606393795,
    "oneh-out": 0.014262086116020457,
    "redirect": 0.0462369207188326,
    "bad-redirect": 0.002194543065830427,
    "unknown": 0.014352018393105714
  },
  "tr-quotes": {
    "dsfb": 0.0,
    "sfb": 0.021499734171655766,
    "roll-out": 0.18482466887034513,
    "sfR": 0.09677191928064538,
    "roll-in": 0.3077656549779247,
    "alternate": 0.24093178613531818,
    "dsfb-alt": 0.047653775918263565,
    "sft": 0.0,
    "sfT": 0.00003236171147222672,
    "dsfb-red": 0.012474283997133677,
    "oneh-in": 0.010828459813689004,
    "oneh-out": 0.014235685721550588,
    "redirect": 0.04605071542497862,
    "bad-redirect": 0.002161300016180856,
    "unknown": 0.01476965396084233
  },
  "reddit": {
    "dsfb": 0.0,
    "sfb": 0.021277421401705097,
    "roll-out": 0.18425084330683783,
    "sfR": 0.10397777127267367,
    "roll-in": 0.2808153804633744,
    "alternate": 0.24411509389543426,
    "dsfb-alt": 0.047285639183600695,
    "sft": 0.0,
    "sfT": 0.00008315545744210442,
    "dsfb-red": 0.012590710149479427,
    "oneh-in": 0.008823280980979687,
    "oneh-out": 0.012446723852899494,
    "redirect": 0.04142501484718218,
    "bad-redirect": 0.0016912396662020074,
    "unknown": 0.041217725522189115
  },
  "keymash": {
    "dsfb": 0.0,
    "sfb": 0.021534154581241558,
    "roll-out": 0.186221589159856,
    "sfR": 0.099723742164827,
    "roll-in": 0.3088956664874206,
    "alternate": 0.23752427005126983,
    "dsfb-alt": 0.04647535230057509,
    "sft": 0.0,
    "sfT": 0.00006567794001141154,
    "dsfb-red": 0.012376186820900362,
    "oneh-in": 0.010890223428142177,
    "oneh-out": 0.014802165730071877,
    "redirect": 0.045843202127965256,
    "bad-redirect": 0.0022535743166415584,
    "unknown": 0.013394194891077241
  },
  "english-10k": {
    "dsfb": 0.0,
    "sfb": 0.022423341888423612,
    "roll-out": 0.2297138225815789,
    "sfR": 0.10567144593890508,
    "roll-in": 0.27618147083228806,
    "alternate": 0.2417745701549565,
    "dsfb-alt": 0.04386252677485961,
    "sft": 0.0,
    "sfT": 0.00005789158835221242,
    "dsfb-red": 0.01495532699098821,
    "oneh-in": 0.005654078462399414,
    "oneh-out": 0.012871229810308563,
    "redirect": 0.04482738658072982,
    "bad-redirect": 0.002006908396210031,
    "unknown": 0.0
  },
  "wordle": {
    "dsfb": 0.0,
    "sfb": 0.041400201952204646,
    "roll-out": 0.2277347694378997,
    "sfR": 0.13138112868843263,
    "roll-in": 0.2283406260518344,
    "alternate": 0.2221698642432402,
    "dsfb-alt": 0.05165488612139572,
    "sft": 0.0,
    "sfT": 0.0006058566139347021,
    "dsfb-red": 0.02071132054302704,
    "oneh-in": 0.008863457870526198,
    "oneh-out": 0.01492202400987322,
    "redirect": 0.05008414675193538,
    "bad-redirect": 0.002131717715696174,
    "unknown": 0.0
  },
  "chained-bigrams": {
    "dsfb": 0.0,
    "sfb": 0.023537944392247562,
    "roll-out": 0.17017302022129602,
    "sfR": 0.11914286586209158,
    "roll-in": 0.25719673088073636,
    "alternate": 0.2523691504951922,
    "dsfb-alt": 0.05511882600517236,
    "sft": 0.0,
    "sfT": 0.0000870068287374465,
    "dsfb-red": 0.025306001068755524,
    "oneh-in": 0.012849739856075121,
    "oneh-out": 0.0062703354113247825,
    "redirect": 0.05003282235218416,
    "bad-redirect": 0.004263334608134879,
    "unknown": 0.02365222201805197
  },
  "english-450k": {
    "dsfb": 0.0,
    "sfb": 0.030083008780325802,
    "roll-out": 0.21710213582287563,
    "sfR": 0.11369548401129392,
    "roll-in": 0.2555044404464477,
    "alternate": 0.25048280975103215,
    "dsfb-alt": 0.04561594713445177,
    "sft": 0.0,
    "sfT": 0.00019908776291424727,
    "dsfb-red": 0.018844928465808066,
    "oneh-in": 0.007143771768828995,
    "oneh-out": 0.009182594174943475,
    "redirect": 0.050280330772185716,
    "bad-redirect": 0.0017116870071408484,
    "unknown": 0.00015377410175167997
  },
  "english-200": {
    "dsfb": 0.0,
    "sfb": 0.022271714922048998,
    "roll-out": 0.19821826280623608,
    "sfR": 0.10690423162583519,
    "roll-in": 0.30957683741648107,
    "alternate": 0.23385300668151449,
    "dsfb-alt": 0.04899777282850779,
    "sft": 0.0,
    "sfT": 0.0,
    "dsfb-red": 0.008908685968819599,
    "oneh-in": 0.008908685968819599,
    "oneh-out": 0.015590200445434299,
    "redirect": 0.044543429844097995,
    "bad-redirect": 0.0022271714922048997,
    "unknown": 0.0
  },
  "english-5k": {
    "dsfb": 0.0,
    "sfb": 0.020906790558758867,
    "roll-out": 0.2230472476873937,
    "sfR": 0.10644211224955408,
    "roll-in": 0.2826979715435351,
    "alternate": 0.24171402497199984,
    "dsfb-alt": 0.04500767411955034,
    "sft": 0.0,
    "sfT": 0.0,
    "dsfb-red": 0.015306757373377028,
    "oneh-in": 0.006720039822458207,
    "oneh-out": 0.010370431824781184,
    "redirect": 0.04372174057327747,
    "bad-redirect": 0.0019081594557597379,
    "unknown": 0.002157049819554486
  },
  "movie": {
    "dsfb": 0.0,
    "sfb": 0.023932119729292718,
    "roll-out": 0.16841615026578158,
    "sfR": 0.11567713207251198,
    "roll-in": 0.2870573920545699,
    "alternate": 0.24279616981858843,
    "dsfb-alt": 0.05010811420428906,
    "sft": 0.0,
    "sfT": 0.00011001579305660853,
    "dsfb-red": 0.013892389025845685,
    "oneh-in": 0.012806180466169551,
    "oneh-out": 0.013558656907195493,
    "redirect": 0.03908995357096657,
    "bad-redirect": 0.002104249438965515,
    "unknown": 0.030451476652766863
  },
  "gutenberg": {
    "dsfb": 0.0,
    "sfb": 0.021819706956459472,
    "roll-out": 0.18635899860688193,
    "sfR": 0.09863878308844841,
    "roll-in": 0.31273757739913155,