{
  "english-1k": {
    "sfb": 0.15314043754410728,
    "unknown": 0.0,
    "outoneh": 0.008115737473535639,
    "red-sfs": 0.021524347212420608,
    "alt-sfs": 0.05434015525758645,
    "sft": 0.005998588567395907,
    "inroll": 0.18560338743824983,
    "bad-red-sfs": 0.003175723359209598,
    "red": 0.051517290049400144,
    "sfr": 0.10832745236414962,
    "outroll": 0.19865913902611151,
    "inoneh": 0.010938602681721948,
    "bad-red": 0.0056457304163726185,
    "alt": 0.1930134086097389
  },
  "shai": {
    "sfb": 0.15625190617633644,
    "unknown": 0.024097749651430984,
    "outoneh": 0.00810308787407114,
    "red-sfs": 0.020254673673448347,
    "alt-sfs": 0.04914258833743648,
    "sft": 0.005491657256412726,
    "inroll": 0.1619513269773996,
    "bad-red-sfs": 0.003221453490226289,
    "red": 0.04180272185725127,
    "sfr": 0.09823378925716947,
    "outroll": 0.22440358548479036,
    "inoneh": 0.009429910457318216,
    "bad-red": 0.00401100140480358,
    "alt": 0.19360454810190508
  },
  "chained-bigrams": {
    "sfb": 0.15844657748250285,
    "unknown": 0.023159399756770463,
    "outoneh": 0.01059730187928257,
    "red-sfs": 0.019683022435425024,
    "alt-sfs": 0.04865369918622643,
    "sft": 0.005478832991690848,
    "inroll": 0.14685064498681588,
    "bad-red-sfs": 0.0046262959310022864,
    "red": 0.04260282876082148,
    "sfr": 0.11914286586209158,
    "outroll": 0.2231303109065657,
    "inoneh": 0.012077067272511231,
    "bad-red": 0.006993011533599245,
    "alt": 0.17855814101469442
  },
  "english-200": {
    "sfb": 0.155902004454343,
    "unknown": 0.0,
    "outoneh": 0.011135857461024499,
    "red-sfs": 0.013363028953229399,
    "alt-sfs": 0.0378619153674833,
    "sft": 0.013363028953229399,
    "inroll": 0.1759465478841871,
    "bad-red-sfs": 0.0066815144766146995,
    "red": 0.044543429844097995,
    "sfr": 0.10690423162583519,
    "outroll": 0.23162583518930957,
    "inoneh": 0.008908685968819599,
    "bad-red": 0.0022271714922048997,
    "alt": 0.1915367483296214
  },
  "english-450k": {
    "sfb": 0.154480994865816,
    "unknown": 0.00015377410175167997,
    "outoneh": 0.011788860557293716,
    "red-sfs": 0.02343944136149134,
    "alt-sfs": 0.05242966004229665,
    "sft": 0.005124536558184787,
    "inroll": 0.17961516715478737,
    "bad-red-sfs": 0.0035786098470386206,
    "red": 0.05571592368828645,
    "sfr": 0.11369548401129392,
    "outroll": 0.18773508288891838,
    "inoneh": 0.014748281150510934,
    "bad-red": 0.004478743800067941,
    "alt": 0.1930154399722622
  },
  "english-5k": {
    "sfb": 0.15978761355622847,
    "unknown": 0.002157049819554486,
    "outoneh": 0.006968930186252956,
    "red-sfs": 0.018874185921101756,
    "alt-sfs": 0.056290703944912264,
    "sft": 0.004438544821006347,
    "inroll": 0.18359812502592607,
    "bad-red-sfs": 0.003442983365827353,
    "red": 0.04596175384743021,
    "sfr": 0.10644211224955408,
    "outroll": 0.18289293566184095,
    "inoneh": 0.012942298917326917,
    "bad-red": 0.0041896544572115986,
    "alt": 0.21201310822582653
  },
  "monkeyracer": {
    "sfb": 0.16188885152572063,
    "unknown": 0.013491796612290222,
    "outoneh": 0.010634491765331499,
    "red-sfs": 0.02121815224361481,
    "alt-sfs": 0.05066706289003237,
    "sft": 0.006254203356428985,
    "inroll": 0.15432280995354802,
    "bad-red-sfs": 0.002742934451100302,
    "red": 0.042956347654722615,
    "sfr": 0.09690789370786869,
    "outroll": 0.2401964042729562,
    "inoneh": 0.007799669987644088,
    "bad-red": 0.003475100489544395,
    "alt": 0.18744428108919717
  },
  "tr-quotes": {
    "sfb": 0.16115785580545988,
    "unknown": 0.013894731975682485,
    "outoneh": 0.010570721897320912,
    "red-sfs": 0.021269734865121008,
    "alt-sfs": 0.05077899262615289,
    "sft": 0.006168373361688357,
    "inroll": 0.15468782506183398,
    "bad-red-sfs": 0.002754212801368438,
    "red": 0.04290931786135318,
    "sfr": 0.09677191928064538,
    "outroll": 0.2401007836157278,
    "inoneh": 0.007778368507431636,
    "bad-red": 0.0034580800258893693,
    "alt": 0.18769908231432467
  },
  "movie": {
    "sfb": 0.1670855645198541,
    "unknown": 0.030282373430185833,
    "outoneh": 0.011033162786921123,
    "red-sfs": 0.022370579776649517,
    "alt-sfs": 0.0532952822569661,
    "sft": 0.005165346762278637,
    "inroll": 0.1395534543182449,
    "bad-red-sfs": 0.0021145140703751025,
    "red": 0.04175323062823887,
    "sfr": 0.11567713207251198,
    "outroll": 0.22037124013460355,
    "inoneh": 0.006061791238715979,
    "bad-red": 0.003980045030148407,
    "alt": 0.1812562829743059
  },
  "gutenberg": {
    "sfb": 0.14768737475861018,
    "unknown": 0.03298207965968062,
    "outoneh": 0.013767696710203028,
    "red-sfs": 0.020616972853330848,
    "alt-sfs": 0.04557337397888841,
    "sft": 0.005509768686327931,
    "inroll": 0.1536616424244422,
    "bad-red-sfs": 0.0031853794210281645,
    "red": 0.03848919623111741,
    "sfr": 0.09863878308844841,
    "outroll": 0.25850447999036147,
    "inoneh": 0.007835105135517387,
    "bad-red": 0.0036457107914176046,
    "alt": 0.16990243627062634
  },
  "keymash": {
    "sfb": 0.16040605386412055,
    "unknown": 0.012376186820900362,
    "outoneh": 0.011021579308164999,
    "red-sfs": 0.02074601930110462,
    "alt-sfs": 0.05120005911014601,
    "sft": 0.0060957338073091335,
    "inroll": 0.1544047320955778,
    "bad-red-sfs": 0.0030252901117756442,
    "red": 0.0422555446548419,
    "sfr": 0.099723742164827,
    "outroll": 0.24022117046298844,
    "inoneh": 0.007897772286372238,
    "bad-red": 0.003579447730621929,
    "alt": 0.18704666828124936
  },
  "english-10k": {
    "sfb": 0.15258292970031453,
    "unknown": 0.0,
    "outoneh": 0.006696127052739237,
    "red-sfs": 0.02022346153103954,
    "alt-sfs": 0.05800737152891685,
    "sft": 0.00438046351865074,
    "inroll": 0.1854653518843712,
    "bad-red-sfs": 0.0033770093205457248,
    "red": 0.04762548001775342,
    "sfr": 0.10567144593890508,
    "outroll": 0.18587059300283668,
    "inoneh": 0.01327647092877405,
    "bad-red": 0.004573435479824781,
    "alt": 0.21224986009532815
  },
  "mt-quotes": {
    "sfb": 0.16287607128769677,
    "unknown": 0.007995063410669249,
    "outoneh": 0.010807006849069458,
    "red-sfs": 0.021077622787200725,
    "alt-sfs": 0.05070164114700996,
    "sft": 0.0063933613033552075,
    "inroll": 0.15363938991883913,
    "bad-red-sfs": 0.0026475896773885082,
    "red": 0.04299195563046103,
    "sfr": 0.0964592223377679,
    "outroll": 0.24543694194427512,
    "inoneh": 0.007545331755537228,
    "bad-red": 0.0034828056083479756,
    "alt": 0.18794599634238177
  }
}