{
  "english-450k": {
    "bad-redirect": 0.004478743800067941,
    "dsfb-red": 0.027018051208529962,
    "sfb": 0.154480994865816,
    "oneh-in": 0.008161428894679943,
    "roll-in": 0.18773508288891838,
    "unknown": 0.00015377410175167997,
    "dsfb-alt": 0.05242966004229665,
    "alternate": 0.1930154399722622,
    "sfR": 0.11369548401129392,
    "sfT": 0.005124536558184787,
    "roll-out": 0.17961516715478737,
    "oneh-out": 0.01837571281312471,
    "redirect": 0.05571592368828645,
    "sft": 0.0,
    "dsfb": 0.0
  },
  "english-5k": {
    "bad-redirect": 0.0041896544572115986,
    "dsfb-red": 0.022317169286929107,
    "sfb": 0.15978761355622847,
    "oneh-in": 0.006346704276766085,
    "roll-in": 0.18289293566184095,
    "unknown": 0.002157049819554486,
    "dsfb-alt": 0.056290703944912264,
    "alternate": 0.21201310822582653,
    "sfR": 0.10644211224955408,
    "sfT": 0.004438544821006347,
    "roll-out": 0.18359812502592607,
    "oneh-out": 0.013564524826813789,
    "redirect": 0.04596175384743021,
    "sft": 0.0,
    "dsfb": 0.0
  },
  "reddit": {
    "bad-redirect": 0.004094694588171661,
    "dsfb-red": 0.023377396361424333,
    "sfb": 0.1528787988606204,
    "oneh-in": 0.00733363711295489,
    "roll-in": 0.21914639424639148,
    "unknown": 0.04519941109454869,
    "dsfb-alt": 0.04839913570764639,
    "alternate": 0.18496081111780974,
    "sfR": 0.10397777127267367,
    "sfT": 0.006257598002171406,
    "roll-out": 0.15478002478557035,
    "oneh-out": 0.009057277441628708,
    "redirect": 0.04053704940838825,
    "sft": 0.0,
    "dsfb": 0.0
  },
  "tr-quotes": {
    "bad-redirect": 0.0034580800258893693,
    "dsfb-red": 0.024023947666489447,
    "sfb": 0.16115785580545988,
    "oneh-in": 0.0085562053581748,
    "roll-in": 0.2401007836157278,
    "unknown": 0.013894731975682485,
    "dsfb-alt": 0.05077899262615289,
    "alternate": 0.18769908231432467,
    "sfR": 0.09677191928064538,
    "sfT": 0.006168373361688357,
    "roll-out": 0.15468782506183398,
    "oneh-out": 0.00979288504657775,
    "redirect": 0.04290931786135318,
    "sft": 0.0,
    "dsfb": 0.0
  },
  "wordle": {
    "bad-redirect": 0.005744418265454953,
    "dsfb-red": 0.029440143610456635,
    "sfb": 0.17121059127117694,
    "oneh-in": 0.01005273196454617,
    "roll-in": 0.16986424324021093,
    "unknown": 0.0,
    "dsfb-alt": 0.05932906989790194,
    "alternate": 0.17607988331650398,
    "sfR": 0.13138112868843263,
    "sfT": 0.011062492987770673,
    "roll-out": 0.17109839560192977,
    "oneh-out": 0.014046897789745315,
    "redirect": 0.050690003365870075,
    "sft": 0.0,
    "dsfb": 0.0
  },
  "english-10k": {
    "bad-redirect": 0.004573435479824781,
    "dsfb-red": 0.023600470851585266,
    "sfb": 0.15258292970031453,
    "oneh-in": 0.006831207425561066,
    "roll-in": 0.18587059300283668,
    "unknown": 0.0,
    "dsfb-alt": 0.05800737152891685,
    "alternate": 0.21224986009532815,
    "sfR": 0.10567144593890508,
    "sfT": 0.00438046351865074,
    "roll-out": 0.1854653518843712,
    "oneh-out": 0.01314139055595222,
    "redirect": 0.04762548001775342,
    "sft": 0.0,
    "dsfb": 0.0
  },
  "chained-bigrams": {
    "bad-redirect": 0.006993011533599245,
    "dsfb-red": 0.024309318366427312,
    "sfb": 0.15844657748250285,
    "oneh-in": 0.01180111277838127,
    "roll-in": 0.2231303109065657,
    "unknown": 0.023159399756770463,
    "dsfb-alt": 0.04865369918622643,
    "alternate": 0.17855814101469442,
    "sfR": 0.11914286586209158,
    "sfT": 0.005478832991690848,
    "roll-out": 0.14685064498681588,
    "oneh-out": 0.010873256373412531,
    "redirect": 0.04260282876082148,
    "sft": 0.0,
    "dsfb": 0.0
  },
  "gutenberg": {
    "bad-redirect": 0.0036457107914176046,
    "dsfb-red": 0.023802352274359014,
    "sfb": 0.14768737475861018,
    "oneh-in": 0.011208784713815966,
    "roll-in": 0.25850447999036147,
    "unknown": 0.03298207965968062,
    "dsfb-alt": 0.04557337397888841,
    "alternate": 0.16990243627062634,
    "sfR": 0.09863878308844841,
    "sfT": 0.005509768686327931,
    "roll-out": 0.1536616424244422,
    "oneh-out": 0.01039401713190445,
    "redirect": 0.03848919623111741,
    "sft": 0.0,
    "dsfb": 0.0
  },
  "shai": {
    "bad-redirect": 0.00401100140480358,
    "dsfb-red": 0.023476127163674636,
    "sfb": 0.15625190617633644,
    "oneh-in": 0.007376855977134244,
    "roll-in": 0.22440358548479036,
    "unknown": 0.024097749651430984,
    "dsfb-alt": 0.04914258833743648,
    "alternate": 0.19360454810190508,
    "sfR": 0.09823378925716947,
    "sfT": 0.005491657256412726,
    "roll-out": 0.1619513269773996,
    "oneh-out": 0.010156142354255111,
    "redirect": 0.04180272185725127,
    "sft": 0.0,
    "dsfb": 0.0
  },
  "mt-quotes": {
    "bad-redirect": 0.0034828056083479756,
    "dsfb-red": 0.023725212464589234,
    "sfb": 0.16287607128769677,
    "oneh-in": 0.008945326974336908,
    "roll-in": 0.24543694194427512,
    "unknown": 0.007995063410669249,
    "dsfb-alt": 0.05070164114700996,
    "alternate": 0.18794599634238177,
    "sfR": 0.0964592223377679,
    "sfT": 0.0063933613033552075,
    "roll-out": 0.15363938991883913,
    "oneh-out": 0.009407011630269779,
    "redirect": 0.04299195563046103,
    "sft": 0.0,
    "dsfb": 0.0
  },
  "dutch": {
    "bad-redirect": 0.0037834513759356335,
    "dsfb-red": 0.018758372111963177,
    "sfb": 0.1154496958919367,
    "oneh-in": 0.007735506010061542,
    "roll-in": 0.16620006556215605,
    "unknown": 0.07360270072188302,
    "dsfb-alt": 0.04489167989271934,
    "alternate": 0.16823748791867912,
    "sfR": 0.18880787437283908,
    "sfT": 0.003646029768919758,
    "roll-out": 0.15781349241342715,
    "oneh-out": 0.013590788936656923,
    "redirect": 0.037482855022822496,
    "sft": 0.0,
    "dsfb": 0.0
  },
  "keymash": {
    "bad-redirect": 0.003579447730621929,
    "dsfb-red": 0.023771309412880266,
    "sfb": 0.16040605386412055,
    "oneh-in": 0.00866538321025561,
    "roll-in": 0.24022117046298844,
    "unknown": 0.012376186820900362,
    "dsfb-alt": 0.05120005911014601,
    "alternate": 0.18704666828124936,
    "sfR": 0.099723742164827,
    "sfT": 0.0060957338073091335,
    "roll-out": 0.1544047320955778,
    "oneh-out": 0.010253968384281628,
    "redirect": 0.0422555446548419,
    "sft": 0.0,
    "dsfb": 0.0
  },
  "akl": {
    "bad-redirect": 0.004298138237532853,
    "dsfb-red": 0.02140067165844472,
    "sfb": 0.14965031161130496,
    "oneh-in": 0.006477379077379747,
    "roll-in": 0.2015381134508754,
    "unknown": 0.07331127266302054,
    "dsfb-alt": 0.04679844584039767,
    "alternate": 0.1742648601302204,
    "sfR": 0.11790358951788564,
    "sfT": 0.00769911694125411,
    "roll-out": 0.14523167235220844,
    "oneh-out": 0.009829909555464606,
    "redirect": 0.0415965189640109,
    "sft": 0.0,
    "dsfb": 0.0
  },
  "french": {
    "bad-redirect": 0.002126387297630384,
    "dsfb-red": 0.024669469558874602,
    "sfb": 0.15723485782977015,
    "oneh-in": 0.0039739176382126646,
    "roll-in": 0.13877224404102248,
    "unknown": 0.1584254645227596,
    "dsfb-alt": 0.04081234044435803,
    "alternate": 0.14359142201661745,
    "sfR": 0.10898279115633469,
    "sfT": 0.005801237478872424,
    "roll-out": 0.15591233605018484,
    "oneh-out": 0.011840970842301275,
    "redirect": 0.04785656112306137,
    "sft": 0.0,
    "dsfb": 0.0
  },
  "monkeyracer": {
    "bad-redirect": 0.003475100489544395,
    "dsfb-red": 0.02396108669471511,
    "sfb": 0.16188885152572063,
    "oneh-in": 0.008670644540719771,
    "roll-in": 0.2401964042729562,
    "unknown": 0.013491796612290222,
    "dsfb-alt": 0.05066706289003237,
    "alternate": 0.18744428108919717,
    "sfR": 0.09690789370786869,
    "sfT": 0.006254203356428985,
    "roll-out": 0.15432280995354802,
    "oneh-out": 0.009763517212255815,
    "redirect": 0.042956347654722615,
    "sft": 0.0,
    "dsfb": 0.0
  },
  "english-200": {
    "bad-redirect": 0.0022271714922048997,
    "dsfb-red": 0.0200445434298441,
    "sfb": 0.155902004454343,