{
  "dutch": {
    "dsfb-alt": 0.025445715614232447,
    "redirect": 0.01750911574682708,
    "dsfb": 0.0,
    "unknown": 0.07289366332545442,
    "sfb": 0.030249034704657764,
    "sft": 0.0,
    "bad-redirect": 0.023437377005958295,
    "roll-out": 0.14732220263741183,
    "oneh-in": 0.005277624459525517,
    "alternate": 0.22019519175711347,
    "oneh-out": 0.010743217435014947,
    "dsfb-red": 0.007894444570159235,
    "roll-in": 0.2501331630433851,
    "sfR": 0.18880787437283908,
    "sfT": 0.00009137532742078543
  },
  "akl": {
    "dsfb-alt": 0.03790472699796579,
    "redirect": 0.02638297070889667,
    "dsfb": 0.0,
    "unknown": 0.06491114335210424,
    "sfb": 0.021625999275630876,
    "sft": 0.0,
    "bad-redirect": 0.030544995453177393,
    "roll-out": 0.2149713442994839,
    "oneh-in": 0.009127410283736847,
    "alternate": 0.22547135105249744,
    "oneh-out": 0.016582799194743404,
    "dsfb-red": 0.013200778492358128,
    "roll-in": 0.22109731885536793,
    "sfR": 0.11790358951788564,
    "sfT": 0.00027557251615178345
  },
  "gutenberg": {
    "dsfb-alt": 0.03419068630292532,
    "redirect": 0.03303114378516657,
    "dsfb": 0.0,
    "unknown": 0.03276706891672094,
    "sfb": 0.014606333326134736,
    "sft": 0.0,
    "bad-redirect": 0.036609415083638235,
    "roll-out": 0.25479587618866845,
    "oneh-in": 0.006957444543330442,
    "alternate": 0.22189468603316734,
    "oneh-out": 0.019983117394350162,
    "dsfb-red": 0.011376057388735256,
    "roll-in": 0.2351440837189319,
    "sfR": 0.09863878308844841,
    "sfT": 5.304229782265156e-6
  },
  "monkeyracer": {
    "dsfb-alt": 0.03904038350251028,
    "redirect": 0.025601373226770103,
    "dsfb": 0.0,
    "unknown": 0.013391111562944773,
    "sfb": 0.013979581463002643,
    "sft": 0.0,
    "bad-redirect": 0.03995143657037396,
    "roll-out": 0.24151997278571094,
    "oneh-in": 0.009135946322160877,
    "alternate": 0.2394349124919843,
    "oneh-out": 0.02609502322598808,
    "dsfb-red": 0.011253264932668094,
    "roll-in": 0.24368714515851542,
    "sfR": 0.09690789370786869,
    "sfT": 1.9550495018533868e-6
  },
  "reddit": {
    "dsfb-alt": 0.04154648923839153,
    "redirect": 0.025130628046575298,
    "dsfb": 0.0,
    "unknown": 0.03771549483958582,
    "sfb": 0.016583820232883975,
    "sft": 0.0,
    "bad-redirect": 0.0365747667760985,
    "roll-out": 0.22809560705075874,
    "oneh-in": 0.008877931346929251,
    "alternate": 0.23608021654879754,
    "oneh-out": 0.018992743937189912,
    "dsfb-red": 0.011637793556088825,
    "roll-in": 0.23473201187325085,
    "sfR": 0.10397777127267367,
    "sfT": 0.00005472528077608764
  },
  "english-1k": {
    "dsfb-alt": 0.03634438955539873,
    "redirect": 0.028228652081863093,
    "dsfb": 0.0,
    "unknown": 0.0,
    "sfb": 0.015172900494001412,
    "sft": 0.0,
    "bad-redirect": 0.035638673253352154,
    "roll-out": 0.22512350035285816,
    "oneh-in": 0.01058574453069866,
    "alternate": 0.23076923076923078,
    "oneh-out": 0.014114326040931546,
    "dsfb-red": 0.01058574453069866,
    "roll-in": 0.28510938602681724,
    "sfR": 0.10832745236414962,
    "sfT": 0.0
  },
  "movie": {
    "dsfb-alt": 0.04676776626749972,
    "redirect": 0.031123678412256287,
    "dsfb": 0.0,
    "unknown": 0.03021933806550388,
    "sfb": 0.013183997860745537,
    "sft": 0.0,
    "bad-redirect": 0.036883584209259516,
    "roll-out": 0.23233519443383255,
    "oneh-in": 0.01030134720655294,
    "alternate": 0.22673952273938272,
    "oneh-out": 0.03667381725455589,
    "dsfb-red": 0.012102790018935612,
    "roll-in": 0.20798775192596727,
    "sfR": 0.11567713207251198,
    "sfT": 4.079532996118259e-6
  },
  "english-10k": {
    "dsfb-alt": 0.03573840720943247,
    "redirect": 0.021979506377723317,
    "dsfb": 0.0,
    "unknown": 0.0,
    "sfb": 0.020512919472800602,
    "sft": 0.0,
    "bad-redirect": 0.03508230254144073,
    "roll-out": 0.18560043225719303,
    "oneh-in": 0.008645143860597055,
    "alternate": 0.26163138495976535,
    "oneh-out": 0.006040022384747496,
    "dsfb-red": 0.012215125142316822,
    "roll-in": 0.30688330985507806,
    "sfR": 0.10567144593890508,
    "sfT": 0.0
  },
  "english-450k": {
    "dsfb-alt": 0.038511642102764365,
    "redirect": 0.02374611252639155,
    "dsfb": 0.0,
    "unknown": 0.00015377410175167997,
    "sfb": 0.026952858005696072,
    "sft": 0.0,
    "bad-redirect": 0.038274256987512724,
    "roll-out": 0.19421493643516552,
    "oneh-in": 0.00721451954948281,
    "alternate": 0.2757163797483601,
    "oneh-out": 0.007882530618879367,
    "dsfb-red": 0.012624970692293345,
    "roll-in": 0.2609949944483456,
    "sfR": 0.11369548401129392,
    "sfT": 0.000017540772062929273
  },
  "keymash": {
    "dsfb-alt": 0.03884850151674993,
    "redirect": 0.02652978289335955,
    "dsfb": 0.0,
    "unknown": 0.01232282349464109,
    "sfb": 0.01427263733872987,
    "sft": 0.0,
    "bad-redirect": 0.039066059693037725,
    "roll-out": 0.23927705007532438,
    "oneh-in": 0.009182596987845477,
    "alternate": 0.2386654242589681,
    "oneh-out": 0.02570470377196619,
    "dsfb-red": 0.011152935188187822,
    "roll-in": 0.24524963774511213,
    "sfR": 0.099723742164827,
    "sfT": 4.104871250713221e-6
  },
  "shai": {
    "dsfb-alt": 0.03714691034554081,
    "redirect": 0.0237536354749905,
    "dsfb": 0.0,
    "unknown": 0.023260762136131256,
    "sfb": 0.01629377084021621,
    "sft": 0.0,
    "bad-redirect": 0.03935085658339508,
    "roll-out": 0.2206922543521199,
    "oneh-in": 0.008234213453974492,
    "alternate": 0.24205234387312738,
    "oneh-out": 0.015326257658377902,
    "dsfb-red": 0.01117733810621826,
    "roll-in": 0.2644496100640537,
    "sfR": 0.09823378925716947,
    "sfT": 0.000028257854685036968
  },
  "chained-bigrams": {
    "dsfb-alt": 0.04320733142913911,
    "redirect": 0.029260915948156916,
    "dsfb": 0.0,
    "unknown": 0.02260814007320261,
    "sfb": 0.017815622141030277,
    "sft": 0.0,
    "bad-redirect": 0.04268269323794614,
    "roll-out": 0.205568566900135,
    "oneh-in": 0.007892298532116883,
    "alternate": 0.26382093734923956,
    "oneh-out": 0.010158371907442915,
    "dsfb-red": 0.017928601157450545,
    "roll-in": 0.21988054092275286,
    "sfR": 0.11914286586209158,
    "sfT": 0.00003311453929559531
  },
  "english-200": {
    "dsfb-alt": 0.0334075723830735,
    "redirect": 0.031180400890868598,
    "dsfb": 0.0,
    "unknown": 0.0,
    "sfb": 0.011135857461024499,
    "sft": 0.0,
    "bad-redirect": 0.0334075723830735,
    "roll-out": 0.2516703786191537,
    "oneh-in": 0.008908685968819599,
    "alternate": 0.24721603563474387,
    "oneh-out": 0.015590200445434299,
    "dsfb-red": 0.008908685968819599,
    "roll-in": 0.2516703786191537,
    "sfR": 0.10690423162583519,
    "sfT": 0.0
  },
  "tr-quotes": {
    "dsfb-alt": 0.03920505767319295,
    "redirect": 0.025816555326968863,
    "dsfb": 0.0,
    "unknown": 0.013782621760939414,
    "sfb": 0.014065786736321398,
    "sft": 0.0,
    "bad-redirect": 0.03969741799773468,
    "roll-out": 0.24108897159104042,
    "oneh-in": 0.009099419800744319,
    "alternate": 0.23972053350592912,
    "oneh-out": 0.025591179122073,
    "dsfb-red": 0.01123876008414045,
    "roll-in": 0.24391946556945054,
    "sfR": 0.09677191928064538,
    "sfT": 2.3115508194447656e-6
  },
  "english-5k": {
    "dsfb-alt": 0.03592317584104202,
    "redirect": 0.022524577923424733,
    "dsfb": 0.0,
    "unknown": 0.002157049819554486,
    "sfb": 0.01883270419380263,
    "sft": 0.0,
    "bad-redirect": 0.03351723565769279,
    "roll-out": 0.18260256357074708,
    "oneh-in": 0.00937487036960219,
    "alternate": 0.26556601816899655,
    "oneh-out": 0.006471149458663459,
    "dsfb-red": 0.012071182644045298,
    "roll-in": 0.30451736010287467,
    "sfR": 0.10644211224955408,
    "sfT": 0.0
  },
  "french": {
    "dsfb-alt": 0.02779447129114966,
    "redirect": 0.01814371037781305,
    "dsfb": 0.0,
    "unknown": 0.1580534055493898,
    "sfb": 0.046395502284333326,
    "sft": 0.0,