{
  "english-1k": {
    "bad-redirect": 0.02081863091037403,
    "dsfb-red": 0.015172900494001412,
    "sfb": 0.013761467889908258,
    "oneh-in": 0.01834862385321101,
    "roll-in": 0.36167960479887085,
    "unknown": 0.0,
    "dsfb-alt": 0.030698659139026113,
    "alternate": 0.22971065631616092,
    "sfR": 0.10832745236414962,
    "sfT": 0.0,
    "roll-out": 0.1714890613973183,
    "oneh-out": 0.006351446718419196,
    "redirect": 0.02364149611856034,
    "sft": 0.0,
    "dsfb": 0.0
  },
  "english-10k": {
    "bad-redirect": 0.02400571197005075,
    "dsfb-red": 0.012543177476312692,
    "sfb": 0.022018100769958124,
    "oneh-in": 0.012157233553964608,
    "roll-in": 0.3193878929391559,
    "unknown": 0.0,
    "dsfb-alt": 0.03764882962505548,
    "alternate": 0.25700005789158836,
    "sfR": 0.10567144593890508,
    "sfT": 0.0,
    "roll-out": 0.17977267902973698,
    "oneh-out": 0.004805001833233631,
    "redirect": 0.02498986897203836,
    "sft": 0.0,
    "dsfb": 0.0
  },
  "tr-quotes": {
    "bad-redirect": 0.03379487298028247,
    "dsfb-red": 0.01097177596449458,
    "sfb": 0.015389149580453527,
    "oneh-in": 0.020619033309447306,
    "roll-in": 0.34806060886248585,
    "unknown": 0.01305795057904348,
    "dsfb-alt": 0.034409745498254776,
    "alternate": 0.2592080626892582,
    "sfR": 0.09677191928064538,
    "sfT": 0.00002080395737500289,
    "roll-out": 0.1371997873373246,
    "oneh-out": 0.003428029865236587,
    "redirect": 0.027068260095698203,
    "sft": 0.0,
    "dsfb": 0.0
  },
  "reddit": {
    "bad-redirect": 0.028218130249539414,
    "dsfb-red": 0.01008428479845196,
    "sfb": 0.018961129880396606,
    "oneh-in": 0.017715371230122054,
    "roll-in": 0.3214185047487572,
    "unknown": 0.03754274124962051,
    "dsfb-alt": 0.0369509141200776,
    "alternate": 0.25711843490941017,
    "sfR": 0.10397777127267367,
    "sfT": 0.00005644832178614926,
    "roll-out": 0.13758797107613463,
    "oneh-out": 0.003973519856268414,
    "redirect": 0.026394778286761594,
    "sft": 0.0,
    "dsfb": 0.0
  },
  "wordle": {
    "bad-redirect": 0.023964994951194883,
    "dsfb-red": 0.01335128464041288,
    "sfb": 0.03392797038034332,
    "oneh-in": 0.012610793223381577,
    "roll-in": 0.2648939750925614,
    "unknown": 0.0,
    "dsfb-alt": 0.03682261864692023,
    "alternate": 0.25479636486031637,
    "sfR": 0.13138112868843263,
    "sfT": 0.000022439133849433412,
    "roll-out": 0.1873892067766184,
    "oneh-out": 0.007517109839560193,
    "redirect": 0.03332211376640862,
    "sft": 0.0,
    "dsfb": 0.0
  },
  "akl": {
    "bad-redirect": 0.026542688772439677,
    "dsfb-red": 0.010110686228845875,
    "sfb": 0.020387038129497027,
    "oneh-in": 0.01651520710501283,
    "roll-in": 0.301015454983978,
    "unknown": 0.06486250926370964,
    "dsfb-alt": 0.03320915222915738,
    "alternate": 0.24751814361268382,
    "sfR": 0.11790358951788564,
    "sfT": 0.00008233720188078242,
    "roll-out": 0.1297692538638699,
    "oneh-out": 0.008780714285448767,
    "redirect": 0.023303224805590654,
    "sft": 0.0,
    "dsfb": 0.0
  },
  "chained-bigrams": {
    "bad-redirect": 0.027483119701267898,
    "dsfb-red": 0.014386644062205987,
    "sfb": 0.02085112157645985,
    "oneh-in": 0.02144393676032021,
    "roll-in": 0.3069633383091716,
    "unknown": 0.02260749076851054,
    "dsfb-alt": 0.03731359273921521,
    "alternate": 0.27739854776512574,
    "sfR": 0.11914286586209158,
    "sfT": 0.0001045380554233499,
    "roll-out": 0.11474122935454568,
    "oneh-out": 0.005576878000193493,
    "redirect": 0.03198669704546886,
    "sft": 0.0,
    "dsfb": 0.0
  },
  "monkeyracer": {
    "bad-redirect": 0.034248557173467635,
    "dsfb-red": 0.010895490873828925,
    "sfb": 0.015255251262961978,
    "oneh-in": 0.020768490858188528,
    "roll-in": 0.3482324397453744,
    "unknown": 0.012922877207250888,
    "dsfb-alt": 0.03410290598557956,
    "alternate": 0.2591554968171794,
    "sfR": 0.09690789370786869,
    "sfT": 0.00001955049501853387,
    "roll-out": 0.13694046483256955,
    "oneh-out": 0.0033978760342211864,
    "redirect": 0.027152705006490765,
    "sft": 0.0,
    "dsfb": 0.0
  },
  "french": {
    "bad-redirect": 0.02481124269509908,
    "dsfb-red": 0.011199583361068462,
    "sfb": 0.046360834310411374,
    "oneh-in": 0.017008656341393428,
    "roll-in": 0.23284445047912894,
    "unknown": 0.15805279129401778,
    "dsfb-alt": 0.02950181657037165,
    "alternate": 0.18009071593006737,
    "sfR": 0.10898279115633469,
    "sfT": 0.00023852584823310865,
    "roll-out": 0.1562326327720852,
    "oneh-out": 0.008656925685122838,
    "redirect": 0.0260190335566661,
    "sft": 0.0,
    "dsfb": 0.0
  },
  "shai": {
    "bad-redirect": 0.027036489130498727,
    "dsfb-red": 0.010922185276159862,
    "sfb": 0.017640003523620176,
    "oneh-in": 0.016595651115776933,
    "roll-in": 0.34037697162494934,
    "unknown": 0.023260762136131256,
    "dsfb-alt": 0.03622466546508535,
    "alternate": 0.25073626399655935,
    "sfR": 0.09823378925716947,
    "sfT": 0.00004224551210617429,
    "roll-out": 0.14812107908236014,
    "oneh-out": 0.0037767797455624213,
    "redirect": 0.027033114134020802,
    "sft": 0.0,
    "dsfb": 0.0
  },
  "english-200": {
    "bad-redirect": 0.022271714922048998,
    "dsfb-red": 0.008908685968819599,
    "sfb": 0.011135857461024499,
    "oneh-in": 0.0200445434298441,
    "roll-in": 0.37639198218262804,
    "unknown": 0.0,
    "dsfb-alt": 0.024498886414253896,
    "alternate": 0.2650334075723831,
    "sfR": 0.10690423162583519,
    "sfT": 0.0,
    "roll-out": 0.14699331848552338,
    "oneh-out": 0.0022271714922048997,
    "redirect": 0.015590200445434299,
    "sft": 0.0,
    "dsfb": 0.0
  },
  "keymash": {
    "bad-redirect": 0.03243669262313587,
    "dsfb-red": 0.011300710553213498,
    "sfb": 0.015483574357690271,
    "oneh-in": 0.020791172884862465,
    "roll-in": 0.35152885929732813,
    "unknown": 0.01232282349464109,
    "dsfb-alt": 0.03403759241091403,
    "alternate": 0.25538045999187237,
    "sfR": 0.099723742164827,
    "sfT": 0.00002052435625356611,
    "roll-out": 0.1363884521761975,
    "oneh-out": 0.003985829984442538,
    "redirect": 0.026599565704621676,
    "sft": 0.0,
    "dsfb": 0.0
  },
  "dutch": {
    "bad-redirect": 0.015824679005611228,
    "dsfb-red": 0.005728135664676073,
    "sfb": 0.03210634223309179,
    "oneh-in": 0.00833267318125892,
    "roll-in": 0.2857427700616988,
    "unknown": 0.07289332264036397,
    "dsfb-alt": 0.03367941081131501,
    "alternate": 0.21460707766461734,
    "sfR": 0.18880787437283908,
    "sfT": 0.00010380136782553509,
    "roll-out": 0.11393949267830086,
    "oneh-out": 0.0045568961852558015,
    "redirect": 0.023677524133145614,
    "sft": 0.0,
    "dsfb": 0.0
  },
  "gutenberg": {
    "bad-redirect": 0.02563553197446544,
    "dsfb-red": 0.012445049126639622,
    "sfb": 0.016009870413877685,
    "oneh-in": 0.014524117764509625,
    "roll-in": 0.36884496228882063,
    "unknown": 0.03276706891672094,
    "dsfb-alt": 0.035266118891279584,
    "alternate": 0.23382219388248024,
    "sfR": 0.09863878308844841,
    "sfT": 0.00003049932124802465,
    "roll-out": 0.13355671718187787,
    "oneh-out": 0.0045394735097292836,
    "redirect": 0.02391961363990266,
    "sft": 0.0,
    "dsfb": 0.0
  },
  "mt-quotes": {
    "bad-redirect": 0.035415247247821566,
    "dsfb-red": 0.010712876967762757,
    "sfb": 0.01425096520481467,
    "oneh-in": 0.02131518867811764,
    "roll-in": 0.3523341222313862,
    "unknown": 0.007930816031364673,
    "dsfb-alt": 0.03358793225039146,
    "alternate": 0.2623071084495763,
    "sfR": 0.0964592223377679,
    "sfT": 0.000013447125900957435,
    "roll-out": 0.13539761657164032,
    "oneh-out": 0.0032392632170306357,
    "redirect": 0.027036193686424976,
    "sft": 0.0,
    "dsfb": 0.0
  },
  "english-5k": {
    "bad-redirect": 0.021321607831750113,
    "dsfb-red": 0.01269340855353217,
    "sfb": 0.018625295557307006,
    "oneh-in": 0.013274152735719915,
    "roll-in": 0.3173352138383042,