{
  "dutch": {
    "dsfb": 0.0,
    "sfb": 0.05705508795431119,
    "roll-out": 0.12933288229018128,
    "sfR": 0.18880787437283908,
    "roll-in": 0.20947761535785436,
    "alternate": 0.25565296080984645,
    "dsfb-alt": 0.05286580891245824,
    "sft": 0.0,
    "sfT": 0.00038397002774503514,
    "dsfb-red": 0.008915101239595253,
    "oneh-in": 0.0010985480395921978,
    "oneh-out": 0.00128526139995967,
    "redirect": 0.019092530393323807,
    "bad-redirect": 0.0023173220545290515,
    "unknown": 0.07371503714776434
  },
  "english-1k": {
    "dsfb": 0.0,
    "sfb": 0.020465772759350742,
    "roll-out": 0.22900494001411434,
    "sfR": 0.10832745236414962,
    "roll-in": 0.223712067748765,
    "alternate": 0.29957657021877204,
    "dsfb-alt": 0.07198306280875089,
    "sft": 0.0,
    "sfT": 0.0,
    "dsfb-red": 0.012350035285815103,
    "oneh-in": 0.0028228652081863093,
    "oneh-out": 0.0035285815102328866,
    "redirect": 0.021877205363443897,
    "bad-redirect": 0.006351446718419196,
    "unknown": 0.0
  },
  "shai": {
    "dsfb": 0.0,
    "sfb": 0.02600683266488793,
    "roll-out": 0.23210725104059812,
    "sfR": 0.09823378925716947,
    "roll-in": 0.20469211594630102,
    "alternate": 0.28849344492083157,
    "dsfb-alt": 0.06956919331081891,
    "sft": 0.0,
    "sfT": 0.00011366616578416185,
    "dsfb-red": 0.014729007134866407,
    "oneh-in": 0.002777451803347315,
    "oneh-out": 0.003487838246636692,
    "redirect": 0.029016017454614813,
    "bad-redirect": 0.006314982228630931,
    "unknown": 0.024458409825512683
  },
  "akl": {
    "dsfb": 0.0,
    "sfb": 0.03135473753638418,
    "roll-out": 0.2026145685920933,
    "sfR": 0.11790358951788564,
    "roll-in": 0.19070931547861333,
    "alternate": 0.25005176277815755,
    "dsfb-alt": 0.07307355419528798,
    "sft": 0.0,
    "sfT": 0.00014404363760182028,
    "dsfb-red": 0.019004281162772283,
    "oneh-in": 0.0030194644153978124,
    "oneh-out": 0.004233705814691608,
    "redirect": 0.02751264455321133,
    "bad-redirect": 0.006833058442313962,
    "unknown": 0.07354527387558916
  },
  "monkeyracer": {
    "dsfb": 0.0,
    "sfb": 0.030589682030749018,
    "roll-out": 0.23007902310086492,
    "sfR": 0.09690789370786869,
    "roll-in": 0.21096450412124435,
    "alternate": 0.2740246258035253,
    "dsfb-alt": 0.07772788056993603,
    "sft": 0.0,
    "sfT": 0.00005669643555374822,
    "dsfb-red": 0.024042221249042026,
    "oneh-in": 0.003137854450474686,
    "oneh-out": 0.003785953360339084,
    "redirect": 0.026756807482365454,
    "bad-redirect": 0.007519120384128126,
    "unknown": 0.014407737303908536
  },
  "tr-quotes": {
    "dsfb": 0.0,
    "sfb": 0.03066965627239315,
    "roll-out": 0.23032061209865698,
    "sfR": 0.09677191928064538,
    "roll-in": 0.2102702202907931,
    "alternate": 0.2750017336631146,
    "dsfb-alt": 0.07746931416287187,
    "sft": 0.0,
    "sfT": 0.00004969834261806246,
    "dsfb-red": 0.02366218996324634,
    "oneh-in": 0.003110191627562932,
    "oneh-out": 0.003756270081597744,
    "redirect": 0.026676452231802317,
    "bad-redirect": 0.007413143477959363,
    "unknown": 0.01482859850673817
  },
  "reddit": {
    "dsfb": 0.0,
    "sfb": 0.031430440553493214,
    "roll-out": 0.22180182518737604,
    "sfR": 0.10397777127267367,
    "roll-in": 0.19562658479974424,
    "alternate": 0.26988631862361984,
    "dsfb-alt": 0.07165704292076427,
    "sft": 0.0,
    "sfT": 0.0001889726499078454,
    "dsfb-red": 0.01790876385479484,
    "oneh-in": 0.003182793862303178,
    "oneh-out": 0.0038248888404439677,
    "redirect": 0.02594390340332438,
    "bad-redirect": 0.0074540252391796305,
    "unknown": 0.04711666879237487
  },
  "keymash": {
    "dsfb": 0.0,
    "sfb": 0.02920615894882457,
    "roll-out": 0.22646574690184842,
    "sfR": 0.099723742164827,
    "roll-in": 0.21483254177732716,
    "alternate": 0.2754122316953529,
    "dsfb-alt": 0.07785298814102695,
    "sft": 0.0,
    "sfT": 0.00002873409875499255,
    "dsfb-red": 0.02351270252408533,
    "oneh-in": 0.0031648557342998937,
    "oneh-out": 0.0036943841256418994,
    "redirect": 0.02603309347202325,
    "bad-redirect": 0.006809981404933234,
    "unknown": 0.013262839011054418
  },
  "english-10k": {
    "dsfb": 0.0,
    "sfb": 0.024565330657455472,
    "roll-out": 0.22950155342428746,
    "sfR": 0.10567144593890508,
    "roll-in": 0.20553443584647152,
    "alternate": 0.317670442484707,
    "dsfb-alt": 0.06402809671754695,
    "sft": 0.0,
    "sfT": 0.00001929719611740414,
    "dsfb-red": 0.009146870959649563,
    "oneh-in": 0.0021419887690318595,
    "oneh-out": 0.0026437158680843675,
    "redirect": 0.03427182030450975,
    "bad-redirect": 0.004805001833233631,
    "unknown": 0.0
  },
  "wordle": {
    "dsfb": 0.0,
    "sfb": 0.03942555817345451,
    "roll-out": 0.19225849882194548,
    "sfR": 0.13138112868843263,
    "roll-in": 0.19136093346796815,
    "alternate": 0.32523280601368787,
    "dsfb-alt": 0.06987546280713565,
    "sft": 0.0,
    "sfT": 0.00006731740154830023,
    "dsfb-red": 0.008728823067429597,
    "oneh-in": 0.003208796140468978,
    "oneh-out": 0.005026365982273085,
    "redirect": 0.02656793447772916,
    "bad-redirect": 0.006866374957926624,
    "unknown": 0.0
  },
  "chained-bigrams": {
    "dsfb": 0.0,
    "sfb": 0.02679485672767317,
    "roll-out": 0.20080526767910584,
    "sfR": 0.11914286586209158,
    "roll-in": 0.17777832607951774,
    "alternate": 0.309204738106199,
    "dsfb-alt": 0.07208840413243478,
    "sft": 0.0,
    "sfT": 0.00013635398533480423,
    "dsfb-red": 0.017245532621392383,
    "oneh-in": 0.003714022838643239,
    "oneh-out": 0.005898933127460459,
    "redirect": 0.03528971001403147,
    "bad-redirect": 0.00800592685322922,
    "unknown": 0.023895061972886336
  },
  "english-450k": {
    "dsfb": 0.0,
    "sfb": 0.03036629224914211,
    "roll-out": 0.2103664793507108,
    "sfR": 0.11369548401129392,
    "roll-in": 0.1930154399722622,
    "alternate": 0.33644077855301496,
    "dsfb-alt": 0.06300645325004195,
    "sft": 0.0,
    "sfT": 0.000028649927702784482,
    "dsfb-red": 0.010425650221803062,
    "oneh-in": 0.0021054773399536105,
    "oneh-out": 0.0024326127389272417,
    "redirect": 0.0324770318207146,
    "bad-redirect": 0.00548587646268113,
    "unknown": 0.00015377410175167997
  },
  "english-200": {
    "dsfb": 0.0,
    "sfb": 0.017817371937639197,
    "roll-out": 0.2383073496659243,
    "sfR": 0.10690423162583519,
    "roll-in": 0.22494432071269488,
    "alternate": 0.27616926503340755,
    "dsfb-alt": 0.08685968819599109,
    "sft": 0.0,
    "sfT": 0.0,
    "dsfb-red": 0.015590200445434299,
    "oneh-in": 0.0066815144766146995,
    "oneh-out": 0.0066815144766146995,
    "redirect": 0.008908685968819599,
    "bad-redirect": 0.011135857461024499,
    "unknown": 0.0
  },
  "english-5k": {
    "dsfb": 0.0,
    "sfb": 0.021860870286638735,
    "roll-out": 0.22333761977848757,
    "sfR": 0.10644211224955408,
    "roll-in": 0.2091093873148878,
    "alternate": 0.31953374538515783,
    "dsfb-alt": 0.06408926867714772,
    "sft": 0.0,
    "sfT": 0.0,
    "dsfb-red": 0.01095117600696893,
    "oneh-in": 0.0024059401833492347,
    "oneh-out": 0.0021155680922553613,
    "redirect": 0.033268345293898036,
    "bad-redirect": 0.00472891691210022,
    "unknown": 0.002157049819554486
  },
  "movie": {
    "dsfb": 0.0,
    "sfb": 0.033424798217744155,
    "roll-out": 0.21046797638976858,
    "sfR": 0.11567713207251198,
    "roll-in": 0.1953841005333792,
    "alternate": 0.26534888100383885,
    "dsfb-alt": 0.0736463616026985,
    "sft": 0.0,
    "sfT": 0.00015199550356505124,
    "dsfb-red": 0.034121871968726035,
    "oneh-in": 0.0028354070301407743,
    "oneh-out": 0.0051087596916873194,
    "redirect": 0.026059661985687682,
    "bad-redirect": 0.007275649701819037,
    "unknown": 0.03049740429843284
  },
  "gutenberg": {
    "dsfb": 0.0,
    "sfb": 0.02719705933500871,
    "roll-out": 0.2230890849180667,
    "sfR": 0.09863878308844841,
    "roll-in": 0.21854070787977434,