{
  "dutch": {
    "dsfb": 0.0,
    "sfb": 0.05387782293907306,
    "roll-out": 0.18591355729062686,
    "sfR": 0.18880787437283908,
    "roll-in": 0.14819607782524138,
    "alternate": 0.26589363187484133,
    "dsfb-alt": 0.05262196804165854,
    "sft": 0.0,
    "sfT": 0.00012386592657433,
    "dsfb-red": 0.00929822852001125,
    "oneh-in": 0.0021305549017788744,
    "oneh-out": 0.004141547267599783,
    "redirect": 0.016472446878139344,
    "bad-redirect": 0.003875992204981684,
    "unknown": 0.06864643195663445
  },
  "english-1k": {
    "dsfb": 0.0,
    "sfb": 0.022230063514467185,
    "roll-out": 0.24382498235709246,
    "sfR": 0.10832745236414962,
    "roll-in": 0.20995059985885675,
    "alternate": 0.3083980239943543,
    "dsfb-alt": 0.053987297106563165,
    "sft": 0.0,
    "sfT": 0.0,
    "dsfb-red": 0.011644318983768526,
    "oneh-in": 0.0035285815102328866,
    "oneh-out": 0.009527170077628794,
    "redirect": 0.02364149611856034,
    "bad-redirect": 0.004940014114326041,
    "unknown": 0.0
  },
  "shai": {
    "dsfb": 0.0,
    "sfb": 0.02600857821925897,
    "roll-out": 0.22952316873155557,
    "sfR": 0.09823378925716947,
    "roll-in": 0.20140503193396897,
    "alternate": 0.3150529680926594,
    "dsfb-alt": 0.05590942144200285,
    "sft": 0.0,
    "sfT": 0.0001268836118531115,
    "dsfb-red": 0.011027367505843544,
    "oneh-in": 0.002849994875578742,
    "oneh-out": 0.01631537159175671,
    "redirect": 0.02241500814488829,
    "bad-redirect": 0.004359732978948382,
    "unknown": 0.016772683614515952
  },
  "akl": {
    "dsfb": 0.0,
    "sfb": 0.025369275225696247,
    "roll-out": 0.19804854016574744,
    "sfR": 0.11790358951788564,
    "roll-in": 0.18717420581772737,
    "alternate": 0.29107247891727756,
    "dsfb-alt": 0.054163009816899164,
    "sft": 0.0,
    "sfT": 0.00017669352879156618,
    "dsfb-red": 0.00986373657745626,
    "oneh-in": 0.0028228835714792853,
    "oneh-out": 0.019654800816457926,
    "redirect": 0.024637843317942658,
    "bad-redirect": 0.003743771584087224,
    "unknown": 0.06536917114255165
  },
  "monkeyracer": {
    "dsfb": 0.0,
    "sfb": 0.024068614417317048,
    "roll-out": 0.22632630558205732,
    "sfR": 0.09690789370786869,
    "roll-in": 0.20339064235106433,
    "alternate": 0.3138382313840186,
    "dsfb-alt": 0.05992031218230445,
    "sft": 0.0,
    "sfT": 0.000058651485055601606,
    "dsfb-red": 0.011038209487464222,
    "oneh-in": 0.002334329105212944,
    "oneh-out": 0.02463166867385082,
    "redirect": 0.02306762907236811,
    "bad-redirect": 0.004079210785617092,
    "unknown": 0.01033830176580071
  },
  "tr-quotes": {
    "dsfb": 0.0,
    "sfb": 0.024101384618940846,
    "roll-out": 0.2257044451122258,
    "sfR": 0.09677191928064538,
    "roll-in": 0.20406601789140336,
    "alternate": 0.3140611636346825,
    "dsfb-alt": 0.05979981969903608,
    "sft": 0.0,
    "sfT": 0.00005663299507639675,
    "dsfb-red": 0.01112664986939738,
    "oneh-in": 0.0023416009800975475,
    "oneh-out": 0.02417073114352419,
    "redirect": 0.02301611150921153,
    "bad-redirect": 0.004047525484847784,
    "unknown": 0.010735997780911213
  },
  "reddit": {
    "dsfb": 0.0,
    "sfb": 0.026126058804018505,
    "roll-out": 0.21701008559580792,
    "sfR": 0.10397777127267367,
    "roll-in": 0.19187346436311067,
    "alternate": 0.3044981296577123,
    "dsfb-alt": 0.05721155403878003,
    "sft": 0.0,
    "sfT": 0.00010690345745034505,
    "dsfb-red": 0.01070806310150753,
    "oneh-in": 0.002322809111216117,
    "oneh-out": 0.01934847699094111,
    "redirect": 0.02245058758507749,
    "bad-redirect": 0.003313707521654599,
    "unknown": 0.041052388500049726
  },
  "keymash": {
    "dsfb": 0.0,
    "sfb": 0.02237565318763777,
    "roll-out": 0.22669972456313908,
    "sfR": 0.099723742164827,
    "roll-in": 0.20549395968195458,
    "alternate": 0.3119291663416977,
    "dsfb-alt": 0.05921687266278893,
    "sft": 0.0,
    "sfT": 0.0000944120387664041,
    "dsfb-red": 0.011542897957005579,
    "oneh-in": 0.002598383501701469,
    "oneh-out": 0.023430605099071068,
    "redirect": 0.022979069261492614,
    "bad-redirect": 0.004223912516983905,
    "unknown": 0.009691601022933916
  },
  "english-10k": {
    "dsfb": 0.0,
    "sfb": 0.029119468941162848,
    "roll-out": 0.22714729549796414,
    "sfR": 0.10567144593890508,
    "roll-in": 0.18822485092916,
    "alternate": 0.3393604909206692,
    "dsfb-alt": 0.05692672854634222,
    "sft": 0.0,
    "sfT": 0.00013508037282182898,
    "dsfb-red": 0.01113448215974219,
    "oneh-in": 0.003048956986549854,
    "oneh-out": 0.010092433569402365,
    "redirect": 0.023832037204994116,
    "bad-redirect": 0.005306728932286139,
    "unknown": 0.0
  },
  "wordle": {
    "dsfb": 0.0,
    "sfb": 0.036912375182317964,
    "roll-out": 0.20125659149556827,
    "sfR": 0.13138112868843263,
    "roll-in": 0.17729159654437338,
    "alternate": 0.3325704027824526,
    "dsfb-alt": 0.06583641871423764,
    "sft": 0.0,
    "sfT": 0.0002468304723437675,
    "dsfb-red": 0.011017614720071804,
    "oneh-in": 0.00394928755750028,
    "oneh-out": 0.00848199259508583,
    "redirect": 0.02544597778525749,
    "bad-redirect": 0.005609783462358353,
    "unknown": 0.0
  },
  "chained-bigrams": {
    "dsfb": 0.0,
    "sfb": 0.02501446326201587,
    "roll-out": 0.2015123604887706,
    "sfR": 0.11914286586209158,
    "roll-in": 0.17860813747598384,
    "alternate": 0.31730156761631806,
    "dsfb-alt": 0.06815166978441137,
    "sft": 0.0,
    "sfT": 0.00026166979090441,
    "dsfb-red": 0.020456344323680986,
    "oneh-in": 0.009280511963763604,
    "oneh-out": 0.00879028692125038,
    "redirect": 0.030903656819095272,
    "bad-redirect": 0.0035004015949520457,
    "unknown": 0.017076064096761982
  },
  "english-450k": {
    "dsfb": 0.0,
    "sfb": 0.04587408882997788,
    "roll-out": 0.20327766866767896,
    "sfR": 0.11369548401129392,
    "roll-in": 0.1708781085902423,
    "alternate": 0.35623641686463375,
    "dsfb-alt": 0.06048467491979482,
    "sft": 0.0,
    "sfT": 0.0003970061410242992,
    "dsfb-red": 0.01119276665335517,
    "oneh-in": 0.00299099398293049,
    "oneh-out": 0.006862242377218981,
    "redirect": 0.02441412359578811,
    "bad-redirect": 0.0036964253660612956,
    "unknown": 0.0
  },
  "english-200": {
    "dsfb": 0.0,
    "sfb": 0.017817371937639197,
    "roll-out": 0.24498886414253898,
    "sfR": 0.10690423162583519,
    "roll-in": 0.21603563474387527,
    "alternate": 0.29175946547884185,
    "dsfb-alt": 0.066815144766147,
    "sft": 0.0,
    "sfT": 0.0,
    "dsfb-red": 0.015590200445434299,
    "oneh-in": 0.0,
    "oneh-out": 0.011135857461024499,
    "redirect": 0.026726057906458798,
    "bad-redirect": 0.0022271714922048997,
    "unknown": 0.0
  },
  "english-5k": {
    "dsfb": 0.0,
    "sfb": 0.03040610611025843,
    "roll-out": 0.22462355332476044,
    "sfR": 0.10644211224955408,
    "roll-in": 0.1923507694860414,
    "alternate": 0.33832496785166133,
    "dsfb-alt": 0.054963288671340274,
    "sft": 0.0,
    "sfT": 0.00012444518189737422,
    "dsfb-red": 0.012071182644045298,
    "oneh-in": 0.0034015016385282285,
    "oneh-out": 0.0076326378230389515,
    "redirect": 0.025013481561372217,
    "bad-redirect": 0.004645953457501971,
    "unknown": 0.0
  },
  "movie": {
    "dsfb": 0.0,
    "sfb": 0.02261350938667643,
    "roll-out": 0.2028633320914884,
    "sfR": 0.11567713207251198,
    "roll-in": 0.1946084628727624,
    "alternate": 0.30824398607747505,
    "dsfb-alt": 0.05899557423309056,
    "sft": 0.0,
    "sfT": 0.00006869407174108809,
    "dsfb-red": 0.011187527051580694,
    "oneh-in": 0.0022349260926798832,
    "oneh-out": 0.034997523986667035,
    "redirect": 0.021062892054635737,
    "bad-redirect": 0.0027019668218161317,
    "unknown": 0.024744473186874588
  },
  "gutenberg": {
    "dsfb": 0.0,
    "sfb": 0.02064690386424506,
    "roll-out": 0.23215155093784465,
    "sfR": 0.09863878308844841,
    "roll-in": 0.21378205601797073,
    "alternate": 0.29326025620187596,