{
  "monkeyracer": {
    "dsfb-alt": 0.059910536934795186,
    "redirect": 0.03587418083425872,
    "dsfb": 0.0,
    "unknown": 0.014352018393105714,
    "sfb": 0.02488875768334454,
    "sft": 0.0,
    "bad-redirect": 0.0006432112861097643,
    "roll-out": 0.2820940926224252,
    "oneh-in": 0.0024291490060528334,
    "alternate": 0.2555728686050331,
    "oneh-out": 0.011240557110906048,
    "dsfb-red": 0.020482076106167008,
    "roll-in": 0.19558999483866932,
    "sfR": 0.09690789370786869,
    "sfT": 0.000014662871263900401
  },
  "english-450k": {
    "dsfb-alt": 0.048651085393740634,
    "redirect": 0.042403354731126275,
    "dsfb": 0.0,
    "unknown": 0.00015377410175167997,
    "sfb": 0.0351926356822571,
    "sft": 0.0,
    "bad-redirect": 0.0009524639230170596,
    "roll-out": 0.2253457140000503,
    "oneh-in": 0.0031935899002573233,
    "alternate": 0.2959291960888756,
    "oneh-out": 0.006788278788353629,
    "dsfb-red": 0.019916084946450946,
    "roll-in": 0.20774764208171545,
    "sfR": 0.11369548401129392,
    "sfT": 0.00003069635111012623
  },
  "movie": {
    "dsfb-alt": 0.05845918144302031,
    "redirect": 0.03613531889906827,
    "dsfb": 0.0,
    "unknown": 0.030451476652766863,
    "sfb": 0.023365459436348032,
    "sft": 0.0,
    "bad-redirect": 0.0005403407252277926,
    "roll-out": 0.2832223678425416,
    "oneh-in": 0.0023209910791141203,
    "alternate": 0.25244229138682933,
    "oneh-out": 0.014108867470317121,
    "dsfb-red": 0.022011186079475355,
    "roll-in": 0.1612372249753221,
    "sfR": 0.11567713207251198,
    "sfT": 0.00002816193745707443
  },
  "chained-bigrams": {
    "dsfb-alt": 0.05593565130779705,
    "redirect": 0.03915631945531128,
    "dsfb": 0.0,
    "unknown": 0.02365222201805197,
    "sfb": 0.024211273357924668,
    "sft": 0.0,
    "bad-redirect": 0.0018953203961537787,
    "roll-out": 0.24032324984790038,
    "oneh-in": 0.005035357887006699,
    "alternate": 0.28380783438055357,
    "oneh-out": 0.008659127373452138,
    "dsfb-red": 0.019970015109320186,
    "roll-in": 0.1781406380976931,
    "sfR": 0.11914286586209158,
    "sfT": 0.0000701249067436136
  },
  "keymash": {
    "dsfb-alt": 0.06072336041180068,
    "redirect": 0.03541272427990296,
    "dsfb": 0.0,
    "unknown": 0.013394194891077241,
    "sfb": 0.024239264735461574,
    "sft": 0.0,
    "bad-redirect": 0.0007552963101312328,
    "roll-out": 0.2795171029460661,
    "oneh-in": 0.0022371548316387057,
    "alternate": 0.25482219750177537,
    "oneh-out": 0.011345864136971345,
    "dsfb-red": 0.020865060567375304,
    "roll-in": 0.19692709338171607,
    "sfR": 0.099723742164827,
    "sfT": 0.00003694384125641899
  },
  "mt-quotes": {
    "dsfb-alt": 0.06060619643561516,
    "redirect": 0.036009909037663906,
    "dsfb": 0.0,
    "unknown": 0.008869126594231481,
    "sfb": 0.024397568759637108,
    "sft": 0.0,
    "bad-redirect": 0.0006230501667443611,
    "roll-out": 0.28865600458995233,
    "oneh-in": 0.0024010590358709556,
    "alternate": 0.2541940091559986,
    "oneh-out": 0.011696011283632755,
    "dsfb-red": 0.02083258627078328,
    "roll-in": 0.19524629158150153,
    "sfR": 0.0964592223377679,
    "sfT": 8.96475060063829e-6
  },
  "akl": {
    "dsfb-alt": 0.05313147150891193,
    "redirect": 0.039424155046217255,
    "dsfb": 0.0,
    "unknown": 0.06692211644153111,
    "sfb": 0.026903200569086985,
    "sft": 0.0,
    "bad-redirect": 0.0006167545859467186,
    "roll-out": 0.24823972479425302,
    "oneh-in": 0.0030625226210465287,
    "alternate": 0.2343674241565331,
    "oneh-out": 0.007542992224369557,
    "dsfb-red": 0.02314524146112414,
    "roll-in": 0.17855166073950332,
    "sfR": 0.11790358951788564,
    "sfT": 0.0001891463335906913
  },
  "english-10k": {
    "dsfb-alt": 0.05372339399085313,
    "redirect": 0.03741726327164663,
    "dsfb": 0.0,
    "unknown": 0.0,
    "sfb": 0.025761756816734527,
    "sft": 0.0,
    "bad-redirect": 0.0005210242951699118,
    "roll-out": 0.21964068620829394,
    "oneh-in": 0.002354257926323305,
    "alternate": 0.29397348565253467,
    "oneh-out": 0.005596186874047201,
    "dsfb-red": 0.014241330734644257,
    "roll-in": 0.24109916829084735,
    "sfR": 0.10567144593890508,
    "sfT": 0.0
  },
  "shai": {
    "dsfb-alt": 0.05676463858277395,
    "redirect": 0.0344238145634504,
    "dsfb": 0.0,
    "unknown": 0.023621906111313578,
    "sfb": 0.02400485596970306,
    "sft": 0.0,
    "bad-redirect": 0.0005484098348016633,
    "roll-out": 0.25677270838513233,
    "oneh-in": 0.0025654153273762066,
    "alternate": 0.26696318513589623,
    "oneh-out": 0.008284908068501901,
    "dsfb-red": 0.01692677232985915,
    "roll-in": 0.21083804258873995,
    "sfR": 0.09823378925716947,
    "sfT": 0.000051553845282111
  },
  "english-200": {
    "dsfb-alt": 0.05790645879732739,
    "redirect": 0.026726057906458798,
    "dsfb": 0.0,
    "unknown": 0.0,
    "sfb": 0.013363028953229399,
    "sft": 0.0,
    "bad-redirect": 0.0,
    "roll-out": 0.289532293986637,
    "oneh-in": 0.0022271714922048997,
    "alternate": 0.26948775055679286,
    "oneh-out": 0.017817371937639197,
    "dsfb-red": 0.031180400890868598,
    "roll-in": 0.18485523385300667,
    "sfR": 0.10690423162583519,
    "sfT": 0.0
  },
  "tr-quotes": {
    "dsfb-alt": 0.05972585007281385,
    "redirect": 0.03566722914403273,
    "dsfb": 0.0,
    "unknown": 0.01476965396084233,
    "sfb": 0.024958969972954857,
    "sft": 0.0,
    "bad-redirect": 0.0006379880261667553,
    "roll-out": 0.281648598044428,
    "oneh-in": 0.0023843646702572754,
    "alternate": 0.25631168951249395,
    "oneh-out": 0.011212177249716834,
    "dsfb-red": 0.020478028709461176,
    "roll-in": 0.19542081782667992,
    "sfR": 0.09677191928064538,
    "sfT": 0.00001271352950694621
  },
  "english-5k": {
    "dsfb-alt": 0.05089807939602605,
    "redirect": 0.03559132202264902,
    "dsfb": 0.0,
    "unknown": 0.002157049819554486,
    "sfb": 0.02546978056166259,
    "sft": 0.0,
    "bad-redirect": 0.0003318538183929979,
    "roll-out": 0.21587090886464513,
    "oneh-in": 0.002530385365246609,
    "alternate": 0.2993321441904841,
    "oneh-out": 0.005765960094578338,
    "dsfb-red": 0.01601194673746215,
    "roll-in": 0.23959845687974446,
    "sfR": 0.10644211224955408,
    "sfT": 0.0
  },
  "dutch": {
    "dsfb-alt": 0.04105642645223923,
    "redirect": 0.029476880912522506,
    "dsfb": 0.0,
    "unknown": 0.07325982807452426,
    "sfb": 0.06093611871247286,
    "sft": 0.0,
    "bad-redirect": 0.00041452410112121615,
    "roll-out": 0.15076505857685654,
    "oneh-in": 0.0037800086634425427,
    "alternate": 0.21244080462072265,
    "oneh-out": 0.005614418567638667,
    "dsfb-red": 0.027241126040967775,
    "roll-in": 0.20588769104409543,
    "sfR": 0.18880787437283908,
    "sfT": 0.00031923986055723384
  },
  "reddit": {
    "dsfb-alt": 0.05650578145809349,
    "redirect": 0.036675377388120795,
    "dsfb": 0.0,
    "unknown": 0.041217725522189115,
    "sfb": 0.026845091308999872,
    "sft": 0.0,
    "bad-redirect": 0.0004909917730410382,
    "roll-out": 0.26072854294220865,
    "oneh-in": 0.002285913559152841,
    "alternate": 0.25329882756423616,
    "oneh-out": 0.009480733498557983,
    "dsfb-red": 0.019006565722683666,
    "roll-in": 0.18937085966823594,
    "sfR": 0.10397777127267367,
    "sfT": 0.00011581832180675084
  },
  "gutenberg": {
    "dsfb-alt": 0.05517024114922958,
    "redirect": 0.03073990595600596,
    "dsfb": 0.0,
    "unknown": 0.03802431837805746,
    "sfb": 0.024769427025732715,
    "sft": 0.0,
    "bad-redirect": 0.0006071448732914224,
    "roll-out": 0.2779181504302299,
    "oneh-in": 0.0031353681116525214,
    "alternate": 0.23461252412003775,
    "oneh-out": 0.012556248515289253,
    "dsfb-red": 0.02500205538904063,
    "roll-in": 0.19880632097485681,
    "sfR": 0.09863878308844841,
    "sfT": 0.000019511988127618252
  },
  "english-1k": {
    "dsfb-alt": 0.05751587861679605,
    "redirect": 0.033168666196189134,
    "dsfb": 0.0,
    "unknown": 0.0,