{
  "english-1k": {
    "sfb": 0.013408609738884969,
    "unknown": 0.0,
    "outoneh": 0.016584333098094567,
    "red-sfs": 0.029992942836979536,
    "alt-sfs": 0.04128440366972477,
    "sft": 0.0,
    "inroll": 0.21206774876499648,
    "bad-red-sfs": 0.011644318983768526,
    "red": 0.06669019054340156,
    "sfr": 0.10832745236414962,
    "outroll": 0.24488355681016233,
    "inoneh": 0.015172900494001412,
    "bad-red": 0.014467184191954835,
    "alt": 0.22547635850388145
  },
  "shai": {
    "sfb": 0.015572396306329542,
    "unknown": 0.031793109309943265,
    "outoneh": 0.012765413283800358,
    "red-sfs": 0.02609770212281086,
    "alt-sfs": 0.039731182304614795,
    "sft": 0.000036374101949044985,
    "inroll": 0.21974835066399184,
    "bad-red-sfs": 0.00797774855533121,
    "red": 0.05839686351359427,
    "sfr": 0.09823378925716947,
    "outroll": 0.22387833617627761,
    "inoneh": 0.015260298151523717,
    "bad-red": 0.01809013593804621,
    "alt": 0.2324183003146178
  },
  "chained-bigrams": {
    "sfb": 0.01660337028093466,
    "unknown": 0.033665798979163164,
    "outoneh": 0.019471998410502112,
    "red-sfs": 0.029725168802987322,
    "alt-sfs": 0.04827775176951761,
    "sft": 0.0000350624533718068,
    "inroll": 0.2392843623405876,
    "bad-red-sfs": 0.010371993151134108,
    "red": 0.04787128703228148,
    "sfr": 0.11914286586209158,
    "outroll": 0.20837486177926368,
    "inoneh": 0.014526244571001143,
    "bad-red": 0.012823118363700231,
    "alt": 0.19982611620346352
  },
  "english-200": {
    "sfb": 0.0066815144766146995,
    "unknown": 0.0,
    "outoneh": 0.013363028953229399,
    "red-sfs": 0.028953229398663696,
    "alt-sfs": 0.044543429844097995,
    "sft": 0.0,
    "inroll": 0.22048997772828507,
    "bad-red-sfs": 0.008908685968819599,
    "red": 0.05790645879732739,
    "sfr": 0.10690423162583519,
    "outroll": 0.24498886414253898,
    "inoneh": 0.011135857461024499,
    "bad-red": 0.008908685968819599,
    "alt": 0.24721603563474387
  },
  "english-450k": {
    "sfb": 0.028976186063154965,
    "unknown": 0.0001543587941537776,
    "outoneh": 0.017237901398642695,
    "red-sfs": 0.03298454482573535,
    "alt-sfs": 0.04088929375589443,
    "sft": 0.00007659470467479117,
    "inroll": 0.21324725881584586,
    "bad-red-sfs": 0.007448396510321868,
    "red": 0.0647906421150429,
    "sfr": 0.11369548401129392,
    "outroll": 0.2440155270914301,
    "inoneh": 0.016935323080557164,
    "bad-red": 0.010446991494479627,
    "alt": 0.20910149733877254
  },
  "english-5k": {
    "sfb": 0.018086033102418384,
    "unknown": 0.0022400132741527356,
    "outoneh": 0.017546770647529762,
    "red-sfs": 0.029452026382378562,
    "alt-sfs": 0.039241714024972,
    "sft": 0.0,
    "inroll": 0.18973742066619653,
    "bad-red-sfs": 0.010245986642883809,
    "red": 0.0684033683162567,
    "sfr": 0.10644211224955408,
    "outroll": 0.2471481312481852,
    "inoneh": 0.014435641100095408,
    "bad-red": 0.011117102916165428,
    "alt": 0.24590367942921143
  },
  "monkeyracer": {
    "sfb": 0.011996183743372382,
    "unknown": 0.03912933825484461,
    "outoneh": 0.010770367705710309,
    "red-sfs": 0.029000226785742215,
    "alt-sfs": 0.03879306974052583,
    "sft": 0.000010752772260193629,
    "inroll": 0.23004578725933342,
    "bad-red-sfs": 0.007681389492781957,
    "red": 0.05040508625678402,
    "sfr": 0.09690789370786869,
    "outroll": 0.2140016735223736,
    "inoneh": 0.015997192548915337,
    "bad-red": 0.01709690789370787,
    "alt": 0.2381641303157796
  },
  "tr-quotes": {
    "sfb": 0.012076697256189177,
    "unknown": 0.039616513719054114,
    "outoneh": 0.010875846605487622,
    "red-sfs": 0.028984535725017916,
    "alt-sfs": 0.038933450451908186,
    "sft": 9.246203277779062e-6,
    "inroll": 0.2303772450937334,
    "bad-red-sfs": 0.007602690645153834,
    "red": 0.05053396823929174,
    "sfr": 0.09677191928064538,
    "outroll": 0.21363005940685606,
    "inoneh": 0.016153117126280023,
    "bad-red": 0.017043064191766256,
    "alt": 0.23739164605533852
  },
  "movie": {
    "sfb": 0.010056970020301599,
    "unknown": 0.08496732886260383,
    "outoneh": 0.009464253355317191,
    "red-sfs": 0.029946009354763953,
    "alt-sfs": 0.03868844856544538,
    "sft": 7.632674637898677e-6,
    "inroll": 0.21801116449742983,
    "bad-red-sfs": 0.006031786931518722,
    "red": 0.04064767718629082,
    "sfr": 0.11567713207251198,
    "outroll": 0.19166106608198624,
    "inoneh": 0.015474458241308062,
    "bad-red": 0.016505395708778722,
    "alt": 0.22286067644710575
  },
  "gutenberg": {
    "sfb": 0.013246366697317538,
    "unknown": 0.04011588984327138,
    "outoneh": 0.010082772505752248,
    "red-sfs": 0.02875536627032704,
    "alt-sfs": 0.043280620655504295,
    "sft": 0.00001723874679236176,
    "inroll": 0.23333988784585,
    "bad-red-sfs": 0.006429863116772998,
    "red": 0.052753596173073986,
    "sfr": 0.09863878308844841,
    "outroll": 0.20826698310186054,
    "inoneh": 0.01611576557274505,
    "bad-red": 0.02024738169957373,
    "alt": 0.22870948468271043
  },
  "keymash": {
    "sfb": 0.01321358055604586,
    "unknown": 0.03457533054475746,
    "outoneh": 0.0107424480631165,
    "red-sfs": 0.028881874120018226,
    "alt-sfs": 0.03973515370690398,
    "sft": 0.000012314613752139664,
    "inroll": 0.22810769540213371,
    "bad-red-sfs": 0.007462655933796637,
    "red": 0.05130678576266456,
    "sfr": 0.099723742164827,
    "outroll": 0.21444668387976012,
    "inoneh": 0.015660083821470938,
    "bad-red": 0.018110691958146734,
    "alt": 0.23802095947260615
  },
  "english-10k": {
    "sfb": 0.0186410914494124,
    "unknown": 0.0,
    "outoneh": 0.017309584917311514,
    "red-sfs": 0.02805812315470562,
    "alt-sfs": 0.04280118098840238,
    "sft": 0.00001929719611740414,
    "inroll": 0.19582794619941724,
    "bad-red-sfs": 0.008625846664479651,
    "red": 0.06699986491962717,
    "sfr": 0.10567144593890508,
    "outroll": 0.251828409332124,
    "inoneh": 0.015148298952162251,
    "bad-red": 0.011597614866559889,
    "alt": 0.23747129542077536
  },
  "mt-quotes": {
    "sfb": 0.011307538757605097,
    "unknown": 0.03468910244916987,
    "outoneh": 0.01029900431503329,
    "red-sfs": 0.02967780686341306,
    "alt-sfs": 0.03866347521545284,
    "sft": 7.470625500531909e-6,
    "inroll": 0.23326729300390864,
    "bad-red-sfs": 0.0075767083826394615,
    "red": 0.04929566942780985,
    "sfr": 0.0964592223377679,
    "outroll": 0.21490001314830087,
    "inoneh": 0.01595127956873573,
    "bad-red": 0.017167497400222324,
    "alt": 0.24073791850444054
  }
}