{
  "dutch": {
    "bad-redirect": 0.0008507982556493029,
    "dsfb-red": 0.010274237511802497,
    "sfb": 0.027918192831275637,
    "oneh-in": 0.0012805276702816703,
    "roll-in": 0.19999677962935541,
    "unknown": 0.072903632847049,
    "dsfb-alt": 0.04142085191426828,
    "alternate": 0.2446412835235474,
    "sfR": 0.18880787437283908,
    "sfT": 0.00004211943565765796,
    "roll-out": 0.1794695525969187,
    "oneh-out": 0.003327507140131918,
    "redirect": 0.029066642271223415,
    "sft": 0.0,
    "dsfb": 0.0
  },
  "english-10k": {
    "bad-redirect": 0.0012543177476312692,
    "dsfb-red": 0.0116555064549121,
    "sfb": 0.017483259682368153,
    "oneh-in": 0.002334960730205901,
    "roll-in": 0.2395746897975724,
    "unknown": 0.0,
    "dsfb-alt": 0.04617819030894811,
    "alternate": 0.33577121244283203,
    "sfR": 0.10567144593890508,
    "sfT": 0.00007718878446961657,
    "roll-out": 0.18998089577584376,
    "oneh-out": 0.005017270990525077,
    "redirect": 0.04500106134578646,
    "sft": 0.0,
    "dsfb": 0.0
  },
  "english-1k": {
    "bad-redirect": 0.0,
    "dsfb-red": 0.011644318983768526,
    "sfb": 0.012350035285815103,
    "oneh-in": 0.0035285815102328866,
    "roll-in": 0.2699364855328158,
    "unknown": 0.0,
    "dsfb-alt": 0.0374029640084686,
    "alternate": 0.30310515172900493,
    "sfR": 0.10832745236414962,
    "sfT": 0.0,
    "roll-out": 0.2021877205363444,
    "oneh-out": 0.008821453775582216,
    "redirect": 0.04269583627381793,
    "sft": 0.0,
    "dsfb": 0.0
  },
  "english-200": {
    "bad-redirect": 0.0,
    "dsfb-red": 0.008908685968819599,
    "sfb": 0.008908685968819599,
    "oneh-in": 0.0066815144766146995,
    "roll-in": 0.2561247216035635,
    "unknown": 0.0,
    "dsfb-alt": 0.042316258351893093,
    "alternate": 0.2984409799554566,
    "sfR": 0.10690423162583519,
    "sfT": 0.0,
    "roll-out": 0.20935412026726058,
    "oneh-out": 0.0200445434298441,
    "redirect": 0.042316258351893093,
    "sft": 0.0,
    "dsfb": 0.0
  },
  "mt-quotes": {
    "bad-redirect": 0.0008785455588625525,
    "dsfb-red": 0.010913089731177012,
    "sfb": 0.010892171979775522,
    "oneh-in": 0.00402218476948638,
    "roll-in": 0.21080013387360896,
    "unknown": 0.007977133909467972,
    "dsfb-alt": 0.04604146495977815,
    "alternate": 0.3077090878665089,
    "sfR": 0.0964592223377679,
    "sfT": 7.470625500531909e-6,
    "roll-out": 0.2360463656901065,
    "oneh-out": 0.026595426781893593,
    "redirect": 0.04165770191606603,
    "sft": 0.0,
    "dsfb": 0.0
  },
  "wordle": {
    "bad-redirect": 0.002019522046449007,
    "dsfb-red": 0.017928867945697296,
    "sfb": 0.03166161786155054,
    "oneh-in": 0.002176595983395041,
    "roll-in": 0.195960955907102,
    "unknown": 0.0,
    "dsfb-alt": 0.05421294738023112,
    "alternate": 0.3120834735779199,
    "sfR": 0.13138112868843263,
    "sfT": 0.00026926960619320093,
    "roll-out": 0.20329855267586672,
    "oneh-out": 0.007921014248849995,
    "redirect": 0.041086054078312575,
    "sft": 0.0,
    "dsfb": 0.0
  },
  "french": {
    "bad-redirect": 0.0018627369064987815,
    "dsfb-red": 0.011743648820435671,
    "sfb": 0.04624823081343756,
    "oneh-in": 0.00028068474132575156,
    "roll-in": 0.15681364344480225,
    "unknown": 0.15807962376648718,
    "dsfb-alt": 0.033046819158708954,
    "alternate": 0.2415097510118846,
    "sfR": 0.10898279115633469,
    "sfT": 0.00005210683375131913,
    "roll-out": 0.1963586402201863,
    "oneh-out": 0.01387616368994768,
    "redirect": 0.031145159436199266,
    "sft": 0.0,
    "dsfb": 0.0
  },
  "english-450k": {
    "bad-redirect": 0.002145821115698348,
    "dsfb-red": 0.01405688238503047,
    "sfb": 0.025256373001009764,
    "oneh-in": 0.0025825863400652867,
    "roll-in": 0.2166802802547622,
    "unknown": 0.00015377410175167997,
    "dsfb-alt": 0.049300386306270066,
    "alternate": 0.3478925639404994,
    "sfR": 0.11369548401129392,
    "sfT": 0.00014909656253489883,
    "roll-out": 0.1832782650539291,
    "oneh-out": 0.004890367251144682,
    "redirect": 0.03991811967601024,
    "sft": 0.0,
    "dsfb": 0.0
  },
  "shai": {
    "bad-redirect": 0.001087476502748145,
    "dsfb-red": 0.010673670197201973,
    "sfb": 0.014894943171561599,
    "oneh-in": 0.0027817286050767997,
    "roll-in": 0.21898543890281033,
    "unknown": 0.023260762136131256,
    "dsfb-alt": 0.04319317009084314,
    "alternate": 0.31053572108657546,
    "sfR": 0.09823378925716947,
    "sfT": 0.00003934657591125679,
    "roll-out": 0.22025576125832255,
    "oneh-out": 0.013629776200577589,
    "redirect": 0.04242841601507044,
    "sft": 0.0,
    "dsfb": 0.0
  },
  "keymash": {
    "bad-redirect": 0.0009769593576697466,
    "dsfb-red": 0.011358178750723483,
    "sfb": 0.012532171928427465,
    "oneh-in": 0.0036040769581262085,
    "roll-in": 0.2126077015594406,
    "unknown": 0.01232282349464109,
    "dsfb-alt": 0.04387696879887362,
    "alternate": 0.3070402646820982,
    "sfR": 0.099723742164827,
    "sfT": 0.00002873409875499255,
    "roll-out": 0.2316748285190035,
    "oneh-out": 0.023557856107843177,
    "redirect": 0.040695693579570875,
    "sft": 0.0,
    "dsfb": 0.0
  },
  "chained-bigrams": {
    "bad-redirect": 0.002830968457427364,
    "dsfb-red": 0.020853069490536058,
    "sfb": 0.016281964458359766,
    "oneh-in": 0.004825632471467929,
    "roll-in": 0.17821855466074155,
    "unknown": 0.022916559801936097,
    "dsfb-alt": 0.058308210652622636,
    "alternate": 0.31556987200256603,
    "sfR": 0.11914286586209158,
    "sfT": 0.000029218711143172335,
    "roll-out": 0.20783269236138482,
    "oneh-out": 0.007557257311008507,
    "redirect": 0.04563313375871448,
    "sft": 0.0,
    "dsfb": 0.0
  },
  "gutenberg": {
    "bad-redirect": 0.0012544503435057094,
    "dsfb-red": 0.008446607054701386,
    "sfb": 0.012191772154536462,
    "oneh-in": 0.002660450109361852,
    "roll-in": 0.21311845898485376,
    "unknown": 0.032975828246008664,
    "dsfb-alt": 0.04051560144472064,
    "alternate": 0.29571327303939565,
    "sfR": 0.09863878308844841,
    "sfT": 0.00016840929558691872,
    "roll-out": 0.2428263133746533,
    "oneh-out": 0.015133535879136305,
    "redirect": 0.036356516985090945,
    "sft": 0.0,
    "dsfb": 0.0
  },
  "akl": {
    "bad-redirect": 0.0013645424164215447,
    "dsfb-red": 0.013060142338656567,
    "sfb": 0.021710442922104545,
    "oneh-in": 0.0032148681285144322,
    "roll-in": 0.19411568420232228,
    "unknown": 0.06665478384099267,
    "dsfb-alt": 0.04757516630689832,
    "alternate": 0.28441784872283166,
    "sfR": 0.11790358951788564,
    "sfT": 0.0002567384233212659,
    "roll-out": 0.19585895296569433,
    "oneh-out": 0.017847533310013753,
    "redirect": 0.03601970690434301,
    "sft": 0.0,
    "dsfb": 0.0
  },
  "tr-quotes": {
    "bad-redirect": 0.0009500473867917987,
    "dsfb-red": 0.01103534361202931,
    "sfb": 0.011926446452925267,
    "oneh-in": 0.0038406416865074777,
    "roll-in": 0.21155890987263354,
    "unknown": 0.013835787429786644,
    "dsfb-alt": 0.04516423568572155,
    "alternate": 0.3077448510205497,
    "sfR": 0.09677191928064538,
    "sfT": 0.000026582834423614803,
    "roll-out": 0.23150181456739327,
    "oneh-out": 0.02417419846975336,
    "redirect": 0.041469221700839096,
    "sft": 0.0,
    "dsfb": 0.0
  },
  "movie": {
    "bad-redirect": 0.0007598459199866718,
    "dsfb-red": 0.011644829540661693,
    "sfb": 0.011312413400397346,
    "oneh-in": 0.003482605200299148,
    "roll-in": 0.19673955827079914,
    "unknown": 0.030236445784519856,
    "dsfb-alt": 0.049070728442727765,
    "alternate": 0.29706672365730397,
    "sfR": 0.11567713207251198,
    "sfT": 0.000018160501724655473,
    "roll-out": 0.2110395058027409,
    "oneh-out": 0.035387974773747125,
    "redirect": 0.037564076632579754,
    "sft": 0.0,
    "dsfb": 0.0
  },
  "english-5k": {
    "bad-redirect": 0.0018666777284606132,
    "dsfb-red": 0.011697847098353175,
    "sfb": 0.017712697556726262,
    "oneh-in": 0.0021155680922553613,