{
  "dutch": {
    "dsfb": 0.0,
    "sfb": 0.21459309164511414,
    "roll-out": 0.13861769857610487,
    "sfR": 0.18880787437283908,
    "roll-in": 0.11672348158358606,
    "alternate": 0.10552483990580021,
    "dsfb-alt": 0.06007413164122102,
    "sft": 0.0,
    "sfT": 0.025233379148903376,
    "dsfb-red": 0.03704068163699114,
    "oneh-in": 0.011508790625666017,
    "oneh-out": 0.005057918437765925,
    "redirect": 0.0210749590039286,
    "bad-redirect": 0.0008435721455726592,
    "unknown": 0.07489958127650687
  },
  "english-1k": {
    "dsfb": 0.0,
    "sfb": 0.3073394495412844,
    "roll-out": 0.15737473535638674,
    "sfR": 0.10832745236414962,
    "roll-in": 0.09985885673959069,
    "alternate": 0.13902611150317573,
    "dsfb-alt": 0.08750882145377559,
    "sft": 0.0,
    "sfT": 0.04481298517995766,
    "dsfb-red": 0.03352152434721242,
    "oneh-in": 0.007410021171489062,
    "oneh-out": 0.002117148906139732,
    "redirect": 0.012702893436838392,
    "bad-redirect": 0.0,
    "unknown": 0.0
  },
  "shai": {
    "dsfb": 0.0,
    "sfb": 0.31323838111017566,
    "roll-out": 0.13608875218949026,
    "sfR": 0.09823378925716947,
    "roll-in": 0.10806903988781388,
    "alternate": 0.11840659604357523,
    "dsfb-alt": 0.08635046536247307,
    "sft": 0.0,
    "sfT": 0.047258666851620605,
    "dsfb-red": 0.034198444529146194,
    "oneh-in": 0.007895680407030767,
    "oneh-out": 0.00528873946358611,
    "redirect": 0.01303971302621691,
    "bad-redirect": 0.00013862256175856515,
    "unknown": 0.031793109309943265
  },
  "akl": {
    "dsfb": 0.0,
    "sfb": 0.2861713399379045,
    "roll-out": 0.11532065476723725,
    "sfR": 0.11790358951788564,
    "roll-in": 0.10097973216185276,
    "alternate": 0.11188845112013908,
    "dsfb-alt": 0.07876293713216986,
    "sft": 0.0,
    "sfT": 0.04341363719663945,
    "dsfb-red": 0.03040027031879552,
    "oneh-in": 0.008746887263457114,
    "oneh-out": 0.004908635443953643,
    "redirect": 0.01273717481916483,
    "bad-redirect": 0.0008821046503977277,
    "unknown": 0.08788458567040264
  },
  "monkeyracer": {
    "dsfb": 0.0,
    "sfb": 0.32900843799365,
    "roll-out": 0.12363244287345355,
    "sfR": 0.09690789370786869,
    "roll-in": 0.10138104696810923,
    "alternate": 0.12416323881320675,
    "dsfb-alt": 0.08427729640114488,
    "sft": 0.0,
    "sfT": 0.046673874282496836,
    "dsfb-red": 0.029660055992617732,
    "oneh-in": 0.007904265135993243,
    "oneh-out": 0.006461438603625444,
    "redirect": 0.010572907706023116,
    "bad-redirect": 0.00022776326696591958,
    "unknown": 0.03912933825484461
  },
  "tr-quotes": {
    "dsfb": 0.0,
    "sfb": 0.3287083054020943,
    "roll-out": 0.12379741568618387,
    "sfR": 0.09677191928064538,
    "roll-in": 0.10145858856706964,
    "alternate": 0.12379625991077414,
    "dsfb-alt": 0.0841577864589353,
    "sft": 0.0,
    "sfT": 0.04649222163149257,
    "dsfb-red": 0.029888352095420817,
    "oneh-in": 0.007921684658237211,
    "oneh-out": 0.006503548230507848,
    "redirect": 0.01066202815468898,
    "bad-redirect": 0.00022537620489586463,
    "unknown": 0.039616513719054114
  },
  "reddit": {
    "dsfb": 0.0,
    "sfb": 0.3033840338150544,
    "roll-out": 0.12215016040200795,
    "sfR": 0.10397777127267367,
    "roll-in": 0.10633294358894833,
    "alternate": 0.11982540350530219,
    "dsfb-alt": 0.08389295645182406,
    "sft": 0.0,
    "sfT": 0.04342670155450138,
    "dsfb-red": 0.029582029581242977,
    "oneh-in": 0.008049598110048756,
    "oneh-out": 0.007045477232728714,
    "redirect": 0.011722110193342057,
    "bad-redirect": 0.00033250945752863107,
    "unknown": 0.06027830483479689
  },
  "keymash": {
    "dsfb": 0.0,
    "sfb": 0.3300726972698501,
    "roll-out": 0.12624942018693583,
    "sfR": 0.099723742164827,
    "roll-in": 0.09921884300098928,
    "alternate": 0.12194751511618838,
    "dsfb-alt": 0.08437973342966097,
    "sft": 0.0,
    "sfT": 0.04753030421200839,
    "dsfb-red": 0.030766010024095593,
    "oneh-in": 0.007967555097634364,
    "oneh-out": 0.006407704022363339,
    "redirect": 0.010849174715635044,
    "bad-redirect": 0.0003119702150542048,
    "unknown": 0.03457533054475746
  },
  "english-10k": {
    "dsfb": 0.0,
    "sfb": 0.2860423380482816,
    "roll-out": 0.14741128114085023,
    "sfR": 0.10567144593890508,
    "roll-in": 0.12527739719418768,
    "alternate": 0.11865845892591806,
    "dsfb-alt": 0.0852743096428089,
    "sft": 0.0,
    "sfT": 0.06090195094652747,
    "dsfb-red": 0.04212577912429324,
    "oneh-in": 0.008818818625653693,
    "oneh-out": 0.0037822504390112115,
    "redirect": 0.015785106424036587,
    "bad-redirect": 0.00025086354952625386,
    "unknown": 0.0
  },
  "wordle": {
    "dsfb": 0.0,
    "sfb": 0.26390665320318635,
    "roll-out": 0.14749242679232583,
    "sfR": 0.13138112868843263,
    "roll-in": 0.13162795916077638,
    "alternate": 0.1291596544373387,
    "dsfb-alt": 0.08497699988780433,
    "sft": 0.0,
    "sfT": 0.033389431167956916,
    "dsfb-red": 0.03666554470997419,
    "oneh-in": 0.014854706608324919,
    "oneh-out": 0.005497587793111186,
    "redirect": 0.019499607315157635,
    "bad-redirect": 0.0015483002356109054,
    "unknown": 0.0
  },
  "chained-bigrams": {
    "dsfb": 0.0,
    "sfb": 0.3240199232651715,
    "roll-out": 0.13724483137232493,
    "sfR": 0.11914286586209158,
    "roll-in": 0.0973879121542696,
    "alternate": 0.09064553223180957,
    "dsfb-alt": 0.08088258688183758,
    "sft": 0.0,
    "sfT": 0.048736160882119385,
    "dsfb-red": 0.04068023756760073,
    "oneh-in": 0.007396879052067094,
    "oneh-out": 0.005867117197549005,
    "redirect": 0.013683447080693639,
    "bad-redirect": 0.0006467074733022143,
    "unknown": 0.033665798979163164
  },
  "english-450k": {
    "dsfb": 0.0,
    "sfb": 0.27159400596737066,
    "roll-out": 0.1433148317167563,
    "sfR": 0.11369548401129392,
    "roll-in": 0.1370033695823133,
    "alternate": 0.1179517523523637,
    "dsfb-alt": 0.08658768251904198,
    "sft": 0.0,
    "sfT": 0.04928167614940294,
    "dsfb-red": 0.04702622520831128,
    "oneh-in": 0.009371449820821014,
    "oneh-out": 0.004013913340400316,
    "redirect": 0.01962286170679898,
    "bad-redirect": 0.00038238883097185816,
    "unknown": 0.0001543587941537776
  },
  "english-200": {
    "dsfb": 0.0,
    "sfb": 0.3585746102449889,
    "roll-out": 0.133630289532294,
    "sfR": 0.10690423162583519,
    "roll-in": 0.1091314031180401,
    "alternate": 0.1091314031180401,
    "dsfb-alt": 0.0935412026726058,
    "sft": 0.0,
    "sfT": 0.042316258351893093,
    "dsfb-red": 0.026726057906458798,
    "oneh-in": 0.004454342984409799,
    "oneh-out": 0.004454342984409799,
    "redirect": 0.011135857461024499,
    "bad-redirect": 0.0,
    "unknown": 0.0
  },
  "english-5k": {
    "dsfb": 0.0,
    "sfb": 0.2850624299995852,
    "roll-out": 0.15232090264238604,
    "sfR": 0.10644211224955408,
    "roll-in": 0.11619031816484839,
    "alternate": 0.12523333471605758,
    "dsfb-alt": 0.08553532169079521,
    "sft": 0.0,
    "sfT": 0.057244783672792135,
    "dsfb-red": 0.040818019662338736,
    "oneh-in": 0.007549674368440702,
    "oneh-out": 0.004065209275314224,
    "redirect": 0.01709047164723939,
    "bad-redirect": 0.00020740863649562367,
    "unknown": 0.0022400132741527356
  },
  "movie": {
    "dsfb": 0.0,
    "sfb": 0.297061328145922,
    "roll-out": 0.108008136431164,
    "sfR": 0.11567713207251198,
    "roll-in": 0.09129902726825653,
    "alternate": 0.13077074616895662,
    "dsfb-alt": 0.07976842465148615,
    "sft": 0.0,
    "sfT": 0.04106800068272959,
    "dsfb-red": 0.027139422251273176,
    "oneh-in": 0.007659783792647076,
    "oneh-out": 0.007034299265855138,
    "redirect": 0.009352789986036154,
    "bad-redirect": 0.0001935804205577406,
    "unknown": 0.08496732886260383
  },
  "gutenberg": {
    "dsfb": 0.0,
    "sfb": 0.34046449140203294,
    "roll-out": 0.12414833960558505,
    "sfR": 0.09863878308844841,
    "roll-in": 0.09445033592823832,
    "alternate": 0.11585479746745761,