{
  "reddit": {
    "dsfb-alt": 0.0399739146574042,
    "redirect": 0.04080119908671335,
    "dsfb": 0.0,
    "unknown": 0.06027830483479689,
    "sfb": 0.03278362706500378,
    "sft": 0.0,
    "bad-redirect": 0.006217218910674745,
    "roll-out": 0.18669876017834972,
    "oneh-in": 0.019739082896439428,
    "alternate": 0.23642433780443747,
    "oneh-out": 0.011459271524481136,
    "dsfb-red": 0.026239854425509097,
    "roll-in": 0.23522064382925637,
    "sfR": 0.10397777127267367,
    "sfT": 0.00018601351426013088
  },
  "monkeyracer": {
    "dsfb-alt": 0.04006385191673053,
    "redirect": 0.04039523280729468,
    "dsfb": 0.0,
    "unknown": 0.03912933825484461,
    "sfb": 0.03789667954392605,
    "sft": 0.0,
    "bad-redirect": 0.006517157514428266,
    "roll-out": 0.20149522185901747,
    "oneh-in": 0.019093990959851103,
    "alternate": 0.2479413328745484,
    "oneh-out": 0.009981505231712467,
    "dsfb-red": 0.026381437978009604,
    "roll-in": 0.2340663465598949,
    "sfR": 0.09690789370786869,
    "sfT": 0.00013001079187325022
  },
  "wordle": {
    "dsfb-alt": 0.044878267698866825,
    "redirect": 0.06049590485807248,
    "dsfb": 0.0,
    "unknown": 0.0,
    "sfb": 0.04016604959048581,
    "sft": 0.0,
    "bad-redirect": 0.009895658027600134,
    "roll-out": 0.1991921911814204,
    "oneh-in": 0.01703130259171996,
    "alternate": 0.24276898911702008,
    "oneh-out": 0.009805901492202401,
    "dsfb-red": 0.02728598676091103,
    "roll-in": 0.21707618085941882,
    "sfR": 0.13138112868843263,
    "sfT": 0.000022439133849433412
  },
  "english-10k": {
    "dsfb-alt": 0.046795700584705044,
    "redirect": 0.046853592173057255,
    "dsfb": 0.0,
    "unknown": 0.0,
    "sfb": 0.0284247698809363,
    "sft": 0.0,
    "bad-redirect": 0.00829779433048378,
    "roll-out": 0.15964570347928447,
    "oneh-in": 0.029196657725632465,
    "alternate": 0.26221030084328745,
    "oneh-out": 0.008973196194592926,
    "dsfb-red": 0.021072538160205323,
    "roll-in": 0.2828390034927925,
    "sfR": 0.10567144593890508,
    "sfT": 0.00001929719611740414
  },
  "shai": {
    "dsfb-alt": 0.043122422888297214,
    "redirect": 0.04125675425040554,
    "dsfb": 0.0,
    "unknown": 0.031793109309943265,
    "sfb": 0.029943278384881502,
    "sft": 0.0,
    "bad-redirect": 0.006839260064533648,
    "roll-out": 0.18996692890492511,
    "oneh-in": 0.023035024412990577,
    "alternate": 0.2546815961751691,
    "oneh-out": 0.009254967979333876,
    "dsfb-red": 0.02267663616887739,
    "roll-in": 0.24908214029272058,
    "sfR": 0.09823378925716947,
    "sfT": 0.00011409191075270782
  },
  "english-1k": {
    "dsfb-alt": 0.040578687367678196,
    "redirect": 0.048341566690190546,
    "dsfb": 0.0,
    "unknown": 0.0,
    "sfb": 0.015172900494001412,
    "sft": 0.0,
    "bad-redirect": 0.011291460832745237,
    "roll-out": 0.18242766407904024,
    "oneh-in": 0.02893436838390967,
    "alternate": 0.26781933662667606,
    "oneh-out": 0.009527170077628794,
    "dsfb-red": 0.020465772759350742,
    "roll-in": 0.2671136203246295,
    "sfR": 0.10832745236414962,
    "sfT": 0.0
  },
  "english-200": {
    "dsfb-alt": 0.0378619153674833,
    "redirect": 0.0400890868596882,
    "dsfb": 0.0,
    "unknown": 0.0,
    "sfb": 0.013363028953229399,
    "sft": 0.0,
    "bad-redirect": 0.0066815144766146995,
    "roll-out": 0.22048997772828507,
    "oneh-in": 0.024498886414253896,
    "alternate": 0.267260579064588,
    "oneh-out": 0.008908685968819599,
    "dsfb-red": 0.026726057906458798,
    "roll-in": 0.24721603563474387,
    "sfR": 0.10690423162583519,
    "sfT": 0.0
  },
  "mt-quotes": {
    "dsfb-alt": 0.03977062191463167,
    "redirect": 0.04011725893785635,
    "dsfb": 0.0,
    "unknown": 0.03468910244916987,
    "sfb": 0.03831982644242837,
    "sft": 0.0,
    "bad-redirect": 0.006475538183861059,
    "roll-out": 0.20520911774901088,
    "oneh-in": 0.018906659016746156,
    "alternate": 0.24880768817011512,
    "oneh-out": 0.010188439057625417,
    "dsfb-red": 0.02685839279951232,
    "roll-in": 0.23408607355876693,
    "sfR": 0.0964592223377679,
    "sfT": 0.00011205938250797863
  },
  "english-5k": {
    "dsfb-alt": 0.04334840502758535,
    "redirect": 0.046542498029617956,
    "dsfb": 0.0,
    "unknown": 0.0022400132741527356,
    "sfb": 0.027626830381217073,
    "sft": 0.0,
    "bad-redirect": 0.009043016551209192,
    "roll-out": 0.1558053677355125,
    "oneh-in": 0.03048906956485668,
    "alternate": 0.2728253204463434,
    "oneh-out": 0.00937487036960219,
    "dsfb-red": 0.020989754013357117,
    "roll-in": 0.27527274235699173,
    "sfR": 0.10644211224955408,
    "sfT": 0.0
  },
  "french": {
    "dsfb-alt": 0.030801176427881185,
    "redirect": 0.03665110488136309,
    "dsfb": 0.0,
    "unknown": 0.18457858553258105,
    "sfb": 0.04470029229416786,
    "sft": 0.0,
    "bad-redirect": 0.003982277504007155,
    "roll-out": 0.1276841255572139,
    "oneh-in": 0.019667063700364553,
    "alternate": 0.2094660258574844,
    "oneh-out": 0.008036452850214591,
    "dsfb-red": 0.01737938193115087,
    "roll-in": 0.20762806891160226,
    "sfR": 0.10898279115633469,
    "sfT": 0.0004426533956344092
  },
  "keymash": {
    "dsfb-alt": 0.0409830345671208,
    "redirect": 0.041520772700964236,
    "dsfb": 0.0,
    "unknown": 0.03457533054475746,
    "sfb": 0.03629116672755559,
    "sft": 0.0,
    "bad-redirect": 0.006666310911158271,
    "roll-out": 0.20488233386559832,
    "oneh-in": 0.01971159174592489,
    "alternate": 0.2467273913953689,
    "oneh-out": 0.009539720786657527,
    "dsfb-red": 0.02636558804333102,
    "roll-in": 0.23286934605296106,
    "sfR": 0.099723742164827,
    "sfT": 0.00014367049377496274
  },
  "tr-quotes": {
    "dsfb-alt": 0.04035274265504727,
    "redirect": 0.04056656110584591,
    "dsfb": 0.0,
    "unknown": 0.039616513719054114,
    "sfb": 0.03763667044219967,
    "sft": 0.0,
    "bad-redirect": 0.006572894755091191,
    "roll-out": 0.20162502022606968,
    "oneh-in": 0.0192968262407249,
    "alternate": 0.24731744527403435,
    "oneh-out": 0.01003559788261945,
    "dsfb-red": 0.026278865490857818,
    "roll-in": 0.2337971845311019,
    "sfR": 0.09677191928064538,
    "sfT": 0.00013175839670835163
  },
  "chained-bigrams": {
    "dsfb-alt": 0.04926859072961719,
    "redirect": 0.046552549202686304,
    "dsfb": 0.0,
    "unknown": 0.033665798979163164,
    "sfb": 0.028360330340255136,
    "sft": 0.0,
    "bad-redirect": 0.007280653512186475,
    "roll-out": 0.18881261001656377,
    "oneh-in": 0.014235356068953561,
    "alternate": 0.23205500389907469,
    "oneh-out": 0.0056723257899278555,
    "dsfb-red": 0.03099520878067721,
    "roll-in": 0.24384897432584318,
    "sfR": 0.11914286586209158,
    "sfT": 0.00010973249295991388
  },
  "movie": {
    "dsfb-alt": 0.038669103683173466,
    "redirect": 0.038217328303313015,
    "dsfb": 0.0,
    "unknown": 0.08496732886260383,
    "sfb": 0.04659932103411161,
    "sft": 0.0,
    "bad-redirect": 0.006021785495786303,
    "roll-out": 0.19253606011073432,
    "oneh-in": 0.015588816763037958,
    "alternate": 0.21406809845992367,
    "oneh-out": 0.009070117828756734,
    "dsfb-red": 0.027201931224600795,
    "roll-in": 0.21116505014075046,
    "sfR": 0.11567713207251198,
    "sfT": 0.0002179260206958657
  },
  "akl": {
    "dsfb-alt": 0.03791513531242476,
    "redirect": 0.039454450675803186,
    "dsfb": 0.0,
    "unknown": 0.08788458567040264,
    "sfb": 0.03759600895660241,
    "sft": 0.0,
    "bad-redirect": 0.005120890713813358,
    "roll-out": 0.17595013971303533,
    "oneh-in": 0.017463788668591957,
    "alternate": 0.22221001723443404,
    "oneh-out": 0.007824140623267218,
    "dsfb-red": 0.02686206294527296,
    "roll-in": 0.22337079211362013,
    "sfR": 0.11790358951788564,
    "sfT": 0.00044439785484639
  },
  "gutenberg": {
    "dsfb-alt": 0.04160770446953345,
    "redirect": 0.039535644992447154,
    "dsfb": 0.0,
    "unknown": 0.04011588984327138,
    "sfb": 0.028479167448093375,
    "sft": 0.0,