{
  "english-1k": {
    "sfb": 0.017290049400141144,
    "unknown": 0.0,
    "outoneh": 0.017642907551164433,
    "red-sfs": 0.02117148906139732,
    "alt-sfs": 0.03387438249823571,
    "sft": 0.0,
    "inroll": 0.3458009880028229,
    "bad-red-sfs": 0.0007057163020465773,
    "red": 0.046224417784050814,
    "sfr": 0.10832745236414962,
    "outroll": 0.1898376852505293,
    "inoneh": 0.0038814396612561752,
    "bad-red": 0.0,
    "alt": 0.21524347212420608
  },
  "shai": {
    "sfb": 0.018825621982435776,
    "unknown": 0.023621906111313578,
    "outoneh": 0.01603235568871138,
    "red-sfs": 0.017384846823152972,
    "alt-sfs": 0.03894023717245891,
    "sft": 0.00018401858663197955,
    "inroll": 0.3417935954332892,
    "bad-red-sfs": 0.0013637617648816444,
    "red": 0.04217889850023207,
    "sfr": 0.09823378925716947,
    "outroll": 0.1549040324395992,
    "inoneh": 0.003248635371263546,
    "bad-red": 0.0022626100241110985,
    "alt": 0.24102569084474923
  },
  "chained-bigrams": {
    "sfb": 0.020427125612537813,
    "unknown": 0.02365222201805197,
    "outoneh": 0.0128348058481575,
    "red-sfs": 0.02124784674331492,
    "alt-sfs": 0.04678435097775547,
    "sft": 0.00007402073489603658,
    "inroll": 0.2984119955146032,
    "bad-red-sfs": 0.002364118383828677,
    "red": 0.04782258918037619,
    "sfr": 0.11914286586209158,
    "outroll": 0.1303440211049997,
    "inoneh": 0.013625009658407294,
    "bad-red": 0.002938103731618996,
    "alt": 0.26033092462936064
  },
  "english-200": {
    "sfb": 0.013363028953229399,
    "unknown": 0.0,
    "outoneh": 0.0200445434298441,
    "red-sfs": 0.0200445434298441,
    "alt-sfs": 0.022271714922048998,
    "sft": 0.0,
    "inroll": 0.36080178173719374,
    "bad-red-sfs": 0.0,
    "red": 0.0378619153674833,
    "sfr": 0.10690423162583519,
    "outroll": 0.155902004454343,
    "inoneh": 0.0022271714922048997,
    "bad-red": 0.0,
    "alt": 0.26057906458797325
  },
  "english-450k": {
    "sfb": 0.03980059650318862,
    "unknown": 0.00015377410175167997,
    "outoneh": 0.010634385409351922,
    "red-sfs": 0.019026475456659385,
    "alt-sfs": 0.04001342453755216,
    "sft": 0.001736828780431047,
    "inroll": 0.29689656966814615,
    "bad-red-sfs": 0.0012407172772511974,
    "red": 0.04771265408837392,
    "sfr": 0.11369548401129392,
    "outroll": 0.169067900913348,
    "inoneh": 0.004972516533639401,
    "bad-red": 0.001401215341627,
    "alt": 0.25364745737738564
  },
  "english-5k": {
    "sfb": 0.02119716264985274,
    "unknown": 0.002157049819554486,
    "outoneh": 0.012900817190027792,
    "red-sfs": 0.01866677728460613,
    "alt-sfs": 0.03837059775169038,
    "sft": 0.0003733355456921226,
    "inroll": 0.34156054258099305,
    "bad-red-sfs": 0.0003733355456921226,
    "red": 0.04019579375285187,
    "sfr": 0.10644211224955408,
    "outroll": 0.1631891151947567,
    "inoneh": 0.005102252457792342,
    "bad-red": 0.00024889036379474843,
    "alt": 0.24922221761314142
  },
  "monkeyracer": {
    "sfb": 0.017851557001423275,
    "unknown": 0.014352018393105714,
    "outoneh": 0.01973035957270438,
    "red-sfs": 0.017571007397907314,
    "alt-sfs": 0.036645447862739884,
    "sft": 0.00016324663340475782,
    "inroll": 0.3418883041118601,
    "bad-red-sfs": 0.0023108685111907033,
    "red": 0.043833187356303864,
    "sfr": 0.09690789370786869,
    "outroll": 0.152736287282794,
    "inoneh": 0.0023998232635250322,
    "bad-red": 0.002558182273175157,
    "alt": 0.2510518166319971
  },
  "tr-quotes": {
    "sfb": 0.017953815214627494,
    "unknown": 0.01476965396084233,
    "outoneh": 0.01947481565382215,
    "red-sfs": 0.017381706386814914,
    "alt-sfs": 0.03682993920621345,
    "sft": 0.00017567786227780217,
    "inroll": 0.34181479854834607,
    "bad-red-sfs": 0.002303460391576709,
    "red": 0.04377846096946442,
    "sfr": 0.09677191928064538,
    "outroll": 0.1525981831210559,
    "inoneh": 0.002417882157139225,
    "bad-red": 0.0025403943505697972,
    "alt": 0.25118929289660435
  },
  "movie": {
    "sfb": 0.01589636091180984,
    "unknown": 0.030451476652766863,
    "outoneh": 0.021249234594071333,
    "red-sfs": 0.015330227010219494,
    "alt-sfs": 0.04156478252338592,
    "sft": 0.00009290807404062873,
    "inroll": 0.3108985776774008,
    "bad-red-sfs": 0.0036080179404701387,
    "red": 0.04289286791038029,
    "sfr": 0.11567713207251198,
    "outroll": 0.14701281460272783,
    "inoneh": 0.0017831507128194324,
    "bad-red": 0.0031962483035393634,
    "alt": 0.2503462010138561
  },
  "gutenberg": {
    "sfb": 0.01805578761560853,
    "unknown": 0.03802431837805746,
    "outoneh": 0.01601706901143933,
    "red-sfs": 0.018288984289250257,
    "alt-sfs": 0.031417331873912394,
    "sft": 0.00007729020539872085,
    "inroll": 0.3507870908686548,
    "bad-red-sfs": 0.0011642784372072018,
    "red": 0.040105091946928906,
    "sfr": 0.09863878308844841,
    "outroll": 0.15128799959687853,
    "inoneh": 0.002518940836242135,
    "bad-red": 0.0021753025210625282,
    "alt": 0.2314417313309108
  },
  "keymash": {
    "sfb": 0.018964505178295083,
    "unknown": 0.013394194891077241,
    "outoneh": 0.019518662797141366,
    "red-sfs": 0.01744570281553119,
    "alt-sfs": 0.03583142114747571,
    "sft": 0.0001518802362763892,
    "inroll": 0.3441154618185401,
    "bad-red-sfs": 0.0023849301966643818,
    "red": 0.043277657596269496,
    "sfr": 0.099723742164827,
    "outroll": 0.15196233370140347,
    "inoneh": 0.002692795540467873,
    "bad-red": 0.002614802986704322,
    "alt": 0.24792190892932645
  },
  "english-10k": {
    "sfb": 0.023388201694293818,
    "unknown": 0.0,
    "outoneh": 0.011153779355859594,
    "red-sfs": 0.018428822292120953,
    "alt-sfs": 0.040138167924200614,
    "sft": 0.00036664672623067866,
    "inroll": 0.3378553096235117,
    "bad-red-sfs": 0.0010034541981050154,
    "red": 0.040659192219370525,
    "sfr": 0.10567144593890508,
    "outroll": 0.16784701182918121,
    "inoneh": 0.004843596225468439,
    "bad-red": 0.0031840373593716833,
    "alt": 0.24546033461338068
  },
  "mt-quotes": {
    "sfb": 0.016970272887008284,
    "unknown": 0.008869126594231481,
    "outoneh": 0.0202050537287386,
    "red-sfs": 0.017617229055354348,
    "alt-sfs": 0.03671513608491412,
    "sft": 0.0001299888837092552,
    "inroll": 0.34584513692162416,
    "bad-red-sfs": 0.002421976787272445,
    "red": 0.043782347808417305,
    "sfr": 0.0964592223377679,
    "outroll": 0.15169852141380094,
    "inoneh": 0.002211305148157445,
    "bad-red": 0.00267597805429053,
    "alt": 0.2543987042947132
  }
}