{
  "shai": {
    "bad-redirect": 0.002352395767568637,
    "dsfb-red": 0.029900123326706163,
    "sfb": 0.025166241798990782,
    "oneh-in": 0.010661706763585832,
    "roll-in": 0.34324973611552767,
    "unknown": 0.023621906111313578,
    "dsfb-alt": 0.03543310880833828,
    "alternate": 0.21322122358794326,
    "sfR": 0.09823378925716947,
    "sfT": 0.000052060868835561195,
    "roll-out": 0.1585600244671763,
    "oneh-out": 0.010891516156789332,
    "redirect": 0.04865616697005511,
    "sft": 0.0,
    "dsfb": 0.0
  },
  "english-10k": {
    "bad-redirect": 0.0031840373593716833,
    "dsfb-red": 0.02964049323633276,
    "sfb": 0.03147372686748615,
    "oneh-in": 0.008915304606240713,
    "roll-in": 0.33665888346423267,
    "unknown": 0.0,
    "dsfb-alt": 0.03411744273557052,
    "alternate": 0.2198915497578202,
    "sfR": 0.10567144593890508,
    "sfT": 0.00005789158835221242,
    "roll-out": 0.175237837942147,
    "oneh-out": 0.009011790586827734,
    "redirect": 0.0461395959167133,
    "sft": 0.0,
    "dsfb": 0.0
  },
  "english-5k": {
    "bad-redirect": 0.0003318538183929979,
    "dsfb-red": 0.030157215746463684,
    "sfb": 0.031152777201642678,
    "oneh-in": 0.009831169369892562,
    "roll-in": 0.33915460239764383,
    "unknown": 0.002157049819554486,
    "dsfb-alt": 0.03463724229476915,
    "alternate": 0.2191894470485751,
    "sfR": 0.10644211224955408,
    "sfT": 0.00004148172729912474,
    "roll-out": 0.17214916829136764,
    "oneh-out": 0.009623760733396939,
    "redirect": 0.04513211930144771,
    "sft": 0.0,
    "dsfb": 0.0
  },
  "akl": {
    "bad-redirect": 0.0015870820922347655,
    "dsfb-red": 0.02844016167086159,
    "sfb": 0.030225187600574986,
    "oneh-in": 0.009842424314516464,
    "roll-in": 0.30257366639443967,
    "unknown": 0.06692211644153111,
    "dsfb-alt": 0.03803241471284637,
    "alternate": 0.20395482494144393,
    "sfR": 0.11790358951788564,
    "sfT": 0.0002442236642694088,
    "roll-out": 0.1453188419858023,
    "oneh-out": 0.010595416302220774,
    "redirect": 0.04436005036137296,
    "sft": 0.0,
    "dsfb": 0.0
  },
  "movie": {
    "bad-redirect": 0.0032041441738544308,
    "dsfb-red": 0.028780184102744223,
    "sfb": 0.018870472063818634,
    "oneh-in": 0.014116368547116434,
    "roll-in": 0.3147312331283346,
    "unknown": 0.030451476652766863,
    "dsfb-alt": 0.0420586692115934,
    "alternate": 0.21977786548042622,
    "sfR": 0.11567713207251198,
    "sfT": 0.000018818490917577773,
    "roll-out": 0.1485035549182126,
    "oneh-out": 0.015843721776376055,
    "redirect": 0.04796635938132698,
    "sft": 0.0,
    "dsfb": 0.0
  },
  "chained-bigrams": {
    "bad-redirect": 0.002473850876788591,
    "dsfb-red": 0.03265093574545698,
    "sfb": 0.025884531549390334,
    "oneh-in": 0.021256287704311837,
    "roll-in": 0.29577127333195247,
    "unknown": 0.02365222201805197,
    "dsfb-alt": 0.042615165549970815,
    "alternate": 0.23638456758580076,
    "sfR": 0.11914286586209158,
    "sfT": 0.00009674639911850395,
    "roll-out": 0.1361565967084148,
    "oneh-out": 0.006983271963218188,
    "redirect": 0.05693168470543319,
    "sft": 0.0,
    "dsfb": 0.0
  },
  "keymash": {
    "bad-redirect": 0.0028405709054935492,
    "dsfb-red": 0.03157877453173681,
    "sfb": 0.022716357501446967,
    "oneh-in": 0.01211757993210543,
    "roll-in": 0.3484461009880425,
    "unknown": 0.013394194891077241,
    "dsfb-alt": 0.03362710528584271,
    "alternate": 0.21458214463103364,
    "sfR": 0.099723742164827,
    "sfT": 0.00002462922750427933,
    "roll-out": 0.15603847085336167,
    "oneh-out": 0.01430958117998629,
    "redirect": 0.05060074790754188,
    "sft": 0.0,
    "dsfb": 0.0
  },
  "english-200": {
    "bad-redirect": 0.0,
    "dsfb-red": 0.0378619153674833,
    "sfb": 0.015590200445434299,
    "oneh-in": 0.011135857461024499,
    "roll-in": 0.37639198218262804,
    "unknown": 0.0,
    "dsfb-alt": 0.026726057906458798,
    "alternate": 0.20935412026726058,
    "sfR": 0.10690423162583519,
    "sfT": 0.0,
    "roll-out": 0.15812917594654788,
    "oneh-out": 0.013363028953229399,
    "redirect": 0.044543429844097995,
    "sft": 0.0,
    "dsfb": 0.0
  },
  "french": {
    "bad-redirect": 0.0029560065957842936,
    "dsfb-red": 0.020353112041693017,
    "sfb": 0.05382782748527012,
    "oneh-in": 0.012779208468430187,
    "roll-in": 0.253238073411697,
    "unknown": 0.15822391385155302,
    "dsfb-alt": 0.027764297868730123,
    "alternate": 0.1553480600908951,
    "sfR": 0.10898279115633469,
    "sfT": 0.000027536618871456172,
    "roll-out": 0.14672407946828497,
    "oneh-out": 0.017198551142370417,
    "redirect": 0.042576541800085556,
    "sft": 0.0,
    "dsfb": 0.0
  },
  "english-450k": {
    "bad-redirect": 0.002731098210198088,
    "dsfb-red": 0.03227911344260455,
    "sfb": 0.04457987219793475,
    "oneh-in": 0.010462193496934166,
    "roll-in": 0.293344855671604,
    "unknown": 0.00015377410175167997,
    "dsfb-alt": 0.03405394722917194,
    "alternate": 0.23013288304222473,
    "sfR": 0.11369548401129392,
    "sfT": 0.00006694728004018006,
    "roll-out": 0.17632802647019444,
    "oneh-out": 0.007578490569788592,
    "redirect": 0.05459331427625897,
    "sft": 0.0,
    "dsfb": 0.0
  },
  "dutch": {
    "bad-redirect": 0.0017888298252511413,
    "dsfb-red": 0.02316066898932612,
    "sfb": 0.0408512623046041,
    "oneh-in": 0.00865655711752298,
    "roll-in": 0.26625872077625706,
    "unknown": 0.07325982807452426,
    "dsfb-alt": 0.01948456927847452,
    "alternate": 0.18839781503948236,
    "sfR": 0.18880787437283908,
    "sfT": 0.00012696795397695873,
    "roll-out": 0.1427072465404236,
    "oneh-out": 0.005545295355863329,
    "redirect": 0.04095436437145448,
    "sft": 0.0,
    "dsfb": 0.0
  },
  "gutenberg": {
    "bad-redirect": 0.002487683767882358,
    "dsfb-red": 0.03257403284000208,
    "sfb": 0.020942046364272528,
    "oneh-in": 0.009557464320530059,
    "roll-in": 0.3578564925477466,
    "unknown": 0.03802431837805746,
    "dsfb-alt": 0.03056088820085451,
    "alternate": 0.19752118187332515,
    "sfR": 0.09863878308844841,
    "sfT": 0.000038455665921422385,
    "roll-out": 0.1546993770939868,
    "oneh-out": 0.01159618292469926,
    "redirect": 0.0455030929342734,
    "sft": 0.0,
    "dsfb": 0.0
  },
  "monkeyracer": {
    "bad-redirect": 0.002894450787493939,
    "dsfb-red": 0.03052125529818415,
    "sfb": 0.02231786758840734,
    "oneh-in": 0.012125217010494706,
    "roll-in": 0.3457661447987863,
    "unknown": 0.014352018393105714,
    "dsfb-alt": 0.034685510737131865,
    "alternate": 0.2176752115363561,
    "sfR": 0.09690789370786869,
    "sfT": 0.000018572970267607176,
    "roll-out": 0.1565339709401442,
    "oneh-out": 0.014577826610569779,
    "redirect": 0.05162405962118961,
    "sft": 0.0,
    "dsfb": 0.0
  },
  "mt-quotes": {
    "bad-redirect": 0.003119733209022125,
    "dsfb-red": 0.030448775415067953,
    "sfb": 0.020996940031794982,
    "oneh-in": 0.011976906802452756,
    "roll-in": 0.3510491746452947,
    "unknown": 0.008869126594231481,
    "dsfb-alt": 0.03489977408828487,
    "alternate": 0.2194212357012228,
    "sfR": 0.0964592223377679,
    "sfT": 0.000011953000800851053,
    "roll-out": 0.15558772904937784,
    "oneh-out": 0.015032392632170306,
    "redirect": 0.05212703649251144,
    "sft": 0.0,
    "dsfb": 0.0
  },
  "wordle": {
    "bad-redirect": 0.003208796140468978,
    "dsfb-red": 0.04025580612588354,
    "sfb": 0.044968024234264554,
    "oneh-in": 0.007853696847301694,
    "roll-in": 0.25470660832491865,
    "unknown": 0.0,
    "dsfb-alt": 0.04214069336923595,
    "alternate": 0.20403904409289803,
    "sfR": 0.13138112868843263,
    "sfT": 0.000044878267698866824,
    "roll-out": 0.20531807472231572,
    "oneh-out": 0.010950297318523506,
    "redirect": 0.055132951868057896,
    "sft": 0.0,
    "dsfb": 0.0
  },
  "tr-quotes": {
    "bad-redirect": 0.0028316497538198376,
    "dsfb-red": 0.030514782367490348,
    "sfb": 0.022411640969926722,