{
  "monkeyracer": {
    "dsfb-alt": 0.030859478862004786,
    "redirect": 0.05774043198773793,
    "dsfb": 0.0,
    "unknown": 0.013491796612290222,
    "sfb": 0.01817609521873094,
    "sft": 0.0,
    "bad-redirect": 0.0012287486119148536,
    "roll-out": 0.14854759372507312,
    "oneh-in": 0.016275787102929446,
    "alternate": 0.21292053114784867,
    "oneh-out": 0.011948285030576974,
    "dsfb-red": 0.0240265808530272,
    "roll-in": 0.36771450803134337,
    "sfR": 0.09690789370786869,
    "sfT": 0.00016226910865383112
  },
  "akl": {
    "dsfb-alt": 0.03412062319535006,
    "redirect": 0.04620430455669811,
    "dsfb": 0.0,
    "unknown": 0.07331127266302054,
    "sfb": 0.02377277608704622,
    "sft": 0.0,
    "bad-redirect": 0.0007531778504625071,
    "roll-out": 0.13997788976628503,
    "oneh-in": 0.011905500930490922,
    "alternate": 0.19874286147611459,
    "oneh-out": 0.008288116021976908,
    "dsfb-red": 0.02288806935803375,
    "roll-in": 0.32187935499675296,
    "sfR": 0.11790358951788564,
    "sfT": 0.00025246357988276027
  },
  "english-10k": {
    "dsfb-alt": 0.03689623897647672,
    "redirect": 0.05420582389378823,
    "dsfb": 0.0,
    "unknown": 0.0,
    "sfb": 0.02259701665348025,
    "sft": 0.0,
    "bad-redirect": 0.0005982130796395284,
    "roll-out": 0.16722950155342428,
    "oneh-in": 0.021979506377723317,
    "alternate": 0.21070608440593583,
    "oneh-out": 0.00820130834989676,
    "dsfb-red": 0.03185967078983424,
    "roll-in": 0.3396885432546651,
    "sfR": 0.10567144593890508,
    "sfT": 0.00036664672623067866
  },
  "english-5k": {
    "dsfb-alt": 0.03584021238644377,
    "redirect": 0.05359439167046916,
    "dsfb": 0.0,
    "unknown": 0.002157049819554486,
    "sfb": 0.021943833741236984,
    "sft": 0.0,
    "bad-redirect": 0.0,
    "roll-out": 0.15958020491973285,
    "oneh-in": 0.024349773924586218,
    "alternate": 0.21806944041149873,
    "oneh-out": 0.008794126187414444,
    "dsfb-red": 0.031152777201642678,
    "roll-in": 0.3377027419421745,
    "sfR": 0.10644211224955408,
    "sfT": 0.0003733355456921226
  },
  "mt-quotes": {
    "dsfb-alt": 0.030644505803181888,
    "redirect": 0.05746853372539176,
    "dsfb": 0.0,
    "unknown": 0.007995063410669249,
    "sfb": 0.017588840678452327,
    "sft": 0.0,
    "bad-redirect": 0.0012700063350904245,
    "roll-out": 0.14764047764191202,
    "oneh-in": 0.016120115705047754,
    "alternate": 0.21464152950598248,
    "oneh-out": 0.012088966184960734,
    "dsfb-red": 0.023717741839088702,
    "roll-in": 0.37423799619894577,
    "sfR": 0.0964592223377679,
    "sfT": 0.00012700063350904245
  },
  "movie": {
    "dsfb-alt": 0.033015002548392146,
    "redirect": 0.05717978725630219,
    "dsfb": 0.0,
    "unknown": 0.030282373430185833,
    "sfb": 0.016171531992289948,
    "sft": 0.0,
    "bad-redirect": 0.0021803129896673327,
    "roll-out": 0.14310620116650957,
    "oneh-in": 0.014437993664616854,
    "alternate": 0.20822752318786816,
    "oneh-out": 0.01321952927716334,
    "dsfb-red": 0.02503662038853209,
    "roll-in": 0.3413775582784318,
    "sfR": 0.11567713207251198,
    "sfT": 0.00008843374752875709
  },
  "english-450k": {
    "dsfb-alt": 0.03839002608312806,
    "redirect": 0.06596792026666651,
    "dsfb": 0.0,
    "unknown": 0.00015377410175167997,
    "sfb": 0.037487553360490346,
    "sft": 0.0,
    "bad-redirect": 0.0004271177997323278,
    "roll-out": 0.1724608709227206,
    "oneh-in": 0.015113129209419863,
    "alternate": 0.2123924385239791,
    "oneh-out": 0.0073355508767170225,
    "dsfb-red": 0.035573855128424765,
    "roll-in": 0.2992525877023986,
    "sfR": 0.11369548401129392,
    "sfT": 0.001749692013277195
  },
  "gutenberg": {
    "dsfb-alt": 0.028917334715464066,
    "redirect": 0.05292067941121534,
    "dsfb": 0.0,
    "unknown": 0.03298207965968062,
    "sfb": 0.020377714202795102,
    "sft": 0.0,
    "bad-redirect": 0.0008920577873102365,
    "roll-out": 0.1416918901736491,
    "oneh-in": 0.01383115803081227,
    "alternate": 0.20470329843529012,
    "oneh-out": 0.010648999035009054,
    "dsfb-red": 0.02170585545291871,
    "roll-in": 0.37259884148044087,
    "sfR": 0.09863878308844841,
    "sfT": 0.0000913085269661359
  },
  "reddit": {
    "dsfb-alt": 0.03412748668061206,
    "redirect": 0.0534717684412678,
    "dsfb": 0.0,
    "unknown": 0.04519941109454869,
    "sfb": 0.018469538788743373,
    "sft": 0.0,
    "bad-redirect": 0.0005984945491035786,
    "roll-out": 0.1400138255312351,
    "oneh-in": 0.014964873374278032,
    "alternate": 0.2136909467492303,
    "oneh-out": 0.01039660471023226,
    "dsfb-red": 0.02231783851247622,
    "roll-in": 0.3425687582324371,
    "sfR": 0.10397777127267367,
    "sfT": 0.00020268206316181398
  },
  "wordle": {
    "dsfb-alt": 0.04198361943228991,
    "redirect": 0.06029395265342758,
    "dsfb": 0.0,
    "unknown": 0.0,
    "sfb": 0.04126556714910804,
    "sft": 0.0,
    "bad-redirect": 0.0008526870862784697,
    "roll-out": 0.19513070795467294,
    "oneh-in": 0.008841018736676764,
    "alternate": 0.20201952204644902,
    "oneh-out": 0.010030292830696735,
    "dsfb-red": 0.033456748569505215,
    "roll-in": 0.2742286547739257,
    "sfR": 0.13138112868843263,
    "sfT": 0.0005161000785369685
  },
  "english-200": {
    "dsfb-alt": 0.0200445434298441,
    "redirect": 0.04899777282850779,
    "dsfb": 0.0,
    "unknown": 0.0,
    "sfb": 0.017817371937639197,
    "sft": 0.0,
    "bad-redirect": 0.0,
    "roll-out": 0.14699331848552338,
    "oneh-in": 0.013363028953229399,
    "alternate": 0.22494432071269488,
    "oneh-out": 0.011135857461024499,
    "dsfb-red": 0.022271714922048998,
    "roll-in": 0.38752783964365256,
    "sfR": 0.10690423162583519,
    "sfT": 0.0
  },
  "keymash": {
    "dsfb-alt": 0.030790639251599874,
    "redirect": 0.05750924622249223,
    "dsfb": 0.0,
    "unknown": 0.012376186820900362,
    "sfb": 0.019272370522098573,
    "sft": 0.0,
    "bad-redirect": 0.0012027272764589738,
    "roll-out": 0.14672041311424266,
    "oneh-in": 0.016292233994080776,
    "alternate": 0.21048137825157115,
    "oneh-out": 0.011928755854572622,
    "dsfb-red": 0.02334440280280609,
    "roll-in": 0.37020191861682256,
    "sfR": 0.099723742164827,
    "sfT": 0.0001559851075271024
  },
  "shai": {
    "dsfb-alt": 0.03356942569016356,
    "redirect": 0.05441604355665179,
    "dsfb": 0.0,
    "unknown": 0.024097749651430984,
    "sfb": 0.019623162291195314,
    "sft": 0.0,
    "bad-redirect": 0.0006513936722841264,
    "roll-out": 0.14773362793853048,
    "oneh-in": 0.018144770628737074,
    "alternate": 0.21256773989490446,
    "oneh-out": 0.009813506673978126,
    "dsfb-red": 0.025246920470530242,
    "roll-in": 0.35572001524631436,
    "sfR": 0.09823378925716947,
    "sfT": 0.00018185502811000507
  },
  "tr-quotes": {
    "dsfb-alt": 0.03090890178220568,
    "redirect": 0.05774716257136913,
    "dsfb": 0.0,
    "unknown": 0.013894731975682485,
    "sfb": 0.018272809227710872,
    "sft": 0.0,
    "bad-redirect": 0.0011823582441459976,
    "roll-out": 0.14857955202145118,
    "oneh-in": 0.016291810175446706,
    "alternate": 0.21310533737084209,
    "oneh-out": 0.011880215436536373,
    "dsfb-red": 0.023984651302558887,
    "roll-in": 0.3672048727491274,
    "sfR": 0.09677191928064538,
    "sfT": 0.00017567786227780217
  },
  "chained-bigrams": {
    "dsfb-alt": 0.04244699563472455,
    "redirect": 0.06447011218037164,
    "dsfb": 0.0,
    "unknown": 0.023159399756770463,
    "sfb": 0.02068425027059773,
    "sft": 0.0,
    "bad-redirect": 0.0020518028269427683,
    "roll-out": 0.11324977647685976,
    "oneh-in": 0.01724098748854789,
    "alternate": 0.2239581743889556,
    "oneh-out": 0.006195016067044605,
    "dsfb-red": 0.039107621603405994,
    "roll-in": 0.32822806697448037,
    "sfR": 0.11914286586209158,
    "sfT": 0.00006493046920704963
  },
  "english-1k": {
    "dsfb-alt": 0.031051517290049402,
    "redirect": 0.062103034580098804,
    "dsfb": 0.0,
    "unknown": 0.0,
    "sfb": 0.017642907551164433,