{
  "english-1k": {
    "bad-redirect": 0.009527170077628794,
    "dsfb-red": 0.0024700070571630206,
    "sfb": 0.01587861679604799,
    "oneh-in": 0.0045871559633027525,
    "roll-in": 0.2836979534227241,
    "unknown": 0.0,
    "dsfb-alt": 0.04763585038814397,
    "alternate": 0.3641496118560339,
    "sfR": 0.10832745236414962,
    "sfT": 0.0,
    "roll-out": 0.15172900494001412,
    "oneh-out": 0.00529287226534933,
    "redirect": 0.0067043048694424845,
    "sft": 0.0,
    "dsfb": 0.0
  },
  "dutch": {
    "bad-redirect": 0.00553738787560576,
    "dsfb-red": 0.004005757362859279,
    "sfb": 0.06105485643189603,
    "oneh-in": 0.004557434109082848,
    "roll-in": 0.20291650464699842,
    "unknown": 0.07489958127650687,
    "dsfb-alt": 0.041932040927109566,
    "alternate": 0.27858443838726277,
    "sfR": 0.18880787437283908,
    "sfT": 0.00029892427068915105,
    "roll-out": 0.12067037214897233,
    "oneh-out": 0.0044327254351794795,
    "redirect": 0.012302102754998398,
    "sft": 0.0,
    "dsfb": 0.0
  },
  "akl": {
    "bad-redirect": 0.008623908071784162,
    "dsfb-red": 0.0060796327748405266,
    "sfb": 0.022111596708544023,
    "oneh-in": 0.008233472371067314,
    "roll-in": 0.27603804040681146,
    "unknown": 0.08788458567040264,
    "dsfb-alt": 0.04612456943343208,
    "alternate": 0.27909157966121184,
    "sfR": 0.11790358951788564,
    "sfT": 0.00021919414616569468,
    "roll-out": 0.12063756873669455,
    "oneh-out": 0.012438431412491291,
    "redirect": 0.014613831088668802,
    "sft": 0.0,
    "dsfb": 0.0
  },
  "mt-quotes": {
    "bad-redirect": 0.008513524820406163,
    "dsfb-red": 0.0036621006203607417,
    "sfb": 0.01895745927014977,
    "oneh-in": 0.009767095779395418,
    "roll-in": 0.32521276341425515,
    "unknown": 0.03468910244916987,
    "dsfb-alt": 0.04540496766713283,
    "alternate": 0.3100817585254778,
    "sfR": 0.0964592223377679,
    "sfT": 0.00003436487730244678,
    "roll-out": 0.12008881079595032,
    "oneh-out": 0.017185426901423603,
    "redirect": 0.00994340254120797,
    "sft": 0.0,
    "dsfb": 0.0
  },
  "english-10k": {
    "bad-redirect": 0.006734721444974045,
    "dsfb-red": 0.00382084483124602,
    "sfb": 0.024082900754520367,
    "oneh-in": 0.0073715289168483815,
    "roll-in": 0.24737075702900369,
    "unknown": 0.0,
    "dsfb-alt": 0.05982130796395284,
    "alternate": 0.3686343374307713,
    "sfR": 0.10567144593890508,
    "sfT": 0.00011578317670442484,
    "roll-out": 0.1639875726057004,
    "oneh-out": 0.004013816792420062,
    "redirect": 0.008374983114953397,
    "sft": 0.0,
    "dsfb": 0.0
  },
  "french": {
    "bad-redirect": 0.005425178354665448,
    "dsfb-red": 0.003972284617833454,
    "sfb": 0.03834558076144984,
    "oneh-in": 0.005321519015181441,
    "roll-in": 0.1983056050218403,
    "unknown": 0.18457858553258105,
    "dsfb-alt": 0.04270665906608044,
    "alternate": 0.260703059020218,
    "sfR": 0.10898279115633469,
    "sfT": 0.00006690889003260243,
    "roll-out": 0.1389204743495721,
    "oneh-out": 0.003132912142919307,
    "redirect": 0.009538442071291288,
    "sft": 0.0,
    "dsfb": 0.0
  },
  "gutenberg": {
    "bad-redirect": 0.011187567794686904,
    "dsfb-red": 0.003799154581547418,
    "sfb": 0.019168349812438645,
    "oneh-in": 0.010552386278260653,
    "roll-in": 0.3471063342733186,
    "unknown": 0.04011588984327138,
    "dsfb-alt": 0.04449168997686219,
    "alternate": 0.2941451153916245,
    "sfR": 0.09863878308844841,
    "sfT": 0.000028226079912768152,
    "roll-out": 0.11393750783794669,
    "oneh-out": 0.007548297853719193,
    "redirect": 0.00928069718796258,
    "sft": 0.0,
    "dsfb": 0.0
  },
  "english-450k": {
    "bad-redirect": 0.005625617946782467,
    "dsfb-red": 0.004512363613188556,
    "sfb": 0.02968892610131199,
    "oneh-in": 0.004282871845365231,
    "roll-in": 0.21748393996144538,
    "unknown": 0.0001543587941537776,
    "dsfb-alt": 0.060944827840245665,
    "alternate": 0.3857806315964266,
    "sfR": 0.11369548401129392,
    "sfT": 0.00009121201472723222,
    "roll-out": 0.16315870715154818,
    "oneh-out": 0.003731799256388203,
    "redirect": 0.010849259867122804,
    "sft": 0.0,
    "dsfb": 0.0
  },
  "english-5k": {
    "bad-redirect": 0.008213382005226698,
    "dsfb-red": 0.003567428547724727,
    "sfb": 0.02111419919525449,
    "oneh-in": 0.0029452026382378563,
    "roll-in": 0.23984734724353923,
    "unknown": 0.0022400132741527356,
    "dsfb-alt": 0.05749367403658688,
    "alternate": 0.37735927324013774,
    "sfR": 0.10644211224955408,
    "sfT": 0.00008296345459824948,
    "roll-out": 0.1670469158335753,
    "oneh-out": 0.005475588003484465,
    "redirect": 0.008171900277927573,
    "sft": 0.0,
    "dsfb": 0.0
  },
  "keymash": {
    "bad-redirect": 0.008607915012745625,
    "dsfb-red": 0.0038216351344140093,
    "sfb": 0.020052296059734086,
    "oneh-in": 0.009281113897862594,
    "roll-in": 0.31703562617758496,
    "unknown": 0.03457533054475746,
    "dsfb-alt": 0.046881734554395704,
    "alternate": 0.31259415548431324,
    "sfR": 0.099723742164827,
    "sfT": 0.00002873409875499255,
    "roll-out": 0.12242368018127112,
    "oneh-out": 0.014789851116319737,
    "redirect": 0.010184185573019502,
    "sft": 0.0,
    "dsfb": 0.0
  },
  "tr-quotes": {
    "bad-redirect": 0.008385150597535886,
    "dsfb-red": 0.003656873396361619,
    "sfb": 0.01979958854395414,
    "oneh-in": 0.009334042208917964,
    "roll-in": 0.3158063845033633,
    "unknown": 0.039616513719054114,
    "dsfb-alt": 0.0466332262314787,
    "alternate": 0.3125632787036823,
    "sfR": 0.09677191928064538,
    "sfT": 0.000038140588520838634,
    "roll-out": 0.12179214535031553,
    "oneh-out": 0.015561360116502162,
    "redirect": 0.01004137675966806,
    "sft": 0.0,
    "dsfb": 0.0
  },
  "wordle": {
    "bad-redirect": 0.007449792438011893,
    "dsfb-red": 0.008459553461236396,
    "sfb": 0.041804106361494446,
    "oneh-in": 0.011062492987770673,
    "roll-in": 0.22755525636710422,
    "unknown": 0.0,
    "dsfb-alt": 0.06558958824189386,
    "alternate": 0.34289240435319196,
    "sfR": 0.13138112868843263,
    "sfT": 0.0001570739369460339,
    "roll-out": 0.1450016829350387,
    "oneh-out": 0.003478065746662179,
    "redirect": 0.015168854482216986,
    "sft": 0.0,
    "dsfb": 0.0
  },
  "shai": {
    "bad-redirect": 0.007903142555206737,
    "dsfb-red": 0.0033904084457893513,
    "sfb": 0.020491693638255492,
    "oneh-in": 0.007949792592532959,
    "roll-in": 0.29953933233280683,
    "unknown": 0.031793109309943265,
    "dsfb-alt": 0.053760102154021834,
    "alternate": 0.32657402172321126,
    "sfR": 0.09823378925716947,
    "sfT": 0.00008781183496700709,
    "roll-out": 0.1324077108761274,
    "oneh-out": 0.008242469035955479,
    "redirect": 0.009626616244012865,
    "sft": 0.0,
    "dsfb": 0.0
  },
  "reddit": {
    "bad-redirect": 0.00889081669709145,
    "dsfb-red": 0.003449528102143369,
    "sfb": 0.02073215383684712,
    "oneh-in": 0.008374915744231043,
    "roll-in": 0.2976414752452384,
    "unknown": 0.06027830483479689,
    "dsfb-alt": 0.05004422784070935,
    "alternate": 0.2982990775924697,
    "sfR": 0.10397777127267367,
    "sfT": 0.0001673597224555507,
    "roll-out": 0.12576805957676493,
    "oneh-out": 0.01115755206065404,
    "redirect": 0.01121875747392449,
    "sft": 0.0,
    "dsfb": 0.0
  },
  "english-200": {
    "bad-redirect": 0.013363028953229399,
    "dsfb-red": 0.0,
    "sfb": 0.011135857461024499,
    "oneh-in": 0.004454342984409799,
    "roll-in": 0.33853006681514475,
    "unknown": 0.0,
    "dsfb-alt": 0.044543429844097995,
    "alternate": 0.33407572383073497,
    "sfR": 0.10690423162583519,
    "sfT": 0.0,
    "roll-out": 0.13140311804008908,
    "oneh-out": 0.0022271714922048997,
    "redirect": 0.013363028953229399,
    "sft": 0.0,
    "dsfb": 0.0
  },
  "monkeyracer": {
    "bad-redirect": 0.008427240877739025,
    "dsfb-red": 0.0037018862317593883,
    "sfb": 0.019707876503433065,
    "oneh-in": 0.009294305331811002,