{
  "english-1k": {
    "sfb": 0.01587861679604799,
    "unknown": 0.0,
    "outoneh": 0.005998588567395907,
    "red-sfs": 0.0017642907551164433,
    "alt-sfs": 0.04763585038814397,
    "sft": 0.0,
    "inroll": 0.2836979534227241,
    "bad-red-sfs": 0.0007057163020465773,
    "red": 0.0067043048694424845,
    "sfr": 0.10832745236414962,
    "outroll": 0.15172900494001412,
    "inoneh": 0.0038814396612561752,
    "bad-red": 0.009527170077628794,
    "alt": 0.3641496118560339
  },
  "shai": {
    "sfb": 0.020491693638255492,
    "unknown": 0.031793109309943265,
    "outoneh": 0.01098711912468073,
    "red-sfs": 0.002157706463861374,
    "alt-sfs": 0.053760102154021834,
    "sft": 0.00008781183496700709,
    "inroll": 0.29953933233280683,
    "bad-red-sfs": 0.0012327019819279776,
    "red": 0.009626616244012865,
    "sfr": 0.09823378925716947,
    "outroll": 0.1324077108761274,
    "inoneh": 0.0052051425038077085,
    "bad-red": 0.007903142555206737,
    "alt": 0.32657402172321126
  },
  "chained-bigrams": {
    "sfb": 0.022026363069107446,
    "unknown": 0.033665798979163164,
    "outoneh": 0.00942011247255876,
    "red-sfs": 0.004280865834820782,
    "alt-sfs": 0.06318124236661171,
    "sft": 0.00009544778973436296,
    "inroll": 0.27663561475194287,
    "bad-red-sfs": 0.0043659247494820174,
    "red": 0.01728124437945626,
    "sfr": 0.11914286586209158,
    "outroll": 0.11559441571992632,
    "inoneh": 0.0045048759535851034,
    "bad-red": 0.00719559459752524,
    "alt": 0.32260963347399435
  },
  "english-200": {
    "sfb": 0.011135857461024499,
    "unknown": 0.0,
    "outoneh": 0.0066815144766146995,
    "red-sfs": 0.0,
    "alt-sfs": 0.044543429844097995,
    "sft": 0.0,
    "inroll": 0.33853006681514475,
    "bad-red-sfs": 0.0,
    "red": 0.013363028953229399,
    "sfr": 0.10690423162583519,
    "outroll": 0.13140311804008908,
    "inoneh": 0.0,
    "bad-red": 0.013363028953229399,
    "alt": 0.33407572383073497
  },
  "english-450k": {
    "sfb": 0.02968892610131199,
    "unknown": 0.0001543587941537776,
    "outoneh": 0.003614568429767626,
    "red-sfs": 0.002253404517684314,
    "alt-sfs": 0.060944827840245665,
    "sft": 0.00009121201472723222,
    "inroll": 0.21748393996144538,
    "bad-red-sfs": 0.0022589590955042417,
    "red": 0.010849259867122804,
    "sfr": 0.11369548401129392,
    "outroll": 0.16315870715154818,
    "inoneh": 0.0044001026719858085,
    "bad-red": 0.005625617946782467,
    "alt": 0.3857806315964266
  },
  "english-5k": {
    "sfb": 0.02111419919525449,
    "unknown": 0.0022400132741527356,
    "outoneh": 0.0041896544572115986,
    "red-sfs": 0.002074086364956237,
    "alt-sfs": 0.05749367403658688,
    "sft": 0.00008296345459824948,
    "inroll": 0.23984734724353923,
    "bad-red-sfs": 0.0014933421827684904,
    "red": 0.008171900277927573,
    "sfr": 0.10644211224955408,
    "outroll": 0.1670469158335753,
    "inoneh": 0.004231136184510723,
    "bad-red": 0.008213382005226698,
    "alt": 0.37735927324013774
  },
  "monkeyracer": {
    "sfb": 0.019707876503433065,
    "unknown": 0.03912933825484461,
    "outoneh": 0.02088677135305066,
    "red-sfs": 0.0018035331654597494,
    "alt-sfs": 0.04653897586686895,
    "sft": 0.000038123465286141044,
    "inroll": 0.3165645479143532,
    "bad-red-sfs": 0.0018983530662996387,
    "red": 0.010011808498991194,
    "sfr": 0.09690789370786869,
    "outroll": 0.12179274129220952,
    "inoneh": 0.004370513161393246,
    "bad-red": 0.008427240877739025,
    "alt": 0.3119222828722023
  },
  "tr-quotes": {
    "sfb": 0.01979958854395414,
    "unknown": 0.039616513719054114,
    "outoneh": 0.020511546196343128,
    "red-sfs": 0.0017833614572016366,
    "alt-sfs": 0.0466332262314787,
    "sft": 0.000038140588520838634,
    "inroll": 0.3158063845033633,
    "bad-red-sfs": 0.0018735119391599824,
    "red": 0.01004137675966806,
    "sfr": 0.09677191928064538,
    "outroll": 0.12179214535031553,
    "inoneh": 0.0043838561290769976,
    "bad-red": 0.008385150597535886,
    "alt": 0.3125632787036823
  },
  "movie": {
    "sfb": 0.019002991087273186,
    "unknown": 0.08496732886260383,
    "outoneh": 0.030018651361662575,
    "red-sfs": 0.002316121959086495,
    "alt-sfs": 0.04346137057306516,
    "sft": 0.00002987270935867241,
    "inroll": 0.2870043581256204,
    "bad-red-sfs": 0.0036131502561749323,
    "red": 0.011632064550319,
    "sfr": 0.11567713207251198,
    "outroll": 0.10741726213591977,
    "inoneh": 0.0026561707739887397,
    "bad-red": 0.009061300773571574,
    "alt": 0.28314222475884365
  },
  "gutenberg": {
    "sfb": 0.019168349812438645,
    "unknown": 0.04011588984327138,
    "outoneh": 0.014071932175571521,
    "red-sfs": 0.0018737191705851665,
    "alt-sfs": 0.04449168997686219,
    "sft": 0.000028226079912768152,
    "inroll": 0.3471063342733186,
    "bad-red-sfs": 0.0019254354109622517,
    "red": 0.00928069718796258,
    "sfr": 0.09863878308844841,
    "outroll": 0.11393750783794669,
    "inoneh": 0.004028751956408324,
    "bad-red": 0.011187567794686904,
    "alt": 0.2941451153916245
  },
  "keymash": {
    "sfb": 0.020052296059734086,
    "unknown": 0.03457533054475746,
    "outoneh": 0.019682857647169896,
    "red-sfs": 0.001781514122809538,
    "alt-sfs": 0.046881734554395704,
    "sft": 0.00002873409875499255,
    "inroll": 0.31703562617758496,
    "bad-red-sfs": 0.002040121011604471,
    "red": 0.010184185573019502,
    "sfr": 0.099723742164827,
    "outroll": 0.12242368018127112,
    "inoneh": 0.004388107367012434,
    "bad-red": 0.008607915012745625,
    "alt": 0.31259415548431324
  },
  "english-10k": {
    "sfb": 0.024082900754520367,
    "unknown": 0.0,
    "outoneh": 0.003415603712780533,
    "red-sfs": 0.0023928523185581135,
    "alt-sfs": 0.05982130796395284,
    "sft": 0.00011578317670442484,
    "inroll": 0.24737075702900369,
    "bad-red-sfs": 0.0014279925126879063,
    "red": 0.008374983114953397,
    "sfr": 0.10567144593890508,
    "outroll": 0.1639875726057004,
    "inoneh": 0.00796974199648791,
    "bad-red": 0.006734721444974045,
    "alt": 0.3686343374307713
  },
  "mt-quotes": {
    "sfb": 0.01895745927014977,
    "unknown": 0.03468910244916987,
    "outoneh": 0.02252094763390349,
    "red-sfs": 0.0017555969926249986,
    "alt-sfs": 0.04540496766713283,
    "sft": 0.00003436487730244678,
    "inroll": 0.32521276341425515,
    "bad-red-sfs": 0.001906503627735743,
    "red": 0.00994340254120797,
    "sfr": 0.0964592223377679,
    "outroll": 0.12008881079595032,
    "inoneh": 0.004431575046915528,
    "bad-red": 0.008513524820406163,
    "alt": 0.3100817585254778
  }
}