{
  "dutch": {
    "dsfb": 0.0,
    "sfb": 0.11667682565698699,
    "roll-out": 0.15625096714221404,
    "sfR": 0.18880787437283908,
    "roll-in": 0.16827229159028895,
    "alternate": 0.13855196428443992,
    "dsfb-alt": 0.03608276481658286,
    "sft": 0.0,
    "sfT": 0.00155659017832139,
    "dsfb-red": 0.04701794933467609,
    "oneh-in": 0.013362189240956847,
    "oneh-out": 0.010128872562940584,
    "redirect": 0.04681820028689988,
    "bad-redirect": 0.001573929256346488,
    "unknown": 0.07489958127650687
  },
  "english-1k": {
    "dsfb": 0.0,
    "sfb": 0.13549752999294284,
    "roll-out": 0.1679604798870854,
    "sfR": 0.10832745236414962,
    "roll-in": 0.19971771347918138,
    "alternate": 0.16901905434015527,
    "dsfb-alt": 0.05998588567395907,
    "sft": 0.0,
    "sfT": 0.0035285815102328866,
    "dsfb-red": 0.05081157374735357,
    "oneh-in": 0.01587861679604799,
    "oneh-out": 0.019054340155257588,
    "redirect": 0.06351446718419196,
    "bad-redirect": 0.0067043048694424845,
    "unknown": 0.0
  },
  "shai": {
    "dsfb": 0.0,
    "sfb": 0.11896107080897426,
    "roll-out": 0.16564826793013324,
    "sfR": 0.09823378925716947,
    "roll-in": 0.1978615410791257,
    "alternate": 0.19139874793823322,
    "dsfb-alt": 0.05446734582536158,
    "sft": 0.0,
    "sfT": 0.002021994449524141,
    "dsfb-red": 0.04861738160342057,
    "oneh-in": 0.012893167737634586,
    "oneh-out": 0.014479957939493434,
    "redirect": 0.05941286130653235,
    "bad-redirect": 0.0042107648144541505,
    "unknown": 0.031793109309943265
  },
  "akl": {
    "dsfb": 0.0,
    "sfb": 0.10603426987099018,
    "roll-out": 0.15780212827727155,
    "sfR": 0.11790358951788564,
    "roll-in": 0.18204253506393864,
    "alternate": 0.16161169527776012,
    "dsfb-alt": 0.051873366498683904,
    "sft": 0.0,
    "sfT": 0.0023229747061850542,
    "dsfb-red": 0.055972507676441685,
    "oneh-in": 0.013233242520789678,
    "oneh-out": 0.011687174143863475,
    "redirect": 0.04833453958263403,
    "bad-redirect": 0.0032973911931534106,
    "unknown": 0.08788458567040264
  },
  "monkeyracer": {
    "dsfb": 0.0,
    "sfb": 0.10766946369082066,
    "roll-out": 0.16494557142186841,
    "sfR": 0.09690789370786869,
    "roll-in": 0.20135054819588033,
    "alternate": 0.1854569732705632,
    "dsfb-alt": 0.0591236295102992,
    "sft": 0.0,
    "sfT": 0.0019247462345746594,
    "dsfb-red": 0.06411487088853089,
    "oneh-in": 0.010608098597056477,
    "oneh-out": 0.01253186730688021,
    "redirect": 0.052846943084598905,
    "bad-redirect": 0.003390055836213773,
    "unknown": 0.03912933825484461
  },
  "tr-quotes": {
    "dsfb": 0.0,
    "sfb": 0.1078638958877511,
    "roll-out": 0.1645881972215159,
    "sfR": 0.09677191928064538,
    "roll-in": 0.201465523219528,
    "alternate": 0.1858417512309008,
    "dsfb-alt": 0.05911444488107071,
    "sft": 0.0,
    "sfT": 0.0019185871801391554,
    "dsfb-red": 0.06327176902984212,
    "oneh-in": 0.010687455213702873,
    "oneh-out": 0.012418806777467003,
    "redirect": 0.05302235269642403,
    "bad-redirect": 0.003418783661958808,
    "unknown": 0.039616513719054114
  },
  "reddit": {
    "dsfb": 0.0,
    "sfb": 0.10653686174674781,
    "roll-out": 0.1613644761758678,
    "sfR": 0.10397777127267367,
    "roll-in": 0.19489717659128925,
    "alternate": 0.17654353103917914,
    "dsfb-alt": 0.05592114615189693,
    "sft": 0.0,
    "sfT": 0.0017169729091131452,
    "dsfb-red": 0.0572435052122927,
    "oneh-in": 0.012713570464979472,
    "oneh-out": 0.012473056414422827,
    "redirect": 0.052487799652282834,
    "bad-redirect": 0.0038458275344575425,
    "unknown": 0.06027830483479689
  },
  "keymash": {
    "dsfb": 0.0,
    "sfb": 0.10956722342403731,
    "roll-out": 0.16608719567510766,
    "sfR": 0.099723742164827,
    "roll-in": 0.2000385857897567,
    "alternate": 0.18539651003846264,
    "dsfb-alt": 0.058568303005176243,
    "sft": 0.0,
    "sfT": 0.001945708972838067,
    "dsfb-red": 0.06351056799103497,
    "oneh-in": 0.011173459544441388,
    "oneh-out": 0.01284414214348167,
    "redirect": 0.05318681679549121,
    "bad-redirect": 0.0033824139105876946,
    "unknown": 0.03457533054475746
  },
  "english-10k": {
    "dsfb": 0.0,
    "sfb": 0.1421624437969163,
    "roll-out": 0.17118542675749213,
    "sfR": 0.10567144593890508,
    "roll-in": 0.21450763204106443,
    "alternate": 0.16504891839215763,
    "dsfb-alt": 0.05154281082958646,
    "sft": 0.0,
    "sfT": 0.002585824279732155,
    "dsfb-red": 0.04096794735724899,
    "oneh-in": 0.014665869049227146,
    "oneh-out": 0.01620964473861948,
    "redirect": 0.07062773778969916,
    "bad-redirect": 0.004824299029351035,
    "unknown": 0.0
  },
  "wordle": {
    "dsfb": 0.0,
    "sfb": 0.14933243576797936,
    "roll-out": 0.18260967126668912,
    "sfR": 0.13138112868843263,
    "roll-in": 0.1836867496914619,
    "alternate": 0.16842813867384718,
    "dsfb-alt": 0.049119263996409736,
    "sft": 0.0,
    "sfT": 0.003343430943565578,
    "dsfb-red": 0.037585549197800966,
    "oneh-in": 0.01611129810389319,
    "oneh-out": 0.016066419836194324,
    "redirect": 0.05459441265567149,
    "bad-redirect": 0.007741501178054527,
    "unknown": 0.0
  },
  "chained-bigrams": {
    "dsfb": 0.0,
    "sfb": 0.11302057192055887,
    "roll-out": 0.16936463587966827,
    "sfR": 0.11914286586209158,
    "roll-in": 0.20558869534558918,
    "alternate": 0.1849076915984518,
    "dsfb-alt": 0.0563745812796367,
    "sft": 0.0,
    "sfT": 0.002542027869455993,
    "dsfb-red": 0.03513452619262663,
    "oneh-in": 0.012935448075428428,
    "oneh-out": 0.01454832093053154,
    "redirect": 0.0481855505032436,
    "bad-redirect": 0.004589285563554268,
    "unknown": 0.033665798979163164
  },
  "english-450k": {
    "dsfb": 0.0,
    "sfb": 0.13952427087395727,
    "roll-out": 0.1785399178273298,
    "sfR": 0.11369548401129392,
    "roll-in": 0.21879832848136088,
    "alternate": 0.16768101053557238,
    "dsfb-alt": 0.0467359254306698,
    "sft": 0.0,
    "sfT": 0.0030491708769392056,
    "dsfb-red": 0.03936178485541434,
    "oneh-in": 0.01261123042084405,
    "oneh-out": 0.013449679325452069,
    "redirect": 0.06156694055607755,
    "bad-redirect": 0.004831898010934917,
    "unknown": 0.0001543587941537776
  },
  "english-200": {
    "dsfb": 0.0,
    "sfb": 0.09799554565701558,
    "roll-out": 0.1870824053452116,
    "sfR": 0.10690423162583519,
    "roll-in": 0.22048997772828507,
    "alternate": 0.15367483296213807,
    "dsfb-alt": 0.07349665924276169,
    "sft": 0.0,
    "sfT": 0.0022271714922048997,
    "dsfb-red": 0.06904231625835189,
    "oneh-in": 0.017817371937639197,
    "oneh-out": 0.017817371937639197,
    "redirect": 0.051224944320712694,
    "bad-redirect": 0.0022271714922048997,
    "unknown": 0.0
  },
  "english-5k": {
    "dsfb": 0.0,
    "sfb": 0.13755340772389762,
    "roll-out": 0.17040693574480442,
    "sfR": 0.10644211224955408,
    "roll-in": 0.21193014477122826,
    "alternate": 0.16775210519766043,
    "dsfb-alt": 0.05367735512506741,
    "sft": 0.0,
    "sfT": 0.0026963122744431078,
    "dsfb-red": 0.043597295391380096,
    "oneh-in": 0.013979342099805036,
    "oneh-out": 0.013523043099514664,
    "redirect": 0.07118264404529805,
    "bad-redirect": 0.005019289003194093,
    "unknown": 0.0022400132741527356
  },
  "movie": {
    "dsfb": 0.0,
    "sfb": 0.09550871052673482,
    "roll-out": 0.15649957118844296,
    "sfR": 0.11567713207251198,
    "roll-in": 0.18691512163127627,
    "alternate": 0.16229711396728136,
    "dsfb-alt": 0.056005802938290224,
    "sft": 0.0,
    "sfT": 0.0015266665254183198,
    "dsfb-red": 0.07231722343299544,
    "oneh-in": 0.009597430367964664,
    "oneh-out": 0.009441750124919249,
    "redirect": 0.04629019771127671,
    "bad-redirect": 0.0029559506502841396,
    "unknown": 0.08496732886260383
  },
  "gutenberg": {
    "dsfb": 0.0,
    "sfb": 0.10733620443713976,
    "roll-out": 0.1658306821656261,
    "sfR": 0.09863878308844841,
    "roll-in": 0.18629042249326835,