{
  "english-1k": {
    "sfb": 0.13549752999294284,
    "unknown": 0.0,
    "outoneh": 0.02611150317572336,
    "red-sfs": 0.04269583627381793,
    "alt-sfs": 0.05998588567395907,
    "sft": 0.0035285815102328866,
    "inroll": 0.19971771347918138,
    "bad-red-sfs": 0.008115737473535639,
    "red": 0.06351446718419196,
    "sfr": 0.10832745236414962,
    "outroll": 0.1679604798870854,
    "inoneh": 0.008821453775582216,
    "bad-red": 0.0067043048694424845,
    "alt": 0.16901905434015527
  },
  "shai": {
    "sfb": 0.11896107080897426,
    "unknown": 0.031793109309943265,
    "outoneh": 0.019956005837195742,
    "red-sfs": 0.04249523475267933,
    "alt-sfs": 0.05446734582536158,
    "sft": 0.002021994449524141,
    "inroll": 0.1978615410791257,
    "bad-red-sfs": 0.006122146850741245,
    "red": 0.05941286130653235,
    "sfr": 0.09823378925716947,
    "outroll": 0.16564826793013324,
    "inoneh": 0.007417119839932277,
    "bad-red": 0.0042107648144541505,
    "alt": 0.19139874793823322
  },
  "chained-bigrams": {
    "sfb": 0.11302057192055887,
    "unknown": 0.033665798979163164,
    "outoneh": 0.01853440243515232,
    "red-sfs": 0.030775094490065314,
    "alt-sfs": 0.0563745812796367,
    "sft": 0.002542027869455993,
    "inroll": 0.20558869534558918,
    "bad-red-sfs": 0.0043594317025613125,
    "red": 0.0481855505032436,
    "sfr": 0.11914286586209158,
    "outroll": 0.16936463587966827,
    "inoneh": 0.008949366570807651,
    "bad-red": 0.004589285563554268,
    "alt": 0.1849076915984518
  },
  "english-200": {
    "sfb": 0.09799554565701558,
    "unknown": 0.0,
    "outoneh": 0.024498886414253896,
    "red-sfs": 0.060133630289532294,
    "alt-sfs": 0.07349665924276169,
    "sft": 0.0022271714922048997,
    "inroll": 0.22048997772828507,
    "bad-red-sfs": 0.008908685968819599,
    "red": 0.051224944320712694,
    "sfr": 0.10690423162583519,
    "outroll": 0.1870824053452116,
    "inoneh": 0.011135857461024499,
    "bad-red": 0.0022271714922048997,
    "alt": 0.15367483296213807
  },
  "english-450k": {
    "sfb": 0.13952427087395727,
    "unknown": 0.0001543587941537776,
    "outoneh": 0.016459675811450733,
    "red-sfs": 0.03495963576002119,
    "alt-sfs": 0.0467359254306698,
    "sft": 0.0030491708769392056,
    "inroll": 0.21879832848136088,
    "bad-red-sfs": 0.00440214909539315,
    "red": 0.06156694055607755,
    "sfr": 0.11369548401129392,
    "outroll": 0.1785399178273298,
    "inoneh": 0.009601233934845388,
    "bad-red": 0.004831898010934917,
    "alt": 0.16768101053557238
  },
  "english-5k": {
    "sfb": 0.13755340772389762,
    "unknown": 0.0022400132741527356,
    "outoneh": 0.01920603973949475,
    "red-sfs": 0.03944912266146763,
    "alt-sfs": 0.05367735512506741,
    "sft": 0.0026963122744431078,
    "inroll": 0.21193014477122826,
    "bad-red-sfs": 0.004148172729912474,
    "red": 0.07118264404529805,
    "sfr": 0.10644211224955408,
    "outroll": 0.17040693574480442,
    "inoneh": 0.008296345459824947,
    "bad-red": 0.005019289003194093,
    "alt": 0.16775210519766043
  },
  "monkeyracer": {
    "sfb": 0.10766946369082066,
    "unknown": 0.03912933825484461,
    "outoneh": 0.01651723571640834,
    "red-sfs": 0.057116771196646696,
    "alt-sfs": 0.0591236295102992,
    "sft": 0.0019247462345746594,
    "inroll": 0.20135054819588033,
    "bad-red-sfs": 0.006998099691884198,
    "red": 0.052846943084598905,
    "sfr": 0.09690789370786869,
    "outroll": 0.16494557142186841,
    "inoneh": 0.006622730187528348,
    "bad-red": 0.003390055836213773,
    "alt": 0.1854569732705632
  },
  "tr-quotes": {
    "sfb": 0.1078638958877511,
    "unknown": 0.039616513719054114,
    "outoneh": 0.01648713621968979,
    "red-sfs": 0.056265458496105036,
    "alt-sfs": 0.05911444488107071,
    "sft": 0.0019185871801391554,
    "inroll": 0.201465523219528,
    "bad-red-sfs": 0.007006310533737084,
    "red": 0.05302235269642403,
    "sfr": 0.09677191928064538,
    "outroll": 0.1645881972215159,
    "inoneh": 0.006619125771480086,
    "bad-red": 0.003418783661958808,
    "alt": 0.1858417512309008
  },
  "movie": {
    "sfb": 0.09550871052673482,
    "unknown": 0.08496732886260383,
    "outoneh": 0.012735512426849697,
    "red-sfs": 0.06556993905309301,
    "alt-sfs": 0.056005802938290224,
    "sft": 0.0015266665254183198,
    "inroll": 0.18691512163127627,
    "bad-red-sfs": 0.006747284379902431,
    "red": 0.04629019771127671,
    "sfr": 0.11567713207251198,
    "outroll": 0.15649957118844296,
    "inoneh": 0.006303668066034216,
    "bad-red": 0.0029559506502841396,
    "alt": 0.16229711396728136
  },
  "gutenberg": {
    "sfb": 0.10733620443713976,
    "unknown": 0.04011588984327138,
    "outoneh": 0.016389122843309643,
    "red-sfs": 0.047392914230983296,
    "alt-sfs": 0.05898852884534874,
    "sft": 0.0015437203034170985,
    "inroll": 0.18629042249326835,
    "bad-red-sfs": 0.008112251141640742,
    "red": 0.048763110445809145,
    "sfr": 0.09863878308844841,
    "outroll": 0.1658306821656261,
    "inoneh": 0.006916336762517888,
    "bad-red": 0.003729062973710343,
    "alt": 0.2099529704255091
  },
  "keymash": {
    "sfb": 0.10956722342403731,
    "unknown": 0.03457533054475746,
    "outoneh": 0.017133732600476986,
    "red-sfs": 0.05650765763731821,
    "alt-sfs": 0.058568303005176243,
    "sft": 0.001945708972838067,
    "inroll": 0.2000385857897567,
    "bad-red-sfs": 0.007002910353716756,
    "red": 0.05318681679549121,
    "sfr": 0.099723742164827,
    "outroll": 0.16608719567510766,
    "inoneh": 0.006883869087446072,
    "bad-red": 0.0033824139105876946,
    "alt": 0.18539651003846264
  },
  "english-10k": {
    "sfb": 0.1421624437969163,
    "unknown": 0.0,
    "outoneh": 0.02253912506512804,
    "red-sfs": 0.03689623897647672,
    "alt-sfs": 0.05154281082958646,
    "sft": 0.002585824279732155,
    "inroll": 0.21450763204106443,
    "bad-red-sfs": 0.004071708380772273,
    "red": 0.07062773778969916,
    "sfr": 0.10567144593890508,
    "outroll": 0.17118542675749213,
    "inoneh": 0.008336388722718588,
    "bad-red": 0.004824299029351035,
    "alt": 0.16504891839215763
  },
  "mt-quotes": {
    "sfb": 0.10574819808512927,
    "unknown": 0.03468910244916987,
    "outoneh": 0.016460776227872006,
    "red-sfs": 0.05974707450305399,
    "alt-sfs": 0.05967087412294857,
    "sft": 0.0018646681249327643,
    "inroll": 0.20423494818374152,
    "bad-red-sfs": 0.007085141224704462,
    "red": 0.0519537179808991,
    "sfr": 0.0964592223377679,
    "outroll": 0.16595845136921625,
    "inoneh": 0.006517373686664037,
    "bad-red": 0.003288569345334146,
    "alt": 0.18632188235856612
  }
}